ISO-10303-21;
HEADER;
/* Generated by software containing ST-Developer
 * from STEP Tools, Inc. (www.steptools.com) 
 */

FILE_DESCRIPTION(
/* description */ (''),
/* implementation_level */ '2;1');

FILE_NAME(
/* name */ 'Chasis.stp',
/* time_stamp */ '2025-09-24T00:45:46-05:00',
/* author */ ('HP'),
/* organization */ (''),
/* preprocessor_version */ 'ST-DEVELOPER v20',
/* originating_system */ 'Autodesk Inventor 2025',
/* authorisation */ '');

FILE_SCHEMA (('AUTOMOTIVE_DESIGN { 1 0 10303 214 3 1 1 }'));
ENDSEC;

DATA;
#10=MECHANICAL_DESIGN_GEOMETRIC_PRESENTATION_REPRESENTATION('',(#13),#3066);
#11=SHAPE_REPRESENTATION_RELATIONSHIP('SRR','None',#3073,#12);
#12=ADVANCED_BREP_SHAPE_REPRESENTATION('',(#14),#3065);
#13=STYLED_ITEM('',(#3082),#14);
#14=MANIFOLD_SOLID_BREP('S\X\F3lido1',#1757);
#15=FACE_BOUND('',#304,.T.);
#16=FACE_BOUND('',#331,.T.);
#17=FACE_BOUND('',#349,.T.);
#18=FACE_BOUND('',#350,.T.);
#19=FACE_BOUND('',#351,.T.);
#20=FACE_BOUND('',#352,.T.);
#21=FACE_BOUND('',#353,.T.);
#22=FACE_BOUND('',#354,.T.);
#23=FACE_BOUND('',#355,.T.);
#24=FACE_BOUND('',#356,.T.);
#25=FACE_BOUND('',#357,.T.);
#26=FACE_BOUND('',#367,.T.);
#27=FACE_BOUND('',#369,.T.);
#28=FACE_BOUND('',#371,.T.);
#29=FACE_BOUND('',#372,.T.);
#30=FACE_BOUND('',#373,.T.);
#31=FACE_BOUND('',#376,.T.);
#32=FACE_BOUND('',#379,.T.);
#33=FACE_BOUND('',#382,.T.);
#34=FACE_BOUND('',#383,.T.);
#35=FACE_BOUND('',#384,.T.);
#36=FACE_BOUND('',#385,.T.);
#37=FACE_BOUND('',#387,.T.);
#38=FACE_BOUND('',#388,.T.);
#39=FACE_BOUND('',#389,.T.);
#40=FACE_BOUND('',#390,.T.);
#41=B_SPLINE_CURVE_WITH_KNOTS('',2,(#2298,#2299,#2300,#2301),
 .UNSPECIFIED.,.F.,.F.,(3,1,3),(0.,1.,2.),.UNSPECIFIED.);
#42=B_SPLINE_CURVE_WITH_KNOTS('',2,(#2305,#2306,#2307,#2308),
 .UNSPECIFIED.,.F.,.F.,(3,1,3),(0.,1.,2.),.UNSPECIFIED.);
#43=B_SPLINE_CURVE_WITH_KNOTS('',2,(#2319,#2320,#2321,#2322),
 .UNSPECIFIED.,.F.,.F.,(3,1,3),(0.,1.,2.),.UNSPECIFIED.);
#44=B_SPLINE_CURVE_WITH_KNOTS('',2,(#2324,#2325,#2326,#2327),
 .UNSPECIFIED.,.F.,.F.,(3,1,3),(0.,1.,2.),.UNSPECIFIED.);
#45=B_SPLINE_CURVE_WITH_KNOTS('',2,(#2338,#2339,#2340,#2341),
 .UNSPECIFIED.,.F.,.F.,(3,1,3),(0.,1.,2.),.UNSPECIFIED.);
#46=B_SPLINE_CURVE_WITH_KNOTS('',2,(#2343,#2344,#2345,#2346),
 .UNSPECIFIED.,.F.,.F.,(3,1,3),(0.,1.,2.),.UNSPECIFIED.);
#47=B_SPLINE_CURVE_WITH_KNOTS('',2,(#2357,#2358,#2359,#2360),
 .UNSPECIFIED.,.F.,.F.,(3,1,3),(0.,1.,2.),.UNSPECIFIED.);
#48=B_SPLINE_CURVE_WITH_KNOTS('',2,(#2362,#2363,#2364,#2365),
 .UNSPECIFIED.,.F.,.F.,(3,1,3),(0.,1.,2.),.UNSPECIFIED.);
#49=B_SPLINE_CURVE_WITH_KNOTS('',2,(#2376,#2377,#2378,#2379),
 .UNSPECIFIED.,.F.,.F.,(3,1,3),(0.,1.,2.),.UNSPECIFIED.);
#50=B_SPLINE_CURVE_WITH_KNOTS('',2,(#2381,#2382,#2383,#2384),
 .UNSPECIFIED.,.F.,.F.,(3,1,3),(0.,1.,2.),.UNSPECIFIED.);
#51=B_SPLINE_CURVE_WITH_KNOTS('',2,(#2394,#2395,#2396,#2397),
 .UNSPECIFIED.,.F.,.F.,(3,1,3),(0.,1.,2.),.UNSPECIFIED.);
#52=B_SPLINE_CURVE_WITH_KNOTS('',2,(#2398,#2399,#2400,#2401),
 .UNSPECIFIED.,.F.,.F.,(3,1,3),(0.,1.,2.),.UNSPECIFIED.);
#53=B_SPLINE_CURVE_WITH_KNOTS('',2,(#2412,#2413,#2414,#2415),
 .UNSPECIFIED.,.F.,.F.,(3,1,3),(0.,1.,2.),.UNSPECIFIED.);
#54=B_SPLINE_CURVE_WITH_KNOTS('',2,(#2419,#2420,#2421,#2422),
 .UNSPECIFIED.,.F.,.F.,(3,1,3),(0.,1.,2.),.UNSPECIFIED.);
#55=B_SPLINE_CURVE_WITH_KNOTS('',2,(#2433,#2434,#2435,#2436),
 .UNSPECIFIED.,.F.,.F.,(3,1,3),(0.,1.,2.),.UNSPECIFIED.);
#56=B_SPLINE_CURVE_WITH_KNOTS('',2,(#2439,#2440,#2441,#2442),
 .UNSPECIFIED.,.F.,.F.,(3,1,3),(0.,1.,2.),.UNSPECIFIED.);
#57=B_SPLINE_CURVE_WITH_KNOTS('',2,(#2452,#2453,#2454,#2455),
 .UNSPECIFIED.,.F.,.F.,(3,1,3),(0.,1.,2.),.UNSPECIFIED.);
#58=B_SPLINE_CURVE_WITH_KNOTS('',2,(#2458,#2459,#2460,#2461),
 .UNSPECIFIED.,.F.,.F.,(3,1,3),(0.,1.,2.),.UNSPECIFIED.);
#59=B_SPLINE_CURVE_WITH_KNOTS('',2,(#2471,#2472,#2473,#2474),
 .UNSPECIFIED.,.F.,.F.,(3,1,3),(0.,1.,2.),.UNSPECIFIED.);
#60=B_SPLINE_CURVE_WITH_KNOTS('',2,(#2477,#2478,#2479,#2480),
 .UNSPECIFIED.,.F.,.F.,(3,1,3),(0.,1.,2.),.UNSPECIFIED.);
#61=B_SPLINE_CURVE_WITH_KNOTS('',2,(#2490,#2491,#2492,#2493),
 .UNSPECIFIED.,.F.,.F.,(3,1,3),(0.,1.,2.),.UNSPECIFIED.);
#62=B_SPLINE_CURVE_WITH_KNOTS('',2,(#2496,#2497,#2498,#2499),
 .UNSPECIFIED.,.F.,.F.,(3,1,3),(0.,1.,2.),.UNSPECIFIED.);
#63=B_SPLINE_CURVE_WITH_KNOTS('',2,(#2509,#2510,#2511,#2512),
 .UNSPECIFIED.,.F.,.F.,(3,1,3),(0.,1.,2.),.UNSPECIFIED.);
#64=B_SPLINE_CURVE_WITH_KNOTS('',2,(#2515,#2516,#2517,#2518),
 .UNSPECIFIED.,.F.,.F.,(3,1,3),(0.,1.,2.),.UNSPECIFIED.);
#65=B_SPLINE_CURVE_WITH_KNOTS('',2,(#2528,#2529,#2530,#2531),
 .UNSPECIFIED.,.F.,.F.,(3,1,3),(0.,1.,2.),.UNSPECIFIED.);
#66=B_SPLINE_CURVE_WITH_KNOTS('',2,(#2534,#2535,#2536,#2537),
 .UNSPECIFIED.,.F.,.F.,(3,1,3),(0.,1.,2.),.UNSPECIFIED.);
#67=B_SPLINE_CURVE_WITH_KNOTS('',2,(#2546,#2547,#2548,#2549),
 .UNSPECIFIED.,.F.,.F.,(3,1,3),(0.,1.,2.),.UNSPECIFIED.);
#68=B_SPLINE_CURVE_WITH_KNOTS('',2,(#2550,#2551,#2552,#2553),
 .UNSPECIFIED.,.F.,.F.,(3,1,3),(0.,1.,2.),.UNSPECIFIED.);
#69=B_SPLINE_CURVE_WITH_KNOTS('',2,(#2626,#2627,#2628,#2629),
 .UNSPECIFIED.,.F.,.F.,(3,1,3),(0.,1.,2.),.UNSPECIFIED.);
#70=B_SPLINE_CURVE_WITH_KNOTS('',2,(#2633,#2634,#2635,#2636),
 .UNSPECIFIED.,.F.,.F.,(3,1,3),(0.,1.,2.),.UNSPECIFIED.);
#71=B_SPLINE_CURVE_WITH_KNOTS('',2,(#2647,#2648,#2649,#2650),
 .UNSPECIFIED.,.F.,.F.,(3,1,3),(0.,1.,2.),.UNSPECIFIED.);
#72=B_SPLINE_CURVE_WITH_KNOTS('',2,(#2652,#2653,#2654,#2655),
 .UNSPECIFIED.,.F.,.F.,(3,1,3),(0.,1.,2.),.UNSPECIFIED.);
#73=B_SPLINE_CURVE_WITH_KNOTS('',2,(#2666,#2667,#2668,#2669),
 .UNSPECIFIED.,.F.,.F.,(3,1,3),(0.,1.,2.),.UNSPECIFIED.);
#74=B_SPLINE_CURVE_WITH_KNOTS('',2,(#2671,#2672,#2673,#2674),
 .UNSPECIFIED.,.F.,.F.,(3,1,3),(0.,1.,2.),.UNSPECIFIED.);
#75=B_SPLINE_CURVE_WITH_KNOTS('',2,(#2685,#2686,#2687,#2688),
 .UNSPECIFIED.,.F.,.F.,(3,1,3),(0.,1.,2.),.UNSPECIFIED.);
#76=B_SPLINE_CURVE_WITH_KNOTS('',2,(#2690,#2691,#2692,#2693),
 .UNSPECIFIED.,.F.,.F.,(3,1,3),(0.,1.,2.),.UNSPECIFIED.);
#77=B_SPLINE_CURVE_WITH_KNOTS('',2,(#2704,#2705,#2706,#2707),
 .UNSPECIFIED.,.F.,.F.,(3,1,3),(0.,1.,2.),.UNSPECIFIED.);
#78=B_SPLINE_CURVE_WITH_KNOTS('',2,(#2709,#2710,#2711,#2712),
 .UNSPECIFIED.,.F.,.F.,(3,1,3),(0.,1.,2.),.UNSPECIFIED.);
#79=B_SPLINE_CURVE_WITH_KNOTS('',2,(#2722,#2723,#2724,#2725),
 .UNSPECIFIED.,.F.,.F.,(3,1,3),(0.,1.,2.),.UNSPECIFIED.);
#80=B_SPLINE_CURVE_WITH_KNOTS('',2,(#2726,#2727,#2728,#2729),
 .UNSPECIFIED.,.F.,.F.,(3,1,3),(0.,1.,2.),.UNSPECIFIED.);
#81=B_SPLINE_CURVE_WITH_KNOTS('',2,(#2740,#2741,#2742,#2743),
 .UNSPECIFIED.,.F.,.F.,(3,1,3),(0.,1.,2.),.UNSPECIFIED.);
#82=B_SPLINE_CURVE_WITH_KNOTS('',2,(#2747,#2748,#2749,#2750),
 .UNSPECIFIED.,.F.,.F.,(3,1,3),(0.,1.,2.),.UNSPECIFIED.);
#83=B_SPLINE_CURVE_WITH_KNOTS('',2,(#2761,#2762,#2763,#2764),
 .UNSPECIFIED.,.F.,.F.,(3,1,3),(0.,1.,2.),.UNSPECIFIED.);
#84=B_SPLINE_CURVE_WITH_KNOTS('',2,(#2767,#2768,#2769,#2770),
 .UNSPECIFIED.,.F.,.F.,(3,1,3),(0.,1.,2.),.UNSPECIFIED.);
#85=B_SPLINE_CURVE_WITH_KNOTS('',2,(#2780,#2781,#2782,#2783),
 .UNSPECIFIED.,.F.,.F.,(3,1,3),(0.,1.,2.),.UNSPECIFIED.);
#86=B_SPLINE_CURVE_WITH_KNOTS('',2,(#2786,#2787,#2788,#2789),
 .UNSPECIFIED.,.F.,.F.,(3,1,3),(0.,1.,2.),.UNSPECIFIED.);
#87=B_SPLINE_CURVE_WITH_KNOTS('',2,(#2799,#2800,#2801,#2802),
 .UNSPECIFIED.,.F.,.F.,(3,1,3),(0.,1.,2.),.UNSPECIFIED.);
#88=B_SPLINE_CURVE_WITH_KNOTS('',2,(#2805,#2806,#2807,#2808),
 .UNSPECIFIED.,.F.,.F.,(3,1,3),(0.,1.,2.),.UNSPECIFIED.);
#89=B_SPLINE_CURVE_WITH_KNOTS('',2,(#2818,#2819,#2820,#2821),
 .UNSPECIFIED.,.F.,.F.,(3,1,3),(0.,1.,2.),.UNSPECIFIED.);
#90=B_SPLINE_CURVE_WITH_KNOTS('',2,(#2824,#2825,#2826,#2827),
 .UNSPECIFIED.,.F.,.F.,(3,1,3),(0.,1.,2.),.UNSPECIFIED.);
#91=B_SPLINE_CURVE_WITH_KNOTS('',2,(#2837,#2838,#2839,#2840),
 .UNSPECIFIED.,.F.,.F.,(3,1,3),(0.,1.,2.),.UNSPECIFIED.);
#92=B_SPLINE_CURVE_WITH_KNOTS('',2,(#2843,#2844,#2845,#2846),
 .UNSPECIFIED.,.F.,.F.,(3,1,3),(0.,1.,2.),.UNSPECIFIED.);
#93=B_SPLINE_CURVE_WITH_KNOTS('',2,(#2856,#2857,#2858,#2859),
 .UNSPECIFIED.,.F.,.F.,(3,1,3),(0.,1.,2.),.UNSPECIFIED.);
#94=B_SPLINE_CURVE_WITH_KNOTS('',2,(#2862,#2863,#2864,#2865),
 .UNSPECIFIED.,.F.,.F.,(3,1,3),(0.,1.,2.),.UNSPECIFIED.);
#95=B_SPLINE_CURVE_WITH_KNOTS('',2,(#2874,#2875,#2876,#2877),
 .UNSPECIFIED.,.F.,.F.,(3,1,3),(0.,1.,2.),.UNSPECIFIED.);
#96=B_SPLINE_CURVE_WITH_KNOTS('',2,(#2878,#2879,#2880,#2881),
 .UNSPECIFIED.,.F.,.F.,(3,1,3),(0.,1.,2.),.UNSPECIFIED.);
#97=B_SPLINE_SURFACE_WITH_KNOTS('',2,1,((#2288,#2289),(#2290,#2291),(#2292,
#2293),(#2294,#2295)),.UNSPECIFIED.,.F.,.F.,.F.,(3,1,3),(2,2),(-2.,-1.,
0.),(0.,0.2),.UNSPECIFIED.);
#98=B_SPLINE_SURFACE_WITH_KNOTS('',2,1,((#2310,#2311),(#2312,#2313),(#2314,
#2315),(#2316,#2317)),.UNSPECIFIED.,.F.,.F.,.F.,(3,1,3),(2,2),(-2.,-1.,
0.),(0.,0.2),.UNSPECIFIED.);
#99=B_SPLINE_SURFACE_WITH_KNOTS('',2,1,((#2329,#2330),(#2331,#2332),(#2333,
#2334),(#2335,#2336)),.UNSPECIFIED.,.F.,.F.,.F.,(3,1,3),(2,2),(-2.,-1.,
0.),(0.,0.2),.UNSPECIFIED.);
#100=B_SPLINE_SURFACE_WITH_KNOTS('',2,1,((#2348,#2349),(#2350,#2351),(#2352,
#2353),(#2354,#2355)),.UNSPECIFIED.,.F.,.F.,.F.,(3,1,3),(2,2),(-2.,-1.,
0.),(0.,0.2),.UNSPECIFIED.);
#101=B_SPLINE_SURFACE_WITH_KNOTS('',2,1,((#2367,#2368),(#2369,#2370),(#2371,
#2372),(#2373,#2374)),.UNSPECIFIED.,.F.,.F.,.F.,(3,1,3),(2,2),(-2.,-1.,
0.),(0.,0.2),.UNSPECIFIED.);
#102=B_SPLINE_SURFACE_WITH_KNOTS('',2,1,((#2386,#2387),(#2388,#2389),(#2390,
#2391),(#2392,#2393)),.UNSPECIFIED.,.F.,.F.,.F.,(3,1,3),(2,2),(-2.,-1.,
0.),(0.,0.2),.UNSPECIFIED.);
#103=B_SPLINE_SURFACE_WITH_KNOTS('',2,1,((#2402,#2403),(#2404,#2405),(#2406,
#2407),(#2408,#2409)),.UNSPECIFIED.,.F.,.F.,.F.,(3,1,3),(2,2),(0.,1.,2.),
(0.,0.2),.UNSPECIFIED.);
#104=B_SPLINE_SURFACE_WITH_KNOTS('',2,1,((#2424,#2425),(#2426,#2427),(#2428,
#2429),(#2430,#2431)),.UNSPECIFIED.,.F.,.F.,.F.,(3,1,3),(2,2),(0.,1.,2.),
(0.,0.2),.UNSPECIFIED.);
#105=B_SPLINE_SURFACE_WITH_KNOTS('',2,1,((#2443,#2444),(#2445,#2446),(#2447,
#2448),(#2449,#2450)),.UNSPECIFIED.,.F.,.F.,.F.,(3,1,3),(2,2),(0.,1.,2.),
(0.,0.2),.UNSPECIFIED.);
#106=B_SPLINE_SURFACE_WITH_KNOTS('',2,1,((#2462,#2463),(#2464,#2465),(#2466,
#2467),(#2468,#2469)),.UNSPECIFIED.,.F.,.F.,.F.,(3,1,3),(2,2),(0.,1.,2.),
(0.,0.2),.UNSPECIFIED.);
#107=B_SPLINE_SURFACE_WITH_KNOTS('',2,1,((#2481,#2482),(#2483,#2484),(#2485,
#2486),(#2487,#2488)),.UNSPECIFIED.,.F.,.F.,.F.,(3,1,3),(2,2),(0.,1.,2.),
(0.,0.2),.UNSPECIFIED.);
#108=B_SPLINE_SURFACE_WITH_KNOTS('',2,1,((#2500,#2501),(#2502,#2503),(#2504,
#2505),(#2506,#2507)),.UNSPECIFIED.,.F.,.F.,.F.,(3,1,3),(2,2),(0.,1.,2.),
(0.,0.2),.UNSPECIFIED.);
#109=B_SPLINE_SURFACE_WITH_KNOTS('',2,1,((#2519,#2520),(#2521,#2522),(#2523,
#2524),(#2525,#2526)),.UNSPECIFIED.,.F.,.F.,.F.,(3,1,3),(2,2),(0.,1.,2.),
(0.,0.2),.UNSPECIFIED.);
#110=B_SPLINE_SURFACE_WITH_KNOTS('',2,1,((#2538,#2539),(#2540,#2541),(#2542,
#2543),(#2544,#2545)),.UNSPECIFIED.,.F.,.F.,.F.,(3,1,3),(2,2),(0.,1.,2.),
(0.,0.2),.UNSPECIFIED.);
#111=B_SPLINE_SURFACE_WITH_KNOTS('',2,1,((#2616,#2617),(#2618,#2619),(#2620,
#2621),(#2622,#2623)),.UNSPECIFIED.,.F.,.F.,.F.,(3,1,3),(2,2),(-2.,-1.,
0.),(0.,0.2),.UNSPECIFIED.);
#112=B_SPLINE_SURFACE_WITH_KNOTS('',2,1,((#2638,#2639),(#2640,#2641),(#2642,
#2643),(#2644,#2645)),.UNSPECIFIED.,.F.,.F.,.F.,(3,1,3),(2,2),(-2.,-1.,
0.),(0.,0.2),.UNSPECIFIED.);
#113=B_SPLINE_SURFACE_WITH_KNOTS('',2,1,((#2657,#2658),(#2659,#2660),(#2661,
#2662),(#2663,#2664)),.UNSPECIFIED.,.F.,.F.,.F.,(3,1,3),(2,2),(-2.,-1.,
0.),(0.,0.2),.UNSPECIFIED.);
#114=B_SPLINE_SURFACE_WITH_KNOTS('',2,1,((#2676,#2677),(#2678,#2679),(#2680,
#2681),(#2682,#2683)),.UNSPECIFIED.,.F.,.F.,.F.,(3,1,3),(2,2),(-2.,-1.,
0.),(0.,0.2),.UNSPECIFIED.);
#115=B_SPLINE_SURFACE_WITH_KNOTS('',2,1,((#2695,#2696),(#2697,#2698),(#2699,
#2700),(#2701,#2702)),.UNSPECIFIED.,.F.,.F.,.F.,(3,1,3),(2,2),(-2.,-1.,
0.),(0.,0.2),.UNSPECIFIED.);
#116=B_SPLINE_SURFACE_WITH_KNOTS('',2,1,((#2714,#2715),(#2716,#2717),(#2718,
#2719),(#2720,#2721)),.UNSPECIFIED.,.F.,.F.,.F.,(3,1,3),(2,2),(-2.,-1.,
0.),(0.,0.2),.UNSPECIFIED.);
#117=B_SPLINE_SURFACE_WITH_KNOTS('',2,1,((#2730,#2731),(#2732,#2733),(#2734,
#2735),(#2736,#2737)),.UNSPECIFIED.,.F.,.F.,.F.,(3,1,3),(2,2),(0.,1.,2.),
(0.,0.2),.UNSPECIFIED.);
#118=B_SPLINE_SURFACE_WITH_KNOTS('',2,1,((#2752,#2753),(#2754,#2755),(#2756,
#2757),(#2758,#2759)),.UNSPECIFIED.,.F.,.F.,.F.,(3,1,3),(2,2),(0.,1.,2.),
(0.,0.2),.UNSPECIFIED.);
#119=B_SPLINE_SURFACE_WITH_KNOTS('',2,1,((#2771,#2772),(#2773,#2774),(#2775,
#2776),(#2777,#2778)),.UNSPECIFIED.,.F.,.F.,.F.,(3,1,3),(2,2),(0.,1.,2.),
(0.,0.2),.UNSPECIFIED.);
#120=B_SPLINE_SURFACE_WITH_KNOTS('',2,1,((#2790,#2791),(#2792,#2793),(#2794,
#2795),(#2796,#2797)),.UNSPECIFIED.,.F.,.F.,.F.,(3,1,3),(2,2),(0.,1.,2.),
(0.,0.2),.UNSPECIFIED.);
#121=B_SPLINE_SURFACE_WITH_KNOTS('',2,1,((#2809,#2810),(#2811,#2812),(#2813,
#2814),(#2815,#2816)),.UNSPECIFIED.,.F.,.F.,.F.,(3,1,3),(2,2),(0.,1.,2.),
(0.,0.2),.UNSPECIFIED.);
#122=B_SPLINE_SURFACE_WITH_KNOTS('',2,1,((#2828,#2829),(#2830,#2831),(#2832,
#2833),(#2834,#2835)),.UNSPECIFIED.,.F.,.F.,.F.,(3,1,3),(2,2),(0.,1.,2.),
(0.,0.2),.UNSPECIFIED.);
#123=B_SPLINE_SURFACE_WITH_KNOTS('',2,1,((#2847,#2848),(#2849,#2850),(#2851,
#2852),(#2853,#2854)),.UNSPECIFIED.,.F.,.F.,.F.,(3,1,3),(2,2),(0.,1.,2.),
(0.,0.2),.UNSPECIFIED.);
#124=B_SPLINE_SURFACE_WITH_KNOTS('',2,1,((#2866,#2867),(#2868,#2869),(#2870,
#2871),(#2872,#2873)),.UNSPECIFIED.,.F.,.F.,.F.,(3,1,3),(2,2),(0.,1.,2.),
(0.,0.2),.UNSPECIFIED.);
#125=PLANE('',#1795);
#126=PLANE('',#1796);
#127=PLANE('',#1797);
#128=PLANE('',#1798);
#129=PLANE('',#1799);
#130=PLANE('',#1800);
#131=PLANE('',#1801);
#132=PLANE('',#1802);
#133=PLANE('',#1803);
#134=PLANE('',#1804);
#135=PLANE('',#1805);
#136=PLANE('',#1806);
#137=PLANE('',#1807);
#138=PLANE('',#1808);
#139=PLANE('',#1809);
#140=PLANE('',#1810);
#141=PLANE('',#1811);
#142=PLANE('',#1812);
#143=PLANE('',#1813);
#144=PLANE('',#1814);
#145=PLANE('',#1815);
#146=PLANE('',#1816);
#147=PLANE('',#1817);
#148=PLANE('',#1818);
#149=PLANE('',#1819);
#150=PLANE('',#1820);
#151=PLANE('',#1821);
#152=PLANE('',#1822);
#153=PLANE('',#1823);
#154=PLANE('',#1824);
#155=PLANE('',#1825);
#156=PLANE('',#1826);
#157=PLANE('',#1827);
#158=PLANE('',#1828);
#159=PLANE('',#1829);
#160=PLANE('',#1830);
#161=PLANE('',#1831);
#162=PLANE('',#1832);
#163=PLANE('',#1833);
#164=PLANE('',#1834);
#165=PLANE('',#1835);
#166=PLANE('',#1838);
#167=PLANE('',#1843);
#168=PLANE('',#1844);
#169=PLANE('',#1845);
#170=PLANE('',#1846);
#171=PLANE('',#1850);
#172=PLANE('',#1851);
#173=PLANE('',#1852);
#174=PLANE('',#1853);
#175=PLANE('',#1854);
#176=PLANE('',#1855);
#177=PLANE('',#1856);
#178=PLANE('',#1857);
#179=PLANE('',#1858);
#180=PLANE('',#1859);
#181=FACE_OUTER_BOUND('',#273,.T.);
#182=FACE_OUTER_BOUND('',#274,.T.);
#183=FACE_OUTER_BOUND('',#275,.T.);
#184=FACE_OUTER_BOUND('',#276,.T.);
#185=FACE_OUTER_BOUND('',#277,.T.);
#186=FACE_OUTER_BOUND('',#278,.T.);
#187=FACE_OUTER_BOUND('',#279,.T.);
#188=FACE_OUTER_BOUND('',#280,.T.);
#189=FACE_OUTER_BOUND('',#281,.T.);
#190=FACE_OUTER_BOUND('',#282,.T.);
#191=FACE_OUTER_BOUND('',#283,.T.);
#192=FACE_OUTER_BOUND('',#284,.T.);
#193=FACE_OUTER_BOUND('',#285,.T.);
#194=FACE_OUTER_BOUND('',#286,.T.);
#195=FACE_OUTER_BOUND('',#287,.T.);
#196=FACE_OUTER_BOUND('',#288,.T.);
#197=FACE_OUTER_BOUND('',#289,.T.);
#198=FACE_OUTER_BOUND('',#290,.T.);
#199=FACE_OUTER_BOUND('',#291,.T.);
#200=FACE_OUTER_BOUND('',#292,.T.);
#201=FACE_OUTER_BOUND('',#293,.T.);
#202=FACE_OUTER_BOUND('',#294,.T.);
#203=FACE_OUTER_BOUND('',#295,.T.);
#204=FACE_OUTER_BOUND('',#296,.T.);
#205=FACE_OUTER_BOUND('',#297,.T.);
#206=FACE_OUTER_BOUND('',#298,.T.);
#207=FACE_OUTER_BOUND('',#299,.T.);
#208=FACE_OUTER_BOUND('',#300,.T.);
#209=FACE_OUTER_BOUND('',#301,.T.);
#210=FACE_OUTER_BOUND('',#302,.T.);
#211=FACE_OUTER_BOUND('',#303,.T.);
#212=FACE_OUTER_BOUND('',#305,.T.);
#213=FACE_OUTER_BOUND('',#306,.T.);
#214=FACE_OUTER_BOUND('',#307,.T.);
#215=FACE_OUTER_BOUND('',#308,.T.);
#216=FACE_OUTER_BOUND('',#309,.T.);
#217=FACE_OUTER_BOUND('',#310,.T.);
#218=FACE_OUTER_BOUND('',#311,.T.);
#219=FACE_OUTER_BOUND('',#312,.T.);
#220=FACE_OUTER_BOUND('',#313,.T.);
#221=FACE_OUTER_BOUND('',#314,.T.);
#222=FACE_OUTER_BOUND('',#315,.T.);
#223=FACE_OUTER_BOUND('',#316,.T.);
#224=FACE_OUTER_BOUND('',#317,.T.);
#225=FACE_OUTER_BOUND('',#318,.T.);
#226=FACE_OUTER_BOUND('',#319,.T.);
#227=FACE_OUTER_BOUND('',#320,.T.);
#228=FACE_OUTER_BOUND('',#321,.T.);
#229=FACE_OUTER_BOUND('',#322,.T.);
#230=FACE_OUTER_BOUND('',#323,.T.);
#231=FACE_OUTER_BOUND('',#324,.T.);
#232=FACE_OUTER_BOUND('',#325,.T.);
#233=FACE_OUTER_BOUND('',#326,.T.);
#234=FACE_OUTER_BOUND('',#327,.T.);
#235=FACE_OUTER_BOUND('',#328,.T.);
#236=FACE_OUTER_BOUND('',#329,.T.);
#237=FACE_OUTER_BOUND('',#330,.T.);
#238=FACE_OUTER_BOUND('',#332,.T.);
#239=FACE_OUTER_BOUND('',#333,.T.);
#240=FACE_OUTER_BOUND('',#334,.T.);
#241=FACE_OUTER_BOUND('',#335,.T.);
#242=FACE_OUTER_BOUND('',#336,.T.);
#243=FACE_OUTER_BOUND('',#337,.T.);
#244=FACE_OUTER_BOUND('',#338,.T.);
#245=FACE_OUTER_BOUND('',#339,.T.);
#246=FACE_OUTER_BOUND('',#340,.T.);
#247=FACE_OUTER_BOUND('',#341,.T.);
#248=FACE_OUTER_BOUND('',#342,.T.);
#249=FACE_OUTER_BOUND('',#343,.T.);
#250=FACE_OUTER_BOUND('',#344,.T.);
#251=FACE_OUTER_BOUND('',#345,.T.);
#252=FACE_OUTER_BOUND('',#346,.T.);
#253=FACE_OUTER_BOUND('',#347,.T.);
#254=FACE_OUTER_BOUND('',#348,.T.);
#255=FACE_OUTER_BOUND('',#358,.T.);
#256=FACE_OUTER_BOUND('',#359,.T.);
#257=FACE_OUTER_BOUND('',#360,.T.);
#258=FACE_OUTER_BOUND('',#361,.T.);
#259=FACE_OUTER_BOUND('',#362,.T.);
#260=FACE_OUTER_BOUND('',#363,.T.);
#261=FACE_OUTER_BOUND('',#364,.T.);
#262=FACE_OUTER_BOUND('',#365,.T.);
#263=FACE_OUTER_BOUND('',#366,.T.);
#264=FACE_OUTER_BOUND('',#368,.T.);
#265=FACE_OUTER_BOUND('',#370,.T.);
#266=FACE_OUTER_BOUND('',#374,.T.);
#267=FACE_OUTER_BOUND('',#375,.T.);
#268=FACE_OUTER_BOUND('',#377,.T.);
#269=FACE_OUTER_BOUND('',#378,.T.);
#270=FACE_OUTER_BOUND('',#380,.T.);
#271=FACE_OUTER_BOUND('',#381,.T.);
#272=FACE_OUTER_BOUND('',#386,.T.);
#273=EDGE_LOOP('',(#1165,#1166,#1167,#1168));
#274=EDGE_LOOP('',(#1169,#1170,#1171,#1172));
#275=EDGE_LOOP('',(#1173,#1174,#1175,#1176));
#276=EDGE_LOOP('',(#1177,#1178,#1179,#1180));
#277=EDGE_LOOP('',(#1181,#1182,#1183,#1184));
#278=EDGE_LOOP('',(#1185,#1186,#1187,#1188));
#279=EDGE_LOOP('',(#1189,#1190,#1191,#1192));
#280=EDGE_LOOP('',(#1193,#1194,#1195,#1196));
#281=EDGE_LOOP('',(#1197,#1198,#1199,#1200));
#282=EDGE_LOOP('',(#1201,#1202,#1203,#1204));
#283=EDGE_LOOP('',(#1205,#1206,#1207,#1208));
#284=EDGE_LOOP('',(#1209,#1210,#1211,#1212));
#285=EDGE_LOOP('',(#1213,#1214,#1215,#1216));
#286=EDGE_LOOP('',(#1217,#1218,#1219,#1220));
#287=EDGE_LOOP('',(#1221,#1222,#1223,#1224));
#288=EDGE_LOOP('',(#1225,#1226,#1227,#1228,#1229,#1230,#1231,#1232,#1233,
#1234));
#289=EDGE_LOOP('',(#1235,#1236,#1237,#1238));
#290=EDGE_LOOP('',(#1239,#1240,#1241,#1242));
#291=EDGE_LOOP('',(#1243,#1244,#1245,#1246));
#292=EDGE_LOOP('',(#1247,#1248,#1249,#1250));
#293=EDGE_LOOP('',(#1251,#1252,#1253,#1254));
#294=EDGE_LOOP('',(#1255,#1256,#1257,#1258));
#295=EDGE_LOOP('',(#1259,#1260,#1261,#1262));
#296=EDGE_LOOP('',(#1263,#1264,#1265,#1266));
#297=EDGE_LOOP('',(#1267,#1268,#1269,#1270));
#298=EDGE_LOOP('',(#1271,#1272,#1273,#1274));
#299=EDGE_LOOP('',(#1275,#1276,#1277,#1278));
#300=EDGE_LOOP('',(#1279,#1280,#1281,#1282));
#301=EDGE_LOOP('',(#1283,#1284,#1285,#1286));
#302=EDGE_LOOP('',(#1287,#1288,#1289,#1290));
#303=EDGE_LOOP('',(#1291,#1292,#1293,#1294,#1295,#1296,#1297,#1298));
#304=EDGE_LOOP('',(#1299,#1300,#1301,#1302,#1303,#1304));
#305=EDGE_LOOP('',(#1305,#1306,#1307,#1308));
#306=EDGE_LOOP('',(#1309,#1310,#1311,#1312));
#307=EDGE_LOOP('',(#1313,#1314,#1315,#1316));
#308=EDGE_LOOP('',(#1317,#1318,#1319,#1320));
#309=EDGE_LOOP('',(#1321,#1322,#1323,#1324));
#310=EDGE_LOOP('',(#1325,#1326,#1327,#1328));
#311=EDGE_LOOP('',(#1329,#1330,#1331,#1332));
#312=EDGE_LOOP('',(#1333,#1334,#1335,#1336));
#313=EDGE_LOOP('',(#1337,#1338,#1339,#1340));
#314=EDGE_LOOP('',(#1341,#1342,#1343,#1344));
#315=EDGE_LOOP('',(#1345,#1346,#1347,#1348,#1349,#1350,#1351,#1352,#1353,
#1354));
#316=EDGE_LOOP('',(#1355,#1356,#1357,#1358));
#317=EDGE_LOOP('',(#1359,#1360,#1361,#1362));
#318=EDGE_LOOP('',(#1363,#1364,#1365,#1366));
#319=EDGE_LOOP('',(#1367,#1368,#1369,#1370));
#320=EDGE_LOOP('',(#1371,#1372,#1373,#1374));
#321=EDGE_LOOP('',(#1375,#1376,#1377,#1378));
#322=EDGE_LOOP('',(#1379,#1380,#1381,#1382));
#323=EDGE_LOOP('',(#1383,#1384,#1385,#1386));
#324=EDGE_LOOP('',(#1387,#1388,#1389,#1390));
#325=EDGE_LOOP('',(#1391,#1392,#1393,#1394));
#326=EDGE_LOOP('',(#1395,#1396,#1397,#1398));
#327=EDGE_LOOP('',(#1399,#1400,#1401,#1402));
#328=EDGE_LOOP('',(#1403,#1404,#1405,#1406));
#329=EDGE_LOOP('',(#1407,#1408,#1409,#1410));
#330=EDGE_LOOP('',(#1411,#1412,#1413,#1414,#1415,#1416,#1417,#1418));
#331=EDGE_LOOP('',(#1419,#1420,#1421,#1422,#1423,#1424));
#332=EDGE_LOOP('',(#1425,#1426,#1427,#1428));
#333=EDGE_LOOP('',(#1429,#1430,#1431,#1432));
#334=EDGE_LOOP('',(#1433,#1434,#1435,#1436));
#335=EDGE_LOOP('',(#1437,#1438,#1439,#1440));
#336=EDGE_LOOP('',(#1441,#1442,#1443,#1444));
#337=EDGE_LOOP('',(#1445,#1446,#1447,#1448));
#338=EDGE_LOOP('',(#1449,#1450,#1451,#1452));
#339=EDGE_LOOP('',(#1453,#1454,#1455,#1456));
#340=EDGE_LOOP('',(#1457,#1458,#1459,#1460));
#341=EDGE_LOOP('',(#1461,#1462,#1463,#1464));
#342=EDGE_LOOP('',(#1465,#1466,#1467,#1468));
#343=EDGE_LOOP('',(#1469,#1470,#1471,#1472));
#344=EDGE_LOOP('',(#1473,#1474,#1475,#1476));
#345=EDGE_LOOP('',(#1477,#1478,#1479,#1480));
#346=EDGE_LOOP('',(#1481,#1482,#1483,#1484));
#347=EDGE_LOOP('',(#1485,#1486,#1487,#1488,#1489,#1490,#1491,#1492,#1493,
#1494));
#348=EDGE_LOOP('',(#1495,#1496,#1497,#1498));
#349=EDGE_LOOP('',(#1499,#1500,#1501,#1502,#1503,#1504,#1505,#1506,#1507,
#1508));
#350=EDGE_LOOP('',(#1509,#1510,#1511,#1512,#1513,#1514,#1515,#1516));
#351=EDGE_LOOP('',(#1517,#1518,#1519,#1520,#1521,#1522,#1523,#1524,#1525,
#1526));
#352=EDGE_LOOP('',(#1527,#1528,#1529,#1530,#1531,#1532,#1533,#1534));
#353=EDGE_LOOP('',(#1535,#1536,#1537,#1538));
#354=EDGE_LOOP('',(#1539,#1540,#1541,#1542,#1543,#1544,#1545,#1546,#1547,
#1548));
#355=EDGE_LOOP('',(#1549));
#356=EDGE_LOOP('',(#1550));
#357=EDGE_LOOP('',(#1551,#1552,#1553,#1554));
#358=EDGE_LOOP('',(#1555,#1556,#1557,#1558,#1559,#1560));
#359=EDGE_LOOP('',(#1561,#1562,#1563,#1564));
#360=EDGE_LOOP('',(#1565,#1566,#1567,#1568));
#361=EDGE_LOOP('',(#1569,#1570,#1571,#1572));
#362=EDGE_LOOP('',(#1573,#1574,#1575,#1576));
#363=EDGE_LOOP('',(#1577,#1578,#1579,#1580));
#364=EDGE_LOOP('',(#1581,#1582,#1583,#1584));
#365=EDGE_LOOP('',(#1585,#1586,#1587,#1588));
#366=EDGE_LOOP('',(#1589,#1590,#1591,#1592));
#367=EDGE_LOOP('',(#1593));
#368=EDGE_LOOP('',(#1594,#1595,#1596,#1597));
#369=EDGE_LOOP('',(#1598));
#370=EDGE_LOOP('',(#1599,#1600,#1601,#1602));
#371=EDGE_LOOP('',(#1603));
#372=EDGE_LOOP('',(#1604));
#373=EDGE_LOOP('',(#1605,#1606,#1607,#1608));
#374=EDGE_LOOP('',(#1609,#1610,#1611,#1612,#1613,#1614));
#375=EDGE_LOOP('',(#1615,#1616,#1617,#1618));
#376=EDGE_LOOP('',(#1619));
#377=EDGE_LOOP('',(#1620,#1621,#1622,#1623,#1624,#1625,#1626,#1627));
#378=EDGE_LOOP('',(#1628,#1629,#1630,#1631));
#379=EDGE_LOOP('',(#1632));
#380=EDGE_LOOP('',(#1633,#1634,#1635,#1636,#1637,#1638,#1639,#1640));
#381=EDGE_LOOP('',(#1641,#1642,#1643,#1644));
#382=EDGE_LOOP('',(#1645));
#383=EDGE_LOOP('',(#1646));
#384=EDGE_LOOP('',(#1647));
#385=EDGE_LOOP('',(#1648));
#386=EDGE_LOOP('',(#1649,#1650,#1651,#1652));
#387=EDGE_LOOP('',(#1653));
#388=EDGE_LOOP('',(#1654));
#389=EDGE_LOOP('',(#1655));
#390=EDGE_LOOP('',(#1656));
#391=LINE('',#2201,#565);
#392=LINE('',#2207,#566);
#393=LINE('',#2213,#567);
#394=LINE('',#2219,#568);
#395=LINE('',#2225,#569);
#396=LINE('',#2230,#570);
#397=LINE('',#2232,#571);
#398=LINE('',#2234,#572);
#399=LINE('',#2235,#573);
#400=LINE('',#2238,#574);
#401=LINE('',#2240,#575);
#402=LINE('',#2241,#576);
#403=LINE('',#2244,#577);
#404=LINE('',#2246,#578);
#405=LINE('',#2247,#579);
#406=LINE('',#2250,#580);
#407=LINE('',#2252,#581);
#408=LINE('',#2253,#582);
#409=LINE('',#2256,#583);
#410=LINE('',#2258,#584);
#411=LINE('',#2259,#585);
#412=LINE('',#2262,#586);
#413=LINE('',#2264,#587);
#414=LINE('',#2265,#588);
#415=LINE('',#2268,#589);
#416=LINE('',#2270,#590);
#417=LINE('',#2271,#591);
#418=LINE('',#2274,#592);
#419=LINE('',#2276,#593);
#420=LINE('',#2277,#594);
#421=LINE('',#2280,#595);
#422=LINE('',#2282,#596);
#423=LINE('',#2283,#597);
#424=LINE('',#2285,#598);
#425=LINE('',#2286,#599);
#426=LINE('',#2303,#600);
#427=LINE('',#2309,#601);
#428=LINE('',#2328,#602);
#429=LINE('',#2347,#603);
#430=LINE('',#2366,#604);
#431=LINE('',#2385,#605);
#432=LINE('',#2417,#606);
#433=LINE('',#2423,#607);
#434=LINE('',#2438,#608);
#435=LINE('',#2457,#609);
#436=LINE('',#2476,#610);
#437=LINE('',#2495,#611);
#438=LINE('',#2514,#612);
#439=LINE('',#2533,#613);
#440=LINE('',#2558,#614);
#441=LINE('',#2560,#615);
#442=LINE('',#2562,#616);
#443=LINE('',#2563,#617);
#444=LINE('',#2566,#618);
#445=LINE('',#2568,#619);
#446=LINE('',#2569,#620);
#447=LINE('',#2572,#621);
#448=LINE('',#2574,#622);
#449=LINE('',#2575,#623);
#450=LINE('',#2578,#624);
#451=LINE('',#2580,#625);
#452=LINE('',#2581,#626);
#453=LINE('',#2584,#627);
#454=LINE('',#2586,#628);
#455=LINE('',#2587,#629);
#456=LINE('',#2590,#630);
#457=LINE('',#2592,#631);
#458=LINE('',#2593,#632);
#459=LINE('',#2596,#633);
#460=LINE('',#2598,#634);
#461=LINE('',#2599,#635);
#462=LINE('',#2602,#636);
#463=LINE('',#2604,#637);
#464=LINE('',#2605,#638);
#465=LINE('',#2608,#639);
#466=LINE('',#2610,#640);
#467=LINE('',#2611,#641);
#468=LINE('',#2613,#642);
#469=LINE('',#2614,#643);
#470=LINE('',#2631,#644);
#471=LINE('',#2637,#645);
#472=LINE('',#2656,#646);
#473=LINE('',#2675,#647);
#474=LINE('',#2694,#648);
#475=LINE('',#2713,#649);
#476=LINE('',#2745,#650);
#477=LINE('',#2751,#651);
#478=LINE('',#2766,#652);
#479=LINE('',#2785,#653);
#480=LINE('',#2804,#654);
#481=LINE('',#2823,#655);
#482=LINE('',#2842,#656);
#483=LINE('',#2861,#657);
#484=LINE('',#2886,#658);
#485=LINE('',#2888,#659);
#486=LINE('',#2890,#660);
#487=LINE('',#2891,#661);
#488=LINE('',#2894,#662);
#489=LINE('',#2896,#663);
#490=LINE('',#2897,#664);
#491=LINE('',#2900,#665);
#492=LINE('',#2902,#666);
#493=LINE('',#2903,#667);
#494=LINE('',#2905,#668);
#495=LINE('',#2906,#669);
#496=LINE('',#2911,#670);
#497=LINE('',#2913,#671);
#498=LINE('',#2915,#672);
#499=LINE('',#2916,#673);
#500=LINE('',#2919,#674);
#501=LINE('',#2921,#675);
#502=LINE('',#2922,#676);
#503=LINE('',#2925,#677);
#504=LINE('',#2927,#678);
#505=LINE('',#2928,#679);
#506=LINE('',#2931,#680);
#507=LINE('',#2933,#681);
#508=LINE('',#2934,#682);
#509=LINE('',#2937,#683);
#510=LINE('',#2939,#684);
#511=LINE('',#2940,#685);
#512=LINE('',#2943,#686);
#513=LINE('',#2945,#687);
#514=LINE('',#2946,#688);
#515=LINE('',#2949,#689);
#516=LINE('',#2951,#690);
#517=LINE('',#2952,#691);
#518=LINE('',#2955,#692);
#519=LINE('',#2957,#693);
#520=LINE('',#2958,#694);
#521=LINE('',#2961,#695);
#522=LINE('',#2963,#696);
#523=LINE('',#2964,#697);
#524=LINE('',#2966,#698);
#525=LINE('',#2967,#699);
#526=LINE('',#2972,#700);
#527=LINE('',#2974,#701);
#528=LINE('',#2976,#702);
#529=LINE('',#2977,#703);
#530=LINE('',#2984,#704);
#531=LINE('',#2986,#705);
#532=LINE('',#2988,#706);
#533=LINE('',#2989,#707);
#534=LINE('',#2993,#708);
#535=LINE('',#2997,#709);
#536=LINE('',#3002,#710);
#537=LINE('',#3003,#711);
#538=LINE('',#3004,#712);
#539=LINE('',#3007,#713);
#540=LINE('',#3008,#714);
#541=LINE('',#3011,#715);
#542=LINE('',#3012,#716);
#543=LINE('',#3014,#717);
#544=LINE('',#3019,#718);
#545=LINE('',#3024,#719);
#546=LINE('',#3026,#720);
#547=LINE('',#3028,#721);
#548=LINE('',#3029,#722);
#549=LINE('',#3033,#723);
#550=LINE('',#3035,#724);
#551=LINE('',#3037,#725);
#552=LINE('',#3038,#726);
#553=LINE('',#3040,#727);
#554=LINE('',#3041,#728);
#555=LINE('',#3045,#729);
#556=LINE('',#3047,#730);
#557=LINE('',#3048,#731);
#558=LINE('',#3051,#732);
#559=LINE('',#3053,#733);
#560=LINE('',#3054,#734);
#561=LINE('',#3055,#735);
#562=LINE('',#3056,#736);
#563=LINE('',#3058,#737);
#564=LINE('',#3059,#738);
#565=VECTOR('',#1866,13.6);
#566=VECTOR('',#1873,2.);
#567=VECTOR('',#1880,2.);
#568=VECTOR('',#1887,2.);
#569=VECTOR('',#1894,2.);
#570=VECTOR('',#1899,10.);
#571=VECTOR('',#1900,10.);
#572=VECTOR('',#1901,10.);
#573=VECTOR('',#1902,10.);
#574=VECTOR('',#1905,10.);
#575=VECTOR('',#1906,10.);
#576=VECTOR('',#1907,10.);
#577=VECTOR('',#1910,10.);
#578=VECTOR('',#1911,10.);
#579=VECTOR('',#1912,10.);
#580=VECTOR('',#1915,10.);
#581=VECTOR('',#1916,10.);
#582=VECTOR('',#1917,10.);
#583=VECTOR('',#1920,10.);
#584=VECTOR('',#1921,10.);
#585=VECTOR('',#1922,10.);
#586=VECTOR('',#1925,10.);
#587=VECTOR('',#1926,10.);
#588=VECTOR('',#1927,10.);
#589=VECTOR('',#1930,10.);
#590=VECTOR('',#1931,10.);
#591=VECTOR('',#1932,10.);
#592=VECTOR('',#1935,10.);
#593=VECTOR('',#1936,10.);
#594=VECTOR('',#1937,10.);
#595=VECTOR('',#1940,10.);
#596=VECTOR('',#1941,10.);
#597=VECTOR('',#1942,10.);
#598=VECTOR('',#1945,10.);
#599=VECTOR('',#1946,10.);
#600=VECTOR('',#1949,10.);
#601=VECTOR('',#1950,10.);
#602=VECTOR('',#1951,10.);
#603=VECTOR('',#1952,10.);
#604=VECTOR('',#1953,10.);
#605=VECTOR('',#1954,10.);
#606=VECTOR('',#1955,10.);
#607=VECTOR('',#1956,10.);
#608=VECTOR('',#1957,10.);
#609=VECTOR('',#1958,10.);
#610=VECTOR('',#1959,10.);
#611=VECTOR('',#1960,10.);
#612=VECTOR('',#1961,10.);
#613=VECTOR('',#1962,10.);
#614=VECTOR('',#1967,10.);
#615=VECTOR('',#1968,10.);
#616=VECTOR('',#1969,10.);
#617=VECTOR('',#1970,10.);
#618=VECTOR('',#1973,10.);
#619=VECTOR('',#1974,10.);
#620=VECTOR('',#1975,10.);
#621=VECTOR('',#1978,10.);
#622=VECTOR('',#1979,10.);
#623=VECTOR('',#1980,10.);
#624=VECTOR('',#1983,10.);
#625=VECTOR('',#1984,10.);
#626=VECTOR('',#1985,10.);
#627=VECTOR('',#1988,10.);
#628=VECTOR('',#1989,10.);
#629=VECTOR('',#1990,10.);
#630=VECTOR('',#1993,10.);
#631=VECTOR('',#1994,10.);
#632=VECTOR('',#1995,10.);
#633=VECTOR('',#1998,10.);
#634=VECTOR('',#1999,10.);
#635=VECTOR('',#2000,10.);
#636=VECTOR('',#2003,10.);
#637=VECTOR('',#2004,10.);
#638=VECTOR('',#2005,10.);
#639=VECTOR('',#2008,10.);
#640=VECTOR('',#2009,10.);
#641=VECTOR('',#2010,10.);
#642=VECTOR('',#2013,10.);
#643=VECTOR('',#2014,10.);
#644=VECTOR('',#2017,10.);
#645=VECTOR('',#2018,10.);
#646=VECTOR('',#2019,10.);
#647=VECTOR('',#2020,10.);
#648=VECTOR('',#2021,10.);
#649=VECTOR('',#2022,10.);
#650=VECTOR('',#2023,10.);
#651=VECTOR('',#2024,10.);
#652=VECTOR('',#2025,10.);
#653=VECTOR('',#2026,10.);
#654=VECTOR('',#2027,10.);
#655=VECTOR('',#2028,10.);
#656=VECTOR('',#2029,10.);
#657=VECTOR('',#2030,10.);
#658=VECTOR('',#2035,10.);
#659=VECTOR('',#2036,10.);
#660=VECTOR('',#2037,10.);
#661=VECTOR('',#2038,10.);
#662=VECTOR('',#2041,10.);
#663=VECTOR('',#2042,10.);
#664=VECTOR('',#2043,10.);
#665=VECTOR('',#2046,10.);
#666=VECTOR('',#2047,10.);
#667=VECTOR('',#2048,10.);
#668=VECTOR('',#2051,10.);
#669=VECTOR('',#2052,10.);
#670=VECTOR('',#2057,10.);
#671=VECTOR('',#2058,10.);
#672=VECTOR('',#2059,10.);
#673=VECTOR('',#2060,10.);
#674=VECTOR('',#2063,10.);
#675=VECTOR('',#2064,10.);
#676=VECTOR('',#2065,10.);
#677=VECTOR('',#2068,10.);
#678=VECTOR('',#2069,10.);
#679=VECTOR('',#2070,10.);
#680=VECTOR('',#2073,10.);
#681=VECTOR('',#2074,10.);
#682=VECTOR('',#2075,10.);
#683=VECTOR('',#2078,10.);
#684=VECTOR('',#2079,10.);
#685=VECTOR('',#2080,10.);
#686=VECTOR('',#2083,10.);
#687=VECTOR('',#2084,10.);
#688=VECTOR('',#2085,10.);
#689=VECTOR('',#2088,10.);
#690=VECTOR('',#2089,10.);
#691=VECTOR('',#2090,10.);
#692=VECTOR('',#2093,10.);
#693=VECTOR('',#2094,10.);
#694=VECTOR('',#2095,10.);
#695=VECTOR('',#2098,10.);
#696=VECTOR('',#2099,10.);
#697=VECTOR('',#2100,10.);
#698=VECTOR('',#2103,10.);
#699=VECTOR('',#2104,10.);
#700=VECTOR('',#2109,10.);
#701=VECTOR('',#2110,10.);
#702=VECTOR('',#2111,10.);
#703=VECTOR('',#2112,10.);
#704=VECTOR('',#2117,10.);
#705=VECTOR('',#2118,10.);
#706=VECTOR('',#2119,10.);
#707=VECTOR('',#2120,10.);
#708=VECTOR('',#2125,9.);
#709=VECTOR('',#2130,9.);
#710=VECTOR('',#2135,10.);
#711=VECTOR('',#2136,10.);
#712=VECTOR('',#2137,10.);
#713=VECTOR('',#2140,10.);
#714=VECTOR('',#2141,10.);
#715=VECTOR('',#2144,10.);
#716=VECTOR('',#2145,10.);
#717=VECTOR('',#2148,10.);
#718=VECTOR('',#2153,3.00000000000001);
#719=VECTOR('',#2158,10.);
#720=VECTOR('',#2159,10.);
#721=VECTOR('',#2160,10.);
#722=VECTOR('',#2161,10.);
#723=VECTOR('',#2164,10.);
#724=VECTOR('',#2165,10.);
#725=VECTOR('',#2166,10.);
#726=VECTOR('',#2167,10.);
#727=VECTOR('',#2170,10.);
#728=VECTOR('',#2171,10.);
#729=VECTOR('',#2176,10.);
#730=VECTOR('',#2177,10.);
#731=VECTOR('',#2178,10.);
#732=VECTOR('',#2181,10.);
#733=VECTOR('',#2182,10.);
#734=VECTOR('',#2183,10.);
#735=VECTOR('',#2184,10.);
#736=VECTOR('',#2185,10.);
#737=VECTOR('',#2188,10.);
#738=VECTOR('',#2189,10.);
#739=CIRCLE('',#1781,13.6);
#740=CIRCLE('',#1782,13.6);
#741=CIRCLE('',#1784,2.);
#742=CIRCLE('',#1785,2.);
#743=CIRCLE('',#1787,2.);
#744=CIRCLE('',#1788,2.);
#745=CIRCLE('',#1790,2.);
#746=CIRCLE('',#1791,2.);
#747=CIRCLE('',#1793,2.);
#748=CIRCLE('',#1794,2.);
#749=CIRCLE('',#1836,9.);
#750=CIRCLE('',#1837,9.);
#751=CIRCLE('',#1840,9.);
#752=CIRCLE('',#1842,9.);
#753=CIRCLE('',#1848,3.00000000000001);
#754=CIRCLE('',#1849,3.00000000000001);
#755=VERTEX_POINT('',#2198);
#756=VERTEX_POINT('',#2200);
#757=VERTEX_POINT('',#2204);
#758=VERTEX_POINT('',#2206);
#759=VERTEX_POINT('',#2210);
#760=VERTEX_POINT('',#2212);
#761=VERTEX_POINT('',#2216);
#762=VERTEX_POINT('',#2218);
#763=VERTEX_POINT('',#2222);
#764=VERTEX_POINT('',#2224);
#765=VERTEX_POINT('',#2228);
#766=VERTEX_POINT('',#2229);
#767=VERTEX_POINT('',#2231);
#768=VERTEX_POINT('',#2233);
#769=VERTEX_POINT('',#2237);
#770=VERTEX_POINT('',#2239);
#771=VERTEX_POINT('',#2243);
#772=VERTEX_POINT('',#2245);
#773=VERTEX_POINT('',#2249);
#774=VERTEX_POINT('',#2251);
#775=VERTEX_POINT('',#2255);
#776=VERTEX_POINT('',#2257);
#777=VERTEX_POINT('',#2261);
#778=VERTEX_POINT('',#2263);
#779=VERTEX_POINT('',#2267);
#780=VERTEX_POINT('',#2269);
#781=VERTEX_POINT('',#2273);
#782=VERTEX_POINT('',#2275);
#783=VERTEX_POINT('',#2279);
#784=VERTEX_POINT('',#2281);
#785=VERTEX_POINT('',#2296);
#786=VERTEX_POINT('',#2297);
#787=VERTEX_POINT('',#2302);
#788=VERTEX_POINT('',#2304);
#789=VERTEX_POINT('',#2318);
#790=VERTEX_POINT('',#2323);
#791=VERTEX_POINT('',#2337);
#792=VERTEX_POINT('',#2342);
#793=VERTEX_POINT('',#2356);
#794=VERTEX_POINT('',#2361);
#795=VERTEX_POINT('',#2375);
#796=VERTEX_POINT('',#2380);
#797=VERTEX_POINT('',#2410);
#798=VERTEX_POINT('',#2411);
#799=VERTEX_POINT('',#2416);
#800=VERTEX_POINT('',#2418);
#801=VERTEX_POINT('',#2432);
#802=VERTEX_POINT('',#2437);
#803=VERTEX_POINT('',#2451);
#804=VERTEX_POINT('',#2456);
#805=VERTEX_POINT('',#2470);
#806=VERTEX_POINT('',#2475);
#807=VERTEX_POINT('',#2489);
#808=VERTEX_POINT('',#2494);
#809=VERTEX_POINT('',#2508);
#810=VERTEX_POINT('',#2513);
#811=VERTEX_POINT('',#2527);
#812=VERTEX_POINT('',#2532);
#813=VERTEX_POINT('',#2556);
#814=VERTEX_POINT('',#2557);
#815=VERTEX_POINT('',#2559);
#816=VERTEX_POINT('',#2561);
#817=VERTEX_POINT('',#2565);
#818=VERTEX_POINT('',#2567);
#819=VERTEX_POINT('',#2571);
#820=VERTEX_POINT('',#2573);
#821=VERTEX_POINT('',#2577);
#822=VERTEX_POINT('',#2579);
#823=VERTEX_POINT('',#2583);
#824=VERTEX_POINT('',#2585);
#825=VERTEX_POINT('',#2589);
#826=VERTEX_POINT('',#2591);
#827=VERTEX_POINT('',#2595);
#828=VERTEX_POINT('',#2597);
#829=VERTEX_POINT('',#2601);
#830=VERTEX_POINT('',#2603);
#831=VERTEX_POINT('',#2607);
#832=VERTEX_POINT('',#2609);
#833=VERTEX_POINT('',#2624);
#834=VERTEX_POINT('',#2625);
#835=VERTEX_POINT('',#2630);
#836=VERTEX_POINT('',#2632);
#837=VERTEX_POINT('',#2646);
#838=VERTEX_POINT('',#2651);
#839=VERTEX_POINT('',#2665);
#840=VERTEX_POINT('',#2670);
#841=VERTEX_POINT('',#2684);
#842=VERTEX_POINT('',#2689);
#843=VERTEX_POINT('',#2703);
#844=VERTEX_POINT('',#2708);
#845=VERTEX_POINT('',#2738);
#846=VERTEX_POINT('',#2739);
#847=VERTEX_POINT('',#2744);
#848=VERTEX_POINT('',#2746);
#849=VERTEX_POINT('',#2760);
#850=VERTEX_POINT('',#2765);
#851=VERTEX_POINT('',#2779);
#852=VERTEX_POINT('',#2784);
#853=VERTEX_POINT('',#2798);
#854=VERTEX_POINT('',#2803);
#855=VERTEX_POINT('',#2817);
#856=VERTEX_POINT('',#2822);
#857=VERTEX_POINT('',#2836);
#858=VERTEX_POINT('',#2841);
#859=VERTEX_POINT('',#2855);
#860=VERTEX_POINT('',#2860);
#861=VERTEX_POINT('',#2884);
#862=VERTEX_POINT('',#2885);
#863=VERTEX_POINT('',#2887);
#864=VERTEX_POINT('',#2889);
#865=VERTEX_POINT('',#2893);
#866=VERTEX_POINT('',#2895);
#867=VERTEX_POINT('',#2899);
#868=VERTEX_POINT('',#2901);
#869=VERTEX_POINT('',#2909);
#870=VERTEX_POINT('',#2910);
#871=VERTEX_POINT('',#2912);
#872=VERTEX_POINT('',#2914);
#873=VERTEX_POINT('',#2918);
#874=VERTEX_POINT('',#2920);
#875=VERTEX_POINT('',#2924);
#876=VERTEX_POINT('',#2926);
#877=VERTEX_POINT('',#2930);
#878=VERTEX_POINT('',#2932);
#879=VERTEX_POINT('',#2936);
#880=VERTEX_POINT('',#2938);
#881=VERTEX_POINT('',#2942);
#882=VERTEX_POINT('',#2944);
#883=VERTEX_POINT('',#2948);
#884=VERTEX_POINT('',#2950);
#885=VERTEX_POINT('',#2954);
#886=VERTEX_POINT('',#2956);
#887=VERTEX_POINT('',#2960);
#888=VERTEX_POINT('',#2962);
#889=VERTEX_POINT('',#2970);
#890=VERTEX_POINT('',#2971);
#891=VERTEX_POINT('',#2973);
#892=VERTEX_POINT('',#2975);
#893=VERTEX_POINT('',#2978);
#894=VERTEX_POINT('',#2980);
#895=VERTEX_POINT('',#2982);
#896=VERTEX_POINT('',#2983);
#897=VERTEX_POINT('',#2985);
#898=VERTEX_POINT('',#2987);
#899=VERTEX_POINT('',#2992);
#900=VERTEX_POINT('',#2996);
#901=VERTEX_POINT('',#3000);
#902=VERTEX_POINT('',#3001);
#903=VERTEX_POINT('',#3006);
#904=VERTEX_POINT('',#3010);
#905=VERTEX_POINT('',#3016);
#906=VERTEX_POINT('',#3018);
#907=VERTEX_POINT('',#3022);
#908=VERTEX_POINT('',#3023);
#909=VERTEX_POINT('',#3025);
#910=VERTEX_POINT('',#3027);
#911=VERTEX_POINT('',#3031);
#912=VERTEX_POINT('',#3032);
#913=VERTEX_POINT('',#3034);
#914=VERTEX_POINT('',#3036);
#915=VERTEX_POINT('',#3044);
#916=VERTEX_POINT('',#3046);
#917=VERTEX_POINT('',#3050);
#918=VERTEX_POINT('',#3052);
#919=EDGE_CURVE('',#755,#755,#739,.T.);
#920=EDGE_CURVE('',#755,#756,#391,.T.);
#921=EDGE_CURVE('',#756,#756,#740,.T.);
#922=EDGE_CURVE('',#757,#757,#741,.T.);
#923=EDGE_CURVE('',#757,#758,#392,.T.);
#924=EDGE_CURVE('',#758,#758,#742,.T.);
#925=EDGE_CURVE('',#759,#759,#743,.T.);
#926=EDGE_CURVE('',#759,#760,#393,.T.);
#927=EDGE_CURVE('',#760,#760,#744,.T.);
#928=EDGE_CURVE('',#761,#761,#745,.T.);
#929=EDGE_CURVE('',#761,#762,#394,.T.);
#930=EDGE_CURVE('',#762,#762,#746,.T.);
#931=EDGE_CURVE('',#763,#763,#747,.T.);
#932=EDGE_CURVE('',#763,#764,#395,.T.);
#933=EDGE_CURVE('',#764,#764,#748,.T.);
#934=EDGE_CURVE('',#765,#766,#396,.T.);
#935=EDGE_CURVE('',#765,#767,#397,.T.);
#936=EDGE_CURVE('',#767,#768,#398,.T.);
#937=EDGE_CURVE('',#766,#768,#399,.T.);
#938=EDGE_CURVE('',#769,#765,#400,.T.);
#939=EDGE_CURVE('',#769,#770,#401,.T.);
#940=EDGE_CURVE('',#770,#767,#402,.T.);
#941=EDGE_CURVE('',#771,#769,#403,.T.);
#942=EDGE_CURVE('',#771,#772,#404,.T.);
#943=EDGE_CURVE('',#772,#770,#405,.T.);
#944=EDGE_CURVE('',#773,#771,#406,.T.);
#945=EDGE_CURVE('',#773,#774,#407,.T.);
#946=EDGE_CURVE('',#774,#772,#408,.T.);
#947=EDGE_CURVE('',#775,#773,#409,.T.);
#948=EDGE_CURVE('',#775,#776,#410,.T.);
#949=EDGE_CURVE('',#776,#774,#411,.T.);
#950=EDGE_CURVE('',#777,#775,#412,.T.);
#951=EDGE_CURVE('',#777,#778,#413,.T.);
#952=EDGE_CURVE('',#778,#776,#414,.T.);
#953=EDGE_CURVE('',#779,#777,#415,.T.);
#954=EDGE_CURVE('',#779,#780,#416,.T.);
#955=EDGE_CURVE('',#780,#778,#417,.T.);
#956=EDGE_CURVE('',#781,#779,#418,.T.);
#957=EDGE_CURVE('',#781,#782,#419,.T.);
#958=EDGE_CURVE('',#782,#780,#420,.T.);
#959=EDGE_CURVE('',#783,#781,#421,.T.);
#960=EDGE_CURVE('',#783,#784,#422,.T.);
#961=EDGE_CURVE('',#784,#782,#423,.T.);
#962=EDGE_CURVE('',#766,#783,#424,.T.);
#963=EDGE_CURVE('',#768,#784,#425,.T.);
#964=EDGE_CURVE('',#785,#786,#41,.T.);
#965=EDGE_CURVE('',#785,#787,#426,.T.);
#966=EDGE_CURVE('',#787,#788,#42,.T.);
#967=EDGE_CURVE('',#786,#788,#427,.T.);
#968=EDGE_CURVE('',#786,#789,#43,.T.);
#969=EDGE_CURVE('',#788,#790,#44,.T.);
#970=EDGE_CURVE('',#789,#790,#428,.T.);
#971=EDGE_CURVE('',#789,#791,#45,.T.);
#972=EDGE_CURVE('',#790,#792,#46,.T.);
#973=EDGE_CURVE('',#791,#792,#429,.T.);
#974=EDGE_CURVE('',#791,#793,#47,.T.);
#975=EDGE_CURVE('',#792,#794,#48,.T.);
#976=EDGE_CURVE('',#793,#794,#430,.T.);
#977=EDGE_CURVE('',#793,#795,#49,.T.);
#978=EDGE_CURVE('',#794,#796,#50,.T.);
#979=EDGE_CURVE('',#795,#796,#431,.T.);
#980=EDGE_CURVE('',#795,#785,#51,.T.);
#981=EDGE_CURVE('',#796,#787,#52,.T.);
#982=EDGE_CURVE('',#797,#798,#53,.T.);
#983=EDGE_CURVE('',#797,#799,#432,.T.);
#984=EDGE_CURVE('',#799,#800,#54,.T.);
#985=EDGE_CURVE('',#798,#800,#433,.T.);
#986=EDGE_CURVE('',#801,#797,#55,.T.);
#987=EDGE_CURVE('',#801,#802,#434,.T.);
#988=EDGE_CURVE('',#802,#799,#56,.T.);
#989=EDGE_CURVE('',#803,#801,#57,.T.);
#990=EDGE_CURVE('',#803,#804,#435,.T.);
#991=EDGE_CURVE('',#804,#802,#58,.T.);
#992=EDGE_CURVE('',#805,#803,#59,.T.);
#993=EDGE_CURVE('',#805,#806,#436,.T.);
#994=EDGE_CURVE('',#806,#804,#60,.T.);
#995=EDGE_CURVE('',#807,#805,#61,.T.);
#996=EDGE_CURVE('',#807,#808,#437,.T.);
#997=EDGE_CURVE('',#808,#806,#62,.T.);
#998=EDGE_CURVE('',#809,#807,#63,.T.);
#999=EDGE_CURVE('',#809,#810,#438,.T.);
#1000=EDGE_CURVE('',#810,#808,#64,.T.);
#1001=EDGE_CURVE('',#811,#809,#65,.T.);
#1002=EDGE_CURVE('',#811,#812,#439,.T.);
#1003=EDGE_CURVE('',#812,#810,#66,.T.);
#1004=EDGE_CURVE('',#798,#811,#67,.T.);
#1005=EDGE_CURVE('',#800,#812,#68,.T.);
#1006=EDGE_CURVE('',#813,#814,#440,.T.);
#1007=EDGE_CURVE('',#813,#815,#441,.T.);
#1008=EDGE_CURVE('',#815,#816,#442,.T.);
#1009=EDGE_CURVE('',#814,#816,#443,.T.);
#1010=EDGE_CURVE('',#817,#813,#444,.T.);
#1011=EDGE_CURVE('',#817,#818,#445,.T.);
#1012=EDGE_CURVE('',#818,#815,#446,.T.);
#1013=EDGE_CURVE('',#819,#817,#447,.T.);
#1014=EDGE_CURVE('',#819,#820,#448,.T.);
#1015=EDGE_CURVE('',#820,#818,#449,.T.);
#1016=EDGE_CURVE('',#821,#819,#450,.T.);
#1017=EDGE_CURVE('',#821,#822,#451,.T.);
#1018=EDGE_CURVE('',#822,#820,#452,.T.);
#1019=EDGE_CURVE('',#823,#821,#453,.T.);
#1020=EDGE_CURVE('',#823,#824,#454,.T.);
#1021=EDGE_CURVE('',#824,#822,#455,.T.);
#1022=EDGE_CURVE('',#825,#823,#456,.T.);
#1023=EDGE_CURVE('',#825,#826,#457,.T.);
#1024=EDGE_CURVE('',#826,#824,#458,.T.);
#1025=EDGE_CURVE('',#827,#825,#459,.T.);
#1026=EDGE_CURVE('',#827,#828,#460,.T.);
#1027=EDGE_CURVE('',#828,#826,#461,.T.);
#1028=EDGE_CURVE('',#829,#827,#462,.T.);
#1029=EDGE_CURVE('',#829,#830,#463,.T.);
#1030=EDGE_CURVE('',#830,#828,#464,.T.);
#1031=EDGE_CURVE('',#831,#829,#465,.T.);
#1032=EDGE_CURVE('',#831,#832,#466,.T.);
#1033=EDGE_CURVE('',#832,#830,#467,.T.);
#1034=EDGE_CURVE('',#814,#831,#468,.T.);
#1035=EDGE_CURVE('',#816,#832,#469,.T.);
#1036=EDGE_CURVE('',#833,#834,#69,.T.);
#1037=EDGE_CURVE('',#833,#835,#470,.T.);
#1038=EDGE_CURVE('',#835,#836,#70,.T.);
#1039=EDGE_CURVE('',#834,#836,#471,.T.);
#1040=EDGE_CURVE('',#834,#837,#71,.T.);
#1041=EDGE_CURVE('',#836,#838,#72,.T.);
#1042=EDGE_CURVE('',#837,#838,#472,.T.);
#1043=EDGE_CURVE('',#837,#839,#73,.T.);
#1044=EDGE_CURVE('',#838,#840,#74,.T.);
#1045=EDGE_CURVE('',#839,#840,#473,.T.);
#1046=EDGE_CURVE('',#839,#841,#75,.T.);
#1047=EDGE_CURVE('',#840,#842,#76,.T.);
#1048=EDGE_CURVE('',#841,#842,#474,.T.);
#1049=EDGE_CURVE('',#841,#843,#77,.T.);
#1050=EDGE_CURVE('',#842,#844,#78,.T.);
#1051=EDGE_CURVE('',#843,#844,#475,.T.);
#1052=EDGE_CURVE('',#843,#833,#79,.T.);
#1053=EDGE_CURVE('',#844,#835,#80,.T.);
#1054=EDGE_CURVE('',#845,#846,#81,.T.);
#1055=EDGE_CURVE('',#845,#847,#476,.T.);
#1056=EDGE_CURVE('',#847,#848,#82,.T.);
#1057=EDGE_CURVE('',#846,#848,#477,.T.);
#1058=EDGE_CURVE('',#849,#845,#83,.T.);
#1059=EDGE_CURVE('',#849,#850,#478,.T.);
#1060=EDGE_CURVE('',#850,#847,#84,.T.);
#1061=EDGE_CURVE('',#851,#849,#85,.T.);
#1062=EDGE_CURVE('',#851,#852,#479,.T.);
#1063=EDGE_CURVE('',#852,#850,#86,.T.);
#1064=EDGE_CURVE('',#853,#851,#87,.T.);
#1065=EDGE_CURVE('',#853,#854,#480,.T.);
#1066=EDGE_CURVE('',#854,#852,#88,.T.);
#1067=EDGE_CURVE('',#855,#853,#89,.T.);
#1068=EDGE_CURVE('',#855,#856,#481,.T.);
#1069=EDGE_CURVE('',#856,#854,#90,.T.);
#1070=EDGE_CURVE('',#857,#855,#91,.T.);
#1071=EDGE_CURVE('',#857,#858,#482,.T.);
#1072=EDGE_CURVE('',#858,#856,#92,.T.);
#1073=EDGE_CURVE('',#859,#857,#93,.T.);
#1074=EDGE_CURVE('',#859,#860,#483,.T.);
#1075=EDGE_CURVE('',#860,#858,#94,.T.);
#1076=EDGE_CURVE('',#846,#859,#95,.T.);
#1077=EDGE_CURVE('',#848,#860,#96,.T.);
#1078=EDGE_CURVE('',#861,#862,#484,.T.);
#1079=EDGE_CURVE('',#861,#863,#485,.T.);
#1080=EDGE_CURVE('',#863,#864,#486,.T.);
#1081=EDGE_CURVE('',#862,#864,#487,.T.);
#1082=EDGE_CURVE('',#865,#861,#488,.T.);
#1083=EDGE_CURVE('',#865,#866,#489,.T.);
#1084=EDGE_CURVE('',#866,#863,#490,.T.);
#1085=EDGE_CURVE('',#867,#865,#491,.T.);
#1086=EDGE_CURVE('',#867,#868,#492,.T.);
#1087=EDGE_CURVE('',#868,#866,#493,.T.);
#1088=EDGE_CURVE('',#862,#867,#494,.T.);
#1089=EDGE_CURVE('',#864,#868,#495,.T.);
#1090=EDGE_CURVE('',#869,#870,#496,.T.);
#1091=EDGE_CURVE('',#869,#871,#497,.T.);
#1092=EDGE_CURVE('',#871,#872,#498,.T.);
#1093=EDGE_CURVE('',#870,#872,#499,.T.);
#1094=EDGE_CURVE('',#873,#869,#500,.T.);
#1095=EDGE_CURVE('',#873,#874,#501,.T.);
#1096=EDGE_CURVE('',#874,#871,#502,.T.);
#1097=EDGE_CURVE('',#875,#873,#503,.T.);
#1098=EDGE_CURVE('',#875,#876,#504,.T.);
#1099=EDGE_CURVE('',#876,#874,#505,.T.);
#1100=EDGE_CURVE('',#877,#875,#506,.T.);
#1101=EDGE_CURVE('',#877,#878,#507,.T.);
#1102=EDGE_CURVE('',#878,#876,#508,.T.);
#1103=EDGE_CURVE('',#879,#877,#509,.T.);
#1104=EDGE_CURVE('',#879,#880,#510,.T.);
#1105=EDGE_CURVE('',#880,#878,#511,.T.);
#1106=EDGE_CURVE('',#881,#879,#512,.T.);
#1107=EDGE_CURVE('',#881,#882,#513,.T.);
#1108=EDGE_CURVE('',#882,#880,#514,.T.);
#1109=EDGE_CURVE('',#883,#881,#515,.T.);
#1110=EDGE_CURVE('',#883,#884,#516,.T.);
#1111=EDGE_CURVE('',#884,#882,#517,.T.);
#1112=EDGE_CURVE('',#885,#883,#518,.T.);
#1113=EDGE_CURVE('',#885,#886,#519,.T.);
#1114=EDGE_CURVE('',#886,#884,#520,.T.);
#1115=EDGE_CURVE('',#887,#885,#521,.T.);
#1116=EDGE_CURVE('',#887,#888,#522,.T.);
#1117=EDGE_CURVE('',#888,#886,#523,.T.);
#1118=EDGE_CURVE('',#870,#887,#524,.T.);
#1119=EDGE_CURVE('',#872,#888,#525,.T.);
#1120=EDGE_CURVE('',#889,#890,#526,.T.);
#1121=EDGE_CURVE('',#890,#891,#527,.T.);
#1122=EDGE_CURVE('',#892,#891,#528,.T.);
#1123=EDGE_CURVE('',#889,#892,#529,.T.);
#1124=EDGE_CURVE('',#893,#893,#749,.T.);
#1125=EDGE_CURVE('',#894,#894,#750,.T.);
#1126=EDGE_CURVE('',#895,#896,#530,.T.);
#1127=EDGE_CURVE('',#896,#897,#531,.T.);
#1128=EDGE_CURVE('',#897,#898,#532,.T.);
#1129=EDGE_CURVE('',#898,#895,#533,.T.);
#1130=EDGE_CURVE('',#893,#899,#534,.T.);
#1131=EDGE_CURVE('',#899,#899,#751,.T.);
#1132=EDGE_CURVE('',#894,#900,#535,.T.);
#1133=EDGE_CURVE('',#900,#900,#752,.T.);
#1134=EDGE_CURVE('',#901,#902,#536,.T.);
#1135=EDGE_CURVE('',#898,#901,#537,.T.);
#1136=EDGE_CURVE('',#897,#902,#538,.T.);
#1137=EDGE_CURVE('',#902,#903,#539,.T.);
#1138=EDGE_CURVE('',#896,#903,#540,.T.);
#1139=EDGE_CURVE('',#903,#904,#541,.T.);
#1140=EDGE_CURVE('',#895,#904,#542,.T.);
#1141=EDGE_CURVE('',#904,#901,#543,.T.);
#1142=EDGE_CURVE('',#905,#905,#753,.T.);
#1143=EDGE_CURVE('',#905,#906,#544,.T.);
#1144=EDGE_CURVE('',#906,#906,#754,.T.);
#1145=EDGE_CURVE('',#907,#908,#545,.T.);
#1146=EDGE_CURVE('',#907,#909,#546,.T.);
#1147=EDGE_CURVE('',#910,#909,#547,.T.);
#1148=EDGE_CURVE('',#908,#910,#548,.T.);
#1149=EDGE_CURVE('',#911,#912,#549,.T.);
#1150=EDGE_CURVE('',#913,#911,#550,.T.);
#1151=EDGE_CURVE('',#914,#913,#551,.T.);
#1152=EDGE_CURVE('',#912,#914,#552,.T.);
#1153=EDGE_CURVE('',#912,#907,#553,.T.);
#1154=EDGE_CURVE('',#909,#914,#554,.T.);
#1155=EDGE_CURVE('',#915,#889,#555,.T.);
#1156=EDGE_CURVE('',#916,#892,#556,.T.);
#1157=EDGE_CURVE('',#915,#916,#557,.T.);
#1158=EDGE_CURVE('',#917,#910,#558,.T.);
#1159=EDGE_CURVE('',#918,#917,#559,.T.);
#1160=EDGE_CURVE('',#918,#915,#560,.T.);
#1161=EDGE_CURVE('',#913,#916,#561,.T.);
#1162=EDGE_CURVE('',#911,#908,#562,.T.);
#1163=EDGE_CURVE('',#890,#918,#563,.T.);
#1164=EDGE_CURVE('',#891,#917,#564,.T.);
#1165=ORIENTED_EDGE('',*,*,#919,.F.);
#1166=ORIENTED_EDGE('',*,*,#920,.T.);
#1167=ORIENTED_EDGE('',*,*,#921,.F.);
#1168=ORIENTED_EDGE('',*,*,#920,.F.);
#1169=ORIENTED_EDGE('',*,*,#922,.F.);
#1170=ORIENTED_EDGE('',*,*,#923,.T.);
#1171=ORIENTED_EDGE('',*,*,#924,.F.);
#1172=ORIENTED_EDGE('',*,*,#923,.F.);
#1173=ORIENTED_EDGE('',*,*,#925,.F.);
#1174=ORIENTED_EDGE('',*,*,#926,.T.);
#1175=ORIENTED_EDGE('',*,*,#927,.F.);
#1176=ORIENTED_EDGE('',*,*,#926,.F.);
#1177=ORIENTED_EDGE('',*,*,#928,.F.);
#1178=ORIENTED_EDGE('',*,*,#929,.T.);
#1179=ORIENTED_EDGE('',*,*,#930,.F.);
#1180=ORIENTED_EDGE('',*,*,#929,.F.);
#1181=ORIENTED_EDGE('',*,*,#931,.F.);
#1182=ORIENTED_EDGE('',*,*,#932,.T.);
#1183=ORIENTED_EDGE('',*,*,#933,.F.);
#1184=ORIENTED_EDGE('',*,*,#932,.F.);
#1185=ORIENTED_EDGE('',*,*,#934,.F.);
#1186=ORIENTED_EDGE('',*,*,#935,.T.);
#1187=ORIENTED_EDGE('',*,*,#936,.T.);
#1188=ORIENTED_EDGE('',*,*,#937,.F.);
#1189=ORIENTED_EDGE('',*,*,#938,.F.);
#1190=ORIENTED_EDGE('',*,*,#939,.T.);
#1191=ORIENTED_EDGE('',*,*,#940,.T.);
#1192=ORIENTED_EDGE('',*,*,#935,.F.);
#1193=ORIENTED_EDGE('',*,*,#941,.F.);
#1194=ORIENTED_EDGE('',*,*,#942,.T.);
#1195=ORIENTED_EDGE('',*,*,#943,.T.);
#1196=ORIENTED_EDGE('',*,*,#939,.F.);
#1197=ORIENTED_EDGE('',*,*,#944,.F.);
#1198=ORIENTED_EDGE('',*,*,#945,.T.);
#1199=ORIENTED_EDGE('',*,*,#946,.T.);
#1200=ORIENTED_EDGE('',*,*,#942,.F.);
#1201=ORIENTED_EDGE('',*,*,#947,.F.);
#1202=ORIENTED_EDGE('',*,*,#948,.T.);
#1203=ORIENTED_EDGE('',*,*,#949,.T.);
#1204=ORIENTED_EDGE('',*,*,#945,.F.);
#1205=ORIENTED_EDGE('',*,*,#950,.F.);
#1206=ORIENTED_EDGE('',*,*,#951,.T.);
#1207=ORIENTED_EDGE('',*,*,#952,.T.);
#1208=ORIENTED_EDGE('',*,*,#948,.F.);
#1209=ORIENTED_EDGE('',*,*,#953,.F.);
#1210=ORIENTED_EDGE('',*,*,#954,.T.);
#1211=ORIENTED_EDGE('',*,*,#955,.T.);
#1212=ORIENTED_EDGE('',*,*,#951,.F.);
#1213=ORIENTED_EDGE('',*,*,#956,.F.);
#1214=ORIENTED_EDGE('',*,*,#957,.T.);
#1215=ORIENTED_EDGE('',*,*,#958,.T.);
#1216=ORIENTED_EDGE('',*,*,#954,.F.);
#1217=ORIENTED_EDGE('',*,*,#959,.F.);
#1218=ORIENTED_EDGE('',*,*,#960,.T.);
#1219=ORIENTED_EDGE('',*,*,#961,.T.);
#1220=ORIENTED_EDGE('',*,*,#957,.F.);
#1221=ORIENTED_EDGE('',*,*,#962,.F.);
#1222=ORIENTED_EDGE('',*,*,#937,.T.);
#1223=ORIENTED_EDGE('',*,*,#963,.T.);
#1224=ORIENTED_EDGE('',*,*,#960,.F.);
#1225=ORIENTED_EDGE('',*,*,#963,.F.);
#1226=ORIENTED_EDGE('',*,*,#936,.F.);
#1227=ORIENTED_EDGE('',*,*,#940,.F.);
#1228=ORIENTED_EDGE('',*,*,#943,.F.);
#1229=ORIENTED_EDGE('',*,*,#946,.F.);
#1230=ORIENTED_EDGE('',*,*,#949,.F.);
#1231=ORIENTED_EDGE('',*,*,#952,.F.);
#1232=ORIENTED_EDGE('',*,*,#955,.F.);
#1233=ORIENTED_EDGE('',*,*,#958,.F.);
#1234=ORIENTED_EDGE('',*,*,#961,.F.);
#1235=ORIENTED_EDGE('',*,*,#964,.F.);
#1236=ORIENTED_EDGE('',*,*,#965,.T.);
#1237=ORIENTED_EDGE('',*,*,#966,.T.);
#1238=ORIENTED_EDGE('',*,*,#967,.F.);
#1239=ORIENTED_EDGE('',*,*,#968,.F.);
#1240=ORIENTED_EDGE('',*,*,#967,.T.);
#1241=ORIENTED_EDGE('',*,*,#969,.T.);
#1242=ORIENTED_EDGE('',*,*,#970,.F.);
#1243=ORIENTED_EDGE('',*,*,#971,.F.);
#1244=ORIENTED_EDGE('',*,*,#970,.T.);
#1245=ORIENTED_EDGE('',*,*,#972,.T.);
#1246=ORIENTED_EDGE('',*,*,#973,.F.);
#1247=ORIENTED_EDGE('',*,*,#974,.F.);
#1248=ORIENTED_EDGE('',*,*,#973,.T.);
#1249=ORIENTED_EDGE('',*,*,#975,.T.);
#1250=ORIENTED_EDGE('',*,*,#976,.F.);
#1251=ORIENTED_EDGE('',*,*,#977,.F.);
#1252=ORIENTED_EDGE('',*,*,#976,.T.);
#1253=ORIENTED_EDGE('',*,*,#978,.T.);
#1254=ORIENTED_EDGE('',*,*,#979,.F.);
#1255=ORIENTED_EDGE('',*,*,#980,.F.);
#1256=ORIENTED_EDGE('',*,*,#979,.T.);
#1257=ORIENTED_EDGE('',*,*,#981,.T.);
#1258=ORIENTED_EDGE('',*,*,#965,.F.);
#1259=ORIENTED_EDGE('',*,*,#982,.F.);
#1260=ORIENTED_EDGE('',*,*,#983,.T.);
#1261=ORIENTED_EDGE('',*,*,#984,.T.);
#1262=ORIENTED_EDGE('',*,*,#985,.F.);
#1263=ORIENTED_EDGE('',*,*,#986,.F.);
#1264=ORIENTED_EDGE('',*,*,#987,.T.);
#1265=ORIENTED_EDGE('',*,*,#988,.T.);
#1266=ORIENTED_EDGE('',*,*,#983,.F.);
#1267=ORIENTED_EDGE('',*,*,#989,.F.);
#1268=ORIENTED_EDGE('',*,*,#990,.T.);
#1269=ORIENTED_EDGE('',*,*,#991,.T.);
#1270=ORIENTED_EDGE('',*,*,#987,.F.);
#1271=ORIENTED_EDGE('',*,*,#992,.F.);
#1272=ORIENTED_EDGE('',*,*,#993,.T.);
#1273=ORIENTED_EDGE('',*,*,#994,.T.);
#1274=ORIENTED_EDGE('',*,*,#990,.F.);
#1275=ORIENTED_EDGE('',*,*,#995,.F.);
#1276=ORIENTED_EDGE('',*,*,#996,.T.);
#1277=ORIENTED_EDGE('',*,*,#997,.T.);
#1278=ORIENTED_EDGE('',*,*,#993,.F.);
#1279=ORIENTED_EDGE('',*,*,#998,.F.);
#1280=ORIENTED_EDGE('',*,*,#999,.T.);
#1281=ORIENTED_EDGE('',*,*,#1000,.T.);
#1282=ORIENTED_EDGE('',*,*,#996,.F.);
#1283=ORIENTED_EDGE('',*,*,#1001,.F.);
#1284=ORIENTED_EDGE('',*,*,#1002,.T.);
#1285=ORIENTED_EDGE('',*,*,#1003,.T.);
#1286=ORIENTED_EDGE('',*,*,#999,.F.);
#1287=ORIENTED_EDGE('',*,*,#1004,.F.);
#1288=ORIENTED_EDGE('',*,*,#985,.T.);
#1289=ORIENTED_EDGE('',*,*,#1005,.T.);
#1290=ORIENTED_EDGE('',*,*,#1002,.F.);
#1291=ORIENTED_EDGE('',*,*,#1005,.F.);
#1292=ORIENTED_EDGE('',*,*,#984,.F.);
#1293=ORIENTED_EDGE('',*,*,#988,.F.);
#1294=ORIENTED_EDGE('',*,*,#991,.F.);
#1295=ORIENTED_EDGE('',*,*,#994,.F.);
#1296=ORIENTED_EDGE('',*,*,#997,.F.);
#1297=ORIENTED_EDGE('',*,*,#1000,.F.);
#1298=ORIENTED_EDGE('',*,*,#1003,.F.);
#1299=ORIENTED_EDGE('',*,*,#966,.F.);
#1300=ORIENTED_EDGE('',*,*,#981,.F.);
#1301=ORIENTED_EDGE('',*,*,#978,.F.);
#1302=ORIENTED_EDGE('',*,*,#975,.F.);
#1303=ORIENTED_EDGE('',*,*,#972,.F.);
#1304=ORIENTED_EDGE('',*,*,#969,.F.);
#1305=ORIENTED_EDGE('',*,*,#1006,.F.);
#1306=ORIENTED_EDGE('',*,*,#1007,.T.);
#1307=ORIENTED_EDGE('',*,*,#1008,.T.);
#1308=ORIENTED_EDGE('',*,*,#1009,.F.);
#1309=ORIENTED_EDGE('',*,*,#1010,.F.);
#1310=ORIENTED_EDGE('',*,*,#1011,.T.);
#1311=ORIENTED_EDGE('',*,*,#1012,.T.);
#1312=ORIENTED_EDGE('',*,*,#1007,.F.);
#1313=ORIENTED_EDGE('',*,*,#1013,.F.);
#1314=ORIENTED_EDGE('',*,*,#1014,.T.);
#1315=ORIENTED_EDGE('',*,*,#1015,.T.);
#1316=ORIENTED_EDGE('',*,*,#1011,.F.);
#1317=ORIENTED_EDGE('',*,*,#1016,.F.);
#1318=ORIENTED_EDGE('',*,*,#1017,.T.);
#1319=ORIENTED_EDGE('',*,*,#1018,.T.);
#1320=ORIENTED_EDGE('',*,*,#1014,.F.);
#1321=ORIENTED_EDGE('',*,*,#1019,.F.);
#1322=ORIENTED_EDGE('',*,*,#1020,.T.);
#1323=ORIENTED_EDGE('',*,*,#1021,.T.);
#1324=ORIENTED_EDGE('',*,*,#1017,.F.);
#1325=ORIENTED_EDGE('',*,*,#1022,.F.);
#1326=ORIENTED_EDGE('',*,*,#1023,.T.);
#1327=ORIENTED_EDGE('',*,*,#1024,.T.);
#1328=ORIENTED_EDGE('',*,*,#1020,.F.);
#1329=ORIENTED_EDGE('',*,*,#1025,.F.);
#1330=ORIENTED_EDGE('',*,*,#1026,.T.);
#1331=ORIENTED_EDGE('',*,*,#1027,.T.);
#1332=ORIENTED_EDGE('',*,*,#1023,.F.);
#1333=ORIENTED_EDGE('',*,*,#1028,.F.);
#1334=ORIENTED_EDGE('',*,*,#1029,.T.);
#1335=ORIENTED_EDGE('',*,*,#1030,.T.);
#1336=ORIENTED_EDGE('',*,*,#1026,.F.);
#1337=ORIENTED_EDGE('',*,*,#1031,.F.);
#1338=ORIENTED_EDGE('',*,*,#1032,.T.);
#1339=ORIENTED_EDGE('',*,*,#1033,.T.);
#1340=ORIENTED_EDGE('',*,*,#1029,.F.);
#1341=ORIENTED_EDGE('',*,*,#1034,.F.);
#1342=ORIENTED_EDGE('',*,*,#1009,.T.);
#1343=ORIENTED_EDGE('',*,*,#1035,.T.);
#1344=ORIENTED_EDGE('',*,*,#1032,.F.);
#1345=ORIENTED_EDGE('',*,*,#1035,.F.);
#1346=ORIENTED_EDGE('',*,*,#1008,.F.);
#1347=ORIENTED_EDGE('',*,*,#1012,.F.);
#1348=ORIENTED_EDGE('',*,*,#1015,.F.);
#1349=ORIENTED_EDGE('',*,*,#1018,.F.);
#1350=ORIENTED_EDGE('',*,*,#1021,.F.);
#1351=ORIENTED_EDGE('',*,*,#1024,.F.);
#1352=ORIENTED_EDGE('',*,*,#1027,.F.);
#1353=ORIENTED_EDGE('',*,*,#1030,.F.);
#1354=ORIENTED_EDGE('',*,*,#1033,.F.);
#1355=ORIENTED_EDGE('',*,*,#1036,.F.);
#1356=ORIENTED_EDGE('',*,*,#1037,.T.);
#1357=ORIENTED_EDGE('',*,*,#1038,.T.);
#1358=ORIENTED_EDGE('',*,*,#1039,.F.);
#1359=ORIENTED_EDGE('',*,*,#1040,.F.);
#1360=ORIENTED_EDGE('',*,*,#1039,.T.);
#1361=ORIENTED_EDGE('',*,*,#1041,.T.);
#1362=ORIENTED_EDGE('',*,*,#1042,.F.);
#1363=ORIENTED_EDGE('',*,*,#1043,.F.);
#1364=ORIENTED_EDGE('',*,*,#1042,.T.);
#1365=ORIENTED_EDGE('',*,*,#1044,.T.);
#1366=ORIENTED_EDGE('',*,*,#1045,.F.);
#1367=ORIENTED_EDGE('',*,*,#1046,.F.);
#1368=ORIENTED_EDGE('',*,*,#1045,.T.);
#1369=ORIENTED_EDGE('',*,*,#1047,.T.);
#1370=ORIENTED_EDGE('',*,*,#1048,.F.);
#1371=ORIENTED_EDGE('',*,*,#1049,.F.);
#1372=ORIENTED_EDGE('',*,*,#1048,.T.);
#1373=ORIENTED_EDGE('',*,*,#1050,.T.);
#1374=ORIENTED_EDGE('',*,*,#1051,.F.);
#1375=ORIENTED_EDGE('',*,*,#1052,.F.);
#1376=ORIENTED_EDGE('',*,*,#1051,.T.);
#1377=ORIENTED_EDGE('',*,*,#1053,.T.);
#1378=ORIENTED_EDGE('',*,*,#1037,.F.);
#1379=ORIENTED_EDGE('',*,*,#1054,.F.);
#1380=ORIENTED_EDGE('',*,*,#1055,.T.);
#1381=ORIENTED_EDGE('',*,*,#1056,.T.);
#1382=ORIENTED_EDGE('',*,*,#1057,.F.);
#1383=ORIENTED_EDGE('',*,*,#1058,.F.);
#1384=ORIENTED_EDGE('',*,*,#1059,.T.);
#1385=ORIENTED_EDGE('',*,*,#1060,.T.);
#1386=ORIENTED_EDGE('',*,*,#1055,.F.);
#1387=ORIENTED_EDGE('',*,*,#1061,.F.);
#1388=ORIENTED_EDGE('',*,*,#1062,.T.);
#1389=ORIENTED_EDGE('',*,*,#1063,.T.);
#1390=ORIENTED_EDGE('',*,*,#1059,.F.);
#1391=ORIENTED_EDGE('',*,*,#1064,.F.);
#1392=ORIENTED_EDGE('',*,*,#1065,.T.);
#1393=ORIENTED_EDGE('',*,*,#1066,.T.);
#1394=ORIENTED_EDGE('',*,*,#1062,.F.);
#1395=ORIENTED_EDGE('',*,*,#1067,.F.);
#1396=ORIENTED_EDGE('',*,*,#1068,.T.);
#1397=ORIENTED_EDGE('',*,*,#1069,.T.);
#1398=ORIENTED_EDGE('',*,*,#1065,.F.);
#1399=ORIENTED_EDGE('',*,*,#1070,.F.);
#1400=ORIENTED_EDGE('',*,*,#1071,.T.);
#1401=ORIENTED_EDGE('',*,*,#1072,.T.);
#1402=ORIENTED_EDGE('',*,*,#1068,.F.);
#1403=ORIENTED_EDGE('',*,*,#1073,.F.);
#1404=ORIENTED_EDGE('',*,*,#1074,.T.);
#1405=ORIENTED_EDGE('',*,*,#1075,.T.);
#1406=ORIENTED_EDGE('',*,*,#1071,.F.);
#1407=ORIENTED_EDGE('',*,*,#1076,.F.);
#1408=ORIENTED_EDGE('',*,*,#1057,.T.);
#1409=ORIENTED_EDGE('',*,*,#1077,.T.);
#1410=ORIENTED_EDGE('',*,*,#1074,.F.);
#1411=ORIENTED_EDGE('',*,*,#1077,.F.);
#1412=ORIENTED_EDGE('',*,*,#1056,.F.);
#1413=ORIENTED_EDGE('',*,*,#1060,.F.);
#1414=ORIENTED_EDGE('',*,*,#1063,.F.);
#1415=ORIENTED_EDGE('',*,*,#1066,.F.);
#1416=ORIENTED_EDGE('',*,*,#1069,.F.);
#1417=ORIENTED_EDGE('',*,*,#1072,.F.);
#1418=ORIENTED_EDGE('',*,*,#1075,.F.);
#1419=ORIENTED_EDGE('',*,*,#1038,.F.);
#1420=ORIENTED_EDGE('',*,*,#1053,.F.);
#1421=ORIENTED_EDGE('',*,*,#1050,.F.);
#1422=ORIENTED_EDGE('',*,*,#1047,.F.);
#1423=ORIENTED_EDGE('',*,*,#1044,.F.);
#1424=ORIENTED_EDGE('',*,*,#1041,.F.);
#1425=ORIENTED_EDGE('',*,*,#1078,.F.);
#1426=ORIENTED_EDGE('',*,*,#1079,.T.);
#1427=ORIENTED_EDGE('',*,*,#1080,.T.);
#1428=ORIENTED_EDGE('',*,*,#1081,.F.);
#1429=ORIENTED_EDGE('',*,*,#1082,.F.);
#1430=ORIENTED_EDGE('',*,*,#1083,.T.);
#1431=ORIENTED_EDGE('',*,*,#1084,.T.);
#1432=ORIENTED_EDGE('',*,*,#1079,.F.);
#1433=ORIENTED_EDGE('',*,*,#1085,.F.);
#1434=ORIENTED_EDGE('',*,*,#1086,.T.);
#1435=ORIENTED_EDGE('',*,*,#1087,.T.);
#1436=ORIENTED_EDGE('',*,*,#1083,.F.);
#1437=ORIENTED_EDGE('',*,*,#1088,.F.);
#1438=ORIENTED_EDGE('',*,*,#1081,.T.);
#1439=ORIENTED_EDGE('',*,*,#1089,.T.);
#1440=ORIENTED_EDGE('',*,*,#1086,.F.);
#1441=ORIENTED_EDGE('',*,*,#1089,.F.);
#1442=ORIENTED_EDGE('',*,*,#1080,.F.);
#1443=ORIENTED_EDGE('',*,*,#1084,.F.);
#1444=ORIENTED_EDGE('',*,*,#1087,.F.);
#1445=ORIENTED_EDGE('',*,*,#1090,.F.);
#1446=ORIENTED_EDGE('',*,*,#1091,.T.);
#1447=ORIENTED_EDGE('',*,*,#1092,.T.);
#1448=ORIENTED_EDGE('',*,*,#1093,.F.);
#1449=ORIENTED_EDGE('',*,*,#1094,.F.);
#1450=ORIENTED_EDGE('',*,*,#1095,.T.);
#1451=ORIENTED_EDGE('',*,*,#1096,.T.);
#1452=ORIENTED_EDGE('',*,*,#1091,.F.);
#1453=ORIENTED_EDGE('',*,*,#1097,.F.);
#1454=ORIENTED_EDGE('',*,*,#1098,.T.);
#1455=ORIENTED_EDGE('',*,*,#1099,.T.);
#1456=ORIENTED_EDGE('',*,*,#1095,.F.);
#1457=ORIENTED_EDGE('',*,*,#1100,.F.);
#1458=ORIENTED_EDGE('',*,*,#1101,.T.);
#1459=ORIENTED_EDGE('',*,*,#1102,.T.);
#1460=ORIENTED_EDGE('',*,*,#1098,.F.);
#1461=ORIENTED_EDGE('',*,*,#1103,.F.);
#1462=ORIENTED_EDGE('',*,*,#1104,.T.);
#1463=ORIENTED_EDGE('',*,*,#1105,.T.);
#1464=ORIENTED_EDGE('',*,*,#1101,.F.);
#1465=ORIENTED_EDGE('',*,*,#1106,.F.);
#1466=ORIENTED_EDGE('',*,*,#1107,.T.);
#1467=ORIENTED_EDGE('',*,*,#1108,.T.);
#1468=ORIENTED_EDGE('',*,*,#1104,.F.);
#1469=ORIENTED_EDGE('',*,*,#1109,.F.);
#1470=ORIENTED_EDGE('',*,*,#1110,.T.);
#1471=ORIENTED_EDGE('',*,*,#1111,.T.);
#1472=ORIENTED_EDGE('',*,*,#1107,.F.);
#1473=ORIENTED_EDGE('',*,*,#1112,.F.);
#1474=ORIENTED_EDGE('',*,*,#1113,.T.);
#1475=ORIENTED_EDGE('',*,*,#1114,.T.);
#1476=ORIENTED_EDGE('',*,*,#1110,.F.);
#1477=ORIENTED_EDGE('',*,*,#1115,.F.);
#1478=ORIENTED_EDGE('',*,*,#1116,.T.);
#1479=ORIENTED_EDGE('',*,*,#1117,.T.);
#1480=ORIENTED_EDGE('',*,*,#1113,.F.);
#1481=ORIENTED_EDGE('',*,*,#1118,.F.);
#1482=ORIENTED_EDGE('',*,*,#1093,.T.);
#1483=ORIENTED_EDGE('',*,*,#1119,.T.);
#1484=ORIENTED_EDGE('',*,*,#1116,.F.);
#1485=ORIENTED_EDGE('',*,*,#1119,.F.);
#1486=ORIENTED_EDGE('',*,*,#1092,.F.);
#1487=ORIENTED_EDGE('',*,*,#1096,.F.);
#1488=ORIENTED_EDGE('',*,*,#1099,.F.);
#1489=ORIENTED_EDGE('',*,*,#1102,.F.);
#1490=ORIENTED_EDGE('',*,*,#1105,.F.);
#1491=ORIENTED_EDGE('',*,*,#1108,.F.);
#1492=ORIENTED_EDGE('',*,*,#1111,.F.);
#1493=ORIENTED_EDGE('',*,*,#1114,.F.);
#1494=ORIENTED_EDGE('',*,*,#1117,.F.);
#1495=ORIENTED_EDGE('',*,*,#1120,.T.);
#1496=ORIENTED_EDGE('',*,*,#1121,.T.);
#1497=ORIENTED_EDGE('',*,*,#1122,.F.);
#1498=ORIENTED_EDGE('',*,*,#1123,.F.);
#1499=ORIENTED_EDGE('',*,*,#934,.T.);
#1500=ORIENTED_EDGE('',*,*,#962,.T.);
#1501=ORIENTED_EDGE('',*,*,#959,.T.);
#1502=ORIENTED_EDGE('',*,*,#956,.T.);
#1503=ORIENTED_EDGE('',*,*,#953,.T.);
#1504=ORIENTED_EDGE('',*,*,#950,.T.);
#1505=ORIENTED_EDGE('',*,*,#947,.T.);
#1506=ORIENTED_EDGE('',*,*,#944,.T.);
#1507=ORIENTED_EDGE('',*,*,#941,.T.);
#1508=ORIENTED_EDGE('',*,*,#938,.T.);
#1509=ORIENTED_EDGE('',*,*,#982,.T.);
#1510=ORIENTED_EDGE('',*,*,#1004,.T.);
#1511=ORIENTED_EDGE('',*,*,#1001,.T.);
#1512=ORIENTED_EDGE('',*,*,#998,.T.);
#1513=ORIENTED_EDGE('',*,*,#995,.T.);
#1514=ORIENTED_EDGE('',*,*,#992,.T.);
#1515=ORIENTED_EDGE('',*,*,#989,.T.);
#1516=ORIENTED_EDGE('',*,*,#986,.T.);
#1517=ORIENTED_EDGE('',*,*,#1006,.T.);
#1518=ORIENTED_EDGE('',*,*,#1034,.T.);
#1519=ORIENTED_EDGE('',*,*,#1031,.T.);
#1520=ORIENTED_EDGE('',*,*,#1028,.T.);
#1521=ORIENTED_EDGE('',*,*,#1025,.T.);
#1522=ORIENTED_EDGE('',*,*,#1022,.T.);
#1523=ORIENTED_EDGE('',*,*,#1019,.T.);
#1524=ORIENTED_EDGE('',*,*,#1016,.T.);
#1525=ORIENTED_EDGE('',*,*,#1013,.T.);
#1526=ORIENTED_EDGE('',*,*,#1010,.T.);
#1527=ORIENTED_EDGE('',*,*,#1054,.T.);
#1528=ORIENTED_EDGE('',*,*,#1076,.T.);
#1529=ORIENTED_EDGE('',*,*,#1073,.T.);
#1530=ORIENTED_EDGE('',*,*,#1070,.T.);
#1531=ORIENTED_EDGE('',*,*,#1067,.T.);
#1532=ORIENTED_EDGE('',*,*,#1064,.T.);
#1533=ORIENTED_EDGE('',*,*,#1061,.T.);
#1534=ORIENTED_EDGE('',*,*,#1058,.T.);
#1535=ORIENTED_EDGE('',*,*,#1078,.T.);
#1536=ORIENTED_EDGE('',*,*,#1088,.T.);
#1537=ORIENTED_EDGE('',*,*,#1085,.T.);
#1538=ORIENTED_EDGE('',*,*,#1082,.T.);
#1539=ORIENTED_EDGE('',*,*,#1090,.T.);
#1540=ORIENTED_EDGE('',*,*,#1118,.T.);
#1541=ORIENTED_EDGE('',*,*,#1115,.T.);
#1542=ORIENTED_EDGE('',*,*,#1112,.T.);
#1543=ORIENTED_EDGE('',*,*,#1109,.T.);
#1544=ORIENTED_EDGE('',*,*,#1106,.T.);
#1545=ORIENTED_EDGE('',*,*,#1103,.T.);
#1546=ORIENTED_EDGE('',*,*,#1100,.T.);
#1547=ORIENTED_EDGE('',*,*,#1097,.T.);
#1548=ORIENTED_EDGE('',*,*,#1094,.T.);
#1549=ORIENTED_EDGE('',*,*,#1124,.T.);
#1550=ORIENTED_EDGE('',*,*,#1125,.T.);
#1551=ORIENTED_EDGE('',*,*,#1126,.T.);
#1552=ORIENTED_EDGE('',*,*,#1127,.T.);
#1553=ORIENTED_EDGE('',*,*,#1128,.T.);
#1554=ORIENTED_EDGE('',*,*,#1129,.T.);
#1555=ORIENTED_EDGE('',*,*,#1036,.T.);
#1556=ORIENTED_EDGE('',*,*,#1040,.T.);
#1557=ORIENTED_EDGE('',*,*,#1043,.T.);
#1558=ORIENTED_EDGE('',*,*,#1046,.T.);
#1559=ORIENTED_EDGE('',*,*,#1049,.T.);
#1560=ORIENTED_EDGE('',*,*,#1052,.T.);
#1561=ORIENTED_EDGE('',*,*,#1124,.F.);
#1562=ORIENTED_EDGE('',*,*,#1130,.T.);
#1563=ORIENTED_EDGE('',*,*,#1131,.F.);
#1564=ORIENTED_EDGE('',*,*,#1130,.F.);
#1565=ORIENTED_EDGE('',*,*,#1125,.F.);
#1566=ORIENTED_EDGE('',*,*,#1132,.T.);
#1567=ORIENTED_EDGE('',*,*,#1133,.F.);
#1568=ORIENTED_EDGE('',*,*,#1132,.F.);
#1569=ORIENTED_EDGE('',*,*,#1134,.F.);
#1570=ORIENTED_EDGE('',*,*,#1135,.F.);
#1571=ORIENTED_EDGE('',*,*,#1128,.F.);
#1572=ORIENTED_EDGE('',*,*,#1136,.T.);
#1573=ORIENTED_EDGE('',*,*,#1137,.F.);
#1574=ORIENTED_EDGE('',*,*,#1136,.F.);
#1575=ORIENTED_EDGE('',*,*,#1127,.F.);
#1576=ORIENTED_EDGE('',*,*,#1138,.T.);
#1577=ORIENTED_EDGE('',*,*,#1139,.F.);
#1578=ORIENTED_EDGE('',*,*,#1138,.F.);
#1579=ORIENTED_EDGE('',*,*,#1126,.F.);
#1580=ORIENTED_EDGE('',*,*,#1140,.T.);
#1581=ORIENTED_EDGE('',*,*,#1141,.F.);
#1582=ORIENTED_EDGE('',*,*,#1140,.F.);
#1583=ORIENTED_EDGE('',*,*,#1129,.F.);
#1584=ORIENTED_EDGE('',*,*,#1135,.T.);
#1585=ORIENTED_EDGE('',*,*,#1142,.F.);
#1586=ORIENTED_EDGE('',*,*,#1143,.T.);
#1587=ORIENTED_EDGE('',*,*,#1144,.F.);
#1588=ORIENTED_EDGE('',*,*,#1143,.F.);
#1589=ORIENTED_EDGE('',*,*,#1145,.F.);
#1590=ORIENTED_EDGE('',*,*,#1146,.T.);
#1591=ORIENTED_EDGE('',*,*,#1147,.F.);
#1592=ORIENTED_EDGE('',*,*,#1148,.F.);
#1593=ORIENTED_EDGE('',*,*,#921,.T.);
#1594=ORIENTED_EDGE('',*,*,#1149,.F.);
#1595=ORIENTED_EDGE('',*,*,#1150,.F.);
#1596=ORIENTED_EDGE('',*,*,#1151,.F.);
#1597=ORIENTED_EDGE('',*,*,#1152,.F.);
#1598=ORIENTED_EDGE('',*,*,#1144,.T.);
#1599=ORIENTED_EDGE('',*,*,#1153,.F.);
#1600=ORIENTED_EDGE('',*,*,#1152,.T.);
#1601=ORIENTED_EDGE('',*,*,#1154,.F.);
#1602=ORIENTED_EDGE('',*,*,#1146,.F.);
#1603=ORIENTED_EDGE('',*,*,#1131,.T.);
#1604=ORIENTED_EDGE('',*,*,#1133,.T.);
#1605=ORIENTED_EDGE('',*,*,#1139,.T.);
#1606=ORIENTED_EDGE('',*,*,#1141,.T.);
#1607=ORIENTED_EDGE('',*,*,#1134,.T.);
#1608=ORIENTED_EDGE('',*,*,#1137,.T.);
#1609=ORIENTED_EDGE('',*,*,#964,.T.);
#1610=ORIENTED_EDGE('',*,*,#968,.T.);
#1611=ORIENTED_EDGE('',*,*,#971,.T.);
#1612=ORIENTED_EDGE('',*,*,#974,.T.);
#1613=ORIENTED_EDGE('',*,*,#977,.T.);
#1614=ORIENTED_EDGE('',*,*,#980,.T.);
#1615=ORIENTED_EDGE('',*,*,#1155,.T.);
#1616=ORIENTED_EDGE('',*,*,#1123,.T.);
#1617=ORIENTED_EDGE('',*,*,#1156,.F.);
#1618=ORIENTED_EDGE('',*,*,#1157,.F.);
#1619=ORIENTED_EDGE('',*,*,#1142,.T.);
#1620=ORIENTED_EDGE('',*,*,#1148,.T.);
#1621=ORIENTED_EDGE('',*,*,#1158,.F.);
#1622=ORIENTED_EDGE('',*,*,#1159,.F.);
#1623=ORIENTED_EDGE('',*,*,#1160,.T.);
#1624=ORIENTED_EDGE('',*,*,#1157,.T.);
#1625=ORIENTED_EDGE('',*,*,#1161,.F.);
#1626=ORIENTED_EDGE('',*,*,#1150,.T.);
#1627=ORIENTED_EDGE('',*,*,#1162,.T.);
#1628=ORIENTED_EDGE('',*,*,#1163,.T.);
#1629=ORIENTED_EDGE('',*,*,#1159,.T.);
#1630=ORIENTED_EDGE('',*,*,#1164,.F.);
#1631=ORIENTED_EDGE('',*,*,#1121,.F.);
#1632=ORIENTED_EDGE('',*,*,#919,.T.);
#1633=ORIENTED_EDGE('',*,*,#1147,.T.);
#1634=ORIENTED_EDGE('',*,*,#1154,.T.);
#1635=ORIENTED_EDGE('',*,*,#1151,.T.);
#1636=ORIENTED_EDGE('',*,*,#1161,.T.);
#1637=ORIENTED_EDGE('',*,*,#1156,.T.);
#1638=ORIENTED_EDGE('',*,*,#1122,.T.);
#1639=ORIENTED_EDGE('',*,*,#1164,.T.);
#1640=ORIENTED_EDGE('',*,*,#1158,.T.);
#1641=ORIENTED_EDGE('',*,*,#1149,.T.);
#1642=ORIENTED_EDGE('',*,*,#1153,.T.);
#1643=ORIENTED_EDGE('',*,*,#1145,.T.);
#1644=ORIENTED_EDGE('',*,*,#1162,.F.);
#1645=ORIENTED_EDGE('',*,*,#922,.T.);
#1646=ORIENTED_EDGE('',*,*,#925,.T.);
#1647=ORIENTED_EDGE('',*,*,#928,.T.);
#1648=ORIENTED_EDGE('',*,*,#931,.T.);
#1649=ORIENTED_EDGE('',*,*,#1163,.F.);
#1650=ORIENTED_EDGE('',*,*,#1120,.F.);
#1651=ORIENTED_EDGE('',*,*,#1155,.F.);
#1652=ORIENTED_EDGE('',*,*,#1160,.F.);
#1653=ORIENTED_EDGE('',*,*,#924,.T.);
#1654=ORIENTED_EDGE('',*,*,#927,.T.);
#1655=ORIENTED_EDGE('',*,*,#930,.T.);
#1656=ORIENTED_EDGE('',*,*,#933,.T.);
#1657=CYLINDRICAL_SURFACE('',#1780,13.6);
#1658=CYLINDRICAL_SURFACE('',#1783,2.);
#1659=CYLINDRICAL_SURFACE('',#1786,2.);
#1660=CYLINDRICAL_SURFACE('',#1789,2.);
#1661=CYLINDRICAL_SURFACE('',#1792,2.);
#1662=CYLINDRICAL_SURFACE('',#1839,9.);
#1663=CYLINDRICAL_SURFACE('',#1841,9.);
#1664=CYLINDRICAL_SURFACE('',#1847,3.00000000000001);
#1665=ADVANCED_FACE('',(#181),#1657,.F.);
#1666=ADVANCED_FACE('',(#182),#1658,.F.);
#1667=ADVANCED_FACE('',(#183),#1659,.F.);
#1668=ADVANCED_FACE('',(#184),#1660,.F.);
#1669=ADVANCED_FACE('',(#185),#1661,.F.);
#1670=ADVANCED_FACE('',(#186),#125,.F.);
#1671=ADVANCED_FACE('',(#187),#126,.F.);
#1672=ADVANCED_FACE('',(#188),#127,.F.);
#1673=ADVANCED_FACE('',(#189),#128,.F.);
#1674=ADVANCED_FACE('',(#190),#129,.F.);
#1675=ADVANCED_FACE('',(#191),#130,.F.);
#1676=ADVANCED_FACE('',(#192),#131,.F.);
#1677=ADVANCED_FACE('',(#193),#132,.F.);
#1678=ADVANCED_FACE('',(#194),#133,.F.);
#1679=ADVANCED_FACE('',(#195),#134,.F.);
#1680=ADVANCED_FACE('',(#196),#135,.F.);
#1681=ADVANCED_FACE('',(#197),#97,.T.);
#1682=ADVANCED_FACE('',(#198),#98,.T.);
#1683=ADVANCED_FACE('',(#199),#99,.T.);
#1684=ADVANCED_FACE('',(#200),#100,.T.);
#1685=ADVANCED_FACE('',(#201),#101,.T.);
#1686=ADVANCED_FACE('',(#202),#102,.T.);
#1687=ADVANCED_FACE('',(#203),#103,.F.);
#1688=ADVANCED_FACE('',(#204),#104,.F.);
#1689=ADVANCED_FACE('',(#205),#105,.F.);
#1690=ADVANCED_FACE('',(#206),#106,.F.);
#1691=ADVANCED_FACE('',(#207),#107,.F.);
#1692=ADVANCED_FACE('',(#208),#108,.F.);
#1693=ADVANCED_FACE('',(#209),#109,.F.);
#1694=ADVANCED_FACE('',(#210),#110,.F.);
#1695=ADVANCED_FACE('',(#211,#15),#136,.T.);
#1696=ADVANCED_FACE('',(#212),#137,.F.);
#1697=ADVANCED_FACE('',(#213),#138,.F.);
#1698=ADVANCED_FACE('',(#214),#139,.F.);
#1699=ADVANCED_FACE('',(#215),#140,.F.);
#1700=ADVANCED_FACE('',(#216),#141,.F.);
#1701=ADVANCED_FACE('',(#217),#142,.F.);
#1702=ADVANCED_FACE('',(#218),#143,.F.);
#1703=ADVANCED_FACE('',(#219),#144,.F.);
#1704=ADVANCED_FACE('',(#220),#145,.F.);
#1705=ADVANCED_FACE('',(#221),#146,.F.);
#1706=ADVANCED_FACE('',(#222),#147,.F.);
#1707=ADVANCED_FACE('',(#223),#111,.T.);
#1708=ADVANCED_FACE('',(#224),#112,.T.);
#1709=ADVANCED_FACE('',(#225),#113,.T.);
#1710=ADVANCED_FACE('',(#226),#114,.T.);
#1711=ADVANCED_FACE('',(#227),#115,.T.);
#1712=ADVANCED_FACE('',(#228),#116,.T.);
#1713=ADVANCED_FACE('',(#229),#117,.F.);
#1714=ADVANCED_FACE('',(#230),#118,.F.);
#1715=ADVANCED_FACE('',(#231),#119,.F.);
#1716=ADVANCED_FACE('',(#232),#120,.F.);
#1717=ADVANCED_FACE('',(#233),#121,.F.);
#1718=ADVANCED_FACE('',(#234),#122,.F.);
#1719=ADVANCED_FACE('',(#235),#123,.F.);
#1720=ADVANCED_FACE('',(#236),#124,.F.);
#1721=ADVANCED_FACE('',(#237,#16),#148,.T.);
#1722=ADVANCED_FACE('',(#238),#149,.F.);
#1723=ADVANCED_FACE('',(#239),#150,.F.);
#1724=ADVANCED_FACE('',(#240),#151,.F.);
#1725=ADVANCED_FACE('',(#241),#152,.F.);
#1726=ADVANCED_FACE('',(#242),#153,.F.);
#1727=ADVANCED_FACE('',(#243),#154,.F.);
#1728=ADVANCED_FACE('',(#244),#155,.F.);
#1729=ADVANCED_FACE('',(#245),#156,.F.);
#1730=ADVANCED_FACE('',(#246),#157,.F.);
#1731=ADVANCED_FACE('',(#247),#158,.F.);
#1732=ADVANCED_FACE('',(#248),#159,.F.);
#1733=ADVANCED_FACE('',(#249),#160,.F.);
#1734=ADVANCED_FACE('',(#250),#161,.F.);
#1735=ADVANCED_FACE('',(#251),#162,.F.);
#1736=ADVANCED_FACE('',(#252),#163,.F.);
#1737=ADVANCED_FACE('',(#253),#164,.F.);
#1738=ADVANCED_FACE('',(#254,#17,#18,#19,#20,#21,#22,#23,#24,#25),#165,
 .T.);
#1739=ADVANCED_FACE('',(#255),#166,.T.);
#1740=ADVANCED_FACE('',(#256),#1662,.F.);
#1741=ADVANCED_FACE('',(#257),#1663,.F.);
#1742=ADVANCED_FACE('',(#258),#167,.F.);
#1743=ADVANCED_FACE('',(#259),#168,.F.);
#1744=ADVANCED_FACE('',(#260),#169,.F.);
#1745=ADVANCED_FACE('',(#261),#170,.F.);
#1746=ADVANCED_FACE('',(#262),#1664,.F.);
#1747=ADVANCED_FACE('',(#263,#26),#171,.T.);
#1748=ADVANCED_FACE('',(#264,#27),#172,.T.);
#1749=ADVANCED_FACE('',(#265,#28,#29,#30),#173,.T.);
#1750=ADVANCED_FACE('',(#266),#174,.T.);
#1751=ADVANCED_FACE('',(#267,#31),#175,.T.);
#1752=ADVANCED_FACE('',(#268),#176,.T.);
#1753=ADVANCED_FACE('',(#269,#32),#177,.T.);
#1754=ADVANCED_FACE('',(#270),#178,.T.);
#1755=ADVANCED_FACE('',(#271,#33,#34,#35,#36),#179,.T.);
#1756=ADVANCED_FACE('',(#272,#37,#38,#39,#40),#180,.F.);
#1757=CLOSED_SHELL('',(#1665,#1666,#1667,#1668,#1669,#1670,#1671,#1672,
#1673,#1674,#1675,#1676,#1677,#1678,#1679,#1680,#1681,#1682,#1683,#1684,
#1685,#1686,#1687,#1688,#1689,#1690,#1691,#1692,#1693,#1694,#1695,#1696,
#1697,#1698,#1699,#1700,#1701,#1702,#1703,#1704,#1705,#1706,#1707,#1708,
#1709,#1710,#1711,#1712,#1713,#1714,#1715,#1716,#1717,#1718,#1719,#1720,
#1721,#1722,#1723,#1724,#1725,#1726,#1727,#1728,#1729,#1730,#1731,#1732,
#1733,#1734,#1735,#1736,#1737,#1738,#1739,#1740,#1741,#1742,#1743,#1744,
#1745,#1746,#1747,#1748,#1749,#1750,#1751,#1752,#1753,#1754,#1755,#1756));
#1758=DERIVED_UNIT_ELEMENT(#1761,1.);
#1759=DERIVED_UNIT_ELEMENT(#3068,-3.);
#1760=DIMENSIONAL_EXPONENTS(0.,1.,0.,0.,0.,0.,0.);
#1761=(
CONVERSION_BASED_UNIT('gram',#1763)
MASS_UNIT()
NAMED_UNIT(#1760)
);
#1762=(
MASS_UNIT()
NAMED_UNIT(*)
SI_UNIT(.KILO.,.GRAM.)
);
#1763=MASS_MEASURE_WITH_UNIT(MASS_MEASURE(0.001),#1762);
#1764=DERIVED_UNIT((#1758,#1759));
#1765=MEASURE_REPRESENTATION_ITEM('density measure',
POSITIVE_RATIO_MEASURE(1.),#1764);
#1766=PROPERTY_DEFINITION_REPRESENTATION(#1771,#1768);
#1767=PROPERTY_DEFINITION_REPRESENTATION(#1772,#1769);
#1768=REPRESENTATION('material name',(#1770),#3065);
#1769=REPRESENTATION('density',(#1765),#3065);
#1770=DESCRIPTIVE_REPRESENTATION_ITEM('Gen\X\E9rico','Gen\X\E9rico');
#1771=PROPERTY_DEFINITION('material property','material name',#3075);
#1772=PROPERTY_DEFINITION('material property','density of part',#3075);
#1773=DATE_TIME_ROLE('creation_date');
#1774=APPLIED_DATE_AND_TIME_ASSIGNMENT(#1775,#1773,(#3075));
#1775=DATE_AND_TIME(#1776,#1777);
#1776=CALENDAR_DATE(2025,23,9);
#1777=LOCAL_TIME(0,0,0.,#1778);
#1778=COORDINATED_UNIVERSAL_TIME_OFFSET(0,0,.BEHIND.);
#1779=AXIS2_PLACEMENT_3D('',#2196,#1860,#1861);
#1780=AXIS2_PLACEMENT_3D('',#2197,#1862,#1863);
#1781=AXIS2_PLACEMENT_3D('',#2199,#1864,#1865);
#1782=AXIS2_PLACEMENT_3D('',#2202,#1867,#1868);
#1783=AXIS2_PLACEMENT_3D('',#2203,#1869,#1870);
#1784=AXIS2_PLACEMENT_3D('',#2205,#1871,#1872);
#1785=AXIS2_PLACEMENT_3D('',#2208,#1874,#1875);
#1786=AXIS2_PLACEMENT_3D('',#2209,#1876,#1877);
#1787=AXIS2_PLACEMENT_3D('',#2211,#1878,#1879);
#1788=AXIS2_PLACEMENT_3D('',#2214,#1881,#1882);
#1789=AXIS2_PLACEMENT_3D('',#2215,#1883,#1884);
#1790=AXIS2_PLACEMENT_3D('',#2217,#1885,#1886);
#1791=AXIS2_PLACEMENT_3D('',#2220,#1888,#1889);
#1792=AXIS2_PLACEMENT_3D('',#2221,#1890,#1891);
#1793=AXIS2_PLACEMENT_3D('',#2223,#1892,#1893);
#1794=AXIS2_PLACEMENT_3D('',#2226,#1895,#1896);
#1795=AXIS2_PLACEMENT_3D('',#2227,#1897,#1898);
#1796=AXIS2_PLACEMENT_3D('',#2236,#1903,#1904);
#1797=AXIS2_PLACEMENT_3D('',#2242,#1908,#1909);
#1798=AXIS2_PLACEMENT_3D('',#2248,#1913,#1914);
#1799=AXIS2_PLACEMENT_3D('',#2254,#1918,#1919);
#1800=AXIS2_PLACEMENT_3D('',#2260,#1923,#1924);
#1801=AXIS2_PLACEMENT_3D('',#2266,#1928,#1929);
#1802=AXIS2_PLACEMENT_3D('',#2272,#1933,#1934);
#1803=AXIS2_PLACEMENT_3D('',#2278,#1938,#1939);
#1804=AXIS2_PLACEMENT_3D('',#2284,#1943,#1944);
#1805=AXIS2_PLACEMENT_3D('',#2287,#1947,#1948);
#1806=AXIS2_PLACEMENT_3D('',#2554,#1963,#1964);
#1807=AXIS2_PLACEMENT_3D('',#2555,#1965,#1966);
#1808=AXIS2_PLACEMENT_3D('',#2564,#1971,#1972);
#1809=AXIS2_PLACEMENT_3D('',#2570,#1976,#1977);
#1810=AXIS2_PLACEMENT_3D('',#2576,#1981,#1982);
#1811=AXIS2_PLACEMENT_3D('',#2582,#1986,#1987);
#1812=AXIS2_PLACEMENT_3D('',#2588,#1991,#1992);
#1813=AXIS2_PLACEMENT_3D('',#2594,#1996,#1997);
#1814=AXIS2_PLACEMENT_3D('',#2600,#2001,#2002);
#1815=AXIS2_PLACEMENT_3D('',#2606,#2006,#2007);
#1816=AXIS2_PLACEMENT_3D('',#2612,#2011,#2012);
#1817=AXIS2_PLACEMENT_3D('',#2615,#2015,#2016);
#1818=AXIS2_PLACEMENT_3D('',#2882,#2031,#2032);
#1819=AXIS2_PLACEMENT_3D('',#2883,#2033,#2034);
#1820=AXIS2_PLACEMENT_3D('',#2892,#2039,#2040);
#1821=AXIS2_PLACEMENT_3D('',#2898,#2044,#2045);
#1822=AXIS2_PLACEMENT_3D('',#2904,#2049,#2050);
#1823=AXIS2_PLACEMENT_3D('',#2907,#2053,#2054);
#1824=AXIS2_PLACEMENT_3D('',#2908,#2055,#2056);
#1825=AXIS2_PLACEMENT_3D('',#2917,#2061,#2062);
#1826=AXIS2_PLACEMENT_3D('',#2923,#2066,#2067);
#1827=AXIS2_PLACEMENT_3D('',#2929,#2071,#2072);
#1828=AXIS2_PLACEMENT_3D('',#2935,#2076,#2077);
#1829=AXIS2_PLACEMENT_3D('',#2941,#2081,#2082);
#1830=AXIS2_PLACEMENT_3D('',#2947,#2086,#2087);
#1831=AXIS2_PLACEMENT_3D('',#2953,#2091,#2092);
#1832=AXIS2_PLACEMENT_3D('',#2959,#2096,#2097);
#1833=AXIS2_PLACEMENT_3D('',#2965,#2101,#2102);
#1834=AXIS2_PLACEMENT_3D('',#2968,#2105,#2106);
#1835=AXIS2_PLACEMENT_3D('',#2969,#2107,#2108);
#1836=AXIS2_PLACEMENT_3D('',#2979,#2113,#2114);
#1837=AXIS2_PLACEMENT_3D('',#2981,#2115,#2116);
#1838=AXIS2_PLACEMENT_3D('',#2990,#2121,#2122);
#1839=AXIS2_PLACEMENT_3D('',#2991,#2123,#2124);
#1840=AXIS2_PLACEMENT_3D('',#2994,#2126,#2127);
#1841=AXIS2_PLACEMENT_3D('',#2995,#2128,#2129);
#1842=AXIS2_PLACEMENT_3D('',#2998,#2131,#2132);
#1843=AXIS2_PLACEMENT_3D('',#2999,#2133,#2134);
#1844=AXIS2_PLACEMENT_3D('',#3005,#2138,#2139);
#1845=AXIS2_PLACEMENT_3D('',#3009,#2142,#2143);
#1846=AXIS2_PLACEMENT_3D('',#3013,#2146,#2147);
#1847=AXIS2_PLACEMENT_3D('',#3015,#2149,#2150);
#1848=AXIS2_PLACEMENT_3D('',#3017,#2151,#2152);
#1849=AXIS2_PLACEMENT_3D('',#3020,#2154,#2155);
#1850=AXIS2_PLACEMENT_3D('',#3021,#2156,#2157);
#1851=AXIS2_PLACEMENT_3D('',#3030,#2162,#2163);
#1852=AXIS2_PLACEMENT_3D('',#3039,#2168,#2169);
#1853=AXIS2_PLACEMENT_3D('',#3042,#2172,#2173);
#1854=AXIS2_PLACEMENT_3D('',#3043,#2174,#2175);
#1855=AXIS2_PLACEMENT_3D('',#3049,#2179,#2180);
#1856=AXIS2_PLACEMENT_3D('',#3057,#2186,#2187);
#1857=AXIS2_PLACEMENT_3D('',#3060,#2190,#2191);
#1858=AXIS2_PLACEMENT_3D('',#3061,#2192,#2193);
#1859=AXIS2_PLACEMENT_3D('',#3062,#2194,#2195);
#1860=DIRECTION('axis',(0.,0.,1.));
#1861=DIRECTION('refdir',(1.,0.,0.));
#1862=DIRECTION('center_axis',(-1.,0.,0.));
#1863=DIRECTION('ref_axis',(0.,0.,-1.));
#1864=DIRECTION('center_axis',(-1.,0.,0.));
#1865=DIRECTION('ref_axis',(0.,0.,-1.));
#1866=DIRECTION('',(-1.,0.,0.));
#1867=DIRECTION('center_axis',(1.,0.,0.));
#1868=DIRECTION('ref_axis',(0.,0.,-1.));
#1869=DIRECTION('center_axis',(0.,-1.,0.));
#1870=DIRECTION('ref_axis',(1.,0.,0.));
#1871=DIRECTION('center_axis',(0.,-1.,0.));
#1872=DIRECTION('ref_axis',(1.,0.,0.));
#1873=DIRECTION('',(0.,-1.,0.));
#1874=DIRECTION('center_axis',(0.,1.,0.));
#1875=DIRECTION('ref_axis',(1.,0.,0.));
#1876=DIRECTION('center_axis',(0.,-1.,0.));
#1877=DIRECTION('ref_axis',(1.,0.,0.));
#1878=DIRECTION('center_axis',(0.,-1.,0.));
#1879=DIRECTION('ref_axis',(1.,0.,0.));
#1880=DIRECTION('',(0.,-1.,0.));
#1881=DIRECTION('center_axis',(0.,1.,0.));
#1882=DIRECTION('ref_axis',(1.,0.,0.));
#1883=DIRECTION('center_axis',(0.,-1.,0.));
#1884=DIRECTION('ref_axis',(1.,0.,0.));
#1885=DIRECTION('center_axis',(0.,-1.,0.));
#1886=DIRECTION('ref_axis',(1.,0.,0.));
#1887=DIRECTION('',(0.,-1.,0.));
#1888=DIRECTION('center_axis',(0.,1.,0.));
#1889=DIRECTION('ref_axis',(1.,0.,0.));
#1890=DIRECTION('center_axis',(0.,-1.,0.));
#1891=DIRECTION('ref_axis',(1.,0.,0.));
#1892=DIRECTION('center_axis',(0.,-1.,0.));
#1893=DIRECTION('ref_axis',(1.,0.,0.));
#1894=DIRECTION('',(0.,-1.,0.));
#1895=DIRECTION('center_axis',(0.,1.,0.));
#1896=DIRECTION('ref_axis',(1.,0.,0.));
#1897=DIRECTION('center_axis',(1.,0.,0.));
#1898=DIRECTION('ref_axis',(0.,-1.,0.));
#1899=DIRECTION('',(0.,-1.,0.));
#1900=DIRECTION('',(0.,0.,-1.));
#1901=DIRECTION('',(0.,-1.,0.));
#1902=DIRECTION('',(0.,0.,-1.));
#1903=DIRECTION('center_axis',(0.,1.,0.));
#1904=DIRECTION('ref_axis',(1.,0.,0.));
#1905=DIRECTION('',(1.,0.,0.));
#1906=DIRECTION('',(0.,0.,-1.));
#1907=DIRECTION('',(1.,0.,0.));
#1908=DIRECTION('center_axis',(-1.,0.,0.));
#1909=DIRECTION('ref_axis',(0.,1.,0.));
#1910=DIRECTION('',(0.,1.,0.));
#1911=DIRECTION('',(0.,0.,-1.));
#1912=DIRECTION('',(0.,1.,0.));
#1913=DIRECTION('center_axis',(0.,-1.,0.));
#1914=DIRECTION('ref_axis',(-1.,0.,0.));
#1915=DIRECTION('',(-1.,0.,0.));
#1916=DIRECTION('',(0.,0.,-1.));
#1917=DIRECTION('',(-1.,0.,0.));
#1918=DIRECTION('center_axis',(1.,0.,0.));
#1919=DIRECTION('ref_axis',(0.,-1.,0.));
#1920=DIRECTION('',(0.,-1.,0.));
#1921=DIRECTION('',(0.,0.,-1.));
#1922=DIRECTION('',(0.,-1.,0.));
#1923=DIRECTION('center_axis',(0.,-1.,0.));
#1924=DIRECTION('ref_axis',(-1.,0.,0.));
#1925=DIRECTION('',(-1.,0.,0.));
#1926=DIRECTION('',(0.,0.,-1.));
#1927=DIRECTION('',(-1.,0.,0.));
#1928=DIRECTION('center_axis',(1.,0.,0.));
#1929=DIRECTION('ref_axis',(0.,-1.,0.));
#1930=DIRECTION('',(0.,-1.,0.));
#1931=DIRECTION('',(0.,0.,-1.));
#1932=DIRECTION('',(0.,-1.,0.));
#1933=DIRECTION('center_axis',(0.,1.,0.));
#1934=DIRECTION('ref_axis',(1.,0.,0.));
#1935=DIRECTION('',(1.,0.,0.));
#1936=DIRECTION('',(0.,0.,-1.));
#1937=DIRECTION('',(1.,0.,0.));
#1938=DIRECTION('center_axis',(1.,0.,0.));
#1939=DIRECTION('ref_axis',(0.,-1.,0.));
#1940=DIRECTION('',(0.,-1.,0.));
#1941=DIRECTION('',(0.,0.,-1.));
#1942=DIRECTION('',(0.,-1.,0.));
#1943=DIRECTION('center_axis',(0.,-1.,0.));
#1944=DIRECTION('ref_axis',(-1.,0.,0.));
#1945=DIRECTION('',(-1.,0.,0.));
#1946=DIRECTION('',(-1.,0.,0.));
#1947=DIRECTION('center_axis',(0.,0.,-1.));
#1948=DIRECTION('ref_axis',(-1.,0.,0.));
#1949=DIRECTION('',(0.,0.,-1.));
#1950=DIRECTION('',(0.,0.,-1.));
#1951=DIRECTION('',(0.,0.,-1.));
#1952=DIRECTION('',(0.,0.,-1.));
#1953=DIRECTION('',(0.,0.,-1.));
#1954=DIRECTION('',(0.,0.,-1.));
#1955=DIRECTION('',(0.,0.,-1.));
#1956=DIRECTION('',(0.,0.,-1.));
#1957=DIRECTION('',(0.,0.,-1.));
#1958=DIRECTION('',(0.,0.,-1.));
#1959=DIRECTION('',(0.,0.,-1.));
#1960=DIRECTION('',(0.,0.,-1.));
#1961=DIRECTION('',(0.,0.,-1.));
#1962=DIRECTION('',(0.,0.,-1.));
#1963=DIRECTION('center_axis',(0.,0.,1.));
#1964=DIRECTION('ref_axis',(1.,0.,0.));
#1965=DIRECTION('center_axis',(1.,0.,0.));
#1966=DIRECTION('ref_axis',(0.,-1.,0.));
#1967=DIRECTION('',(0.,-1.,0.));
#1968=DIRECTION('',(0.,0.,-1.));
#1969=DIRECTION('',(0.,-1.,0.));
#1970=DIRECTION('',(0.,0.,-1.));
#1971=DIRECTION('center_axis',(0.,1.,0.));
#1972=DIRECTION('ref_axis',(1.,0.,0.));
#1973=DIRECTION('',(1.,0.,0.));
#1974=DIRECTION('',(0.,0.,-1.));
#1975=DIRECTION('',(1.,0.,0.));
#1976=DIRECTION('center_axis',(-1.,0.,0.));
#1977=DIRECTION('ref_axis',(0.,1.,0.));
#1978=DIRECTION('',(0.,1.,0.));
#1979=DIRECTION('',(0.,0.,-1.));
#1980=DIRECTION('',(0.,1.,0.));
#1981=DIRECTION('center_axis',(0.891303903450307,0.453406386913821,0.));
#1982=DIRECTION('ref_axis',(0.453406386913821,-0.891303903450307,0.));
#1983=DIRECTION('',(0.453406386913821,-0.891303903450307,0.));
#1984=DIRECTION('',(0.,0.,-1.));
#1985=DIRECTION('',(0.453406386913821,-0.891303903450307,0.));
#1986=DIRECTION('center_axis',(0.,1.,0.));
#1987=DIRECTION('ref_axis',(1.,0.,0.));
#1988=DIRECTION('',(1.,0.,0.));
#1989=DIRECTION('',(0.,0.,-1.));
#1990=DIRECTION('',(1.,0.,0.));
#1991=DIRECTION('center_axis',(-1.,0.,0.));
#1992=DIRECTION('ref_axis',(0.,1.,0.));
#1993=DIRECTION('',(0.,1.,0.));
#1994=DIRECTION('',(0.,0.,-1.));
#1995=DIRECTION('',(0.,1.,0.));
#1996=DIRECTION('center_axis',(0.,-1.,0.));
#1997=DIRECTION('ref_axis',(-1.,0.,0.));
#1998=DIRECTION('',(-1.,0.,0.));
#1999=DIRECTION('',(0.,0.,-1.));
#2000=DIRECTION('',(-1.,0.,0.));
#2001=DIRECTION('center_axis',(1.,0.,0.));
#2002=DIRECTION('ref_axis',(0.,-1.,0.));
#2003=DIRECTION('',(0.,-1.,0.));
#2004=DIRECTION('',(0.,0.,-1.));
#2005=DIRECTION('',(0.,-1.,0.));
#2006=DIRECTION('center_axis',(-0.889695551631173,-0.456554296231788,0.));
#2007=DIRECTION('ref_axis',(-0.456554296231788,0.889695551631173,0.));
#2008=DIRECTION('',(-0.456554296231788,0.889695551631173,0.));
#2009=DIRECTION('',(0.,0.,-1.));
#2010=DIRECTION('',(-0.456554296231788,0.889695551631173,0.));
#2011=DIRECTION('center_axis',(0.,-1.,0.));
#2012=DIRECTION('ref_axis',(-1.,0.,0.));
#2013=DIRECTION('',(-1.,0.,0.));
#2014=DIRECTION('',(-1.,0.,0.));
#2015=DIRECTION('center_axis',(0.,0.,-1.));
#2016=DIRECTION('ref_axis',(-1.,0.,0.));
#2017=DIRECTION('',(0.,0.,-1.));
#2018=DIRECTION('',(0.,0.,-1.));
#2019=DIRECTION('',(0.,0.,-1.));
#2020=DIRECTION('',(0.,0.,-1.));
#2021=DIRECTION('',(0.,0.,-1.));
#2022=DIRECTION('',(0.,0.,-1.));
#2023=DIRECTION('',(0.,0.,-1.));
#2024=DIRECTION('',(0.,0.,-1.));
#2025=DIRECTION('',(0.,0.,-1.));
#2026=DIRECTION('',(0.,0.,-1.));
#2027=DIRECTION('',(0.,0.,-1.));
#2028=DIRECTION('',(0.,0.,-1.));
#2029=DIRECTION('',(0.,0.,-1.));
#2030=DIRECTION('',(0.,0.,-1.));
#2031=DIRECTION('center_axis',(0.,0.,1.));
#2032=DIRECTION('ref_axis',(1.,0.,0.));
#2033=DIRECTION('center_axis',(1.,0.,0.));
#2034=DIRECTION('ref_axis',(0.,-1.,0.));
#2035=DIRECTION('',(0.,-1.,0.));
#2036=DIRECTION('',(0.,0.,-1.));
#2037=DIRECTION('',(0.,-1.,0.));
#2038=DIRECTION('',(0.,0.,-1.));
#2039=DIRECTION('center_axis',(0.,1.,0.));
#2040=DIRECTION('ref_axis',(1.,0.,0.));
#2041=DIRECTION('',(1.,0.,0.));
#2042=DIRECTION('',(0.,0.,-1.));
#2043=DIRECTION('',(1.,0.,0.));
#2044=DIRECTION('center_axis',(-1.,0.,0.));
#2045=DIRECTION('ref_axis',(0.,1.,0.));
#2046=DIRECTION('',(0.,1.,0.));
#2047=DIRECTION('',(0.,0.,-1.));
#2048=DIRECTION('',(0.,1.,0.));
#2049=DIRECTION('center_axis',(0.,-1.,0.));
#2050=DIRECTION('ref_axis',(-1.,0.,0.));
#2051=DIRECTION('',(-1.,0.,0.));
#2052=DIRECTION('',(-1.,0.,0.));
#2053=DIRECTION('center_axis',(0.,0.,-1.));
#2054=DIRECTION('ref_axis',(-1.,0.,0.));
#2055=DIRECTION('center_axis',(1.,0.,0.));
#2056=DIRECTION('ref_axis',(0.,-1.,0.));
#2057=DIRECTION('',(0.,-1.,0.));
#2058=DIRECTION('',(0.,0.,-1.));
#2059=DIRECTION('',(0.,-1.,0.));
#2060=DIRECTION('',(0.,0.,-1.));
#2061=DIRECTION('center_axis',(0.,1.,0.));
#2062=DIRECTION('ref_axis',(1.,0.,0.));
#2063=DIRECTION('',(1.,0.,0.));
#2064=DIRECTION('',(0.,0.,-1.));
#2065=DIRECTION('',(1.,0.,0.));
#2066=DIRECTION('center_axis',(-1.,0.,0.));
#2067=DIRECTION('ref_axis',(0.,1.,0.));
#2068=DIRECTION('',(0.,1.,0.));
#2069=DIRECTION('',(0.,0.,-1.));
#2070=DIRECTION('',(0.,1.,0.));
#2071=DIRECTION('center_axis',(0.,-1.,0.));
#2072=DIRECTION('ref_axis',(-1.,0.,0.));
#2073=DIRECTION('',(-1.,0.,0.));
#2074=DIRECTION('',(0.,0.,-1.));
#2075=DIRECTION('',(-1.,0.,0.));
#2076=DIRECTION('center_axis',(1.,0.,0.));
#2077=DIRECTION('ref_axis',(0.,-1.,0.));
#2078=DIRECTION('',(0.,-1.,0.));
#2079=DIRECTION('',(0.,0.,-1.));
#2080=DIRECTION('',(0.,-1.,0.));
#2081=DIRECTION('center_axis',(0.,-1.,0.));
#2082=DIRECTION('ref_axis',(-1.,0.,0.));
#2083=DIRECTION('',(-1.,0.,0.));
#2084=DIRECTION('',(0.,0.,-1.));
#2085=DIRECTION('',(-1.,0.,0.));
#2086=DIRECTION('center_axis',(1.,0.,0.));
#2087=DIRECTION('ref_axis',(0.,-1.,0.));
#2088=DIRECTION('',(0.,-1.,0.));
#2089=DIRECTION('',(0.,0.,-1.));
#2090=DIRECTION('',(0.,-1.,0.));
#2091=DIRECTION('center_axis',(0.,1.,0.));
#2092=DIRECTION('ref_axis',(1.,0.,0.));
#2093=DIRECTION('',(1.,0.,0.));
#2094=DIRECTION('',(0.,0.,-1.));
#2095=DIRECTION('',(1.,0.,0.));
#2096=DIRECTION('center_axis',(1.,0.,0.));
#2097=DIRECTION('ref_axis',(0.,-1.,0.));
#2098=DIRECTION('',(0.,-1.,0.));
#2099=DIRECTION('',(0.,0.,-1.));
#2100=DIRECTION('',(0.,-1.,0.));
#2101=DIRECTION('center_axis',(0.,-1.,0.));
#2102=DIRECTION('ref_axis',(-1.,0.,0.));
#2103=DIRECTION('',(-1.,0.,0.));
#2104=DIRECTION('',(-1.,0.,0.));
#2105=DIRECTION('center_axis',(0.,0.,-1.));
#2106=DIRECTION('ref_axis',(-1.,0.,0.));
#2107=DIRECTION('center_axis',(0.,0.,1.));
#2108=DIRECTION('ref_axis',(1.,0.,0.));
#2109=DIRECTION('',(1.,0.,0.));
#2110=DIRECTION('',(0.,1.,0.));
#2111=DIRECTION('',(1.,0.,0.));
#2112=DIRECTION('',(0.,1.,0.));
#2113=DIRECTION('center_axis',(0.,0.,-1.));
#2114=DIRECTION('ref_axis',(1.,0.,0.));
#2115=DIRECTION('center_axis',(0.,0.,-1.));
#2116=DIRECTION('ref_axis',(1.,0.,0.));
#2117=DIRECTION('',(1.,2.86509167645202E-16,0.));
#2118=DIRECTION('',(0.,-1.,0.));
#2119=DIRECTION('',(-1.,0.,0.));
#2120=DIRECTION('',(-1.31581988103722E-15,1.,0.));
#2121=DIRECTION('center_axis',(0.,0.,1.));
#2122=DIRECTION('ref_axis',(1.,0.,0.));
#2123=DIRECTION('center_axis',(0.,0.,-1.));
#2124=DIRECTION('ref_axis',(1.,0.,0.));
#2125=DIRECTION('',(0.,0.,-1.));
#2126=DIRECTION('center_axis',(0.,0.,1.));
#2127=DIRECTION('ref_axis',(1.,0.,0.));
#2128=DIRECTION('center_axis',(0.,0.,-1.));
#2129=DIRECTION('ref_axis',(1.,0.,0.));
#2130=DIRECTION('',(0.,0.,-1.));
#2131=DIRECTION('center_axis',(0.,0.,1.));
#2132=DIRECTION('ref_axis',(1.,0.,0.));
#2133=DIRECTION('center_axis',(0.,-1.,0.));
#2134=DIRECTION('ref_axis',(-1.,0.,0.));
#2135=DIRECTION('',(1.,0.,0.));
#2136=DIRECTION('',(0.,0.,-1.));
#2137=DIRECTION('',(0.,0.,-1.));
#2138=DIRECTION('center_axis',(1.,0.,0.));
#2139=DIRECTION('ref_axis',(0.,-1.,0.));
#2140=DIRECTION('',(0.,1.,0.));
#2141=DIRECTION('',(0.,0.,-1.));
#2142=DIRECTION('center_axis',(-2.86509167645202E-16,1.,0.));
#2143=DIRECTION('ref_axis',(1.,2.86509167645202E-16,0.));
#2144=DIRECTION('',(-1.,-2.86509167645202E-16,0.));
#2145=DIRECTION('',(0.,0.,-1.));
#2146=DIRECTION('center_axis',(-1.,-1.31581988103722E-15,0.));
#2147=DIRECTION('ref_axis',(-1.31581988103722E-15,1.,0.));
#2148=DIRECTION('',(1.31581988103722E-15,-1.,0.));
#2149=DIRECTION('center_axis',(1.,0.,0.));
#2150=DIRECTION('ref_axis',(0.,0.,1.));
#2151=DIRECTION('center_axis',(1.,0.,0.));
#2152=DIRECTION('ref_axis',(0.,0.,1.));
#2153=DIRECTION('',(1.,0.,0.));
#2154=DIRECTION('center_axis',(-1.,0.,0.));
#2155=DIRECTION('ref_axis',(0.,0.,1.));
#2156=DIRECTION('center_axis',(-1.,0.,0.));
#2157=DIRECTION('ref_axis',(0.,0.,1.));
#2158=DIRECTION('',(0.,0.,-1.));
#2159=DIRECTION('',(0.,1.,0.));
#2160=DIRECTION('',(0.,0.,1.));
#2161=DIRECTION('',(0.,1.,0.));
#2162=DIRECTION('center_axis',(1.,0.,0.));
#2163=DIRECTION('ref_axis',(0.,0.,-1.));
#2164=DIRECTION('',(0.,0.,1.));
#2165=DIRECTION('',(-3.77948263702181E-16,-1.,0.));
#2166=DIRECTION('',(0.,0.,-1.));
#2167=DIRECTION('',(0.,1.,0.));
#2168=DIRECTION('center_axis',(0.,0.,-1.));
#2169=DIRECTION('ref_axis',(-1.,0.,0.));
#2170=DIRECTION('',(1.,0.,0.));
#2171=DIRECTION('',(-1.,0.,0.));
#2172=DIRECTION('center_axis',(0.,0.,1.));
#2173=DIRECTION('ref_axis',(1.,0.,0.));
#2174=DIRECTION('center_axis',(-1.,0.,0.));
#2175=DIRECTION('ref_axis',(0.,0.,1.));
#2176=DIRECTION('',(0.,0.,1.));
#2177=DIRECTION('',(0.,0.,1.));
#2178=DIRECTION('',(0.,1.,0.));
#2179=DIRECTION('center_axis',(0.,0.,-1.));
#2180=DIRECTION('ref_axis',(-1.,0.,0.));
#2181=DIRECTION('',(-1.,0.,0.));
#2182=DIRECTION('',(0.,1.,0.));
#2183=DIRECTION('',(-1.,0.,0.));
#2184=DIRECTION('',(-1.,0.,0.));
#2185=DIRECTION('',(1.,0.,0.));
#2186=DIRECTION('center_axis',(1.,0.,0.));
#2187=DIRECTION('ref_axis',(0.,0.,-1.));
#2188=DIRECTION('',(0.,0.,-1.));
#2189=DIRECTION('',(0.,0.,-1.));
#2190=DIRECTION('center_axis',(0.,1.,0.));
#2191=DIRECTION('ref_axis',(0.,0.,1.));
#2192=DIRECTION('center_axis',(0.,1.,0.));
#2193=DIRECTION('ref_axis',(0.,0.,1.));
#2194=DIRECTION('center_axis',(0.,1.,0.));
#2195=DIRECTION('ref_axis',(0.,0.,1.));
#2196=CARTESIAN_POINT('',(0.,0.,0.));
#2197=CARTESIAN_POINT('Origin',(103.000000000015,25.,53.0000000000146));
#2198=CARTESIAN_POINT('',(103.000000000015,25.,66.6000000000146));
#2199=CARTESIAN_POINT('Origin',(103.000000000015,25.,53.0000000000146));
#2200=CARTESIAN_POINT('',(100.,25.,66.6000000000146));
#2201=CARTESIAN_POINT('',(103.000000000015,25.,66.6000000000146));
#2202=CARTESIAN_POINT('Origin',(100.,25.,53.0000000000146));
#2203=CARTESIAN_POINT('Origin',(30.,3.,-73.));
#2204=CARTESIAN_POINT('',(28.,3.,-73.));
#2205=CARTESIAN_POINT('Origin',(30.,3.,-73.));
#2206=CARTESIAN_POINT('',(28.,0.,-73.));
#2207=CARTESIAN_POINT('',(28.,3.,-73.));
#2208=CARTESIAN_POINT('Origin',(30.,0.,-73.));
#2209=CARTESIAN_POINT('Origin',(-30.,3.,-73.));
#2210=CARTESIAN_POINT('',(-32.,3.,-73.));
#2211=CARTESIAN_POINT('Origin',(-30.,3.,-73.));
#2212=CARTESIAN_POINT('',(-32.,0.,-73.));
#2213=CARTESIAN_POINT('',(-32.,3.,-73.));
#2214=CARTESIAN_POINT('Origin',(-30.,0.,-73.));
#2215=CARTESIAN_POINT('Origin',(90.,3.,-73.));
#2216=CARTESIAN_POINT('',(88.,3.,-73.));
#2217=CARTESIAN_POINT('Origin',(90.,3.,-73.));
#2218=CARTESIAN_POINT('',(88.,0.,-73.));
#2219=CARTESIAN_POINT('',(88.,3.,-73.));
#2220=CARTESIAN_POINT('Origin',(90.,0.,-73.));
#2221=CARTESIAN_POINT('Origin',(-90.,3.,-73.));
#2222=CARTESIAN_POINT('',(-92.,3.,-73.));
#2223=CARTESIAN_POINT('Origin',(-90.,3.,-73.));
#2224=CARTESIAN_POINT('',(-92.,0.,-73.));
#2225=CARTESIAN_POINT('',(-92.,3.,-73.));
#2226=CARTESIAN_POINT('Origin',(-90.,0.,-73.));
#2227=CARTESIAN_POINT('Origin',(50.498045999188,16.9983226982985,78.0000000000146));
#2228=CARTESIAN_POINT('',(50.498045999188,16.9983226982985,78.0000000000146));
#2229=CARTESIAN_POINT('',(50.498045999188,16.637700327553,78.0000000000146));
#2230=CARTESIAN_POINT('',(50.498045999188,8.49916134914923,78.0000000000146));
#2231=CARTESIAN_POINT('',(50.498045999188,16.9983226982985,76.0000000000146));
#2232=CARTESIAN_POINT('',(50.498045999188,16.9983226982985,78.0000000000146));
#2233=CARTESIAN_POINT('',(50.498045999188,16.637700327553,76.0000000000146));
#2234=CARTESIAN_POINT('',(50.498045999188,16.9983226982985,76.0000000000146));
#2235=CARTESIAN_POINT('',(50.498045999188,16.637700327553,78.0000000000146));
#2236=CARTESIAN_POINT('Origin',(48.6751740155571,16.9983226982985,78.0000000000146));
#2237=CARTESIAN_POINT('',(48.6751740155571,16.9983226982985,78.0000000000146));
#2238=CARTESIAN_POINT('',(-27.1624129922287,16.9983226982985,78.0000000000146));
#2239=CARTESIAN_POINT('',(48.6751740155571,16.9983226982985,76.0000000000146));
#2240=CARTESIAN_POINT('',(48.6751740155571,16.9983226982985,78.0000000000146));
#2241=CARTESIAN_POINT('',(48.6751740155571,16.9983226982985,76.0000000000146));
#2242=CARTESIAN_POINT('Origin',(48.6751740155571,13.9503226606283,78.0000000000146));
#2243=CARTESIAN_POINT('',(48.6751740155571,13.9503226606283,78.0000000000146));
#2244=CARTESIAN_POINT('',(48.6751740155571,6.97516133031416,78.0000000000146));
#2245=CARTESIAN_POINT('',(48.6751740155571,13.9503226606283,76.0000000000146));
#2246=CARTESIAN_POINT('',(48.6751740155571,13.9503226606283,78.0000000000146));
#2247=CARTESIAN_POINT('',(48.6751740155571,13.9503226606283,76.0000000000146));
#2248=CARTESIAN_POINT('Origin',(49.0802566785862,13.9503226606283,78.0000000000146));
#2249=CARTESIAN_POINT('',(49.0802566785862,13.9503226606283,78.0000000000146));
#2250=CARTESIAN_POINT('',(-26.9598716607142,13.9503226606283,78.0000000000146));
#2251=CARTESIAN_POINT('',(49.0802566785862,13.9503226606283,76.0000000000146));
#2252=CARTESIAN_POINT('',(49.0802566785862,13.9503226606283,78.0000000000146));
#2253=CARTESIAN_POINT('',(49.0802566785862,13.9503226606283,76.0000000000146));
#2254=CARTESIAN_POINT('Origin',(49.0802566785862,15.4175123059898,78.0000000000146));
#2255=CARTESIAN_POINT('',(49.0802566785862,15.4175123059898,78.0000000000146));
#2256=CARTESIAN_POINT('',(49.0802566785862,7.7087561529949,78.0000000000146));
#2257=CARTESIAN_POINT('',(49.0802566785862,15.4175123059898,76.0000000000146));
#2258=CARTESIAN_POINT('',(49.0802566785862,15.4175123059898,78.0000000000146));
#2259=CARTESIAN_POINT('',(49.0802566785862,15.4175123059898,76.0000000000146));
#2260=CARTESIAN_POINT('Origin',(50.4387656094764,15.4175123059898,78.0000000000146));
#2261=CARTESIAN_POINT('',(50.4387656094764,15.4175123059898,78.0000000000146));
#2262=CARTESIAN_POINT('',(-26.2806171952691,15.4175123059898,78.0000000000146));
#2263=CARTESIAN_POINT('',(50.4387656094764,15.4175123059898,76.0000000000146));
#2264=CARTESIAN_POINT('',(50.4387656094764,15.4175123059898,78.0000000000146));
#2265=CARTESIAN_POINT('',(50.4387656094764,15.4175123059898,76.0000000000146));
#2266=CARTESIAN_POINT('Origin',(50.4387656094764,15.7781346767352,78.0000000000146));
#2267=CARTESIAN_POINT('',(50.4387656094764,15.7781346767352,78.0000000000146));
#2268=CARTESIAN_POINT('',(50.4387656094764,7.8890673383676,78.0000000000146));
#2269=CARTESIAN_POINT('',(50.4387656094764,15.7781346767352,76.0000000000146));
#2270=CARTESIAN_POINT('',(50.4387656094764,15.7781346767352,78.0000000000146));
#2271=CARTESIAN_POINT('',(50.4387656094764,15.7781346767352,76.0000000000146));
#2272=CARTESIAN_POINT('Origin',(49.0802566785862,15.7781346767352,78.0000000000146));
#2273=CARTESIAN_POINT('',(49.0802566785862,15.7781346767352,78.0000000000146));
#2274=CARTESIAN_POINT('',(-26.9598716607142,15.7781346767352,78.0000000000146));
#2275=CARTESIAN_POINT('',(49.0802566785862,15.7781346767352,76.0000000000146));
#2276=CARTESIAN_POINT('',(49.0802566785862,15.7781346767352,78.0000000000146));
#2277=CARTESIAN_POINT('',(49.0802566785862,15.7781346767352,76.0000000000146));
#2278=CARTESIAN_POINT('Origin',(49.0802566785862,16.637700327553,78.0000000000146));
#2279=CARTESIAN_POINT('',(49.0802566785862,16.637700327553,78.0000000000146));
#2280=CARTESIAN_POINT('',(49.0802566785862,8.31885016377652,78.0000000000146));
#2281=CARTESIAN_POINT('',(49.0802566785862,16.637700327553,76.0000000000146));
#2282=CARTESIAN_POINT('',(49.0802566785862,16.637700327553,78.0000000000146));
#2283=CARTESIAN_POINT('',(49.0802566785862,16.637700327553,76.0000000000146));
#2284=CARTESIAN_POINT('Origin',(50.498045999188,16.637700327553,78.0000000000146));
#2285=CARTESIAN_POINT('',(-26.2509770004133,16.637700327553,78.0000000000146));
#2286=CARTESIAN_POINT('',(50.498045999188,16.637700327553,76.0000000000146));
#2287=CARTESIAN_POINT('Origin',(49.3578191218491,15.8070755886434,76.0000000000146));
#2288=CARTESIAN_POINT('Ctrl Pts',(46.88441224302,16.7118008146925,78.0000000000146));
#2289=CARTESIAN_POINT('Ctrl Pts',(46.88441224302,16.7118008146925,76.0000000000146));
#2290=CARTESIAN_POINT('Ctrl Pts',(47.0968336394864,16.7118008146925,78.0000000000146));
#2291=CARTESIAN_POINT('Ctrl Pts',(47.0968336394864,16.7118008146925,76.0000000000146));
#2292=CARTESIAN_POINT('Ctrl Pts',(47.437695880328,16.5537197754616,78.0000000000146));
#2293=CARTESIAN_POINT('Ctrl Pts',(47.437695880328,16.5537197754616,76.0000000000146));
#2294=CARTESIAN_POINT('Ctrl Pts',(47.5587266759891,16.3956387362308,78.0000000000146));
#2295=CARTESIAN_POINT('Ctrl Pts',(47.5587266759891,16.3956387362308,76.0000000000146));
#2296=CARTESIAN_POINT('',(47.5587266759891,16.3956387362308,78.0000000000146));
#2297=CARTESIAN_POINT('',(46.88441224302,16.7118008146925,78.0000000000146));
#2298=CARTESIAN_POINT('Ctrl Pts',(47.5587266759891,16.3956387362308,78.0000000000146));
#2299=CARTESIAN_POINT('Ctrl Pts',(47.437695880328,16.5537197754616,78.0000000000146));
#2300=CARTESIAN_POINT('Ctrl Pts',(47.0968336394864,16.7118008146925,78.0000000000146));
#2301=CARTESIAN_POINT('Ctrl Pts',(46.88441224302,16.7118008146925,78.0000000000146));
#2302=CARTESIAN_POINT('',(47.5587266759891,16.3956387362308,76.0000000000146));
#2303=CARTESIAN_POINT('',(47.5587266759891,16.3956387362308,78.0000000000146));
#2304=CARTESIAN_POINT('',(46.88441224302,16.7118008146925,76.0000000000146));
#2305=CARTESIAN_POINT('Ctrl Pts',(47.5587266759891,16.3956387362308,76.0000000000146));
#2306=CARTESIAN_POINT('Ctrl Pts',(47.437695880328,16.5537197754616,76.0000000000146));
#2307=CARTESIAN_POINT('Ctrl Pts',(47.0968336394864,16.7118008146925,76.0000000000146));
#2308=CARTESIAN_POINT('Ctrl Pts',(46.88441224302,16.7118008146925,76.0000000000146));
#2309=CARTESIAN_POINT('',(46.88441224302,16.7118008146925,78.0000000000146));
#2310=CARTESIAN_POINT('Ctrl Pts',(46.2076277938128,16.3956387362308,78.0000000000146));
#2311=CARTESIAN_POINT('Ctrl Pts',(46.2076277938128,16.3956387362308,76.0000000000146));
#2312=CARTESIAN_POINT('Ctrl Pts',(46.3335986219499,16.5586598079376,78.0000000000146));
#2313=CARTESIAN_POINT('Ctrl Pts',(46.3335986219499,16.5586598079376,76.0000000000146));
#2314=CARTESIAN_POINT('Ctrl Pts',(46.6645807978395,16.7118008146925,78.0000000000146));
#2315=CARTESIAN_POINT('Ctrl Pts',(46.6645807978395,16.7118008146925,76.0000000000146));
#2316=CARTESIAN_POINT('Ctrl Pts',(46.88441224302,16.7118008146925,78.0000000000146));
#2317=CARTESIAN_POINT('Ctrl Pts',(46.88441224302,16.7118008146925,76.0000000000146));
#2318=CARTESIAN_POINT('',(46.2076277938128,16.3956387362308,78.0000000000146));
#2319=CARTESIAN_POINT('Ctrl Pts',(46.88441224302,16.7118008146925,78.0000000000146));
#2320=CARTESIAN_POINT('Ctrl Pts',(46.6645807978395,16.7118008146925,78.0000000000146));
#2321=CARTESIAN_POINT('Ctrl Pts',(46.3335986219499,16.5586598079376,78.0000000000146));
#2322=CARTESIAN_POINT('Ctrl Pts',(46.2076277938128,16.3956387362308,78.0000000000146));
#2323=CARTESIAN_POINT('',(46.2076277938128,16.3956387362308,76.0000000000146));
#2324=CARTESIAN_POINT('Ctrl Pts',(46.88441224302,16.7118008146925,76.0000000000146));
#2325=CARTESIAN_POINT('Ctrl Pts',(46.6645807978395,16.7118008146925,76.0000000000146));
#2326=CARTESIAN_POINT('Ctrl Pts',(46.3335986219499,16.5586598079376,76.0000000000146));
#2327=CARTESIAN_POINT('Ctrl Pts',(46.2076277938128,16.3956387362308,76.0000000000146));
#2328=CARTESIAN_POINT('',(46.2076277938128,16.3956387362308,78.0000000000146));
#2329=CARTESIAN_POINT('Ctrl Pts',(45.9581561537766,15.4743226794634,78.0000000000146));
#2330=CARTESIAN_POINT('Ctrl Pts',(45.9581561537766,15.4743226794634,76.0000000000146));
#2331=CARTESIAN_POINT('Ctrl Pts',(45.9581561537766,15.7707246280213,78.0000000000146));
#2332=CARTESIAN_POINT('Ctrl Pts',(45.9581561537766,15.7707246280213,76.0000000000146));
#2333=CARTESIAN_POINT('Ctrl Pts',(46.0865969981517,16.2400277132379,78.0000000000146));
#2334=CARTESIAN_POINT('Ctrl Pts',(46.0865969981517,16.2400277132379,76.0000000000146));
#2335=CARTESIAN_POINT('Ctrl Pts',(46.2076277938128,16.3956387362308,78.0000000000146));
#2336=CARTESIAN_POINT('Ctrl Pts',(46.2076277938128,16.3956387362308,76.0000000000146));
#2337=CARTESIAN_POINT('',(45.9581561537766,15.4743226794634,78.0000000000146));
#2338=CARTESIAN_POINT('Ctrl Pts',(46.2076277938128,16.3956387362308,78.0000000000146));
#2339=CARTESIAN_POINT('Ctrl Pts',(46.0865969981517,16.2400277132379,78.0000000000146));
#2340=CARTESIAN_POINT('Ctrl Pts',(45.9581561537766,15.7707246280213,78.0000000000146));
#2341=CARTESIAN_POINT('Ctrl Pts',(45.9581561537766,15.4743226794634,78.0000000000146));
#2342=CARTESIAN_POINT('',(45.9581561537766,15.4743226794634,76.0000000000146));
#2343=CARTESIAN_POINT('Ctrl Pts',(46.2076277938128,16.3956387362308,76.0000000000146));
#2344=CARTESIAN_POINT('Ctrl Pts',(46.0865969981517,16.2400277132379,76.0000000000146));
#2345=CARTESIAN_POINT('Ctrl Pts',(45.9581561537766,15.7707246280213,76.0000000000146));
#2346=CARTESIAN_POINT('Ctrl Pts',(45.9581561537766,15.4743226794634,76.0000000000146));
#2347=CARTESIAN_POINT('',(45.9581561537766,15.4743226794634,78.0000000000146));
#2348=CARTESIAN_POINT('Ctrl Pts',(46.88441224302,14.2368445442343,78.0000000000146));
#2349=CARTESIAN_POINT('Ctrl Pts',(46.88441224302,14.2368445442343,76.0000000000146));
#2350=CARTESIAN_POINT('Ctrl Pts',(46.462039466325,14.2368445442343,78.0000000000146));
#2351=CARTESIAN_POINT('Ctrl Pts',(46.462039466325,14.2368445442343,76.0000000000146));
#2352=CARTESIAN_POINT('Ctrl Pts',(45.9581561537766,14.8741087336337,78.0000000000146));
#2353=CARTESIAN_POINT('Ctrl Pts',(45.9581561537766,14.8741087336337,76.0000000000146));
#2354=CARTESIAN_POINT('Ctrl Pts',(45.9581561537766,15.4743226794634,78.0000000000146));
#2355=CARTESIAN_POINT('Ctrl Pts',(45.9581561537766,15.4743226794634,76.0000000000146));
#2356=CARTESIAN_POINT('',(46.88441224302,14.2368445442343,78.0000000000146));
#2357=CARTESIAN_POINT('Ctrl Pts',(45.9581561537766,15.4743226794634,78.0000000000146));
#2358=CARTESIAN_POINT('Ctrl Pts',(45.9581561537766,14.8741087336337,78.0000000000146));
#2359=CARTESIAN_POINT('Ctrl Pts',(46.462039466325,14.2368445442343,78.0000000000146));
#2360=CARTESIAN_POINT('Ctrl Pts',(46.88441224302,14.2368445442343,78.0000000000146));
#2361=CARTESIAN_POINT('',(46.88441224302,14.2368445442343,76.0000000000146));
#2362=CARTESIAN_POINT('Ctrl Pts',(45.9581561537766,15.4743226794634,76.0000000000146));
#2363=CARTESIAN_POINT('Ctrl Pts',(45.9581561537766,14.8741087336337,76.0000000000146));
#2364=CARTESIAN_POINT('Ctrl Pts',(46.462039466325,14.2368445442343,76.0000000000146));
#2365=CARTESIAN_POINT('Ctrl Pts',(46.88441224302,14.2368445442343,76.0000000000146));
#2366=CARTESIAN_POINT('',(46.88441224302,14.2368445442343,78.0000000000146));
#2367=CARTESIAN_POINT('Ctrl Pts',(47.8081983160253,15.4743226794634,78.0000000000146));
#2368=CARTESIAN_POINT('Ctrl Pts',(47.8081983160253,15.4743226794634,76.0000000000146));
#2369=CARTESIAN_POINT('Ctrl Pts',(47.8081983160253,14.8741087336337,78.0000000000146));
#2370=CARTESIAN_POINT('Ctrl Pts',(47.8081983160253,14.8741087336337,76.0000000000146));
#2371=CARTESIAN_POINT('Ctrl Pts',(47.3067850197149,14.2368445442343,78.0000000000146));
#2372=CARTESIAN_POINT('Ctrl Pts',(47.3067850197149,14.2368445442343,76.0000000000146));
#2373=CARTESIAN_POINT('Ctrl Pts',(46.88441224302,14.2368445442343,78.0000000000146));
#2374=CARTESIAN_POINT('Ctrl Pts',(46.88441224302,14.2368445442343,76.0000000000146));
#2375=CARTESIAN_POINT('',(47.8081983160253,15.4743226794634,78.0000000000146));
#2376=CARTESIAN_POINT('Ctrl Pts',(46.88441224302,14.2368445442343,78.0000000000146));
#2377=CARTESIAN_POINT('Ctrl Pts',(47.3067850197149,14.2368445442343,78.0000000000146));
#2378=CARTESIAN_POINT('Ctrl Pts',(47.8081983160253,14.8741087336337,78.0000000000146));
#2379=CARTESIAN_POINT('Ctrl Pts',(47.8081983160253,15.4743226794634,78.0000000000146));
#2380=CARTESIAN_POINT('',(47.8081983160253,15.4743226794634,76.0000000000146));
#2381=CARTESIAN_POINT('Ctrl Pts',(46.88441224302,14.2368445442343,76.0000000000146));
#2382=CARTESIAN_POINT('Ctrl Pts',(47.3067850197149,14.2368445442343,76.0000000000146));
#2383=CARTESIAN_POINT('Ctrl Pts',(47.8081983160253,14.8741087336337,76.0000000000146));
#2384=CARTESIAN_POINT('Ctrl Pts',(47.8081983160253,15.4743226794634,76.0000000000146));
#2385=CARTESIAN_POINT('',(47.8081983160253,15.4743226794634,78.0000000000146));
#2386=CARTESIAN_POINT('Ctrl Pts',(47.5587266759891,16.3956387362308,78.0000000000146));
#2387=CARTESIAN_POINT('Ctrl Pts',(47.5587266759891,16.3956387362308,76.0000000000146));
#2388=CARTESIAN_POINT('Ctrl Pts',(47.6772874554123,16.2424977294759,78.0000000000146));
#2389=CARTESIAN_POINT('Ctrl Pts',(47.6772874554123,16.2424977294759,76.0000000000146));
#2390=CARTESIAN_POINT('Ctrl Pts',(47.8081983160253,15.7756646604972,78.0000000000146));
#2391=CARTESIAN_POINT('Ctrl Pts',(47.8081983160253,15.7756646604972,76.0000000000146));
#2392=CARTESIAN_POINT('Ctrl Pts',(47.8081983160253,15.4743226794634,78.0000000000146));
#2393=CARTESIAN_POINT('Ctrl Pts',(47.8081983160253,15.4743226794634,76.0000000000146));
#2394=CARTESIAN_POINT('Ctrl Pts',(47.8081983160253,15.4743226794634,78.0000000000146));
#2395=CARTESIAN_POINT('Ctrl Pts',(47.8081983160253,15.7756646604972,78.0000000000146));
#2396=CARTESIAN_POINT('Ctrl Pts',(47.6772874554123,16.2424977294759,78.0000000000146));
#2397=CARTESIAN_POINT('Ctrl Pts',(47.5587266759891,16.3956387362308,78.0000000000146));
#2398=CARTESIAN_POINT('Ctrl Pts',(47.8081983160253,15.4743226794634,76.0000000000146));
#2399=CARTESIAN_POINT('Ctrl Pts',(47.8081983160253,15.7756646604972,76.0000000000146));
#2400=CARTESIAN_POINT('Ctrl Pts',(47.6772874554123,16.2424977294759,76.0000000000146));
#2401=CARTESIAN_POINT('Ctrl Pts',(47.5587266759891,16.3956387362308,76.0000000000146));
#2402=CARTESIAN_POINT('Ctrl Pts',(46.881942226782,17.062543120486,78.0000000000146));
#2403=CARTESIAN_POINT('Ctrl Pts',(46.881942226782,17.062543120486,76.0000000000146));
#2404=CARTESIAN_POINT('Ctrl Pts',(47.1931642727677,17.062543120486,78.0000000000146));
#2405=CARTESIAN_POINT('Ctrl Pts',(47.1931642727677,17.062543120486,76.0000000000146));
#2406=CARTESIAN_POINT('Ctrl Pts',(47.6921075528401,16.8451816915435,78.0000000000146));
#2407=CARTESIAN_POINT('Ctrl Pts',(47.6921075528401,16.8451816915435,76.0000000000146));
#2408=CARTESIAN_POINT('Ctrl Pts',(47.8650086894989,16.6500504087429,78.0000000000146));
#2409=CARTESIAN_POINT('Ctrl Pts',(47.8650086894989,16.6500504087429,76.0000000000146));
#2410=CARTESIAN_POINT('',(46.881942226782,17.062543120486,78.0000000000146));
#2411=CARTESIAN_POINT('',(47.8650086894989,16.6500504087429,78.0000000000146));
#2412=CARTESIAN_POINT('Ctrl Pts',(46.881942226782,17.062543120486,78.0000000000146));
#2413=CARTESIAN_POINT('Ctrl Pts',(47.1931642727677,17.062543120486,78.0000000000146));
#2414=CARTESIAN_POINT('Ctrl Pts',(47.6921075528401,16.8451816915435,78.0000000000146));
#2415=CARTESIAN_POINT('Ctrl Pts',(47.8650086894989,16.6500504087429,78.0000000000146));
#2416=CARTESIAN_POINT('',(46.881942226782,17.062543120486,76.0000000000146));
#2417=CARTESIAN_POINT('',(46.881942226782,17.062543120486,78.0000000000146));
#2418=CARTESIAN_POINT('',(47.8650086894989,16.6500504087429,76.0000000000146));
#2419=CARTESIAN_POINT('Ctrl Pts',(46.881942226782,17.062543120486,76.0000000000146));
#2420=CARTESIAN_POINT('Ctrl Pts',(47.1931642727677,17.062543120486,76.0000000000146));
#2421=CARTESIAN_POINT('Ctrl Pts',(47.6921075528401,16.8451816915435,76.0000000000146));
#2422=CARTESIAN_POINT('Ctrl Pts',(47.8650086894989,16.6500504087429,76.0000000000146));
#2423=CARTESIAN_POINT('',(47.8650086894989,16.6500504087429,78.0000000000146));
#2424=CARTESIAN_POINT('Ctrl Pts',(45.901345780303,16.6500504087429,78.0000000000146));
#2425=CARTESIAN_POINT('Ctrl Pts',(45.901345780303,16.6500504087429,76.0000000000146));
#2426=CARTESIAN_POINT('Ctrl Pts',(46.0791869494377,16.8525917402575,78.0000000000146));
#2427=CARTESIAN_POINT('Ctrl Pts',(46.0791869494377,16.8525917402575,76.0000000000146));
#2428=CARTESIAN_POINT('Ctrl Pts',(46.5756602132722,17.062543120486,78.0000000000146));
#2429=CARTESIAN_POINT('Ctrl Pts',(46.5756602132722,17.062543120486,76.0000000000146));
#2430=CARTESIAN_POINT('Ctrl Pts',(46.881942226782,17.062543120486,78.0000000000146));
#2431=CARTESIAN_POINT('Ctrl Pts',(46.881942226782,17.062543120486,76.0000000000146));
#2432=CARTESIAN_POINT('',(45.901345780303,16.6500504087429,78.0000000000146));
#2433=CARTESIAN_POINT('Ctrl Pts',(45.901345780303,16.6500504087429,78.0000000000146));
#2434=CARTESIAN_POINT('Ctrl Pts',(46.0791869494377,16.8525917402575,78.0000000000146));
#2435=CARTESIAN_POINT('Ctrl Pts',(46.5756602132722,17.062543120486,78.0000000000146));
#2436=CARTESIAN_POINT('Ctrl Pts',(46.881942226782,17.062543120486,78.0000000000146));
#2437=CARTESIAN_POINT('',(45.901345780303,16.6500504087429,76.0000000000146));
#2438=CARTESIAN_POINT('',(45.901345780303,16.6500504087429,78.0000000000146));
#2439=CARTESIAN_POINT('Ctrl Pts',(45.901345780303,16.6500504087429,76.0000000000146));
#2440=CARTESIAN_POINT('Ctrl Pts',(46.0791869494377,16.8525917402575,76.0000000000146));
#2441=CARTESIAN_POINT('Ctrl Pts',(46.5756602132722,17.062543120486,76.0000000000146));
#2442=CARTESIAN_POINT('Ctrl Pts',(46.881942226782,17.062543120486,76.0000000000146));
#2443=CARTESIAN_POINT('Ctrl Pts',(45.5357833770816,15.4743226794634,78.0000000000146));
#2444=CARTESIAN_POINT('Ctrl Pts',(45.5357833770816,15.4743226794634,76.0000000000146));
#2445=CARTESIAN_POINT('Ctrl Pts',(45.5357833770816,15.8571751963506,78.0000000000146));
#2446=CARTESIAN_POINT('Ctrl Pts',(45.5357833770816,15.8571751963506,76.0000000000146));
#2447=CARTESIAN_POINT('Ctrl Pts',(45.7259746274063,16.4400990285145,78.0000000000146));
#2448=CARTESIAN_POINT('Ctrl Pts',(45.7259746274063,16.4400990285145,76.0000000000146));
#2449=CARTESIAN_POINT('Ctrl Pts',(45.901345780303,16.6500504087429,78.0000000000146));
#2450=CARTESIAN_POINT('Ctrl Pts',(45.901345780303,16.6500504087429,76.0000000000146));
#2451=CARTESIAN_POINT('',(45.5357833770816,15.4743226794634,78.0000000000146));
#2452=CARTESIAN_POINT('Ctrl Pts',(45.5357833770816,15.4743226794634,78.0000000000146));
#2453=CARTESIAN_POINT('Ctrl Pts',(45.5357833770816,15.8571751963506,78.0000000000146));
#2454=CARTESIAN_POINT('Ctrl Pts',(45.7259746274063,16.4400990285145,78.0000000000146));
#2455=CARTESIAN_POINT('Ctrl Pts',(45.901345780303,16.6500504087429,78.0000000000146));
#2456=CARTESIAN_POINT('',(45.5357833770816,15.4743226794634,76.0000000000146));
#2457=CARTESIAN_POINT('',(45.5357833770816,15.4743226794634,78.0000000000146));
#2458=CARTESIAN_POINT('Ctrl Pts',(45.5357833770816,15.4743226794634,76.0000000000146));
#2459=CARTESIAN_POINT('Ctrl Pts',(45.5357833770816,15.8571751963506,76.0000000000146));
#2460=CARTESIAN_POINT('Ctrl Pts',(45.7259746274063,16.4400990285145,76.0000000000146));
#2461=CARTESIAN_POINT('Ctrl Pts',(45.901345780303,16.6500504087429,76.0000000000146));
#2462=CARTESIAN_POINT('Ctrl Pts',(45.898875764065,14.3010649664218,78.0000000000146));
#2463=CARTESIAN_POINT('Ctrl Pts',(45.898875764065,14.3010649664218,76.0000000000146));
#2464=CARTESIAN_POINT('Ctrl Pts',(45.7235046111683,14.5036062979363,78.0000000000146));
#2465=CARTESIAN_POINT('Ctrl Pts',(45.7235046111683,14.5036062979363,76.0000000000146));
#2466=CARTESIAN_POINT('Ctrl Pts',(45.5357833770816,15.0988802112901,78.0000000000146));
#2467=CARTESIAN_POINT('Ctrl Pts',(45.5357833770816,15.0988802112901,76.0000000000146));
#2468=CARTESIAN_POINT('Ctrl Pts',(45.5357833770816,15.4743226794634,78.0000000000146));
#2469=CARTESIAN_POINT('Ctrl Pts',(45.5357833770816,15.4743226794634,76.0000000000146));
#2470=CARTESIAN_POINT('',(45.898875764065,14.3010649664218,78.0000000000146));
#2471=CARTESIAN_POINT('Ctrl Pts',(45.898875764065,14.3010649664218,78.0000000000146));
#2472=CARTESIAN_POINT('Ctrl Pts',(45.7235046111683,14.5036062979363,78.0000000000146));
#2473=CARTESIAN_POINT('Ctrl Pts',(45.5357833770816,15.0988802112901,78.0000000000146));
#2474=CARTESIAN_POINT('Ctrl Pts',(45.5357833770816,15.4743226794634,78.0000000000146));
#2475=CARTESIAN_POINT('',(45.898875764065,14.3010649664218,76.0000000000146));
#2476=CARTESIAN_POINT('',(45.898875764065,14.3010649664218,78.0000000000146));
#2477=CARTESIAN_POINT('Ctrl Pts',(45.898875764065,14.3010649664218,76.0000000000146));
#2478=CARTESIAN_POINT('Ctrl Pts',(45.7235046111683,14.5036062979363,76.0000000000146));
#2479=CARTESIAN_POINT('Ctrl Pts',(45.5357833770816,15.0988802112901,76.0000000000146));
#2480=CARTESIAN_POINT('Ctrl Pts',(45.5357833770816,15.4743226794634,76.0000000000146));
#2481=CARTESIAN_POINT('Ctrl Pts',(46.881942226782,13.8861022384408,78.0000000000146));
#2482=CARTESIAN_POINT('Ctrl Pts',(46.881942226782,13.8861022384408,76.0000000000146));
#2483=CARTESIAN_POINT('Ctrl Pts',(46.5731901970342,13.8861022384408,78.0000000000146));
#2484=CARTESIAN_POINT('Ctrl Pts',(46.5731901970342,13.8861022384408,76.0000000000146));
#2485=CARTESIAN_POINT('Ctrl Pts',(46.0791869494377,14.0960536186693,78.0000000000146));
#2486=CARTESIAN_POINT('Ctrl Pts',(46.0791869494377,14.0960536186693,76.0000000000146));
#2487=CARTESIAN_POINT('Ctrl Pts',(45.898875764065,14.3010649664218,78.0000000000146));
#2488=CARTESIAN_POINT('Ctrl Pts',(45.898875764065,14.3010649664218,76.0000000000146));
#2489=CARTESIAN_POINT('',(46.881942226782,13.8861022384408,78.0000000000146));
#2490=CARTESIAN_POINT('Ctrl Pts',(46.881942226782,13.8861022384408,78.0000000000146));
#2491=CARTESIAN_POINT('Ctrl Pts',(46.5731901970342,13.8861022384408,78.0000000000146));
#2492=CARTESIAN_POINT('Ctrl Pts',(46.0791869494377,14.0960536186693,78.0000000000146));
#2493=CARTESIAN_POINT('Ctrl Pts',(45.898875764065,14.3010649664218,78.0000000000146));
#2494=CARTESIAN_POINT('',(46.881942226782,13.8861022384408,76.0000000000146));
#2495=CARTESIAN_POINT('',(46.881942226782,13.8861022384408,78.0000000000146));
#2496=CARTESIAN_POINT('Ctrl Pts',(46.881942226782,13.8861022384408,76.0000000000146));
#2497=CARTESIAN_POINT('Ctrl Pts',(46.5731901970342,13.8861022384408,76.0000000000146));
#2498=CARTESIAN_POINT('Ctrl Pts',(46.0791869494377,14.0960536186693,76.0000000000146));
#2499=CARTESIAN_POINT('Ctrl Pts',(45.898875764065,14.3010649664218,76.0000000000146));
#2500=CARTESIAN_POINT('Ctrl Pts',(47.8650086894989,14.3010649664218,78.0000000000146));
#2501=CARTESIAN_POINT('Ctrl Pts',(47.8650086894989,14.3010649664218,76.0000000000146));
#2502=CARTESIAN_POINT('Ctrl Pts',(47.6772874554123,14.0886435699553,78.0000000000146));
#2503=CARTESIAN_POINT('Ctrl Pts',(47.6772874554123,14.0886435699553,76.0000000000146));
#2504=CARTESIAN_POINT('Ctrl Pts',(47.1808141915778,13.8861022384408,78.0000000000146));
#2505=CARTESIAN_POINT('Ctrl Pts',(47.1808141915778,13.8861022384408,76.0000000000146));
#2506=CARTESIAN_POINT('Ctrl Pts',(46.881942226782,13.8861022384408,78.0000000000146));
#2507=CARTESIAN_POINT('Ctrl Pts',(46.881942226782,13.8861022384408,76.0000000000146));
#2508=CARTESIAN_POINT('',(47.8650086894989,14.3010649664218,78.0000000000146));
#2509=CARTESIAN_POINT('Ctrl Pts',(47.8650086894989,14.3010649664218,78.0000000000146));
#2510=CARTESIAN_POINT('Ctrl Pts',(47.6772874554123,14.0886435699553,78.0000000000146));
#2511=CARTESIAN_POINT('Ctrl Pts',(47.1808141915778,13.8861022384408,78.0000000000146));
#2512=CARTESIAN_POINT('Ctrl Pts',(46.881942226782,13.8861022384408,78.0000000000146));
#2513=CARTESIAN_POINT('',(47.8650086894989,14.3010649664218,76.0000000000146));
#2514=CARTESIAN_POINT('',(47.8650086894989,14.3010649664218,78.0000000000146));
#2515=CARTESIAN_POINT('Ctrl Pts',(47.8650086894989,14.3010649664218,76.0000000000146));
#2516=CARTESIAN_POINT('Ctrl Pts',(47.6772874554123,14.0886435699553,76.0000000000146));
#2517=CARTESIAN_POINT('Ctrl Pts',(47.1808141915778,13.8861022384408,76.0000000000146));
#2518=CARTESIAN_POINT('Ctrl Pts',(46.881942226782,13.8861022384408,76.0000000000146));
#2519=CARTESIAN_POINT('Ctrl Pts',(48.2305710927203,15.4743226794634,78.0000000000146));
#2520=CARTESIAN_POINT('Ctrl Pts',(48.2305710927203,15.4743226794634,76.0000000000146));
#2521=CARTESIAN_POINT('Ctrl Pts',(48.2305710927203,15.103820243766,78.0000000000146));
#2522=CARTESIAN_POINT('Ctrl Pts',(48.2305710927203,15.103820243766,76.0000000000146));
#2523=CARTESIAN_POINT('Ctrl Pts',(48.0428498586336,14.5036062979363,78.0000000000146));
#2524=CARTESIAN_POINT('Ctrl Pts',(48.0428498586336,14.5036062979363,76.0000000000146));
#2525=CARTESIAN_POINT('Ctrl Pts',(47.8650086894989,14.3010649664218,78.0000000000146));
#2526=CARTESIAN_POINT('Ctrl Pts',(47.8650086894989,14.3010649664218,76.0000000000146));
#2527=CARTESIAN_POINT('',(48.2305710927203,15.4743226794634,78.0000000000146));
#2528=CARTESIAN_POINT('Ctrl Pts',(48.2305710927203,15.4743226794634,78.0000000000146));
#2529=CARTESIAN_POINT('Ctrl Pts',(48.2305710927203,15.103820243766,78.0000000000146));
#2530=CARTESIAN_POINT('Ctrl Pts',(48.0428498586336,14.5036062979363,78.0000000000146));
#2531=CARTESIAN_POINT('Ctrl Pts',(47.8650086894989,14.3010649664218,78.0000000000146));
#2532=CARTESIAN_POINT('',(48.2305710927203,15.4743226794634,76.0000000000146));
#2533=CARTESIAN_POINT('',(48.2305710927203,15.4743226794634,78.0000000000146));
#2534=CARTESIAN_POINT('Ctrl Pts',(48.2305710927203,15.4743226794634,76.0000000000146));
#2535=CARTESIAN_POINT('Ctrl Pts',(48.2305710927203,15.103820243766,76.0000000000146));
#2536=CARTESIAN_POINT('Ctrl Pts',(48.0428498586336,14.5036062979363,76.0000000000146));
#2537=CARTESIAN_POINT('Ctrl Pts',(47.8650086894989,14.3010649664218,76.0000000000146));
#2538=CARTESIAN_POINT('Ctrl Pts',(47.8650086894989,16.6500504087429,78.0000000000146));
#2539=CARTESIAN_POINT('Ctrl Pts',(47.8650086894989,16.6500504087429,76.0000000000146));
#2540=CARTESIAN_POINT('Ctrl Pts',(48.0379098261577,16.4475090772284,78.0000000000146));
#2541=CARTESIAN_POINT('Ctrl Pts',(48.0379098261577,16.4475090772284,76.0000000000146));
#2542=CARTESIAN_POINT('Ctrl Pts',(48.2305710927203,15.8547051801127,78.0000000000146));
#2543=CARTESIAN_POINT('Ctrl Pts',(48.2305710927203,15.8547051801127,76.0000000000146));
#2544=CARTESIAN_POINT('Ctrl Pts',(48.2305710927203,15.4743226794634,78.0000000000146));
#2545=CARTESIAN_POINT('Ctrl Pts',(48.2305710927203,15.4743226794634,76.0000000000146));
#2546=CARTESIAN_POINT('Ctrl Pts',(47.8650086894989,16.6500504087429,78.0000000000146));
#2547=CARTESIAN_POINT('Ctrl Pts',(48.0379098261577,16.4475090772284,78.0000000000146));
#2548=CARTESIAN_POINT('Ctrl Pts',(48.2305710927203,15.8547051801127,78.0000000000146));
#2549=CARTESIAN_POINT('Ctrl Pts',(48.2305710927203,15.4743226794634,78.0000000000146));
#2550=CARTESIAN_POINT('Ctrl Pts',(47.8650086894989,16.6500504087429,76.0000000000146));
#2551=CARTESIAN_POINT('Ctrl Pts',(48.0379098261577,16.4475090772284,76.0000000000146));
#2552=CARTESIAN_POINT('Ctrl Pts',(48.2305710927203,15.8547051801127,76.0000000000146));
#2553=CARTESIAN_POINT('Ctrl Pts',(48.2305710927203,15.4743226794634,76.0000000000146));
#2554=CARTESIAN_POINT('Origin',(46.8827971854172,15.4740176513168,76.0000000000146));
#2555=CARTESIAN_POINT('Origin',(43.5696504516477,16.9983226982985,78.0000000000146));
#2556=CARTESIAN_POINT('',(43.5696504516477,16.9983226982985,78.0000000000146));
#2557=CARTESIAN_POINT('',(43.5696504516477,13.9503226606283,78.0000000000146));
#2558=CARTESIAN_POINT('',(43.5696504516477,8.49916134914923,78.0000000000146));
#2559=CARTESIAN_POINT('',(43.5696504516477,16.9983226982985,76.0000000000146));
#2560=CARTESIAN_POINT('',(43.5696504516477,16.9983226982985,78.0000000000146));
#2561=CARTESIAN_POINT('',(43.5696504516477,13.9503226606283,76.0000000000146));
#2562=CARTESIAN_POINT('',(43.5696504516477,16.9983226982985,76.0000000000146));
#2563=CARTESIAN_POINT('',(43.5696504516477,13.9503226606283,78.0000000000146));
#2564=CARTESIAN_POINT('Origin',(43.1917379672364,16.9983226982985,78.0000000000146));
#2565=CARTESIAN_POINT('',(43.1917379672364,16.9983226982985,78.0000000000146));
#2566=CARTESIAN_POINT('',(-29.9041310163891,16.9983226982985,78.0000000000146));
#2567=CARTESIAN_POINT('',(43.1917379672364,16.9983226982985,76.0000000000146));
#2568=CARTESIAN_POINT('',(43.1917379672364,16.9983226982985,78.0000000000146));
#2569=CARTESIAN_POINT('',(43.1917379672364,16.9983226982985,76.0000000000146));
#2570=CARTESIAN_POINT('Origin',(43.1917379672364,14.5851168337898,78.0000000000146));
#2571=CARTESIAN_POINT('',(43.1917379672364,14.5851168337898,78.0000000000146));
#2572=CARTESIAN_POINT('',(43.1917379672364,7.29255841689488,78.0000000000146));
#2573=CARTESIAN_POINT('',(43.1917379672364,14.5851168337898,76.0000000000146));
#2574=CARTESIAN_POINT('',(43.1917379672364,14.5851168337898,78.0000000000146));
#2575=CARTESIAN_POINT('',(43.1917379672364,14.5851168337898,76.0000000000146));
#2576=CARTESIAN_POINT('Origin',(41.9641398969592,16.9983226982985,78.0000000000146));
#2577=CARTESIAN_POINT('',(41.9641398969592,16.9983226982985,78.0000000000146));
#2578=CARTESIAN_POINT('',(30.4981734949305,39.5380594684837,78.0000000000146));
#2579=CARTESIAN_POINT('',(41.9641398969592,16.9983226982985,76.0000000000146));
#2580=CARTESIAN_POINT('',(41.9641398969592,16.9983226982985,78.0000000000146));
#2581=CARTESIAN_POINT('',(41.9641398969592,16.9983226982985,76.0000000000146));
#2582=CARTESIAN_POINT('Origin',(41.3886261135094,16.9983226982985,78.0000000000146));
#2583=CARTESIAN_POINT('',(41.3886261135094,16.9983226982985,78.0000000000146));
#2584=CARTESIAN_POINT('',(-30.8056869432526,16.9983226982985,78.0000000000146));
#2585=CARTESIAN_POINT('',(41.3886261135094,16.9983226982985,76.0000000000146));
#2586=CARTESIAN_POINT('',(41.3886261135094,16.9983226982985,78.0000000000146));
#2587=CARTESIAN_POINT('',(41.3886261135094,16.9983226982985,76.0000000000146));
#2588=CARTESIAN_POINT('Origin',(41.3886261135094,13.9503226606283,78.0000000000146));
#2589=CARTESIAN_POINT('',(41.3886261135094,13.9503226606283,78.0000000000146));
#2590=CARTESIAN_POINT('',(41.3886261135094,6.97516133031416,78.0000000000146));
#2591=CARTESIAN_POINT('',(41.3886261135094,13.9503226606283,76.0000000000146));
#2592=CARTESIAN_POINT('',(41.3886261135094,13.9503226606283,78.0000000000146));
#2593=CARTESIAN_POINT('',(41.3886261135094,13.9503226606283,76.0000000000146));
#2594=CARTESIAN_POINT('Origin',(41.7665385979207,13.9503226606283,78.0000000000146));
#2595=CARTESIAN_POINT('',(41.7665385979207,13.9503226606283,78.0000000000146));
#2596=CARTESIAN_POINT('',(-30.616730701047,13.9503226606283,78.0000000000146));
#2597=CARTESIAN_POINT('',(41.7665385979207,13.9503226606283,76.0000000000146));
#2598=CARTESIAN_POINT('',(41.7665385979207,13.9503226606283,78.0000000000146));
#2599=CARTESIAN_POINT('',(41.7665385979207,13.9503226606283,76.0000000000146));
#2600=CARTESIAN_POINT('Origin',(41.7665385979207,16.5784199378415,78.0000000000146));
#2601=CARTESIAN_POINT('',(41.7665385979207,16.5784199378415,78.0000000000146));
#2602=CARTESIAN_POINT('',(41.7665385979207,8.28920996892073,78.0000000000146));
#2603=CARTESIAN_POINT('',(41.7665385979207,16.5784199378415,76.0000000000146));
#2604=CARTESIAN_POINT('',(41.7665385979207,16.5784199378415,78.0000000000146));
#2605=CARTESIAN_POINT('',(41.7665385979207,16.5784199378415,76.0000000000146));
#2606=CARTESIAN_POINT('Origin',(43.115167463859,13.9503226606283,78.0000000000146));
#2607=CARTESIAN_POINT('',(43.115167463859,13.9503226606283,78.0000000000146));
#2608=CARTESIAN_POINT('',(30.7201823092441,38.1046527055189,78.0000000000146));
#2609=CARTESIAN_POINT('',(43.115167463859,13.9503226606283,76.0000000000146));
#2610=CARTESIAN_POINT('',(43.115167463859,13.9503226606283,78.0000000000146));
#2611=CARTESIAN_POINT('',(43.115167463859,13.9503226606283,76.0000000000146));
#2612=CARTESIAN_POINT('Origin',(43.5696504516477,13.9503226606283,78.0000000000146));
#2613=CARTESIAN_POINT('',(-29.7151747741834,13.9503226606283,78.0000000000146));
#2614=CARTESIAN_POINT('',(43.5696504516477,13.9503226606283,76.0000000000146));
#2615=CARTESIAN_POINT('Origin',(42.4754591235423,15.5086411877103,76.0000000000146));
#2616=CARTESIAN_POINT('Ctrl Pts',(39.5978643409722,16.7118008146925,78.0000000000146));
#2617=CARTESIAN_POINT('Ctrl Pts',(39.5978643409722,16.7118008146925,76.0000000000146));
#2618=CARTESIAN_POINT('Ctrl Pts',(39.8102857374387,16.7118008146925,78.0000000000146));
#2619=CARTESIAN_POINT('Ctrl Pts',(39.8102857374387,16.7118008146925,76.0000000000146));
#2620=CARTESIAN_POINT('Ctrl Pts',(40.1511479782802,16.5537197754616,78.0000000000146));
#2621=CARTESIAN_POINT('Ctrl Pts',(40.1511479782802,16.5537197754616,76.0000000000146));
#2622=CARTESIAN_POINT('Ctrl Pts',(40.2721787739414,16.3956387362308,78.0000000000146));
#2623=CARTESIAN_POINT('Ctrl Pts',(40.2721787739414,16.3956387362308,76.0000000000146));
#2624=CARTESIAN_POINT('',(40.2721787739414,16.3956387362308,78.0000000000146));
#2625=CARTESIAN_POINT('',(39.5978643409722,16.7118008146925,78.0000000000146));
#2626=CARTESIAN_POINT('Ctrl Pts',(40.2721787739414,16.3956387362308,78.0000000000146));
#2627=CARTESIAN_POINT('Ctrl Pts',(40.1511479782802,16.5537197754616,78.0000000000146));
#2628=CARTESIAN_POINT('Ctrl Pts',(39.8102857374387,16.7118008146925,78.0000000000146));
#2629=CARTESIAN_POINT('Ctrl Pts',(39.5978643409722,16.7118008146925,78.0000000000146));
#2630=CARTESIAN_POINT('',(40.2721787739414,16.3956387362308,76.0000000000146));
#2631=CARTESIAN_POINT('',(40.2721787739414,16.3956387362308,78.0000000000146));
#2632=CARTESIAN_POINT('',(39.5978643409722,16.7118008146925,76.0000000000146));
#2633=CARTESIAN_POINT('Ctrl Pts',(40.2721787739414,16.3956387362308,76.0000000000146));
#2634=CARTESIAN_POINT('Ctrl Pts',(40.1511479782802,16.5537197754616,76.0000000000146));
#2635=CARTESIAN_POINT('Ctrl Pts',(39.8102857374387,16.7118008146925,76.0000000000146));
#2636=CARTESIAN_POINT('Ctrl Pts',(39.5978643409722,16.7118008146925,76.0000000000146));
#2637=CARTESIAN_POINT('',(39.5978643409722,16.7118008146925,78.0000000000146));
#2638=CARTESIAN_POINT('Ctrl Pts',(38.9210798917651,16.3956387362308,78.0000000000146));
#2639=CARTESIAN_POINT('Ctrl Pts',(38.9210798917651,16.3956387362308,76.0000000000146));
#2640=CARTESIAN_POINT('Ctrl Pts',(39.0470507199022,16.5586598079376,78.0000000000146));
#2641=CARTESIAN_POINT('Ctrl Pts',(39.0470507199022,16.5586598079376,76.0000000000146));
#2642=CARTESIAN_POINT('Ctrl Pts',(39.3780328957918,16.7118008146925,78.0000000000146));
#2643=CARTESIAN_POINT('Ctrl Pts',(39.3780328957918,16.7118008146925,76.0000000000146));
#2644=CARTESIAN_POINT('Ctrl Pts',(39.5978643409722,16.7118008146925,78.0000000000146));
#2645=CARTESIAN_POINT('Ctrl Pts',(39.5978643409722,16.7118008146925,76.0000000000146));
#2646=CARTESIAN_POINT('',(38.9210798917651,16.3956387362308,78.0000000000146));
#2647=CARTESIAN_POINT('Ctrl Pts',(39.5978643409722,16.7118008146925,78.0000000000146));
#2648=CARTESIAN_POINT('Ctrl Pts',(39.3780328957918,16.7118008146925,78.0000000000146));
#2649=CARTESIAN_POINT('Ctrl Pts',(39.0470507199022,16.5586598079376,78.0000000000146));
#2650=CARTESIAN_POINT('Ctrl Pts',(38.9210798917651,16.3956387362308,78.0000000000146));
#2651=CARTESIAN_POINT('',(38.9210798917651,16.3956387362308,76.0000000000146));
#2652=CARTESIAN_POINT('Ctrl Pts',(39.5978643409722,16.7118008146925,76.0000000000146));
#2653=CARTESIAN_POINT('Ctrl Pts',(39.3780328957918,16.7118008146925,76.0000000000146));
#2654=CARTESIAN_POINT('Ctrl Pts',(39.0470507199022,16.5586598079376,76.0000000000146));
#2655=CARTESIAN_POINT('Ctrl Pts',(38.9210798917651,16.3956387362308,76.0000000000146));
#2656=CARTESIAN_POINT('',(38.9210798917651,16.3956387362308,78.0000000000146));
#2657=CARTESIAN_POINT('Ctrl Pts',(38.6716082517288,15.4743226794634,78.0000000000146));
#2658=CARTESIAN_POINT('Ctrl Pts',(38.6716082517288,15.4743226794634,76.0000000000146));
#2659=CARTESIAN_POINT('Ctrl Pts',(38.6716082517288,15.7707246280213,78.0000000000146));
#2660=CARTESIAN_POINT('Ctrl Pts',(38.6716082517288,15.7707246280213,76.0000000000146));
#2661=CARTESIAN_POINT('Ctrl Pts',(38.8000490961039,16.2400277132379,78.0000000000146));
#2662=CARTESIAN_POINT('Ctrl Pts',(38.8000490961039,16.2400277132379,76.0000000000146));
#2663=CARTESIAN_POINT('Ctrl Pts',(38.9210798917651,16.3956387362308,78.0000000000146));
#2664=CARTESIAN_POINT('Ctrl Pts',(38.9210798917651,16.3956387362308,76.0000000000146));
#2665=CARTESIAN_POINT('',(38.6716082517288,15.4743226794634,78.0000000000146));
#2666=CARTESIAN_POINT('Ctrl Pts',(38.9210798917651,16.3956387362308,78.0000000000146));
#2667=CARTESIAN_POINT('Ctrl Pts',(38.8000490961039,16.2400277132379,78.0000000000146));
#2668=CARTESIAN_POINT('Ctrl Pts',(38.6716082517288,15.7707246280213,78.0000000000146));
#2669=CARTESIAN_POINT('Ctrl Pts',(38.6716082517288,15.4743226794634,78.0000000000146));
#2670=CARTESIAN_POINT('',(38.6716082517288,15.4743226794634,76.0000000000146));
#2671=CARTESIAN_POINT('Ctrl Pts',(38.9210798917651,16.3956387362308,76.0000000000146));
#2672=CARTESIAN_POINT('Ctrl Pts',(38.8000490961039,16.2400277132379,76.0000000000146));
#2673=CARTESIAN_POINT('Ctrl Pts',(38.6716082517288,15.7707246280213,76.0000000000146));
#2674=CARTESIAN_POINT('Ctrl Pts',(38.6716082517288,15.4743226794634,76.0000000000146));
#2675=CARTESIAN_POINT('',(38.6716082517288,15.4743226794634,78.0000000000146));
#2676=CARTESIAN_POINT('Ctrl Pts',(39.5978643409722,14.2368445442343,78.0000000000146));
#2677=CARTESIAN_POINT('Ctrl Pts',(39.5978643409722,14.2368445442343,76.0000000000146));
#2678=CARTESIAN_POINT('Ctrl Pts',(39.1754915642772,14.2368445442343,78.0000000000146));
#2679=CARTESIAN_POINT('Ctrl Pts',(39.1754915642772,14.2368445442343,76.0000000000146));
#2680=CARTESIAN_POINT('Ctrl Pts',(38.6716082517288,14.8741087336337,78.0000000000146));
#2681=CARTESIAN_POINT('Ctrl Pts',(38.6716082517288,14.8741087336337,76.0000000000146));
#2682=CARTESIAN_POINT('Ctrl Pts',(38.6716082517288,15.4743226794634,78.0000000000146));
#2683=CARTESIAN_POINT('Ctrl Pts',(38.6716082517288,15.4743226794634,76.0000000000146));
#2684=CARTESIAN_POINT('',(39.5978643409722,14.2368445442343,78.0000000000146));
#2685=CARTESIAN_POINT('Ctrl Pts',(38.6716082517288,15.4743226794634,78.0000000000146));
#2686=CARTESIAN_POINT('Ctrl Pts',(38.6716082517288,14.8741087336337,78.0000000000146));
#2687=CARTESIAN_POINT('Ctrl Pts',(39.1754915642772,14.2368445442343,78.0000000000146));
#2688=CARTESIAN_POINT('Ctrl Pts',(39.5978643409722,14.2368445442343,78.0000000000146));
#2689=CARTESIAN_POINT('',(39.5978643409722,14.2368445442343,76.0000000000146));
#2690=CARTESIAN_POINT('Ctrl Pts',(38.6716082517288,15.4743226794634,76.0000000000146));
#2691=CARTESIAN_POINT('Ctrl Pts',(38.6716082517288,14.8741087336337,76.0000000000146));
#2692=CARTESIAN_POINT('Ctrl Pts',(39.1754915642772,14.2368445442343,76.0000000000146));
#2693=CARTESIAN_POINT('Ctrl Pts',(39.5978643409722,14.2368445442343,76.0000000000146));
#2694=CARTESIAN_POINT('',(39.5978643409722,14.2368445442343,78.0000000000146));
#2695=CARTESIAN_POINT('Ctrl Pts',(40.5216504139776,15.4743226794634,78.0000000000146));
#2696=CARTESIAN_POINT('Ctrl Pts',(40.5216504139776,15.4743226794634,76.0000000000146));
#2697=CARTESIAN_POINT('Ctrl Pts',(40.5216504139776,14.8741087336337,78.0000000000146));
#2698=CARTESIAN_POINT('Ctrl Pts',(40.5216504139776,14.8741087336337,76.0000000000146));
#2699=CARTESIAN_POINT('Ctrl Pts',(40.0202371176672,14.2368445442343,78.0000000000146));
#2700=CARTESIAN_POINT('Ctrl Pts',(40.0202371176672,14.2368445442343,76.0000000000146));
#2701=CARTESIAN_POINT('Ctrl Pts',(39.5978643409722,14.2368445442343,78.0000000000146));
#2702=CARTESIAN_POINT('Ctrl Pts',(39.5978643409722,14.2368445442343,76.0000000000146));
#2703=CARTESIAN_POINT('',(40.5216504139776,15.4743226794634,78.0000000000146));
#2704=CARTESIAN_POINT('Ctrl Pts',(39.5978643409722,14.2368445442343,78.0000000000146));
#2705=CARTESIAN_POINT('Ctrl Pts',(40.0202371176672,14.2368445442343,78.0000000000146));
#2706=CARTESIAN_POINT('Ctrl Pts',(40.5216504139776,14.8741087336337,78.0000000000146));
#2707=CARTESIAN_POINT('Ctrl Pts',(40.5216504139776,15.4743226794634,78.0000000000146));
#2708=CARTESIAN_POINT('',(40.5216504139776,15.4743226794634,76.0000000000146));
#2709=CARTESIAN_POINT('Ctrl Pts',(39.5978643409722,14.2368445442343,76.0000000000146));
#2710=CARTESIAN_POINT('Ctrl Pts',(40.0202371176672,14.2368445442343,76.0000000000146));
#2711=CARTESIAN_POINT('Ctrl Pts',(40.5216504139776,14.8741087336337,76.0000000000146));
#2712=CARTESIAN_POINT('Ctrl Pts',(40.5216504139776,15.4743226794634,76.0000000000146));
#2713=CARTESIAN_POINT('',(40.5216504139776,15.4743226794634,78.0000000000146));
#2714=CARTESIAN_POINT('Ctrl Pts',(40.2721787739414,16.3956387362308,78.0000000000146));
#2715=CARTESIAN_POINT('Ctrl Pts',(40.2721787739414,16.3956387362308,76.0000000000146));
#2716=CARTESIAN_POINT('Ctrl Pts',(40.3907395533645,16.2424977294759,78.0000000000146));
#2717=CARTESIAN_POINT('Ctrl Pts',(40.3907395533645,16.2424977294759,76.0000000000146));
#2718=CARTESIAN_POINT('Ctrl Pts',(40.5216504139776,15.7756646604972,78.0000000000146));
#2719=CARTESIAN_POINT('Ctrl Pts',(40.5216504139776,15.7756646604972,76.0000000000146));
#2720=CARTESIAN_POINT('Ctrl Pts',(40.5216504139776,15.4743226794634,78.0000000000146));
#2721=CARTESIAN_POINT('Ctrl Pts',(40.5216504139776,15.4743226794634,76.0000000000146));
#2722=CARTESIAN_POINT('Ctrl Pts',(40.5216504139776,15.4743226794634,78.0000000000146));
#2723=CARTESIAN_POINT('Ctrl Pts',(40.5216504139776,15.7756646604972,78.0000000000146));
#2724=CARTESIAN_POINT('Ctrl Pts',(40.3907395533645,16.2424977294759,78.0000000000146));
#2725=CARTESIAN_POINT('Ctrl Pts',(40.2721787739414,16.3956387362308,78.0000000000146));
#2726=CARTESIAN_POINT('Ctrl Pts',(40.5216504139776,15.4743226794634,76.0000000000146));
#2727=CARTESIAN_POINT('Ctrl Pts',(40.5216504139776,15.7756646604972,76.0000000000146));
#2728=CARTESIAN_POINT('Ctrl Pts',(40.3907395533645,16.2424977294759,76.0000000000146));
#2729=CARTESIAN_POINT('Ctrl Pts',(40.2721787739414,16.3956387362308,76.0000000000146));
#2730=CARTESIAN_POINT('Ctrl Pts',(39.5953943247342,17.062543120486,78.0000000000146));
#2731=CARTESIAN_POINT('Ctrl Pts',(39.5953943247342,17.062543120486,76.0000000000146));
#2732=CARTESIAN_POINT('Ctrl Pts',(39.90661637072,17.062543120486,78.0000000000146));
#2733=CARTESIAN_POINT('Ctrl Pts',(39.90661637072,17.062543120486,76.0000000000146));
#2734=CARTESIAN_POINT('Ctrl Pts',(40.4055596507924,16.8451816915435,78.0000000000146));
#2735=CARTESIAN_POINT('Ctrl Pts',(40.4055596507924,16.8451816915435,76.0000000000146));
#2736=CARTESIAN_POINT('Ctrl Pts',(40.5784607874512,16.6500504087429,78.0000000000146));
#2737=CARTESIAN_POINT('Ctrl Pts',(40.5784607874512,16.6500504087429,76.0000000000146));
#2738=CARTESIAN_POINT('',(39.5953943247342,17.062543120486,78.0000000000146));
#2739=CARTESIAN_POINT('',(40.5784607874512,16.6500504087429,78.0000000000146));
#2740=CARTESIAN_POINT('Ctrl Pts',(39.5953943247342,17.062543120486,78.0000000000146));
#2741=CARTESIAN_POINT('Ctrl Pts',(39.90661637072,17.062543120486,78.0000000000146));
#2742=CARTESIAN_POINT('Ctrl Pts',(40.4055596507924,16.8451816915435,78.0000000000146));
#2743=CARTESIAN_POINT('Ctrl Pts',(40.5784607874512,16.6500504087429,78.0000000000146));
#2744=CARTESIAN_POINT('',(39.5953943247342,17.062543120486,76.0000000000146));
#2745=CARTESIAN_POINT('',(39.5953943247342,17.062543120486,78.0000000000146));
#2746=CARTESIAN_POINT('',(40.5784607874512,16.6500504087429,76.0000000000146));
#2747=CARTESIAN_POINT('Ctrl Pts',(39.5953943247342,17.062543120486,76.0000000000146));
#2748=CARTESIAN_POINT('Ctrl Pts',(39.90661637072,17.062543120486,76.0000000000146));
#2749=CARTESIAN_POINT('Ctrl Pts',(40.4055596507924,16.8451816915435,76.0000000000146));
#2750=CARTESIAN_POINT('Ctrl Pts',(40.5784607874512,16.6500504087429,76.0000000000146));
#2751=CARTESIAN_POINT('',(40.5784607874512,16.6500504087429,78.0000000000146));
#2752=CARTESIAN_POINT('Ctrl Pts',(38.6147978782553,16.6500504087429,78.0000000000146));
#2753=CARTESIAN_POINT('Ctrl Pts',(38.6147978782553,16.6500504087429,76.0000000000146));
#2754=CARTESIAN_POINT('Ctrl Pts',(38.79263904739,16.8525917402575,78.0000000000146));
#2755=CARTESIAN_POINT('Ctrl Pts',(38.79263904739,16.8525917402575,76.0000000000146));
#2756=CARTESIAN_POINT('Ctrl Pts',(39.2891123112244,17.062543120486,78.0000000000146));
#2757=CARTESIAN_POINT('Ctrl Pts',(39.2891123112244,17.062543120486,76.0000000000146));
#2758=CARTESIAN_POINT('Ctrl Pts',(39.5953943247342,17.062543120486,78.0000000000146));
#2759=CARTESIAN_POINT('Ctrl Pts',(39.5953943247342,17.062543120486,76.0000000000146));
#2760=CARTESIAN_POINT('',(38.6147978782553,16.6500504087429,78.0000000000146));
#2761=CARTESIAN_POINT('Ctrl Pts',(38.6147978782553,16.6500504087429,78.0000000000146));
#2762=CARTESIAN_POINT('Ctrl Pts',(38.79263904739,16.8525917402575,78.0000000000146));
#2763=CARTESIAN_POINT('Ctrl Pts',(39.2891123112244,17.062543120486,78.0000000000146));
#2764=CARTESIAN_POINT('Ctrl Pts',(39.5953943247342,17.062543120486,78.0000000000146));
#2765=CARTESIAN_POINT('',(38.6147978782553,16.6500504087429,76.0000000000146));
#2766=CARTESIAN_POINT('',(38.6147978782553,16.6500504087429,78.0000000000146));
#2767=CARTESIAN_POINT('Ctrl Pts',(38.6147978782553,16.6500504087429,76.0000000000146));
#2768=CARTESIAN_POINT('Ctrl Pts',(38.79263904739,16.8525917402575,76.0000000000146));
#2769=CARTESIAN_POINT('Ctrl Pts',(39.2891123112244,17.062543120486,76.0000000000146));
#2770=CARTESIAN_POINT('Ctrl Pts',(39.5953943247342,17.062543120486,76.0000000000146));
#2771=CARTESIAN_POINT('Ctrl Pts',(38.2492354750339,15.4743226794634,78.0000000000146));
#2772=CARTESIAN_POINT('Ctrl Pts',(38.2492354750339,15.4743226794634,76.0000000000146));
#2773=CARTESIAN_POINT('Ctrl Pts',(38.2492354750339,15.8571751963506,78.0000000000146));
#2774=CARTESIAN_POINT('Ctrl Pts',(38.2492354750339,15.8571751963506,76.0000000000146));
#2775=CARTESIAN_POINT('Ctrl Pts',(38.4394267253585,16.4400990285145,78.0000000000146));
#2776=CARTESIAN_POINT('Ctrl Pts',(38.4394267253585,16.4400990285145,76.0000000000146));
#2777=CARTESIAN_POINT('Ctrl Pts',(38.6147978782553,16.6500504087429,78.0000000000146));
#2778=CARTESIAN_POINT('Ctrl Pts',(38.6147978782553,16.6500504087429,76.0000000000146));
#2779=CARTESIAN_POINT('',(38.2492354750339,15.4743226794634,78.0000000000146));
#2780=CARTESIAN_POINT('Ctrl Pts',(38.2492354750339,15.4743226794634,78.0000000000146));
#2781=CARTESIAN_POINT('Ctrl Pts',(38.2492354750339,15.8571751963506,78.0000000000146));
#2782=CARTESIAN_POINT('Ctrl Pts',(38.4394267253585,16.4400990285145,78.0000000000146));
#2783=CARTESIAN_POINT('Ctrl Pts',(38.6147978782553,16.6500504087429,78.0000000000146));
#2784=CARTESIAN_POINT('',(38.2492354750339,15.4743226794634,76.0000000000146));
#2785=CARTESIAN_POINT('',(38.2492354750339,15.4743226794634,78.0000000000146));
#2786=CARTESIAN_POINT('Ctrl Pts',(38.2492354750339,15.4743226794634,76.0000000000146));
#2787=CARTESIAN_POINT('Ctrl Pts',(38.2492354750339,15.8571751963506,76.0000000000146));
#2788=CARTESIAN_POINT('Ctrl Pts',(38.4394267253585,16.4400990285145,76.0000000000146));
#2789=CARTESIAN_POINT('Ctrl Pts',(38.6147978782553,16.6500504087429,76.0000000000146));
#2790=CARTESIAN_POINT('Ctrl Pts',(38.6123278620173,14.3010649664218,78.0000000000146));
#2791=CARTESIAN_POINT('Ctrl Pts',(38.6123278620173,14.3010649664218,76.0000000000146));
#2792=CARTESIAN_POINT('Ctrl Pts',(38.4369567091205,14.5036062979363,78.0000000000146));
#2793=CARTESIAN_POINT('Ctrl Pts',(38.4369567091205,14.5036062979363,76.0000000000146));
#2794=CARTESIAN_POINT('Ctrl Pts',(38.2492354750339,15.0988802112901,78.0000000000146));
#2795=CARTESIAN_POINT('Ctrl Pts',(38.2492354750339,15.0988802112901,76.0000000000146));
#2796=CARTESIAN_POINT('Ctrl Pts',(38.2492354750339,15.4743226794634,78.0000000000146));
#2797=CARTESIAN_POINT('Ctrl Pts',(38.2492354750339,15.4743226794634,76.0000000000146));
#2798=CARTESIAN_POINT('',(38.6123278620173,14.3010649664218,78.0000000000146));
#2799=CARTESIAN_POINT('Ctrl Pts',(38.6123278620173,14.3010649664218,78.0000000000146));
#2800=CARTESIAN_POINT('Ctrl Pts',(38.4369567091205,14.5036062979363,78.0000000000146));
#2801=CARTESIAN_POINT('Ctrl Pts',(38.2492354750339,15.0988802112901,78.0000000000146));
#2802=CARTESIAN_POINT('Ctrl Pts',(38.2492354750339,15.4743226794634,78.0000000000146));
#2803=CARTESIAN_POINT('',(38.6123278620173,14.3010649664218,76.0000000000146));
#2804=CARTESIAN_POINT('',(38.6123278620173,14.3010649664218,78.0000000000146));
#2805=CARTESIAN_POINT('Ctrl Pts',(38.6123278620173,14.3010649664218,76.0000000000146));
#2806=CARTESIAN_POINT('Ctrl Pts',(38.4369567091205,14.5036062979363,76.0000000000146));
#2807=CARTESIAN_POINT('Ctrl Pts',(38.2492354750339,15.0988802112901,76.0000000000146));
#2808=CARTESIAN_POINT('Ctrl Pts',(38.2492354750339,15.4743226794634,76.0000000000146));
#2809=CARTESIAN_POINT('Ctrl Pts',(39.5953943247342,13.8861022384408,78.0000000000146));
#2810=CARTESIAN_POINT('Ctrl Pts',(39.5953943247342,13.8861022384408,76.0000000000146));
#2811=CARTESIAN_POINT('Ctrl Pts',(39.2866422949864,13.8861022384408,78.0000000000146));
#2812=CARTESIAN_POINT('Ctrl Pts',(39.2866422949864,13.8861022384408,76.0000000000146));
#2813=CARTESIAN_POINT('Ctrl Pts',(38.79263904739,14.0960536186693,78.0000000000146));
#2814=CARTESIAN_POINT('Ctrl Pts',(38.79263904739,14.0960536186693,76.0000000000146));
#2815=CARTESIAN_POINT('Ctrl Pts',(38.6123278620173,14.3010649664218,78.0000000000146));
#2816=CARTESIAN_POINT('Ctrl Pts',(38.6123278620173,14.3010649664218,76.0000000000146));
#2817=CARTESIAN_POINT('',(39.5953943247342,13.8861022384408,78.0000000000146));
#2818=CARTESIAN_POINT('Ctrl Pts',(39.5953943247342,13.8861022384408,78.0000000000146));
#2819=CARTESIAN_POINT('Ctrl Pts',(39.2866422949864,13.8861022384408,78.0000000000146));
#2820=CARTESIAN_POINT('Ctrl Pts',(38.79263904739,14.0960536186693,78.0000000000146));
#2821=CARTESIAN_POINT('Ctrl Pts',(38.6123278620173,14.3010649664218,78.0000000000146));
#2822=CARTESIAN_POINT('',(39.5953943247342,13.8861022384408,76.0000000000146));
#2823=CARTESIAN_POINT('',(39.5953943247342,13.8861022384408,78.0000000000146));
#2824=CARTESIAN_POINT('Ctrl Pts',(39.5953943247342,13.8861022384408,76.0000000000146));
#2825=CARTESIAN_POINT('Ctrl Pts',(39.2866422949864,13.8861022384408,76.0000000000146));
#2826=CARTESIAN_POINT('Ctrl Pts',(38.79263904739,14.0960536186693,76.0000000000146));
#2827=CARTESIAN_POINT('Ctrl Pts',(38.6123278620173,14.3010649664218,76.0000000000146));
#2828=CARTESIAN_POINT('Ctrl Pts',(40.5784607874512,14.3010649664218,78.0000000000146));
#2829=CARTESIAN_POINT('Ctrl Pts',(40.5784607874512,14.3010649664218,76.0000000000146));
#2830=CARTESIAN_POINT('Ctrl Pts',(40.3907395533645,14.0886435699553,78.0000000000146));
#2831=CARTESIAN_POINT('Ctrl Pts',(40.3907395533645,14.0886435699553,76.0000000000146));
#2832=CARTESIAN_POINT('Ctrl Pts',(39.8942662895301,13.8861022384408,78.0000000000146));
#2833=CARTESIAN_POINT('Ctrl Pts',(39.8942662895301,13.8861022384408,76.0000000000146));
#2834=CARTESIAN_POINT('Ctrl Pts',(39.5953943247342,13.8861022384408,78.0000000000146));
#2835=CARTESIAN_POINT('Ctrl Pts',(39.5953943247342,13.8861022384408,76.0000000000146));
#2836=CARTESIAN_POINT('',(40.5784607874512,14.3010649664218,78.0000000000146));
#2837=CARTESIAN_POINT('Ctrl Pts',(40.5784607874512,14.3010649664218,78.0000000000146));
#2838=CARTESIAN_POINT('Ctrl Pts',(40.3907395533645,14.0886435699553,78.0000000000146));
#2839=CARTESIAN_POINT('Ctrl Pts',(39.8942662895301,13.8861022384408,78.0000000000146));
#2840=CARTESIAN_POINT('Ctrl Pts',(39.5953943247342,13.8861022384408,78.0000000000146));
#2841=CARTESIAN_POINT('',(40.5784607874512,14.3010649664218,76.0000000000146));
#2842=CARTESIAN_POINT('',(40.5784607874512,14.3010649664218,78.0000000000146));
#2843=CARTESIAN_POINT('Ctrl Pts',(40.5784607874512,14.3010649664218,76.0000000000146));
#2844=CARTESIAN_POINT('Ctrl Pts',(40.3907395533645,14.0886435699553,76.0000000000146));
#2845=CARTESIAN_POINT('Ctrl Pts',(39.8942662895301,13.8861022384408,76.0000000000146));
#2846=CARTESIAN_POINT('Ctrl Pts',(39.5953943247342,13.8861022384408,76.0000000000146));
#2847=CARTESIAN_POINT('Ctrl Pts',(40.9440231906726,15.4743226794634,78.0000000000146));
#2848=CARTESIAN_POINT('Ctrl Pts',(40.9440231906726,15.4743226794634,76.0000000000146));
#2849=CARTESIAN_POINT('Ctrl Pts',(40.9440231906726,15.103820243766,78.0000000000146));
#2850=CARTESIAN_POINT('Ctrl Pts',(40.9440231906726,15.103820243766,76.0000000000146));
#2851=CARTESIAN_POINT('Ctrl Pts',(40.7563019565859,14.5036062979363,78.0000000000146));
#2852=CARTESIAN_POINT('Ctrl Pts',(40.7563019565859,14.5036062979363,76.0000000000146));
#2853=CARTESIAN_POINT('Ctrl Pts',(40.5784607874512,14.3010649664218,78.0000000000146));
#2854=CARTESIAN_POINT('Ctrl Pts',(40.5784607874512,14.3010649664218,76.0000000000146));
#2855=CARTESIAN_POINT('',(40.9440231906726,15.4743226794634,78.0000000000146));
#2856=CARTESIAN_POINT('Ctrl Pts',(40.9440231906726,15.4743226794634,78.0000000000146));
#2857=CARTESIAN_POINT('Ctrl Pts',(40.9440231906726,15.103820243766,78.0000000000146));
#2858=CARTESIAN_POINT('Ctrl Pts',(40.7563019565859,14.5036062979363,78.0000000000146));
#2859=CARTESIAN_POINT('Ctrl Pts',(40.5784607874512,14.3010649664218,78.0000000000146));
#2860=CARTESIAN_POINT('',(40.9440231906726,15.4743226794634,76.0000000000146));
#2861=CARTESIAN_POINT('',(40.9440231906726,15.4743226794634,78.0000000000146));
#2862=CARTESIAN_POINT('Ctrl Pts',(40.9440231906726,15.4743226794634,76.0000000000146));
#2863=CARTESIAN_POINT('Ctrl Pts',(40.9440231906726,15.103820243766,76.0000000000146));
#2864=CARTESIAN_POINT('Ctrl Pts',(40.7563019565859,14.5036062979363,76.0000000000146));
#2865=CARTESIAN_POINT('Ctrl Pts',(40.5784607874512,14.3010649664218,76.0000000000146));
#2866=CARTESIAN_POINT('Ctrl Pts',(40.5784607874512,16.6500504087429,78.0000000000146));
#2867=CARTESIAN_POINT('Ctrl Pts',(40.5784607874512,16.6500504087429,76.0000000000146));
#2868=CARTESIAN_POINT('Ctrl Pts',(40.7513619241099,16.4475090772284,78.0000000000146));
#2869=CARTESIAN_POINT('Ctrl Pts',(40.7513619241099,16.4475090772284,76.0000000000146));
#2870=CARTESIAN_POINT('Ctrl Pts',(40.9440231906726,15.8547051801127,78.0000000000146));
#2871=CARTESIAN_POINT('Ctrl Pts',(40.9440231906726,15.8547051801127,76.0000000000146));
#2872=CARTESIAN_POINT('Ctrl Pts',(40.9440231906726,15.4743226794634,78.0000000000146));
#2873=CARTESIAN_POINT('Ctrl Pts',(40.9440231906726,15.4743226794634,76.0000000000146));
#2874=CARTESIAN_POINT('Ctrl Pts',(40.5784607874512,16.6500504087429,78.0000000000146));
#2875=CARTESIAN_POINT('Ctrl Pts',(40.7513619241099,16.4475090772284,78.0000000000146));
#2876=CARTESIAN_POINT('Ctrl Pts',(40.9440231906726,15.8547051801127,78.0000000000146));
#2877=CARTESIAN_POINT('Ctrl Pts',(40.9440231906726,15.4743226794634,78.0000000000146));
#2878=CARTESIAN_POINT('Ctrl Pts',(40.5784607874512,16.6500504087429,76.0000000000146));
#2879=CARTESIAN_POINT('Ctrl Pts',(40.7513619241099,16.4475090772284,76.0000000000146));
#2880=CARTESIAN_POINT('Ctrl Pts',(40.9440231906726,15.8547051801127,76.0000000000146));
#2881=CARTESIAN_POINT('Ctrl Pts',(40.9440231906726,15.4743226794634,76.0000000000146));
#2882=CARTESIAN_POINT('Origin',(39.5962492833695,15.4740176513168,76.0000000000146));
#2883=CARTESIAN_POINT('Origin',(45.2171512823819,15.4693826469874,78.0000000000146));
#2884=CARTESIAN_POINT('',(45.2171512823819,15.4693826469874,78.0000000000146));
#2885=CARTESIAN_POINT('',(45.2171512823819,15.0988802112901,78.0000000000146));
#2886=CARTESIAN_POINT('',(45.2171512823819,7.73469132349371,78.0000000000146));
#2887=CARTESIAN_POINT('',(45.2171512823819,15.4693826469874,76.0000000000146));
#2888=CARTESIAN_POINT('',(45.2171512823819,15.4693826469874,78.0000000000146));
#2889=CARTESIAN_POINT('',(45.2171512823819,15.0988802112901,76.0000000000146));
#2890=CARTESIAN_POINT('',(45.2171512823819,15.4693826469874,76.0000000000146));
#2891=CARTESIAN_POINT('',(45.2171512823819,15.0988802112901,78.0000000000146));
#2892=CARTESIAN_POINT('Origin',(44.0636536992442,15.4693826469874,78.0000000000146));
#2893=CARTESIAN_POINT('',(44.0636536992442,15.4693826469874,78.0000000000146));
#2894=CARTESIAN_POINT('',(-29.4681731503852,15.4693826469874,78.0000000000146));
#2895=CARTESIAN_POINT('',(44.0636536992442,15.4693826469874,76.0000000000146));
#2896=CARTESIAN_POINT('',(44.0636536992442,15.4693826469874,78.0000000000146));
#2897=CARTESIAN_POINT('',(44.0636536992442,15.4693826469874,76.0000000000146));
#2898=CARTESIAN_POINT('Origin',(44.0636536992442,15.0988802112901,78.0000000000146));
#2899=CARTESIAN_POINT('',(44.0636536992442,15.0988802112901,78.0000000000146));
#2900=CARTESIAN_POINT('',(44.0636536992442,7.54944010564504,78.0000000000146));
#2901=CARTESIAN_POINT('',(44.0636536992442,15.0988802112901,76.0000000000146));
#2902=CARTESIAN_POINT('',(44.0636536992442,15.0988802112901,78.0000000000146));
#2903=CARTESIAN_POINT('',(44.0636536992442,15.0988802112901,76.0000000000146));
#2904=CARTESIAN_POINT('Origin',(45.2171512823819,15.0988802112901,78.0000000000146));
#2905=CARTESIAN_POINT('',(-28.8914243588163,15.0988802112901,78.0000000000146));
#2906=CARTESIAN_POINT('',(45.2171512823819,15.0988802112901,76.0000000000146));
#2907=CARTESIAN_POINT('Origin',(44.640402490813,15.2841314291387,76.0000000000146));
#2908=CARTESIAN_POINT('Origin',(52.6840103698023,16.9983226982985,78.0000000000146));
#2909=CARTESIAN_POINT('',(52.6840103698023,16.9983226982985,78.0000000000146));
#2910=CARTESIAN_POINT('',(52.6840103698023,16.637700327553,78.0000000000146));
#2911=CARTESIAN_POINT('',(52.6840103698023,8.49916134914923,78.0000000000146));
#2912=CARTESIAN_POINT('',(52.6840103698023,16.9983226982985,76.0000000000146));
#2913=CARTESIAN_POINT('',(52.6840103698023,16.9983226982985,78.0000000000146));
#2914=CARTESIAN_POINT('',(52.6840103698023,16.637700327553,76.0000000000146));
#2915=CARTESIAN_POINT('',(52.6840103698023,16.9983226982985,76.0000000000146));
#2916=CARTESIAN_POINT('',(52.6840103698023,16.637700327553,78.0000000000146));
#2917=CARTESIAN_POINT('Origin',(50.8611383861714,16.9983226982985,78.0000000000146));
#2918=CARTESIAN_POINT('',(50.8611383861714,16.9983226982985,78.0000000000146));
#2919=CARTESIAN_POINT('',(-26.0694308069216,16.9983226982985,78.0000000000146));
#2920=CARTESIAN_POINT('',(50.8611383861714,16.9983226982985,76.0000000000146));
#2921=CARTESIAN_POINT('',(50.8611383861714,16.9983226982985,78.0000000000146));
#2922=CARTESIAN_POINT('',(50.8611383861714,16.9983226982985,76.0000000000146));
#2923=CARTESIAN_POINT('Origin',(50.8611383861714,13.9503226606283,78.0000000000146));
#2924=CARTESIAN_POINT('',(50.8611383861714,13.9503226606283,78.0000000000146));
#2925=CARTESIAN_POINT('',(50.8611383861714,6.97516133031416,78.0000000000146));
#2926=CARTESIAN_POINT('',(50.8611383861714,13.9503226606283,76.0000000000146));
#2927=CARTESIAN_POINT('',(50.8611383861714,13.9503226606283,78.0000000000146));
#2928=CARTESIAN_POINT('',(50.8611383861714,13.9503226606283,76.0000000000146));
#2929=CARTESIAN_POINT('Origin',(51.2662210492005,13.9503226606283,78.0000000000146));
#2930=CARTESIAN_POINT('',(51.2662210492005,13.9503226606283,78.0000000000146));
#2931=CARTESIAN_POINT('',(-25.866889475407,13.9503226606283,78.0000000000146));
#2932=CARTESIAN_POINT('',(51.2662210492005,13.9503226606283,76.0000000000146));
#2933=CARTESIAN_POINT('',(51.2662210492005,13.9503226606283,78.0000000000146));
#2934=CARTESIAN_POINT('',(51.2662210492005,13.9503226606283,76.0000000000146));
#2935=CARTESIAN_POINT('Origin',(51.2662210492005,15.4175123059898,78.0000000000146));
#2936=CARTESIAN_POINT('',(51.2662210492005,15.4175123059898,78.0000000000146));
#2937=CARTESIAN_POINT('',(51.2662210492005,7.7087561529949,78.0000000000146));
#2938=CARTESIAN_POINT('',(51.2662210492005,15.4175123059898,76.0000000000146));
#2939=CARTESIAN_POINT('',(51.2662210492005,15.4175123059898,78.0000000000146));
#2940=CARTESIAN_POINT('',(51.2662210492005,15.4175123059898,76.0000000000146));
#2941=CARTESIAN_POINT('Origin',(52.6247299800908,15.4175123059898,78.0000000000146));
#2942=CARTESIAN_POINT('',(52.6247299800908,15.4175123059898,78.0000000000146));
#2943=CARTESIAN_POINT('',(-25.1876350099619,15.4175123059898,78.0000000000146));
#2944=CARTESIAN_POINT('',(52.6247299800908,15.4175123059898,76.0000000000146));
#2945=CARTESIAN_POINT('',(52.6247299800908,15.4175123059898,78.0000000000146));
#2946=CARTESIAN_POINT('',(52.6247299800908,15.4175123059898,76.0000000000146));
#2947=CARTESIAN_POINT('Origin',(52.6247299800908,15.7781346767352,78.0000000000146));
#2948=CARTESIAN_POINT('',(52.6247299800908,15.7781346767352,78.0000000000146));
#2949=CARTESIAN_POINT('',(52.6247299800908,7.8890673383676,78.0000000000146));
#2950=CARTESIAN_POINT('',(52.6247299800908,15.7781346767352,76.0000000000146));
#2951=CARTESIAN_POINT('',(52.6247299800908,15.7781346767352,78.0000000000146));
#2952=CARTESIAN_POINT('',(52.6247299800908,15.7781346767352,76.0000000000146));
#2953=CARTESIAN_POINT('Origin',(51.2662210492005,15.7781346767352,78.0000000000146));
#2954=CARTESIAN_POINT('',(51.2662210492005,15.7781346767352,78.0000000000146));
#2955=CARTESIAN_POINT('',(-25.866889475407,15.7781346767352,78.0000000000146));
#2956=CARTESIAN_POINT('',(51.2662210492005,15.7781346767352,76.0000000000146));
#2957=CARTESIAN_POINT('',(51.2662210492005,15.7781346767352,78.0000000000146));
#2958=CARTESIAN_POINT('',(51.2662210492005,15.7781346767352,76.0000000000146));
#2959=CARTESIAN_POINT('Origin',(51.2662210492005,16.637700327553,78.0000000000146));
#2960=CARTESIAN_POINT('',(51.2662210492005,16.637700327553,78.0000000000146));
#2961=CARTESIAN_POINT('',(51.2662210492005,8.31885016377652,78.0000000000146));
#2962=CARTESIAN_POINT('',(51.2662210492005,16.637700327553,76.0000000000146));
#2963=CARTESIAN_POINT('',(51.2662210492005,16.637700327553,78.0000000000146));
#2964=CARTESIAN_POINT('',(51.2662210492005,16.637700327553,76.0000000000146));
#2965=CARTESIAN_POINT('Origin',(52.6840103698023,16.637700327553,78.0000000000146));
#2966=CARTESIAN_POINT('',(-25.1579948151061,16.637700327553,78.0000000000146));
#2967=CARTESIAN_POINT('',(52.6840103698023,16.637700327553,76.0000000000146));
#2968=CARTESIAN_POINT('Origin',(51.5437834924634,15.8070755886434,76.0000000000146));
#2969=CARTESIAN_POINT('Origin',(-103.000000000015,0.,78.0000000000146));
#2970=CARTESIAN_POINT('',(-103.000000000015,0.,78.0000000000146));
#2971=CARTESIAN_POINT('',(103.000000000015,0.,78.0000000000146));
#2972=CARTESIAN_POINT('',(-103.000000000015,0.,78.0000000000146));
#2973=CARTESIAN_POINT('',(103.000000000015,50.,78.0000000000146));
#2974=CARTESIAN_POINT('',(103.000000000015,0.,78.0000000000146));
#2975=CARTESIAN_POINT('',(-103.000000000015,50.,78.0000000000146));
#2976=CARTESIAN_POINT('',(-103.000000000015,50.,78.0000000000146));
#2977=CARTESIAN_POINT('',(-103.000000000015,0.,78.0000000000146));
#2978=CARTESIAN_POINT('',(-19.9999999999854,25.,78.0000000000146));
#2979=CARTESIAN_POINT('Origin',(-10.9999999999854,25.,78.0000000000146));
#2980=CARTESIAN_POINT('',(5.00000000001457,25.,78.0000000000146));
#2981=CARTESIAN_POINT('Origin',(14.0000000000146,25.,78.0000000000146));
#2982=CARTESIAN_POINT('',(30.0000000000146,31.75,78.0000000000146));
#2983=CARTESIAN_POINT('',(61.0000000000146,31.75,78.0000000000146));
#2984=CARTESIAN_POINT('',(-36.5,31.75,78.0000000000146));
#2985=CARTESIAN_POINT('',(61.0000000000146,18.25,78.0000000000146));
#2986=CARTESIAN_POINT('',(61.0000000000146,15.875,78.0000000000146));
#2987=CARTESIAN_POINT('',(30.0000000000146,18.25,78.0000000000146));
#2988=CARTESIAN_POINT('',(-21.,18.25,78.0000000000146));
#2989=CARTESIAN_POINT('',(30.0000000000146,9.12500000000008,78.0000000000146));
#2990=CARTESIAN_POINT('Origin',(-103.000000000015,0.,78.0000000000146));
#2991=CARTESIAN_POINT('Origin',(-10.9999999999854,25.,78.0000000000146));
#2992=CARTESIAN_POINT('',(-19.9999999999854,25.,75.));
#2993=CARTESIAN_POINT('',(-19.9999999999854,25.,78.0000000000146));
#2994=CARTESIAN_POINT('Origin',(-10.9999999999854,25.,75.));
#2995=CARTESIAN_POINT('Origin',(14.0000000000146,25.,78.0000000000146));
#2996=CARTESIAN_POINT('',(5.00000000001457,25.,75.));
#2997=CARTESIAN_POINT('',(5.00000000001457,25.,78.0000000000146));
#2998=CARTESIAN_POINT('Origin',(14.0000000000146,25.,75.));
#2999=CARTESIAN_POINT('Origin',(61.0000000000146,18.25,78.0000000000146));
#3000=CARTESIAN_POINT('',(30.0000000000146,18.25,75.));
#3001=CARTESIAN_POINT('',(61.0000000000146,18.25,75.));
#3002=CARTESIAN_POINT('',(80.5000000000073,18.25,75.));
#3003=CARTESIAN_POINT('',(30.0000000000146,18.25,78.0000000000146));
#3004=CARTESIAN_POINT('',(61.0000000000146,18.25,78.0000000000146));
#3005=CARTESIAN_POINT('Origin',(61.0000000000146,31.75,78.0000000000146));
#3006=CARTESIAN_POINT('',(61.0000000000146,31.75,75.));
#3007=CARTESIAN_POINT('',(61.0000000000146,15.875,75.));
#3008=CARTESIAN_POINT('',(61.0000000000146,31.75,78.0000000000146));
#3009=CARTESIAN_POINT('Origin',(30.0000000000146,31.75,78.0000000000146));
#3010=CARTESIAN_POINT('',(30.0000000000146,31.75,75.));
#3011=CARTESIAN_POINT('',(65.0000000000073,31.75,75.));
#3012=CARTESIAN_POINT('',(30.0000000000146,31.75,78.0000000000146));
#3013=CARTESIAN_POINT('Origin',(30.0000000000146,18.25,78.0000000000146));
#3014=CARTESIAN_POINT('',(30.0000000000146,9.12499999999995,75.));
#3015=CARTESIAN_POINT('Origin',(-103.000000000015,25.,0.276406612504028));
#3016=CARTESIAN_POINT('',(-103.000000000015,25.,-2.72359338749598));
#3017=CARTESIAN_POINT('Origin',(-103.000000000015,25.,0.276406612504028));
#3018=CARTESIAN_POINT('',(-100.,25.,-2.72359338749598));
#3019=CARTESIAN_POINT('',(-103.000000000015,25.,-2.72359338749598));
#3020=CARTESIAN_POINT('Origin',(-100.,25.,0.276406612504028));
#3021=CARTESIAN_POINT('Origin',(100.,0.,-75.));
#3022=CARTESIAN_POINT('',(100.,3.,75.));
#3023=CARTESIAN_POINT('',(100.,3.,-78.));
#3024=CARTESIAN_POINT('',(100.,3.,75.));
#3025=CARTESIAN_POINT('',(100.,50.,75.));
#3026=CARTESIAN_POINT('',(100.,0.,75.));
#3027=CARTESIAN_POINT('',(100.,50.,-78.));
#3028=CARTESIAN_POINT('',(100.,50.,-37.5));
#3029=CARTESIAN_POINT('',(100.,25.,-78.0000000000146));
#3030=CARTESIAN_POINT('Origin',(-100.,0.,75.));
#3031=CARTESIAN_POINT('',(-100.,3.,-78.));
#3032=CARTESIAN_POINT('',(-100.,3.,75.));
#3033=CARTESIAN_POINT('',(-100.,3.,-75.));
#3034=CARTESIAN_POINT('',(-100.,50.,-78.));
#3035=CARTESIAN_POINT('',(-100.,1.50000000000004,-78.0000000000146));
#3036=CARTESIAN_POINT('',(-100.,50.,75.));
#3037=CARTESIAN_POINT('',(-100.,50.,75.));
#3038=CARTESIAN_POINT('',(-100.,0.,75.));
#3039=CARTESIAN_POINT('Origin',(100.,0.,75.));
#3040=CARTESIAN_POINT('',(-100.,3.,75.));
#3041=CARTESIAN_POINT('',(100.,50.,75.));
#3042=CARTESIAN_POINT('Origin',(-103.000000000015,0.,78.0000000000146));
#3043=CARTESIAN_POINT('Origin',(-103.000000000015,0.,-78.0000000000146));
#3044=CARTESIAN_POINT('',(-103.000000000015,0.,-78.0000000000146));
#3045=CARTESIAN_POINT('',(-103.000000000015,0.,-78.0000000000146));
#3046=CARTESIAN_POINT('',(-103.000000000015,50.,-78.0000000000146));
#3047=CARTESIAN_POINT('',(-103.000000000015,50.,-78.0000000000146));
#3048=CARTESIAN_POINT('',(-103.000000000015,0.,-78.0000000000146));
#3049=CARTESIAN_POINT('Origin',(103.000000000015,0.,-78.0000000000146));
#3050=CARTESIAN_POINT('',(103.000000000015,50.,-78.0000000000146));
#3051=CARTESIAN_POINT('',(103.000000000015,50.,-78.0000000000146));
#3052=CARTESIAN_POINT('',(103.000000000015,0.,-78.0000000000146));
#3053=CARTESIAN_POINT('',(103.000000000015,0.,-78.0000000000146));
#3054=CARTESIAN_POINT('',(103.000000000015,0.,-78.0000000000146));
#3055=CARTESIAN_POINT('',(103.000000000015,50.,-78.0000000000146));
#3056=CARTESIAN_POINT('',(101.500000000007,3.,-78.0000000000146));
#3057=CARTESIAN_POINT('Origin',(103.000000000015,0.,78.0000000000146));
#3058=CARTESIAN_POINT('',(103.000000000015,0.,78.0000000000146));
#3059=CARTESIAN_POINT('',(103.000000000015,50.,78.0000000000146));
#3060=CARTESIAN_POINT('Origin',(0.,50.,0.));
#3061=CARTESIAN_POINT('Origin',(0.,3.,0.));
#3062=CARTESIAN_POINT('Origin',(0.,0.,0.));
#3063=UNCERTAINTY_MEASURE_WITH_UNIT(LENGTH_MEASURE(0.01),#3067,
'DISTANCE_ACCURACY_VALUE',
'Maximum model space distance between geometric entities at asserted c
onnectivities');
#3064=UNCERTAINTY_MEASURE_WITH_UNIT(LENGTH_MEASURE(0.01),#3067,
'DISTANCE_ACCURACY_VALUE',
'Maximum model space distance between geometric entities at asserted c
onnectivities');
#3065=(
GEOMETRIC_REPRESENTATION_CONTEXT(3)
GLOBAL_UNCERTAINTY_ASSIGNED_CONTEXT((#3063))
GLOBAL_UNIT_ASSIGNED_CONTEXT((#3067,#3069,#3070))
REPRESENTATION_CONTEXT('','3D')
);
#3066=(
GEOMETRIC_REPRESENTATION_CONTEXT(3)
GLOBAL_UNCERTAINTY_ASSIGNED_CONTEXT((#3064))
GLOBAL_UNIT_ASSIGNED_CONTEXT((#3067,#3069,#3070))
REPRESENTATION_CONTEXT('','3D')
);
#3067=(
LENGTH_UNIT()
NAMED_UNIT(*)
SI_UNIT(.MILLI.,.METRE.)
);
#3068=(
LENGTH_UNIT()
NAMED_UNIT(*)
SI_UNIT(.CENTI.,.METRE.)
);
#3069=(
NAMED_UNIT(*)
PLANE_ANGLE_UNIT()
SI_UNIT($,.RADIAN.)
);
#3070=(
NAMED_UNIT(*)
SI_UNIT($,.STERADIAN.)
SOLID_ANGLE_UNIT()
);
#3071=SHAPE_DEFINITION_REPRESENTATION(#3072,#3073);
#3072=PRODUCT_DEFINITION_SHAPE('',$,#3075);
#3073=SHAPE_REPRESENTATION('',(#1779),#3065);
#3074=PRODUCT_DEFINITION_CONTEXT('part definition',#3079,'design');
#3075=PRODUCT_DEFINITION('Chasis','Chasis',#3076,#3074);
#3076=PRODUCT_DEFINITION_FORMATION('',$,#3081);
#3077=PRODUCT_RELATED_PRODUCT_CATEGORY('Chasis','Chasis',(#3081));
#3078=APPLICATION_PROTOCOL_DEFINITION('international standard',
'automotive_design',2009,#3079);
#3079=APPLICATION_CONTEXT(
'Core Data for Automotive Mechanical Design Process');
#3080=PRODUCT_CONTEXT('part definition',#3079,'mechanical');
#3081=PRODUCT('Chasis','Chasis',$,(#3080));
#3082=PRESENTATION_STYLE_ASSIGNMENT((#3083));
#3083=SURFACE_STYLE_USAGE(.BOTH.,#3086);
#3084=SURFACE_STYLE_RENDERING_WITH_PROPERTIES($,#3090,(#3085));
#3085=SURFACE_STYLE_TRANSPARENT(0.);
#3086=SURFACE_SIDE_STYLE('',(#3087,#3084));
#3087=SURFACE_STYLE_FILL_AREA(#3088);
#3088=FILL_AREA_STYLE('',(#3089));
#3089=FILL_AREA_STYLE_COLOUR('',#3090);
#3090=COLOUR_RGB('',0.749019607843137,0.749019607843137,0.749019607843137);
ENDSEC;
END-ISO-10303-21;
