ISO-10303-21;
HEADER;
/* Generated by software containing ST-Developer
 * from STEP Tools, Inc. (www.steptools.com) 
 */

FILE_DESCRIPTION(
/* description */ (''),
/* implementation_level */ '2;1');

FILE_NAME(
/* name */ 'D:\\T-ROVER_NEW\\CAD\\Updates\\Electical Components\\E-Sto
p.stp',
/* time_stamp */ '2022-03-29T18:47:11+05:00',
/* author */ ('Admin'),
/* organization */ (''),
/* preprocessor_version */ 'ST-DEVELOPER v18.1',
/* originating_system */ 'Autodesk Inventor 2020',
/* authorisation */ '');

FILE_SCHEMA (('AUTOMOTIVE_DESIGN { 1 0 10303 214 3 1 1 }'));
ENDSEC;

DATA;
#10=MECHANICAL_DESIGN_GEOMETRIC_PRESENTATION_REPRESENTATION('',(#41,#42,
#43,#44,#45,#46,#47,#48,#49,#50,#51,#52,#53,#54,#55,#56,#57,#58,#59,#60,
#61,#62,#63,#64,#65),#3057);
#11=SHAPE_REPRESENTATION_RELATIONSHIP('SRR','None',#3064,#12);
#12=ADVANCED_BREP_SHAPE_REPRESENTATION('',(#30,#31,#32,#33,#34,#35,#36,
#37,#38),#3056);
#13=(
BOUNDED_CURVE()
B_SPLINE_CURVE(2,(#2969,#2970,#2971),.UNSPECIFIED.,.F.,.F.)
B_SPLINE_CURVE_WITH_KNOTS((3,3),(0.110227148715758,1.58353447689748),
 .UNSPECIFIED.)
CURVE()
GEOMETRIC_REPRESENTATION_ITEM()
RATIONAL_B_SPLINE_CURVE((1.02551485925601,1.18416256009742,1.02551485925883))
REPRESENTATION_ITEM('')
);
#14=(
BOUNDED_CURVE()
B_SPLINE_CURVE(2,(#2973,#2974,#2975),.UNSPECIFIED.,.F.,.F.)
B_SPLINE_CURVE_WITH_KNOTS((3,3),(0.110227148715756,1.58353447689748),
 .UNSPECIFIED.)
CURVE()
GEOMETRIC_REPRESENTATION_ITEM()
RATIONAL_B_SPLINE_CURVE((1.02551485925601,1.18416256009742,1.02551485925883))
REPRESENTATION_ITEM('')
);
#15=(
BOUNDED_CURVE()
B_SPLINE_CURVE(2,(#2977,#2978,#2979),.UNSPECIFIED.,.F.,.F.)
B_SPLINE_CURVE_WITH_KNOTS((3,3),(0.846880812800644,1.58353447689748),
 .UNSPECIFIED.)
CURVE()
GEOMETRIC_REPRESENTATION_ITEM()
RATIONAL_B_SPLINE_CURVE((1.10483870967742,1.10483870967877,1.02551485925883))
REPRESENTATION_ITEM('')
);
#16=(
BOUNDED_CURVE()
B_SPLINE_CURVE(2,(#2986,#2987,#2988),.UNSPECIFIED.,.F.,.F.)
B_SPLINE_CURVE_WITH_KNOTS((3,3),(0.110227148715756,0.846880812800644),
 .UNSPECIFIED.)
CURVE()
GEOMETRIC_REPRESENTATION_ITEM()
RATIONAL_B_SPLINE_CURVE((1.02551485925601,1.10483870967607,1.10483870967742))
REPRESENTATION_ITEM('')
);
#17=(
BOUNDED_CURVE()
B_SPLINE_CURVE(2,(#2990,#2991,#2992),.UNSPECIFIED.,.F.,.F.)
B_SPLINE_CURVE_WITH_KNOTS((3,3),(0.110227148715757,1.58353447689748),
 .UNSPECIFIED.)
CURVE()
GEOMETRIC_REPRESENTATION_ITEM()
RATIONAL_B_SPLINE_CURVE((1.02551485925601,1.18416256009742,1.02551485925883))
REPRESENTATION_ITEM('')
);
#18=(
BOUNDED_CURVE()
B_SPLINE_CURVE(2,(#2994,#2995,#2996),.UNSPECIFIED.,.F.,.F.)
B_SPLINE_CURVE_WITH_KNOTS((3,3),(0.110227148715758,1.58353447689748),
 .UNSPECIFIED.)
CURVE()
GEOMETRIC_REPRESENTATION_ITEM()
RATIONAL_B_SPLINE_CURVE((1.02551485925601,1.18416256009742,1.02551485925883))
REPRESENTATION_ITEM('')
);
#19=(
BOUNDED_CURVE()
B_SPLINE_CURVE(2,(#2997,#2998,#2999),.UNSPECIFIED.,.F.,.F.)
B_SPLINE_CURVE_WITH_KNOTS((3,3),(0.110227148715758,1.58353447689748),
 .UNSPECIFIED.)
CURVE()
GEOMETRIC_REPRESENTATION_ITEM()
RATIONAL_B_SPLINE_CURVE((1.02551485925601,1.18416256009742,1.02551485925883))
REPRESENTATION_ITEM('')
);
#20=(
BOUNDED_CURVE()
B_SPLINE_CURVE(2,(#3008,#3009,#3010),.UNSPECIFIED.,.F.,.F.)
B_SPLINE_CURVE_WITH_KNOTS((3,3),(0.110227148715757,0.846880812800645),
 .UNSPECIFIED.)
CURVE()
GEOMETRIC_REPRESENTATION_ITEM()
RATIONAL_B_SPLINE_CURVE((1.02551485925601,1.10483870967607,1.10483870967742))
REPRESENTATION_ITEM('')
);
#21=(
BOUNDED_CURVE()
B_SPLINE_CURVE(2,(#3012,#3013,#3014),.UNSPECIFIED.,.F.,.F.)
B_SPLINE_CURVE_WITH_KNOTS((3,3),(0.110227148715757,1.58353447689748),
 .UNSPECIFIED.)
CURVE()
GEOMETRIC_REPRESENTATION_ITEM()
RATIONAL_B_SPLINE_CURVE((1.02551485925601,1.18416256009742,1.02551485925883))
REPRESENTATION_ITEM('')
);
#22=(
BOUNDED_CURVE()
B_SPLINE_CURVE(2,(#3016,#3017,#3018),.UNSPECIFIED.,.F.,.F.)
B_SPLINE_CURVE_WITH_KNOTS((3,3),(0.11022714871576,1.58353447689748),
 .UNSPECIFIED.)
CURVE()
GEOMETRIC_REPRESENTATION_ITEM()
RATIONAL_B_SPLINE_CURVE((1.02551485925601,1.18416256009742,1.02551485925883))
REPRESENTATION_ITEM('')
);
#23=(
BOUNDED_CURVE()
B_SPLINE_CURVE(2,(#3020,#3021,#3022),.UNSPECIFIED.,.F.,.F.)
B_SPLINE_CURVE_WITH_KNOTS((3,3),(0.110227148715758,1.58353447689748),
 .UNSPECIFIED.)
CURVE()
GEOMETRIC_REPRESENTATION_ITEM()
RATIONAL_B_SPLINE_CURVE((1.02551485925601,1.18416256009742,1.02551485925883))
REPRESENTATION_ITEM('')
);
#24=(
BOUNDED_CURVE()
B_SPLINE_CURVE(2,(#3024,#3025,#3026),.UNSPECIFIED.,.F.,.F.)
B_SPLINE_CURVE_WITH_KNOTS((3,3),(0.110227148715758,1.58353447689748),
 .UNSPECIFIED.)
CURVE()
GEOMETRIC_REPRESENTATION_ITEM()
RATIONAL_B_SPLINE_CURVE((1.02551485925601,1.18416256009742,1.02551485925883))
REPRESENTATION_ITEM('')
);
#25=(
BOUNDED_CURVE()
B_SPLINE_CURVE(2,(#3028,#3029,#3030),.UNSPECIFIED.,.F.,.F.)
B_SPLINE_CURVE_WITH_KNOTS((3,3),(0.110227148715756,1.58353447689748),
 .UNSPECIFIED.)
CURVE()
GEOMETRIC_REPRESENTATION_ITEM()
RATIONAL_B_SPLINE_CURVE((1.02551485925601,1.18416256009742,1.02551485925883))
REPRESENTATION_ITEM('')
);
#26=(
BOUNDED_CURVE()
B_SPLINE_CURVE(2,(#3031,#3032,#3033),.UNSPECIFIED.,.F.,.F.)
B_SPLINE_CURVE_WITH_KNOTS((3,3),(0.846880812800645,1.58353447689748),
 .UNSPECIFIED.)
CURVE()
GEOMETRIC_REPRESENTATION_ITEM()
RATIONAL_B_SPLINE_CURVE((1.10483870967742,1.10483870967877,1.02551485925883))
REPRESENTATION_ITEM('')
);
#27=CONICAL_SURFACE('',#1926,13.16,0.18875493647081);
#28=CONICAL_SURFACE('',#1979,13.5,1.31019393504756);
#29=CONICAL_SURFACE('',#1982,13.5,1.31019393504756);
#30=MANIFOLD_SOLID_BREP('Solid1',#1791);
#31=MANIFOLD_SOLID_BREP('Solid2',#1792);
#32=MANIFOLD_SOLID_BREP('Solid2',#1793);
#33=MANIFOLD_SOLID_BREP('Solid2',#1794);
#34=MANIFOLD_SOLID_BREP('Solid3',#1795);
#35=MANIFOLD_SOLID_BREP('Solid4',#1796);
#36=MANIFOLD_SOLID_BREP('Solid4',#1797);
#37=MANIFOLD_SOLID_BREP('Solid4',#1798);
#38=MANIFOLD_SOLID_BREP('Solid5',#1799);
#39=TOROIDAL_SURFACE('',#1832,7.815,1.);
#40=TOROIDAL_SURFACE('',#1920,11.65,2.85);
#41=STYLED_ITEM('',(#3075),#1692);
#42=STYLED_ITEM('',(#3075),#1693);
#43=STYLED_ITEM('',(#3075),#1697);
#44=STYLED_ITEM('',(#3075),#1698);
#45=STYLED_ITEM('',(#3075),#1699);
#46=STYLED_ITEM('',(#3075),#1701);
#47=STYLED_ITEM('',(#3075),#1702);
#48=STYLED_ITEM('',(#3074),#30);
#49=STYLED_ITEM('',(#3076),#31);
#50=STYLED_ITEM('',(#3076),#32);
#51=STYLED_ITEM('',(#3076),#33);
#52=STYLED_ITEM('',(#3077),#34);
#53=STYLED_ITEM('',(#3078),#1753);
#54=STYLED_ITEM('',(#3078),#1754);
#55=STYLED_ITEM('',(#3078),#1755);
#56=STYLED_ITEM('',(#3078),#1756);
#57=STYLED_ITEM('',(#3078),#1757);
#58=STYLED_ITEM('',(#3078),#1758);
#59=STYLED_ITEM('',(#3078),#1759);
#60=STYLED_ITEM('',(#3078),#1760);
#61=STYLED_ITEM('',(#3078),#1761);
#62=STYLED_ITEM('',(#3074),#35);
#63=STYLED_ITEM('',(#3074),#36);
#64=STYLED_ITEM('',(#3074),#37);
#65=STYLED_ITEM('',(#3074),#38);
#66=FACE_BOUND('',#258,.T.);
#67=FACE_BOUND('',#261,.T.);
#68=FACE_BOUND('',#265,.T.);
#69=FACE_BOUND('',#274,.T.);
#70=FACE_BOUND('',#279,.T.);
#71=FACE_BOUND('',#281,.T.);
#72=FACE_BOUND('',#284,.T.);
#73=FACE_BOUND('',#295,.T.);
#74=FACE_BOUND('',#298,.T.);
#75=FACE_BOUND('',#309,.T.);
#76=FACE_BOUND('',#312,.T.);
#77=FACE_BOUND('',#323,.T.);
#78=FACE_BOUND('',#328,.T.);
#79=FACE_BOUND('',#369,.T.);
#80=FACE_BOUND('',#371,.T.);
#81=PLANE('',#1824);
#82=PLANE('',#1826);
#83=PLANE('',#1829);
#84=PLANE('',#1841);
#85=PLANE('',#1848);
#86=PLANE('',#1849);
#87=PLANE('',#1851);
#88=PLANE('',#1852);
#89=PLANE('',#1858);
#90=PLANE('',#1864);
#91=PLANE('',#1870);
#92=PLANE('',#1871);
#93=PLANE('',#1872);
#94=PLANE('',#1873);
#95=PLANE('',#1876);
#96=PLANE('',#1877);
#97=PLANE('',#1880);
#98=PLANE('',#1883);
#99=PLANE('',#1884);
#100=PLANE('',#1885);
#101=PLANE('',#1886);
#102=PLANE('',#1887);
#103=PLANE('',#1888);
#104=PLANE('',#1889);
#105=PLANE('',#1892);
#106=PLANE('',#1893);
#107=PLANE('',#1896);
#108=PLANE('',#1899);
#109=PLANE('',#1900);
#110=PLANE('',#1901);
#111=PLANE('',#1902);
#112=PLANE('',#1903);
#113=PLANE('',#1904);
#114=PLANE('',#1905);
#115=PLANE('',#1908);
#116=PLANE('',#1909);
#117=PLANE('',#1910);
#118=PLANE('',#1913);
#119=PLANE('',#1916);
#120=PLANE('',#1917);
#121=PLANE('',#1918);
#122=PLANE('',#1919);
#123=PLANE('',#1932);
#124=PLANE('',#1938);
#125=PLANE('',#1939);
#126=PLANE('',#1940);
#127=PLANE('',#1944);
#128=PLANE('',#1945);
#129=PLANE('',#1946);
#130=PLANE('',#1947);
#131=PLANE('',#1951);
#132=PLANE('',#1952);
#133=PLANE('',#1953);
#134=PLANE('',#1957);
#135=PLANE('',#1958);
#136=PLANE('',#1959);
#137=PLANE('',#1960);
#138=PLANE('',#1964);
#139=PLANE('',#1965);
#140=PLANE('',#1966);
#141=PLANE('',#1970);
#142=PLANE('',#1971);
#143=PLANE('',#1972);
#144=PLANE('',#1973);
#145=PLANE('',#1977);
#146=PLANE('',#1978);
#147=PLANE('',#1985);
#148=PLANE('',#1986);
#149=PLANE('',#1987);
#150=PLANE('',#1991);
#151=PLANE('',#1992);
#152=PLANE('',#1993);
#153=PLANE('',#1994);
#154=PLANE('',#1995);
#155=FACE_OUTER_BOUND('',#256,.T.);
#156=FACE_OUTER_BOUND('',#257,.T.);
#157=FACE_OUTER_BOUND('',#259,.T.);
#158=FACE_OUTER_BOUND('',#260,.T.);
#159=FACE_OUTER_BOUND('',#262,.T.);
#160=FACE_OUTER_BOUND('',#263,.T.);
#161=FACE_OUTER_BOUND('',#264,.T.);
#162=FACE_OUTER_BOUND('',#266,.T.);
#163=FACE_OUTER_BOUND('',#267,.T.);
#164=FACE_OUTER_BOUND('',#268,.T.);
#165=FACE_OUTER_BOUND('',#269,.T.);
#166=FACE_OUTER_BOUND('',#270,.T.);
#167=FACE_OUTER_BOUND('',#271,.T.);
#168=FACE_OUTER_BOUND('',#272,.T.);
#169=FACE_OUTER_BOUND('',#273,.T.);
#170=FACE_OUTER_BOUND('',#275,.T.);
#171=FACE_OUTER_BOUND('',#276,.T.);
#172=FACE_OUTER_BOUND('',#277,.T.);
#173=FACE_OUTER_BOUND('',#278,.T.);
#174=FACE_OUTER_BOUND('',#280,.T.);
#175=FACE_OUTER_BOUND('',#282,.T.);
#176=FACE_OUTER_BOUND('',#283,.T.);
#177=FACE_OUTER_BOUND('',#285,.T.);
#178=FACE_OUTER_BOUND('',#286,.T.);
#179=FACE_OUTER_BOUND('',#287,.T.);
#180=FACE_OUTER_BOUND('',#288,.T.);
#181=FACE_OUTER_BOUND('',#289,.T.);
#182=FACE_OUTER_BOUND('',#290,.T.);
#183=FACE_OUTER_BOUND('',#291,.T.);
#184=FACE_OUTER_BOUND('',#292,.T.);
#185=FACE_OUTER_BOUND('',#293,.T.);
#186=FACE_OUTER_BOUND('',#294,.T.);
#187=FACE_OUTER_BOUND('',#296,.T.);
#188=FACE_OUTER_BOUND('',#297,.T.);
#189=FACE_OUTER_BOUND('',#299,.T.);
#190=FACE_OUTER_BOUND('',#300,.T.);
#191=FACE_OUTER_BOUND('',#301,.T.);
#192=FACE_OUTER_BOUND('',#302,.T.);
#193=FACE_OUTER_BOUND('',#303,.T.);
#194=FACE_OUTER_BOUND('',#304,.T.);
#195=FACE_OUTER_BOUND('',#305,.T.);
#196=FACE_OUTER_BOUND('',#306,.T.);
#197=FACE_OUTER_BOUND('',#307,.T.);
#198=FACE_OUTER_BOUND('',#308,.T.);
#199=FACE_OUTER_BOUND('',#310,.T.);
#200=FACE_OUTER_BOUND('',#311,.T.);
#201=FACE_OUTER_BOUND('',#313,.T.);
#202=FACE_OUTER_BOUND('',#314,.T.);
#203=FACE_OUTER_BOUND('',#315,.T.);
#204=FACE_OUTER_BOUND('',#316,.T.);
#205=FACE_OUTER_BOUND('',#317,.T.);
#206=FACE_OUTER_BOUND('',#318,.T.);
#207=FACE_OUTER_BOUND('',#319,.T.);
#208=FACE_OUTER_BOUND('',#320,.T.);
#209=FACE_OUTER_BOUND('',#321,.T.);
#210=FACE_OUTER_BOUND('',#322,.T.);
#211=FACE_OUTER_BOUND('',#324,.T.);
#212=FACE_OUTER_BOUND('',#325,.T.);
#213=FACE_OUTER_BOUND('',#326,.T.);
#214=FACE_OUTER_BOUND('',#327,.T.);
#215=FACE_OUTER_BOUND('',#329,.T.);
#216=FACE_OUTER_BOUND('',#330,.T.);
#217=FACE_OUTER_BOUND('',#331,.T.);
#218=FACE_OUTER_BOUND('',#332,.T.);
#219=FACE_OUTER_BOUND('',#333,.T.);
#220=FACE_OUTER_BOUND('',#334,.T.);
#221=FACE_OUTER_BOUND('',#335,.T.);
#222=FACE_OUTER_BOUND('',#336,.T.);
#223=FACE_OUTER_BOUND('',#337,.T.);
#224=FACE_OUTER_BOUND('',#338,.T.);
#225=FACE_OUTER_BOUND('',#339,.T.);
#226=FACE_OUTER_BOUND('',#340,.T.);
#227=FACE_OUTER_BOUND('',#341,.T.);
#228=FACE_OUTER_BOUND('',#342,.T.);
#229=FACE_OUTER_BOUND('',#343,.T.);
#230=FACE_OUTER_BOUND('',#344,.T.);
#231=FACE_OUTER_BOUND('',#345,.T.);
#232=FACE_OUTER_BOUND('',#346,.T.);
#233=FACE_OUTER_BOUND('',#347,.T.);
#234=FACE_OUTER_BOUND('',#348,.T.);
#235=FACE_OUTER_BOUND('',#349,.T.);
#236=FACE_OUTER_BOUND('',#350,.T.);
#237=FACE_OUTER_BOUND('',#351,.T.);
#238=FACE_OUTER_BOUND('',#352,.T.);
#239=FACE_OUTER_BOUND('',#353,.T.);
#240=FACE_OUTER_BOUND('',#354,.T.);
#241=FACE_OUTER_BOUND('',#355,.T.);
#242=FACE_OUTER_BOUND('',#356,.T.);
#243=FACE_OUTER_BOUND('',#357,.T.);
#244=FACE_OUTER_BOUND('',#358,.T.);
#245=FACE_OUTER_BOUND('',#359,.T.);
#246=FACE_OUTER_BOUND('',#360,.T.);
#247=FACE_OUTER_BOUND('',#361,.T.);
#248=FACE_OUTER_BOUND('',#362,.T.);
#249=FACE_OUTER_BOUND('',#363,.T.);
#250=FACE_OUTER_BOUND('',#364,.T.);
#251=FACE_OUTER_BOUND('',#365,.T.);
#252=FACE_OUTER_BOUND('',#366,.T.);
#253=FACE_OUTER_BOUND('',#367,.T.);
#254=FACE_OUTER_BOUND('',#368,.T.);
#255=FACE_OUTER_BOUND('',#370,.T.);
#256=EDGE_LOOP('',(#1176,#1177,#1178,#1179,#1180,#1181));
#257=EDGE_LOOP('',(#1182,#1183));
#258=EDGE_LOOP('',(#1184));
#259=EDGE_LOOP('',(#1185,#1186,#1187));
#260=EDGE_LOOP('',(#1188,#1189));
#261=EDGE_LOOP('',(#1190,#1191));
#262=EDGE_LOOP('',(#1192,#1193,#1194,#1195,#1196,#1197));
#263=EDGE_LOOP('',(#1198,#1199,#1200,#1201,#1202,#1203));
#264=EDGE_LOOP('',(#1204,#1205));
#265=EDGE_LOOP('',(#1206,#1207));
#266=EDGE_LOOP('',(#1208,#1209,#1210,#1211,#1212,#1213,#1214,#1215,#1216,
#1217,#1218,#1219));
#267=EDGE_LOOP('',(#1220,#1221,#1222,#1223));
#268=EDGE_LOOP('',(#1224,#1225));
#269=EDGE_LOOP('',(#1226,#1227,#1228,#1229,#1230,#1231));
#270=EDGE_LOOP('',(#1232,#1233,#1234,#1235));
#271=EDGE_LOOP('',(#1236,#1237,#1238,#1239));
#272=EDGE_LOOP('',(#1240,#1241,#1242,#1243,#1244,#1245));
#273=EDGE_LOOP('',(#1246,#1247));
#274=EDGE_LOOP('',(#1248,#1249));
#275=EDGE_LOOP('',(#1250,#1251,#1252,#1253,#1254,#1255));
#276=EDGE_LOOP('',(#1256,#1257));
#277=EDGE_LOOP('',(#1258,#1259,#1260,#1261,#1262,#1263));
#278=EDGE_LOOP('',(#1264,#1265));
#279=EDGE_LOOP('',(#1266,#1267));
#280=EDGE_LOOP('',(#1268,#1269));
#281=EDGE_LOOP('',(#1270,#1271));
#282=EDGE_LOOP('',(#1272,#1273,#1274,#1275));
#283=EDGE_LOOP('',(#1276,#1277,#1278,#1279,#1280,#1281));
#284=EDGE_LOOP('',(#1282,#1283,#1284,#1285));
#285=EDGE_LOOP('',(#1286,#1287,#1288,#1289));
#286=EDGE_LOOP('',(#1290,#1291,#1292,#1293));
#287=EDGE_LOOP('',(#1294,#1295,#1296,#1297));
#288=EDGE_LOOP('',(#1298,#1299,#1300,#1301));
#289=EDGE_LOOP('',(#1302,#1303,#1304,#1305));
#290=EDGE_LOOP('',(#1306,#1307,#1308,#1309));
#291=EDGE_LOOP('',(#1310,#1311,#1312,#1313));
#292=EDGE_LOOP('',(#1314,#1315,#1316,#1317));
#293=EDGE_LOOP('',(#1318,#1319,#1320,#1321));
#294=EDGE_LOOP('',(#1322,#1323,#1324,#1325,#1326,#1327));
#295=EDGE_LOOP('',(#1328,#1329,#1330,#1331));
#296=EDGE_LOOP('',(#1332,#1333,#1334,#1335));
#297=EDGE_LOOP('',(#1336,#1337,#1338,#1339,#1340,#1341));
#298=EDGE_LOOP('',(#1342,#1343,#1344,#1345));
#299=EDGE_LOOP('',(#1346,#1347,#1348,#1349));
#300=EDGE_LOOP('',(#1350,#1351,#1352,#1353));
#301=EDGE_LOOP('',(#1354,#1355,#1356,#1357));
#302=EDGE_LOOP('',(#1358,#1359,#1360,#1361));
#303=EDGE_LOOP('',(#1362,#1363,#1364,#1365));
#304=EDGE_LOOP('',(#1366,#1367,#1368,#1369));
#305=EDGE_LOOP('',(#1370,#1371,#1372,#1373));
#306=EDGE_LOOP('',(#1374,#1375,#1376,#1377));
#307=EDGE_LOOP('',(#1378,#1379,#1380,#1381));
#308=EDGE_LOOP('',(#1382,#1383,#1384,#1385,#1386,#1387));
#309=EDGE_LOOP('',(#1388,#1389,#1390,#1391));
#310=EDGE_LOOP('',(#1392,#1393,#1394,#1395));
#311=EDGE_LOOP('',(#1396,#1397,#1398,#1399,#1400,#1401));
#312=EDGE_LOOP('',(#1402,#1403,#1404,#1405));
#313=EDGE_LOOP('',(#1406,#1407,#1408,#1409));
#314=EDGE_LOOP('',(#1410,#1411,#1412,#1413));
#315=EDGE_LOOP('',(#1414,#1415,#1416,#1417));
#316=EDGE_LOOP('',(#1418,#1419,#1420,#1421));
#317=EDGE_LOOP('',(#1422,#1423,#1424,#1425));
#318=EDGE_LOOP('',(#1426,#1427,#1428,#1429));
#319=EDGE_LOOP('',(#1430,#1431,#1432,#1433));
#320=EDGE_LOOP('',(#1434,#1435,#1436,#1437));
#321=EDGE_LOOP('',(#1438,#1439,#1440,#1441));
#322=EDGE_LOOP('',(#1442,#1443,#1444,#1445,#1446,#1447));
#323=EDGE_LOOP('',(#1448,#1449,#1450,#1451));
#324=EDGE_LOOP('',(#1452,#1453,#1454,#1455,#1456,#1457));
#325=EDGE_LOOP('',(#1458,#1459,#1460,#1461,#1462,#1463));
#326=EDGE_LOOP('',(#1464,#1465,#1466,#1467,#1468,#1469));
#327=EDGE_LOOP('',(#1470,#1471));
#328=EDGE_LOOP('',(#1472,#1473));
#329=EDGE_LOOP('',(#1474,#1475,#1476,#1477,#1478,#1479));
#330=EDGE_LOOP('',(#1480,#1481));
#331=EDGE_LOOP('',(#1482,#1483));
#332=EDGE_LOOP('',(#1484,#1485,#1486,#1487));
#333=EDGE_LOOP('',(#1488,#1489,#1490,#1491));
#334=EDGE_LOOP('',(#1492,#1493,#1494,#1495));
#335=EDGE_LOOP('',(#1496,#1497,#1498,#1499));
#336=EDGE_LOOP('',(#1500,#1501,#1502,#1503));
#337=EDGE_LOOP('',(#1504,#1505,#1506,#1507));
#338=EDGE_LOOP('',(#1508,#1509,#1510,#1511));
#339=EDGE_LOOP('',(#1512,#1513,#1514,#1515,#1516,#1517,#1518));
#340=EDGE_LOOP('',(#1519,#1520,#1521,#1522,#1523,#1524,#1525));
#341=EDGE_LOOP('',(#1526,#1527,#1528,#1529));
#342=EDGE_LOOP('',(#1530,#1531,#1532,#1533));
#343=EDGE_LOOP('',(#1534,#1535,#1536,#1537));
#344=EDGE_LOOP('',(#1538,#1539,#1540,#1541));
#345=EDGE_LOOP('',(#1542,#1543,#1544,#1545));
#346=EDGE_LOOP('',(#1546,#1547,#1548,#1549));
#347=EDGE_LOOP('',(#1550,#1551,#1552,#1553));
#348=EDGE_LOOP('',(#1554,#1555,#1556,#1557,#1558,#1559,#1560));
#349=EDGE_LOOP('',(#1561,#1562,#1563,#1564,#1565,#1566,#1567));
#350=EDGE_LOOP('',(#1568,#1569,#1570,#1571));
#351=EDGE_LOOP('',(#1572,#1573,#1574,#1575));
#352=EDGE_LOOP('',(#1576,#1577,#1578,#1579));
#353=EDGE_LOOP('',(#1580,#1581,#1582,#1583));
#354=EDGE_LOOP('',(#1584,#1585,#1586,#1587));
#355=EDGE_LOOP('',(#1588,#1589,#1590,#1591));
#356=EDGE_LOOP('',(#1592,#1593,#1594,#1595));
#357=EDGE_LOOP('',(#1596,#1597,#1598,#1599,#1600,#1601,#1602));
#358=EDGE_LOOP('',(#1603,#1604,#1605,#1606,#1607,#1608,#1609));
#359=EDGE_LOOP('',(#1610,#1611,#1612,#1613,#1614,#1615,#1616,#1617,#1618,
#1619,#1620));
#360=EDGE_LOOP('',(#1621,#1622,#1623,#1624,#1625,#1626,#1627,#1628,#1629,
#1630,#1631));
#361=EDGE_LOOP('',(#1632,#1633,#1634,#1635));
#362=EDGE_LOOP('',(#1636,#1637,#1638,#1639,#1640,#1641));
#363=EDGE_LOOP('',(#1642,#1643,#1644,#1645));
#364=EDGE_LOOP('',(#1646,#1647,#1648,#1649));
#365=EDGE_LOOP('',(#1650,#1651,#1652,#1653));
#366=EDGE_LOOP('',(#1654,#1655,#1656,#1657));
#367=EDGE_LOOP('',(#1658,#1659,#1660,#1661));
#368=EDGE_LOOP('',(#1662,#1663));
#369=EDGE_LOOP('',(#1664));
#370=EDGE_LOOP('',(#1665,#1666));
#371=EDGE_LOOP('',(#1667));
#372=LINE('',#2515,#528);
#373=LINE('',#2528,#529);
#374=LINE('',#2546,#530);
#375=LINE('',#2556,#531);
#376=LINE('',#2558,#532);
#377=LINE('',#2562,#533);
#378=LINE('',#2566,#534);
#379=LINE('',#2569,#535);
#380=LINE('',#2571,#536);
#381=LINE('',#2572,#537);
#382=LINE('',#2575,#538);
#383=LINE('',#2577,#539);
#384=LINE('',#2585,#540);
#385=LINE('',#2596,#541);
#386=LINE('',#2607,#542);
#387=LINE('',#2616,#543);
#388=LINE('',#2618,#544);
#389=LINE('',#2620,#545);
#390=LINE('',#2621,#546);
#391=LINE('',#2624,#547);
#392=LINE('',#2626,#548);
#393=LINE('',#2628,#549);
#394=LINE('',#2630,#550);
#395=LINE('',#2631,#551);
#396=LINE('',#2634,#552);
#397=LINE('',#2638,#553);
#398=LINE('',#2642,#554);
#399=LINE('',#2643,#555);
#400=LINE('',#2646,#556);
#401=LINE('',#2647,#557);
#402=LINE('',#2650,#558);
#403=LINE('',#2653,#559);
#404=LINE('',#2656,#560);
#405=LINE('',#2657,#561);
#406=LINE('',#2661,#562);
#407=LINE('',#2663,#563);
#408=LINE('',#2666,#564);
#409=LINE('',#2667,#565);
#410=LINE('',#2670,#566);
#411=LINE('',#2671,#567);
#412=LINE('',#2673,#568);
#413=LINE('',#2678,#569);
#414=LINE('',#2680,#570);
#415=LINE('',#2682,#571);
#416=LINE('',#2683,#572);
#417=LINE('',#2686,#573);
#418=LINE('',#2688,#574);
#419=LINE('',#2690,#575);
#420=LINE('',#2692,#576);
#421=LINE('',#2693,#577);
#422=LINE('',#2696,#578);
#423=LINE('',#2700,#579);
#424=LINE('',#2704,#580);
#425=LINE('',#2705,#581);
#426=LINE('',#2708,#582);
#427=LINE('',#2709,#583);
#428=LINE('',#2712,#584);
#429=LINE('',#2715,#585);
#430=LINE('',#2718,#586);
#431=LINE('',#2719,#587);
#432=LINE('',#2723,#588);
#433=LINE('',#2725,#589);
#434=LINE('',#2728,#590);
#435=LINE('',#2729,#591);
#436=LINE('',#2732,#592);
#437=LINE('',#2733,#593);
#438=LINE('',#2735,#594);
#439=LINE('',#2740,#595);
#440=LINE('',#2742,#596);
#441=LINE('',#2744,#597);
#442=LINE('',#2745,#598);
#443=LINE('',#2748,#599);
#444=LINE('',#2750,#600);
#445=LINE('',#2752,#601);
#446=LINE('',#2754,#602);
#447=LINE('',#2755,#603);
#448=LINE('',#2760,#604);
#449=LINE('',#2763,#605);
#450=LINE('',#2766,#606);
#451=LINE('',#2767,#607);
#452=LINE('',#2770,#608);
#453=LINE('',#2771,#609);
#454=LINE('',#2774,#610);
#455=LINE('',#2776,#611);
#456=LINE('',#2777,#612);
#457=LINE('',#2781,#613);
#458=LINE('',#2784,#614);
#459=LINE('',#2785,#615);
#460=LINE('',#2790,#616);
#461=LINE('',#2791,#617);
#462=LINE('',#2794,#618);
#463=LINE('',#2795,#619);
#464=LINE('',#2797,#620);
#465=LINE('',#2814,#621);
#466=LINE('',#2820,#622);
#467=LINE('',#2828,#623);
#468=LINE('',#2837,#624);
#469=LINE('',#2839,#625);
#470=LINE('',#2841,#626);
#471=LINE('',#2842,#627);
#472=LINE('',#2848,#628);
#473=LINE('',#2851,#629);
#474=LINE('',#2853,#630);
#475=LINE('',#2854,#631);
#476=LINE('',#2857,#632);
#477=LINE('',#2859,#633);
#478=LINE('',#2860,#634);
#479=LINE('',#2863,#635);
#480=LINE('',#2865,#636);
#481=LINE('',#2866,#637);
#482=LINE('',#2869,#638);
#483=LINE('',#2871,#639);
#484=LINE('',#2872,#640);
#485=LINE('',#2881,#641);
#486=LINE('',#2883,#642);
#487=LINE('',#2885,#643);
#488=LINE('',#2886,#644);
#489=LINE('',#2892,#645);
#490=LINE('',#2895,#646);
#491=LINE('',#2897,#647);
#492=LINE('',#2898,#648);
#493=LINE('',#2901,#649);
#494=LINE('',#2903,#650);
#495=LINE('',#2904,#651);
#496=LINE('',#2907,#652);
#497=LINE('',#2909,#653);
#498=LINE('',#2910,#654);
#499=LINE('',#2913,#655);
#500=LINE('',#2915,#656);
#501=LINE('',#2916,#657);
#502=LINE('',#2925,#658);
#503=LINE('',#2927,#659);
#504=LINE('',#2929,#660);
#505=LINE('',#2930,#661);
#506=LINE('',#2936,#662);
#507=LINE('',#2939,#663);
#508=LINE('',#2941,#664);
#509=LINE('',#2942,#665);
#510=LINE('',#2945,#666);
#511=LINE('',#2947,#667);
#512=LINE('',#2948,#668);
#513=LINE('',#2951,#669);
#514=LINE('',#2953,#670);
#515=LINE('',#2954,#671);
#516=LINE('',#2957,#672);
#517=LINE('',#2959,#673);
#518=LINE('',#2960,#674);
#519=LINE('',#2981,#675);
#520=LINE('',#3006,#676);
#521=LINE('',#3035,#677);
#522=LINE('',#3036,#678);
#523=LINE('',#3038,#679);
#524=LINE('',#3040,#680);
#525=LINE('',#3045,#681);
#526=LINE('',#3048,#682);
#527=LINE('',#3050,#683);
#528=VECTOR('',#2004,6.525);
#529=VECTOR('',#2019,10.);
#530=VECTOR('',#2040,8.815);
#531=VECTOR('',#2053,6.425);
#532=VECTOR('',#2054,10.);
#533=VECTOR('',#2057,10.);
#534=VECTOR('',#2060,10.);
#535=VECTOR('',#2063,10.);
#536=VECTOR('',#2066,10.);
#537=VECTOR('',#2067,10.);
#538=VECTOR('',#2072,7.425);
#539=VECTOR('',#2075,10.);
#540=VECTOR('',#2084,11.);
#541=VECTOR('',#2097,10.285);
#542=VECTOR('',#2110,12.89);
#543=VECTOR('',#2121,10.);
#544=VECTOR('',#2122,10.);
#545=VECTOR('',#2123,10.);
#546=VECTOR('',#2124,10.);
#547=VECTOR('',#2127,10.);
#548=VECTOR('',#2128,10.);
#549=VECTOR('',#2129,10.);
#550=VECTOR('',#2130,10.);
#551=VECTOR('',#2131,10.);
#552=VECTOR('',#2132,10.);
#553=VECTOR('',#2135,10.);
#554=VECTOR('',#2140,10.);
#555=VECTOR('',#2141,10.);
#556=VECTOR('',#2144,10.);
#557=VECTOR('',#2145,10.);
#558=VECTOR('',#2148,10.);
#559=VECTOR('',#2151,10.);
#560=VECTOR('',#2154,10.);
#561=VECTOR('',#2155,10.);
#562=VECTOR('',#2160,10.);
#563=VECTOR('',#2163,10.);
#564=VECTOR('',#2166,10.);
#565=VECTOR('',#2167,10.);
#566=VECTOR('',#2170,10.);
#567=VECTOR('',#2171,10.);
#568=VECTOR('',#2174,10.);
#569=VECTOR('',#2179,10.);
#570=VECTOR('',#2180,10.);
#571=VECTOR('',#2181,10.);
#572=VECTOR('',#2182,10.);
#573=VECTOR('',#2185,10.);
#574=VECTOR('',#2186,10.);
#575=VECTOR('',#2187,10.);
#576=VECTOR('',#2188,10.);
#577=VECTOR('',#2189,10.);
#578=VECTOR('',#2190,10.);
#579=VECTOR('',#2193,10.);
#580=VECTOR('',#2198,10.);
#581=VECTOR('',#2199,10.);
#582=VECTOR('',#2202,10.);
#583=VECTOR('',#2203,10.);
#584=VECTOR('',#2206,10.);
#585=VECTOR('',#2209,10.);
#586=VECTOR('',#2212,10.);
#587=VECTOR('',#2213,10.);
#588=VECTOR('',#2218,10.);
#589=VECTOR('',#2221,10.);
#590=VECTOR('',#2224,10.);
#591=VECTOR('',#2225,10.);
#592=VECTOR('',#2228,10.);
#593=VECTOR('',#2229,10.);
#594=VECTOR('',#2232,10.);
#595=VECTOR('',#2237,10.);
#596=VECTOR('',#2238,10.);
#597=VECTOR('',#2239,10.);
#598=VECTOR('',#2240,10.);
#599=VECTOR('',#2243,10.);
#600=VECTOR('',#2244,10.);
#601=VECTOR('',#2245,10.);
#602=VECTOR('',#2246,10.);
#603=VECTOR('',#2247,10.);
#604=VECTOR('',#2250,10.);
#605=VECTOR('',#2253,10.);
#606=VECTOR('',#2256,10.);
#607=VECTOR('',#2257,10.);
#608=VECTOR('',#2260,10.);
#609=VECTOR('',#2261,10.);
#610=VECTOR('',#2264,10.);
#611=VECTOR('',#2265,10.);
#612=VECTOR('',#2266,10.);
#613=VECTOR('',#2271,10.);
#614=VECTOR('',#2274,10.);
#615=VECTOR('',#2275,10.);
#616=VECTOR('',#2282,10.);
#617=VECTOR('',#2283,10.);
#618=VECTOR('',#2286,10.);
#619=VECTOR('',#2287,10.);
#620=VECTOR('',#2290,10.);
#621=VECTOR('',#2311,13.16);
#622=VECTOR('',#2318,12.65);
#623=VECTOR('',#2327,10.785);
#624=VECTOR('',#2338,10.);
#625=VECTOR('',#2339,10.);
#626=VECTOR('',#2340,10.);
#627=VECTOR('',#2341,10.);
#628=VECTOR('',#2348,10.);
#629=VECTOR('',#2351,10.);
#630=VECTOR('',#2352,10.);
#631=VECTOR('',#2353,10.);
#632=VECTOR('',#2356,10.);
#633=VECTOR('',#2357,10.);
#634=VECTOR('',#2358,10.);
#635=VECTOR('',#2361,10.);
#636=VECTOR('',#2362,10.);
#637=VECTOR('',#2363,10.);
#638=VECTOR('',#2366,10.);
#639=VECTOR('',#2367,10.);
#640=VECTOR('',#2368,10.);
#641=VECTOR('',#2381,10.);
#642=VECTOR('',#2382,10.);
#643=VECTOR('',#2383,10.);
#644=VECTOR('',#2384,10.);
#645=VECTOR('',#2391,10.);
#646=VECTOR('',#2394,10.);
#647=VECTOR('',#2395,10.);
#648=VECTOR('',#2396,10.);
#649=VECTOR('',#2399,10.);
#650=VECTOR('',#2400,10.);
#651=VECTOR('',#2401,10.);
#652=VECTOR('',#2404,10.);
#653=VECTOR('',#2405,10.);
#654=VECTOR('',#2406,10.);
#655=VECTOR('',#2409,10.);
#656=VECTOR('',#2410,10.);
#657=VECTOR('',#2411,10.);
#658=VECTOR('',#2424,10.);
#659=VECTOR('',#2425,10.);
#660=VECTOR('',#2426,10.);
#661=VECTOR('',#2427,10.);
#662=VECTOR('',#2434,10.);
#663=VECTOR('',#2437,10.);
#664=VECTOR('',#2438,10.);
#665=VECTOR('',#2439,10.);
#666=VECTOR('',#2442,10.);
#667=VECTOR('',#2443,10.);
#668=VECTOR('',#2444,10.);
#669=VECTOR('',#2447,10.);
#670=VECTOR('',#2448,10.);
#671=VECTOR('',#2449,10.);
#672=VECTOR('',#2452,10.);
#673=VECTOR('',#2453,10.);
#674=VECTOR('',#2454,10.);
#675=VECTOR('',#2467,13.5);
#676=VECTOR('',#2478,13.5);
#677=VECTOR('',#2481,10.);
#678=VECTOR('',#2482,10.);
#679=VECTOR('',#2485,10.);
#680=VECTOR('',#2488,10.);
#681=VECTOR('',#2493,11.);
#682=VECTOR('',#2498,10.);
#683=VECTOR('',#2501,10.);
#684=CIRCLE('',#1820,6.525);
#685=CIRCLE('',#1821,6.525);
#686=CIRCLE('',#1822,6.525);
#687=CIRCLE('',#1823,6.525);
#688=CIRCLE('',#1825,6.425);
#689=CIRCLE('',#1827,6.425);
#690=CIRCLE('',#1828,6.425);
#691=CIRCLE('',#1830,7.425);
#692=CIRCLE('',#1831,7.425);
#693=CIRCLE('',#1833,7.815);
#694=CIRCLE('',#1834,1.);
#695=CIRCLE('',#1835,8.815);
#696=CIRCLE('',#1836,8.815);
#697=CIRCLE('',#1837,7.815);
#698=CIRCLE('',#1839,8.815);
#699=CIRCLE('',#1840,8.815);
#700=CIRCLE('',#1842,7.425);
#701=CIRCLE('',#1843,7.425);
#702=CIRCLE('',#1845,6.425);
#703=CIRCLE('',#1846,6.425);
#704=CIRCLE('',#1847,6.425);
#705=CIRCLE('',#1854,11.);
#706=CIRCLE('',#1855,11.);
#707=CIRCLE('',#1856,11.);
#708=CIRCLE('',#1857,11.);
#709=CIRCLE('',#1860,10.285);
#710=CIRCLE('',#1861,10.285);
#711=CIRCLE('',#1862,10.285);
#712=CIRCLE('',#1863,10.285);
#713=CIRCLE('',#1866,12.89);
#714=CIRCLE('',#1867,12.89);
#715=CIRCLE('',#1868,12.89);
#716=CIRCLE('',#1869,12.89);
#717=CIRCLE('',#1874,0.58);
#718=CIRCLE('',#1875,0.58);
#719=CIRCLE('',#1879,0.58);
#720=CIRCLE('',#1882,0.58);
#721=CIRCLE('',#1890,0.58);
#722=CIRCLE('',#1891,0.58);
#723=CIRCLE('',#1895,0.58);
#724=CIRCLE('',#1898,0.58);
#725=CIRCLE('',#1906,0.58);
#726=CIRCLE('',#1907,0.58);
#727=CIRCLE('',#1912,0.58);
#728=CIRCLE('',#1915,0.58);
#729=CIRCLE('',#1921,13.67);
#730=CIRCLE('',#1922,13.67);
#731=CIRCLE('',#1923,2.85);
#732=CIRCLE('',#1924,11.65);
#733=CIRCLE('',#1925,11.65);
#734=CIRCLE('',#1927,12.65);
#735=CIRCLE('',#1928,12.65);
#736=CIRCLE('',#1930,12.65);
#737=CIRCLE('',#1931,12.65);
#738=CIRCLE('',#1933,10.785);
#739=CIRCLE('',#1934,10.785);
#740=CIRCLE('',#1936,10.785);
#741=CIRCLE('',#1937,10.785);
#742=CIRCLE('',#1942,9.5);
#743=CIRCLE('',#1943,9.5);
#744=CIRCLE('',#1949,8.);
#745=CIRCLE('',#1950,8.);
#746=CIRCLE('',#1955,9.5);
#747=CIRCLE('',#1956,9.5);
#748=CIRCLE('',#1962,8.);
#749=CIRCLE('',#1963,8.);
#750=CIRCLE('',#1968,9.5);
#751=CIRCLE('',#1969,9.5);
#752=CIRCLE('',#1975,8.);
#753=CIRCLE('',#1976,8.);
#754=CIRCLE('',#1980,12.);
#755=CIRCLE('',#1981,12.);
#756=CIRCLE('',#1983,12.);
#757=CIRCLE('',#1984,12.);
#758=CIRCLE('',#1989,11.);
#759=CIRCLE('',#1990,11.);
#760=VERTEX_POINT('',#2510);
#761=VERTEX_POINT('',#2511);
#762=VERTEX_POINT('',#2514);
#763=VERTEX_POINT('',#2516);
#764=VERTEX_POINT('',#2520);
#765=VERTEX_POINT('',#2523);
#766=VERTEX_POINT('',#2524);
#767=VERTEX_POINT('',#2526);
#768=VERTEX_POINT('',#2530);
#769=VERTEX_POINT('',#2531);
#770=VERTEX_POINT('',#2535);
#771=VERTEX_POINT('',#2536);
#772=VERTEX_POINT('',#2538);
#773=VERTEX_POINT('',#2540);
#774=VERTEX_POINT('',#2545);
#775=VERTEX_POINT('',#2547);
#776=VERTEX_POINT('',#2551);
#777=VERTEX_POINT('',#2552);
#778=VERTEX_POINT('',#2557);
#779=VERTEX_POINT('',#2559);
#780=VERTEX_POINT('',#2561);
#781=VERTEX_POINT('',#2563);
#782=VERTEX_POINT('',#2565);
#783=VERTEX_POINT('',#2567);
#784=VERTEX_POINT('',#2580);
#785=VERTEX_POINT('',#2581);
#786=VERTEX_POINT('',#2584);
#787=VERTEX_POINT('',#2586);
#788=VERTEX_POINT('',#2591);
#789=VERTEX_POINT('',#2592);
#790=VERTEX_POINT('',#2595);
#791=VERTEX_POINT('',#2597);
#792=VERTEX_POINT('',#2602);
#793=VERTEX_POINT('',#2603);
#794=VERTEX_POINT('',#2606);
#795=VERTEX_POINT('',#2608);
#796=VERTEX_POINT('',#2614);
#797=VERTEX_POINT('',#2615);
#798=VERTEX_POINT('',#2617);
#799=VERTEX_POINT('',#2619);
#800=VERTEX_POINT('',#2623);
#801=VERTEX_POINT('',#2625);
#802=VERTEX_POINT('',#2627);
#803=VERTEX_POINT('',#2629);
#804=VERTEX_POINT('',#2632);
#805=VERTEX_POINT('',#2633);
#806=VERTEX_POINT('',#2635);
#807=VERTEX_POINT('',#2637);
#808=VERTEX_POINT('',#2641);
#809=VERTEX_POINT('',#2645);
#810=VERTEX_POINT('',#2649);
#811=VERTEX_POINT('',#2651);
#812=VERTEX_POINT('',#2655);
#813=VERTEX_POINT('',#2659);
#814=VERTEX_POINT('',#2665);
#815=VERTEX_POINT('',#2669);
#816=VERTEX_POINT('',#2676);
#817=VERTEX_POINT('',#2677);
#818=VERTEX_POINT('',#2679);
#819=VERTEX_POINT('',#2681);
#820=VERTEX_POINT('',#2685);
#821=VERTEX_POINT('',#2687);
#822=VERTEX_POINT('',#2689);
#823=VERTEX_POINT('',#2691);
#824=VERTEX_POINT('',#2694);
#825=VERTEX_POINT('',#2695);
#826=VERTEX_POINT('',#2697);
#827=VERTEX_POINT('',#2699);
#828=VERTEX_POINT('',#2703);
#829=VERTEX_POINT('',#2707);
#830=VERTEX_POINT('',#2711);
#831=VERTEX_POINT('',#2713);
#832=VERTEX_POINT('',#2717);
#833=VERTEX_POINT('',#2721);
#834=VERTEX_POINT('',#2727);
#835=VERTEX_POINT('',#2731);
#836=VERTEX_POINT('',#2738);
#837=VERTEX_POINT('',#2739);
#838=VERTEX_POINT('',#2741);
#839=VERTEX_POINT('',#2743);
#840=VERTEX_POINT('',#2747);
#841=VERTEX_POINT('',#2749);
#842=VERTEX_POINT('',#2751);
#843=VERTEX_POINT('',#2753);
#844=VERTEX_POINT('',#2756);
#845=VERTEX_POINT('',#2757);
#846=VERTEX_POINT('',#2759);
#847=VERTEX_POINT('',#2761);
#848=VERTEX_POINT('',#2765);
#849=VERTEX_POINT('',#2769);
#850=VERTEX_POINT('',#2773);
#851=VERTEX_POINT('',#2775);
#852=VERTEX_POINT('',#2779);
#853=VERTEX_POINT('',#2783);
#854=VERTEX_POINT('',#2789);
#855=VERTEX_POINT('',#2793);
#856=VERTEX_POINT('',#2800);
#857=VERTEX_POINT('',#2801);
#858=VERTEX_POINT('',#2804);
#859=VERTEX_POINT('',#2806);
#860=VERTEX_POINT('',#2810);
#861=VERTEX_POINT('',#2811);
#862=VERTEX_POINT('',#2816);
#863=VERTEX_POINT('',#2817);
#864=VERTEX_POINT('',#2822);
#865=VERTEX_POINT('',#2823);
#866=VERTEX_POINT('',#2827);
#867=VERTEX_POINT('',#2829);
#868=VERTEX_POINT('',#2835);
#869=VERTEX_POINT('',#2836);
#870=VERTEX_POINT('',#2838);
#871=VERTEX_POINT('',#2840);
#872=VERTEX_POINT('',#2844);
#873=VERTEX_POINT('',#2846);
#874=VERTEX_POINT('',#2850);
#875=VERTEX_POINT('',#2852);
#876=VERTEX_POINT('',#2856);
#877=VERTEX_POINT('',#2858);
#878=VERTEX_POINT('',#2862);
#879=VERTEX_POINT('',#2864);
#880=VERTEX_POINT('',#2868);
#881=VERTEX_POINT('',#2870);
#882=VERTEX_POINT('',#2879);
#883=VERTEX_POINT('',#2880);
#884=VERTEX_POINT('',#2882);
#885=VERTEX_POINT('',#2884);
#886=VERTEX_POINT('',#2888);
#887=VERTEX_POINT('',#2890);
#888=VERTEX_POINT('',#2894);
#889=VERTEX_POINT('',#2896);
#890=VERTEX_POINT('',#2900);
#891=VERTEX_POINT('',#2902);
#892=VERTEX_POINT('',#2906);
#893=VERTEX_POINT('',#2908);
#894=VERTEX_POINT('',#2912);
#895=VERTEX_POINT('',#2914);
#896=VERTEX_POINT('',#2923);
#897=VERTEX_POINT('',#2924);
#898=VERTEX_POINT('',#2926);
#899=VERTEX_POINT('',#2928);
#900=VERTEX_POINT('',#2932);
#901=VERTEX_POINT('',#2934);
#902=VERTEX_POINT('',#2938);
#903=VERTEX_POINT('',#2940);
#904=VERTEX_POINT('',#2944);
#905=VERTEX_POINT('',#2946);
#906=VERTEX_POINT('',#2950);
#907=VERTEX_POINT('',#2952);
#908=VERTEX_POINT('',#2956);
#909=VERTEX_POINT('',#2958);
#910=VERTEX_POINT('',#2967);
#911=VERTEX_POINT('',#2968);
#912=VERTEX_POINT('',#2972);
#913=VERTEX_POINT('',#2976);
#914=VERTEX_POINT('',#2980);
#915=VERTEX_POINT('',#2982);
#916=VERTEX_POINT('',#2985);
#917=VERTEX_POINT('',#2989);
#918=VERTEX_POINT('',#2993);
#919=VERTEX_POINT('',#3001);
#920=VERTEX_POINT('',#3002);
#921=VERTEX_POINT('',#3005);
#922=VERTEX_POINT('',#3007);
#923=VERTEX_POINT('',#3011);
#924=VERTEX_POINT('',#3015);
#925=VERTEX_POINT('',#3019);
#926=VERTEX_POINT('',#3023);
#927=VERTEX_POINT('',#3027);
#928=VERTEX_POINT('',#3042);
#929=VERTEX_POINT('',#3044);
#930=EDGE_CURVE('',#760,#761,#684,.T.);
#931=EDGE_CURVE('',#761,#760,#685,.T.);
#932=EDGE_CURVE('',#761,#762,#372,.T.);
#933=EDGE_CURVE('',#762,#763,#686,.T.);
#934=EDGE_CURVE('',#763,#762,#687,.T.);
#935=EDGE_CURVE('',#764,#764,#688,.T.);
#936=EDGE_CURVE('',#765,#766,#689,.T.);
#937=EDGE_CURVE('',#766,#767,#690,.T.);
#938=EDGE_CURVE('',#767,#765,#373,.T.);
#939=EDGE_CURVE('',#768,#769,#691,.T.);
#940=EDGE_CURVE('',#769,#768,#692,.T.);
#941=EDGE_CURVE('',#770,#771,#693,.T.);
#942=EDGE_CURVE('',#771,#772,#694,.T.);
#943=EDGE_CURVE('',#772,#773,#695,.T.);
#944=EDGE_CURVE('',#773,#772,#696,.T.);
#945=EDGE_CURVE('',#771,#770,#697,.T.);
#946=EDGE_CURVE('',#772,#774,#374,.T.);
#947=EDGE_CURVE('',#775,#774,#698,.T.);
#948=EDGE_CURVE('',#774,#775,#699,.T.);
#949=EDGE_CURVE('',#776,#777,#700,.T.);
#950=EDGE_CURVE('',#777,#776,#701,.T.);
#951=EDGE_CURVE('',#764,#766,#375,.T.);
#952=EDGE_CURVE('',#778,#765,#376,.T.);
#953=EDGE_CURVE('',#779,#778,#702,.T.);
#954=EDGE_CURVE('',#780,#779,#377,.T.);
#955=EDGE_CURVE('',#781,#780,#703,.T.);
#956=EDGE_CURVE('',#782,#781,#378,.T.);
#957=EDGE_CURVE('',#783,#782,#704,.T.);
#958=EDGE_CURVE('',#767,#783,#379,.T.);
#959=EDGE_CURVE('',#780,#781,#380,.T.);
#960=EDGE_CURVE('',#782,#779,#381,.T.);
#961=EDGE_CURVE('',#769,#777,#382,.T.);
#962=EDGE_CURVE('',#778,#783,#383,.T.);
#963=EDGE_CURVE('',#784,#785,#705,.T.);
#964=EDGE_CURVE('',#785,#784,#706,.T.);
#965=EDGE_CURVE('',#785,#786,#384,.T.);
#966=EDGE_CURVE('',#787,#786,#707,.T.);
#967=EDGE_CURVE('',#786,#787,#708,.T.);
#968=EDGE_CURVE('',#788,#789,#709,.T.);
#969=EDGE_CURVE('',#789,#788,#710,.T.);
#970=EDGE_CURVE('',#789,#790,#385,.T.);
#971=EDGE_CURVE('',#791,#790,#711,.T.);
#972=EDGE_CURVE('',#790,#791,#712,.T.);
#973=EDGE_CURVE('',#792,#793,#713,.T.);
#974=EDGE_CURVE('',#793,#792,#714,.T.);
#975=EDGE_CURVE('',#793,#794,#386,.T.);
#976=EDGE_CURVE('',#795,#794,#715,.T.);
#977=EDGE_CURVE('',#794,#795,#716,.T.);
#978=EDGE_CURVE('',#796,#797,#387,.T.);
#979=EDGE_CURVE('',#797,#798,#388,.T.);
#980=EDGE_CURVE('',#798,#799,#389,.T.);
#981=EDGE_CURVE('',#799,#796,#390,.T.);
#982=EDGE_CURVE('',#796,#800,#391,.T.);
#983=EDGE_CURVE('',#801,#800,#392,.T.);
#984=EDGE_CURVE('',#801,#802,#393,.T.);
#985=EDGE_CURVE('',#802,#803,#394,.T.);
#986=EDGE_CURVE('',#803,#797,#395,.T.);
#987=EDGE_CURVE('',#804,#805,#396,.T.);
#988=EDGE_CURVE('',#805,#806,#717,.T.);
#989=EDGE_CURVE('',#806,#807,#397,.T.);
#990=EDGE_CURVE('',#807,#804,#718,.T.);
#991=EDGE_CURVE('',#808,#799,#398,.T.);
#992=EDGE_CURVE('',#800,#808,#399,.T.);
#993=EDGE_CURVE('',#808,#809,#400,.T.);
#994=EDGE_CURVE('',#809,#801,#401,.T.);
#995=EDGE_CURVE('',#810,#805,#402,.T.);
#996=EDGE_CURVE('',#811,#810,#719,.T.);
#997=EDGE_CURVE('',#806,#811,#403,.T.);
#998=EDGE_CURVE('',#812,#811,#404,.T.);
#999=EDGE_CURVE('',#807,#812,#405,.T.);
#1000=EDGE_CURVE('',#813,#812,#720,.T.);
#1001=EDGE_CURVE('',#804,#813,#406,.T.);
#1002=EDGE_CURVE('',#810,#813,#407,.T.);
#1003=EDGE_CURVE('',#814,#809,#408,.T.);
#1004=EDGE_CURVE('',#802,#814,#409,.T.);
#1005=EDGE_CURVE('',#815,#814,#410,.T.);
#1006=EDGE_CURVE('',#803,#815,#411,.T.);
#1007=EDGE_CURVE('',#798,#815,#412,.T.);
#1008=EDGE_CURVE('',#816,#817,#413,.T.);
#1009=EDGE_CURVE('',#817,#818,#414,.T.);
#1010=EDGE_CURVE('',#818,#819,#415,.T.);
#1011=EDGE_CURVE('',#819,#816,#416,.T.);
#1012=EDGE_CURVE('',#816,#820,#417,.T.);
#1013=EDGE_CURVE('',#821,#820,#418,.T.);
#1014=EDGE_CURVE('',#821,#822,#419,.T.);
#1015=EDGE_CURVE('',#822,#823,#420,.T.);
#1016=EDGE_CURVE('',#823,#817,#421,.T.);
#1017=EDGE_CURVE('',#824,#825,#422,.T.);
#1018=EDGE_CURVE('',#825,#826,#721,.T.);
#1019=EDGE_CURVE('',#826,#827,#423,.T.);
#1020=EDGE_CURVE('',#827,#824,#722,.T.);
#1021=EDGE_CURVE('',#828,#819,#424,.T.);
#1022=EDGE_CURVE('',#820,#828,#425,.T.);
#1023=EDGE_CURVE('',#828,#829,#426,.T.);
#1024=EDGE_CURVE('',#829,#821,#427,.T.);
#1025=EDGE_CURVE('',#830,#825,#428,.T.);
#1026=EDGE_CURVE('',#831,#830,#723,.T.);
#1027=EDGE_CURVE('',#826,#831,#429,.T.);
#1028=EDGE_CURVE('',#832,#831,#430,.T.);
#1029=EDGE_CURVE('',#827,#832,#431,.T.);
#1030=EDGE_CURVE('',#833,#832,#724,.T.);
#1031=EDGE_CURVE('',#824,#833,#432,.T.);
#1032=EDGE_CURVE('',#830,#833,#433,.T.);
#1033=EDGE_CURVE('',#834,#829,#434,.T.);
#1034=EDGE_CURVE('',#822,#834,#435,.T.);
#1035=EDGE_CURVE('',#835,#834,#436,.T.);
#1036=EDGE_CURVE('',#823,#835,#437,.T.);
#1037=EDGE_CURVE('',#818,#835,#438,.T.);
#1038=EDGE_CURVE('',#836,#837,#439,.T.);
#1039=EDGE_CURVE('',#837,#838,#440,.T.);
#1040=EDGE_CURVE('',#838,#839,#441,.T.);
#1041=EDGE_CURVE('',#839,#836,#442,.T.);
#1042=EDGE_CURVE('',#836,#840,#443,.T.);
#1043=EDGE_CURVE('',#841,#840,#444,.T.);
#1044=EDGE_CURVE('',#841,#842,#445,.T.);
#1045=EDGE_CURVE('',#842,#843,#446,.T.);
#1046=EDGE_CURVE('',#843,#837,#447,.T.);
#1047=EDGE_CURVE('',#844,#845,#725,.T.);
#1048=EDGE_CURVE('',#845,#846,#448,.T.);
#1049=EDGE_CURVE('',#846,#847,#726,.T.);
#1050=EDGE_CURVE('',#847,#844,#449,.T.);
#1051=EDGE_CURVE('',#848,#839,#450,.T.);
#1052=EDGE_CURVE('',#840,#848,#451,.T.);
#1053=EDGE_CURVE('',#848,#849,#452,.T.);
#1054=EDGE_CURVE('',#849,#841,#453,.T.);
#1055=EDGE_CURVE('',#850,#845,#454,.T.);
#1056=EDGE_CURVE('',#851,#850,#455,.T.);
#1057=EDGE_CURVE('',#846,#851,#456,.T.);
#1058=EDGE_CURVE('',#852,#851,#727,.T.);
#1059=EDGE_CURVE('',#847,#852,#457,.T.);
#1060=EDGE_CURVE('',#853,#852,#458,.T.);
#1061=EDGE_CURVE('',#844,#853,#459,.T.);
#1062=EDGE_CURVE('',#850,#853,#728,.T.);
#1063=EDGE_CURVE('',#854,#849,#460,.T.);
#1064=EDGE_CURVE('',#842,#854,#461,.T.);
#1065=EDGE_CURVE('',#855,#854,#462,.T.);
#1066=EDGE_CURVE('',#843,#855,#463,.T.);
#1067=EDGE_CURVE('',#838,#855,#464,.T.);
#1068=EDGE_CURVE('',#856,#857,#729,.T.);
#1069=EDGE_CURVE('',#857,#856,#730,.T.);
#1070=EDGE_CURVE('',#857,#858,#731,.T.);
#1071=EDGE_CURVE('',#858,#859,#732,.T.);
#1072=EDGE_CURVE('',#859,#858,#733,.T.);
#1073=EDGE_CURVE('',#860,#861,#734,.T.);
#1074=EDGE_CURVE('',#861,#860,#735,.T.);
#1075=EDGE_CURVE('',#861,#857,#465,.T.);
#1076=EDGE_CURVE('',#862,#863,#736,.T.);
#1077=EDGE_CURVE('',#863,#862,#737,.T.);
#1078=EDGE_CURVE('',#863,#861,#466,.T.);
#1079=EDGE_CURVE('',#864,#865,#738,.T.);
#1080=EDGE_CURVE('',#865,#864,#739,.T.);
#1081=EDGE_CURVE('',#865,#866,#467,.T.);
#1082=EDGE_CURVE('',#867,#866,#740,.T.);
#1083=EDGE_CURVE('',#866,#867,#741,.T.);
#1084=EDGE_CURVE('',#868,#869,#468,.T.);
#1085=EDGE_CURVE('',#869,#870,#469,.T.);
#1086=EDGE_CURVE('',#871,#870,#470,.T.);
#1087=EDGE_CURVE('',#868,#871,#471,.T.);
#1088=EDGE_CURVE('',#872,#868,#742,.T.);
#1089=EDGE_CURVE('',#873,#871,#743,.T.);
#1090=EDGE_CURVE('',#872,#873,#472,.T.);
#1091=EDGE_CURVE('',#874,#872,#473,.T.);
#1092=EDGE_CURVE('',#875,#873,#474,.T.);
#1093=EDGE_CURVE('',#874,#875,#475,.T.);
#1094=EDGE_CURVE('',#876,#874,#476,.T.);
#1095=EDGE_CURVE('',#877,#875,#477,.T.);
#1096=EDGE_CURVE('',#876,#877,#478,.T.);
#1097=EDGE_CURVE('',#878,#876,#479,.T.);
#1098=EDGE_CURVE('',#879,#877,#480,.T.);
#1099=EDGE_CURVE('',#878,#879,#481,.T.);
#1100=EDGE_CURVE('',#880,#878,#482,.T.);
#1101=EDGE_CURVE('',#881,#879,#483,.T.);
#1102=EDGE_CURVE('',#880,#881,#484,.T.);
#1103=EDGE_CURVE('',#869,#880,#744,.T.);
#1104=EDGE_CURVE('',#870,#881,#745,.T.);
#1105=EDGE_CURVE('',#882,#883,#485,.T.);
#1106=EDGE_CURVE('',#883,#884,#486,.T.);
#1107=EDGE_CURVE('',#885,#884,#487,.T.);
#1108=EDGE_CURVE('',#882,#885,#488,.T.);
#1109=EDGE_CURVE('',#886,#882,#746,.T.);
#1110=EDGE_CURVE('',#887,#885,#747,.T.);
#1111=EDGE_CURVE('',#886,#887,#489,.T.);
#1112=EDGE_CURVE('',#888,#886,#490,.T.);
#1113=EDGE_CURVE('',#889,#887,#491,.T.);
#1114=EDGE_CURVE('',#888,#889,#492,.T.);
#1115=EDGE_CURVE('',#890,#888,#493,.T.);
#1116=EDGE_CURVE('',#891,#889,#494,.T.);
#1117=EDGE_CURVE('',#890,#891,#495,.T.);
#1118=EDGE_CURVE('',#892,#890,#496,.T.);
#1119=EDGE_CURVE('',#893,#891,#497,.T.);
#1120=EDGE_CURVE('',#892,#893,#498,.T.);
#1121=EDGE_CURVE('',#894,#892,#499,.T.);
#1122=EDGE_CURVE('',#895,#893,#500,.T.);
#1123=EDGE_CURVE('',#894,#895,#501,.T.);
#1124=EDGE_CURVE('',#883,#894,#748,.T.);
#1125=EDGE_CURVE('',#884,#895,#749,.T.);
#1126=EDGE_CURVE('',#896,#897,#502,.T.);
#1127=EDGE_CURVE('',#897,#898,#503,.T.);
#1128=EDGE_CURVE('',#899,#898,#504,.T.);
#1129=EDGE_CURVE('',#896,#899,#505,.T.);
#1130=EDGE_CURVE('',#900,#896,#750,.T.);
#1131=EDGE_CURVE('',#901,#899,#751,.T.);
#1132=EDGE_CURVE('',#900,#901,#506,.T.);
#1133=EDGE_CURVE('',#902,#900,#507,.T.);
#1134=EDGE_CURVE('',#903,#901,#508,.T.);
#1135=EDGE_CURVE('',#902,#903,#509,.T.);
#1136=EDGE_CURVE('',#904,#902,#510,.T.);
#1137=EDGE_CURVE('',#905,#903,#511,.T.);
#1138=EDGE_CURVE('',#904,#905,#512,.T.);
#1139=EDGE_CURVE('',#906,#904,#513,.T.);
#1140=EDGE_CURVE('',#907,#905,#514,.T.);
#1141=EDGE_CURVE('',#906,#907,#515,.T.);
#1142=EDGE_CURVE('',#908,#906,#516,.T.);
#1143=EDGE_CURVE('',#909,#907,#517,.T.);
#1144=EDGE_CURVE('',#908,#909,#518,.T.);
#1145=EDGE_CURVE('',#897,#908,#752,.T.);
#1146=EDGE_CURVE('',#898,#909,#753,.T.);
#1147=EDGE_CURVE('',#910,#911,#13,.T.);
#1148=EDGE_CURVE('',#912,#910,#14,.T.);
#1149=EDGE_CURVE('',#913,#912,#15,.T.);
#1150=EDGE_CURVE('',#913,#914,#519,.T.);
#1151=EDGE_CURVE('',#915,#914,#754,.T.);
#1152=EDGE_CURVE('',#914,#915,#755,.T.);
#1153=EDGE_CURVE('',#916,#913,#16,.T.);
#1154=EDGE_CURVE('',#917,#916,#17,.T.);
#1155=EDGE_CURVE('',#918,#917,#18,.T.);
#1156=EDGE_CURVE('',#911,#918,#19,.T.);
#1157=EDGE_CURVE('',#919,#920,#756,.T.);
#1158=EDGE_CURVE('',#920,#919,#757,.T.);
#1159=EDGE_CURVE('',#920,#921,#520,.T.);
#1160=EDGE_CURVE('',#922,#921,#20,.T.);
#1161=EDGE_CURVE('',#923,#922,#21,.T.);
#1162=EDGE_CURVE('',#924,#923,#22,.T.);
#1163=EDGE_CURVE('',#925,#924,#23,.T.);
#1164=EDGE_CURVE('',#926,#925,#24,.T.);
#1165=EDGE_CURVE('',#927,#926,#25,.T.);
#1166=EDGE_CURVE('',#921,#927,#26,.T.);
#1167=EDGE_CURVE('',#916,#927,#521,.T.);
#1168=EDGE_CURVE('',#917,#926,#522,.T.);
#1169=EDGE_CURVE('',#912,#922,#523,.T.);
#1170=EDGE_CURVE('',#910,#923,#524,.T.);
#1171=EDGE_CURVE('',#928,#928,#758,.T.);
#1172=EDGE_CURVE('',#928,#929,#525,.T.);
#1173=EDGE_CURVE('',#929,#929,#759,.T.);
#1174=EDGE_CURVE('',#911,#924,#526,.T.);
#1175=EDGE_CURVE('',#918,#925,#527,.T.);
#1176=ORIENTED_EDGE('',*,*,#930,.F.);
#1177=ORIENTED_EDGE('',*,*,#931,.F.);
#1178=ORIENTED_EDGE('',*,*,#932,.T.);
#1179=ORIENTED_EDGE('',*,*,#933,.T.);
#1180=ORIENTED_EDGE('',*,*,#934,.T.);
#1181=ORIENTED_EDGE('',*,*,#932,.F.);
#1182=ORIENTED_EDGE('',*,*,#934,.F.);
#1183=ORIENTED_EDGE('',*,*,#933,.F.);
#1184=ORIENTED_EDGE('',*,*,#935,.F.);
#1185=ORIENTED_EDGE('',*,*,#936,.T.);
#1186=ORIENTED_EDGE('',*,*,#937,.T.);
#1187=ORIENTED_EDGE('',*,*,#938,.T.);
#1188=ORIENTED_EDGE('',*,*,#939,.T.);
#1189=ORIENTED_EDGE('',*,*,#940,.T.);
#1190=ORIENTED_EDGE('',*,*,#930,.T.);
#1191=ORIENTED_EDGE('',*,*,#931,.T.);
#1192=ORIENTED_EDGE('',*,*,#941,.T.);
#1193=ORIENTED_EDGE('',*,*,#942,.T.);
#1194=ORIENTED_EDGE('',*,*,#943,.T.);
#1195=ORIENTED_EDGE('',*,*,#944,.T.);
#1196=ORIENTED_EDGE('',*,*,#942,.F.);
#1197=ORIENTED_EDGE('',*,*,#945,.T.);
#1198=ORIENTED_EDGE('',*,*,#944,.F.);
#1199=ORIENTED_EDGE('',*,*,#943,.F.);
#1200=ORIENTED_EDGE('',*,*,#946,.T.);
#1201=ORIENTED_EDGE('',*,*,#947,.F.);
#1202=ORIENTED_EDGE('',*,*,#948,.F.);
#1203=ORIENTED_EDGE('',*,*,#946,.F.);
#1204=ORIENTED_EDGE('',*,*,#941,.F.);
#1205=ORIENTED_EDGE('',*,*,#945,.F.);
#1206=ORIENTED_EDGE('',*,*,#949,.T.);
#1207=ORIENTED_EDGE('',*,*,#950,.T.);
#1208=ORIENTED_EDGE('',*,*,#935,.T.);
#1209=ORIENTED_EDGE('',*,*,#951,.T.);
#1210=ORIENTED_EDGE('',*,*,#936,.F.);
#1211=ORIENTED_EDGE('',*,*,#952,.F.);
#1212=ORIENTED_EDGE('',*,*,#953,.F.);
#1213=ORIENTED_EDGE('',*,*,#954,.F.);
#1214=ORIENTED_EDGE('',*,*,#955,.F.);
#1215=ORIENTED_EDGE('',*,*,#956,.F.);
#1216=ORIENTED_EDGE('',*,*,#957,.F.);
#1217=ORIENTED_EDGE('',*,*,#958,.F.);
#1218=ORIENTED_EDGE('',*,*,#937,.F.);
#1219=ORIENTED_EDGE('',*,*,#951,.F.);
#1220=ORIENTED_EDGE('',*,*,#956,.T.);
#1221=ORIENTED_EDGE('',*,*,#959,.F.);
#1222=ORIENTED_EDGE('',*,*,#954,.T.);
#1223=ORIENTED_EDGE('',*,*,#960,.F.);
#1224=ORIENTED_EDGE('',*,*,#955,.T.);
#1225=ORIENTED_EDGE('',*,*,#959,.T.);
#1226=ORIENTED_EDGE('',*,*,#939,.F.);
#1227=ORIENTED_EDGE('',*,*,#940,.F.);
#1228=ORIENTED_EDGE('',*,*,#961,.T.);
#1229=ORIENTED_EDGE('',*,*,#949,.F.);
#1230=ORIENTED_EDGE('',*,*,#950,.F.);
#1231=ORIENTED_EDGE('',*,*,#961,.F.);
#1232=ORIENTED_EDGE('',*,*,#958,.T.);
#1233=ORIENTED_EDGE('',*,*,#962,.F.);
#1234=ORIENTED_EDGE('',*,*,#952,.T.);
#1235=ORIENTED_EDGE('',*,*,#938,.F.);
#1236=ORIENTED_EDGE('',*,*,#957,.T.);
#1237=ORIENTED_EDGE('',*,*,#960,.T.);
#1238=ORIENTED_EDGE('',*,*,#953,.T.);
#1239=ORIENTED_EDGE('',*,*,#962,.T.);
#1240=ORIENTED_EDGE('',*,*,#963,.F.);
#1241=ORIENTED_EDGE('',*,*,#964,.F.);
#1242=ORIENTED_EDGE('',*,*,#965,.T.);
#1243=ORIENTED_EDGE('',*,*,#966,.F.);
#1244=ORIENTED_EDGE('',*,*,#967,.F.);
#1245=ORIENTED_EDGE('',*,*,#965,.F.);
#1246=ORIENTED_EDGE('',*,*,#963,.T.);
#1247=ORIENTED_EDGE('',*,*,#964,.T.);
#1248=ORIENTED_EDGE('',*,*,#947,.T.);
#1249=ORIENTED_EDGE('',*,*,#948,.T.);
#1250=ORIENTED_EDGE('',*,*,#968,.F.);
#1251=ORIENTED_EDGE('',*,*,#969,.F.);
#1252=ORIENTED_EDGE('',*,*,#970,.T.);
#1253=ORIENTED_EDGE('',*,*,#971,.F.);
#1254=ORIENTED_EDGE('',*,*,#972,.F.);
#1255=ORIENTED_EDGE('',*,*,#970,.F.);
#1256=ORIENTED_EDGE('',*,*,#968,.T.);
#1257=ORIENTED_EDGE('',*,*,#969,.T.);
#1258=ORIENTED_EDGE('',*,*,#973,.F.);
#1259=ORIENTED_EDGE('',*,*,#974,.F.);
#1260=ORIENTED_EDGE('',*,*,#975,.T.);
#1261=ORIENTED_EDGE('',*,*,#976,.F.);
#1262=ORIENTED_EDGE('',*,*,#977,.F.);
#1263=ORIENTED_EDGE('',*,*,#975,.F.);
#1264=ORIENTED_EDGE('',*,*,#976,.T.);
#1265=ORIENTED_EDGE('',*,*,#977,.T.);
#1266=ORIENTED_EDGE('',*,*,#966,.T.);
#1267=ORIENTED_EDGE('',*,*,#967,.T.);
#1268=ORIENTED_EDGE('',*,*,#973,.T.);
#1269=ORIENTED_EDGE('',*,*,#974,.T.);
#1270=ORIENTED_EDGE('',*,*,#971,.T.);
#1271=ORIENTED_EDGE('',*,*,#972,.T.);
#1272=ORIENTED_EDGE('',*,*,#978,.T.);
#1273=ORIENTED_EDGE('',*,*,#979,.T.);
#1274=ORIENTED_EDGE('',*,*,#980,.T.);
#1275=ORIENTED_EDGE('',*,*,#981,.T.);
#1276=ORIENTED_EDGE('',*,*,#978,.F.);
#1277=ORIENTED_EDGE('',*,*,#982,.T.);
#1278=ORIENTED_EDGE('',*,*,#983,.F.);
#1279=ORIENTED_EDGE('',*,*,#984,.T.);
#1280=ORIENTED_EDGE('',*,*,#985,.T.);
#1281=ORIENTED_EDGE('',*,*,#986,.T.);
#1282=ORIENTED_EDGE('',*,*,#987,.T.);
#1283=ORIENTED_EDGE('',*,*,#988,.T.);
#1284=ORIENTED_EDGE('',*,*,#989,.T.);
#1285=ORIENTED_EDGE('',*,*,#990,.T.);
#1286=ORIENTED_EDGE('',*,*,#981,.F.);
#1287=ORIENTED_EDGE('',*,*,#991,.F.);
#1288=ORIENTED_EDGE('',*,*,#992,.F.);
#1289=ORIENTED_EDGE('',*,*,#982,.F.);
#1290=ORIENTED_EDGE('',*,*,#993,.T.);
#1291=ORIENTED_EDGE('',*,*,#994,.T.);
#1292=ORIENTED_EDGE('',*,*,#983,.T.);
#1293=ORIENTED_EDGE('',*,*,#992,.T.);
#1294=ORIENTED_EDGE('',*,*,#995,.F.);
#1295=ORIENTED_EDGE('',*,*,#996,.F.);
#1296=ORIENTED_EDGE('',*,*,#997,.F.);
#1297=ORIENTED_EDGE('',*,*,#988,.F.);
#1298=ORIENTED_EDGE('',*,*,#997,.T.);
#1299=ORIENTED_EDGE('',*,*,#998,.F.);
#1300=ORIENTED_EDGE('',*,*,#999,.F.);
#1301=ORIENTED_EDGE('',*,*,#989,.F.);
#1302=ORIENTED_EDGE('',*,*,#999,.T.);
#1303=ORIENTED_EDGE('',*,*,#1000,.F.);
#1304=ORIENTED_EDGE('',*,*,#1001,.F.);
#1305=ORIENTED_EDGE('',*,*,#990,.F.);
#1306=ORIENTED_EDGE('',*,*,#1001,.T.);
#1307=ORIENTED_EDGE('',*,*,#1002,.F.);
#1308=ORIENTED_EDGE('',*,*,#995,.T.);
#1309=ORIENTED_EDGE('',*,*,#987,.F.);
#1310=ORIENTED_EDGE('',*,*,#994,.F.);
#1311=ORIENTED_EDGE('',*,*,#1003,.F.);
#1312=ORIENTED_EDGE('',*,*,#1004,.F.);
#1313=ORIENTED_EDGE('',*,*,#984,.F.);
#1314=ORIENTED_EDGE('',*,*,#1004,.T.);
#1315=ORIENTED_EDGE('',*,*,#1005,.F.);
#1316=ORIENTED_EDGE('',*,*,#1006,.F.);
#1317=ORIENTED_EDGE('',*,*,#985,.F.);
#1318=ORIENTED_EDGE('',*,*,#979,.F.);
#1319=ORIENTED_EDGE('',*,*,#986,.F.);
#1320=ORIENTED_EDGE('',*,*,#1006,.T.);
#1321=ORIENTED_EDGE('',*,*,#1007,.F.);
#1322=ORIENTED_EDGE('',*,*,#980,.F.);
#1323=ORIENTED_EDGE('',*,*,#1007,.T.);
#1324=ORIENTED_EDGE('',*,*,#1005,.T.);
#1325=ORIENTED_EDGE('',*,*,#1003,.T.);
#1326=ORIENTED_EDGE('',*,*,#993,.F.);
#1327=ORIENTED_EDGE('',*,*,#991,.T.);
#1328=ORIENTED_EDGE('',*,*,#1002,.T.);
#1329=ORIENTED_EDGE('',*,*,#1000,.T.);
#1330=ORIENTED_EDGE('',*,*,#998,.T.);
#1331=ORIENTED_EDGE('',*,*,#996,.T.);
#1332=ORIENTED_EDGE('',*,*,#1008,.T.);
#1333=ORIENTED_EDGE('',*,*,#1009,.T.);
#1334=ORIENTED_EDGE('',*,*,#1010,.T.);
#1335=ORIENTED_EDGE('',*,*,#1011,.T.);
#1336=ORIENTED_EDGE('',*,*,#1008,.F.);
#1337=ORIENTED_EDGE('',*,*,#1012,.T.);
#1338=ORIENTED_EDGE('',*,*,#1013,.F.);
#1339=ORIENTED_EDGE('',*,*,#1014,.T.);
#1340=ORIENTED_EDGE('',*,*,#1015,.T.);
#1341=ORIENTED_EDGE('',*,*,#1016,.T.);
#1342=ORIENTED_EDGE('',*,*,#1017,.T.);
#1343=ORIENTED_EDGE('',*,*,#1018,.T.);
#1344=ORIENTED_EDGE('',*,*,#1019,.T.);
#1345=ORIENTED_EDGE('',*,*,#1020,.T.);
#1346=ORIENTED_EDGE('',*,*,#1011,.F.);
#1347=ORIENTED_EDGE('',*,*,#1021,.F.);
#1348=ORIENTED_EDGE('',*,*,#1022,.F.);
#1349=ORIENTED_EDGE('',*,*,#1012,.F.);
#1350=ORIENTED_EDGE('',*,*,#1023,.T.);
#1351=ORIENTED_EDGE('',*,*,#1024,.T.);
#1352=ORIENTED_EDGE('',*,*,#1013,.T.);
#1353=ORIENTED_EDGE('',*,*,#1022,.T.);
#1354=ORIENTED_EDGE('',*,*,#1025,.F.);
#1355=ORIENTED_EDGE('',*,*,#1026,.F.);
#1356=ORIENTED_EDGE('',*,*,#1027,.F.);
#1357=ORIENTED_EDGE('',*,*,#1018,.F.);
#1358=ORIENTED_EDGE('',*,*,#1027,.T.);
#1359=ORIENTED_EDGE('',*,*,#1028,.F.);
#1360=ORIENTED_EDGE('',*,*,#1029,.F.);
#1361=ORIENTED_EDGE('',*,*,#1019,.F.);
#1362=ORIENTED_EDGE('',*,*,#1029,.T.);
#1363=ORIENTED_EDGE('',*,*,#1030,.F.);
#1364=ORIENTED_EDGE('',*,*,#1031,.F.);
#1365=ORIENTED_EDGE('',*,*,#1020,.F.);
#1366=ORIENTED_EDGE('',*,*,#1031,.T.);
#1367=ORIENTED_EDGE('',*,*,#1032,.F.);
#1368=ORIENTED_EDGE('',*,*,#1025,.T.);
#1369=ORIENTED_EDGE('',*,*,#1017,.F.);
#1370=ORIENTED_EDGE('',*,*,#1024,.F.);
#1371=ORIENTED_EDGE('',*,*,#1033,.F.);
#1372=ORIENTED_EDGE('',*,*,#1034,.F.);
#1373=ORIENTED_EDGE('',*,*,#1014,.F.);
#1374=ORIENTED_EDGE('',*,*,#1034,.T.);
#1375=ORIENTED_EDGE('',*,*,#1035,.F.);
#1376=ORIENTED_EDGE('',*,*,#1036,.F.);
#1377=ORIENTED_EDGE('',*,*,#1015,.F.);
#1378=ORIENTED_EDGE('',*,*,#1009,.F.);
#1379=ORIENTED_EDGE('',*,*,#1016,.F.);
#1380=ORIENTED_EDGE('',*,*,#1036,.T.);
#1381=ORIENTED_EDGE('',*,*,#1037,.F.);
#1382=ORIENTED_EDGE('',*,*,#1010,.F.);
#1383=ORIENTED_EDGE('',*,*,#1037,.T.);
#1384=ORIENTED_EDGE('',*,*,#1035,.T.);
#1385=ORIENTED_EDGE('',*,*,#1033,.T.);
#1386=ORIENTED_EDGE('',*,*,#1023,.F.);
#1387=ORIENTED_EDGE('',*,*,#1021,.T.);
#1388=ORIENTED_EDGE('',*,*,#1032,.T.);
#1389=ORIENTED_EDGE('',*,*,#1030,.T.);
#1390=ORIENTED_EDGE('',*,*,#1028,.T.);
#1391=ORIENTED_EDGE('',*,*,#1026,.T.);
#1392=ORIENTED_EDGE('',*,*,#1038,.T.);
#1393=ORIENTED_EDGE('',*,*,#1039,.T.);
#1394=ORIENTED_EDGE('',*,*,#1040,.T.);
#1395=ORIENTED_EDGE('',*,*,#1041,.T.);
#1396=ORIENTED_EDGE('',*,*,#1038,.F.);
#1397=ORIENTED_EDGE('',*,*,#1042,.T.);
#1398=ORIENTED_EDGE('',*,*,#1043,.F.);
#1399=ORIENTED_EDGE('',*,*,#1044,.T.);
#1400=ORIENTED_EDGE('',*,*,#1045,.T.);
#1401=ORIENTED_EDGE('',*,*,#1046,.T.);
#1402=ORIENTED_EDGE('',*,*,#1047,.T.);
#1403=ORIENTED_EDGE('',*,*,#1048,.T.);
#1404=ORIENTED_EDGE('',*,*,#1049,.T.);
#1405=ORIENTED_EDGE('',*,*,#1050,.T.);
#1406=ORIENTED_EDGE('',*,*,#1041,.F.);
#1407=ORIENTED_EDGE('',*,*,#1051,.F.);
#1408=ORIENTED_EDGE('',*,*,#1052,.F.);
#1409=ORIENTED_EDGE('',*,*,#1042,.F.);
#1410=ORIENTED_EDGE('',*,*,#1053,.T.);
#1411=ORIENTED_EDGE('',*,*,#1054,.T.);
#1412=ORIENTED_EDGE('',*,*,#1043,.T.);
#1413=ORIENTED_EDGE('',*,*,#1052,.T.);
#1414=ORIENTED_EDGE('',*,*,#1055,.F.);
#1415=ORIENTED_EDGE('',*,*,#1056,.F.);
#1416=ORIENTED_EDGE('',*,*,#1057,.F.);
#1417=ORIENTED_EDGE('',*,*,#1048,.F.);
#1418=ORIENTED_EDGE('',*,*,#1057,.T.);
#1419=ORIENTED_EDGE('',*,*,#1058,.F.);
#1420=ORIENTED_EDGE('',*,*,#1059,.F.);
#1421=ORIENTED_EDGE('',*,*,#1049,.F.);
#1422=ORIENTED_EDGE('',*,*,#1059,.T.);
#1423=ORIENTED_EDGE('',*,*,#1060,.F.);
#1424=ORIENTED_EDGE('',*,*,#1061,.F.);
#1425=ORIENTED_EDGE('',*,*,#1050,.F.);
#1426=ORIENTED_EDGE('',*,*,#1061,.T.);
#1427=ORIENTED_EDGE('',*,*,#1062,.F.);
#1428=ORIENTED_EDGE('',*,*,#1055,.T.);
#1429=ORIENTED_EDGE('',*,*,#1047,.F.);
#1430=ORIENTED_EDGE('',*,*,#1054,.F.);
#1431=ORIENTED_EDGE('',*,*,#1063,.F.);
#1432=ORIENTED_EDGE('',*,*,#1064,.F.);
#1433=ORIENTED_EDGE('',*,*,#1044,.F.);
#1434=ORIENTED_EDGE('',*,*,#1064,.T.);
#1435=ORIENTED_EDGE('',*,*,#1065,.F.);
#1436=ORIENTED_EDGE('',*,*,#1066,.F.);
#1437=ORIENTED_EDGE('',*,*,#1045,.F.);
#1438=ORIENTED_EDGE('',*,*,#1039,.F.);
#1439=ORIENTED_EDGE('',*,*,#1046,.F.);
#1440=ORIENTED_EDGE('',*,*,#1066,.T.);
#1441=ORIENTED_EDGE('',*,*,#1067,.F.);
#1442=ORIENTED_EDGE('',*,*,#1040,.F.);
#1443=ORIENTED_EDGE('',*,*,#1067,.T.);
#1444=ORIENTED_EDGE('',*,*,#1065,.T.);
#1445=ORIENTED_EDGE('',*,*,#1063,.T.);
#1446=ORIENTED_EDGE('',*,*,#1053,.F.);
#1447=ORIENTED_EDGE('',*,*,#1051,.T.);
#1448=ORIENTED_EDGE('',*,*,#1062,.T.);
#1449=ORIENTED_EDGE('',*,*,#1060,.T.);
#1450=ORIENTED_EDGE('',*,*,#1058,.T.);
#1451=ORIENTED_EDGE('',*,*,#1056,.T.);
#1452=ORIENTED_EDGE('',*,*,#1068,.F.);
#1453=ORIENTED_EDGE('',*,*,#1069,.F.);
#1454=ORIENTED_EDGE('',*,*,#1070,.T.);
#1455=ORIENTED_EDGE('',*,*,#1071,.T.);
#1456=ORIENTED_EDGE('',*,*,#1072,.T.);
#1457=ORIENTED_EDGE('',*,*,#1070,.F.);
#1458=ORIENTED_EDGE('',*,*,#1073,.F.);
#1459=ORIENTED_EDGE('',*,*,#1074,.F.);
#1460=ORIENTED_EDGE('',*,*,#1075,.T.);
#1461=ORIENTED_EDGE('',*,*,#1069,.T.);
#1462=ORIENTED_EDGE('',*,*,#1068,.T.);
#1463=ORIENTED_EDGE('',*,*,#1075,.F.);
#1464=ORIENTED_EDGE('',*,*,#1076,.F.);
#1465=ORIENTED_EDGE('',*,*,#1077,.F.);
#1466=ORIENTED_EDGE('',*,*,#1078,.T.);
#1467=ORIENTED_EDGE('',*,*,#1074,.T.);
#1468=ORIENTED_EDGE('',*,*,#1073,.T.);
#1469=ORIENTED_EDGE('',*,*,#1078,.F.);
#1470=ORIENTED_EDGE('',*,*,#1076,.T.);
#1471=ORIENTED_EDGE('',*,*,#1077,.T.);
#1472=ORIENTED_EDGE('',*,*,#1079,.F.);
#1473=ORIENTED_EDGE('',*,*,#1080,.F.);
#1474=ORIENTED_EDGE('',*,*,#1079,.T.);
#1475=ORIENTED_EDGE('',*,*,#1081,.T.);
#1476=ORIENTED_EDGE('',*,*,#1082,.F.);
#1477=ORIENTED_EDGE('',*,*,#1083,.F.);
#1478=ORIENTED_EDGE('',*,*,#1081,.F.);
#1479=ORIENTED_EDGE('',*,*,#1080,.T.);
#1480=ORIENTED_EDGE('',*,*,#1082,.T.);
#1481=ORIENTED_EDGE('',*,*,#1083,.T.);
#1482=ORIENTED_EDGE('',*,*,#1072,.F.);
#1483=ORIENTED_EDGE('',*,*,#1071,.F.);
#1484=ORIENTED_EDGE('',*,*,#1084,.T.);
#1485=ORIENTED_EDGE('',*,*,#1085,.T.);
#1486=ORIENTED_EDGE('',*,*,#1086,.F.);
#1487=ORIENTED_EDGE('',*,*,#1087,.F.);
#1488=ORIENTED_EDGE('',*,*,#1088,.T.);
#1489=ORIENTED_EDGE('',*,*,#1087,.T.);
#1490=ORIENTED_EDGE('',*,*,#1089,.F.);
#1491=ORIENTED_EDGE('',*,*,#1090,.F.);
#1492=ORIENTED_EDGE('',*,*,#1091,.T.);
#1493=ORIENTED_EDGE('',*,*,#1090,.T.);
#1494=ORIENTED_EDGE('',*,*,#1092,.F.);
#1495=ORIENTED_EDGE('',*,*,#1093,.F.);
#1496=ORIENTED_EDGE('',*,*,#1094,.T.);
#1497=ORIENTED_EDGE('',*,*,#1093,.T.);
#1498=ORIENTED_EDGE('',*,*,#1095,.F.);
#1499=ORIENTED_EDGE('',*,*,#1096,.F.);
#1500=ORIENTED_EDGE('',*,*,#1097,.T.);
#1501=ORIENTED_EDGE('',*,*,#1096,.T.);
#1502=ORIENTED_EDGE('',*,*,#1098,.F.);
#1503=ORIENTED_EDGE('',*,*,#1099,.F.);
#1504=ORIENTED_EDGE('',*,*,#1100,.T.);
#1505=ORIENTED_EDGE('',*,*,#1099,.T.);
#1506=ORIENTED_EDGE('',*,*,#1101,.F.);
#1507=ORIENTED_EDGE('',*,*,#1102,.F.);
#1508=ORIENTED_EDGE('',*,*,#1103,.T.);
#1509=ORIENTED_EDGE('',*,*,#1102,.T.);
#1510=ORIENTED_EDGE('',*,*,#1104,.F.);
#1511=ORIENTED_EDGE('',*,*,#1085,.F.);
#1512=ORIENTED_EDGE('',*,*,#1104,.T.);
#1513=ORIENTED_EDGE('',*,*,#1101,.T.);
#1514=ORIENTED_EDGE('',*,*,#1098,.T.);
#1515=ORIENTED_EDGE('',*,*,#1095,.T.);
#1516=ORIENTED_EDGE('',*,*,#1092,.T.);
#1517=ORIENTED_EDGE('',*,*,#1089,.T.);
#1518=ORIENTED_EDGE('',*,*,#1086,.T.);
#1519=ORIENTED_EDGE('',*,*,#1103,.F.);
#1520=ORIENTED_EDGE('',*,*,#1084,.F.);
#1521=ORIENTED_EDGE('',*,*,#1088,.F.);
#1522=ORIENTED_EDGE('',*,*,#1091,.F.);
#1523=ORIENTED_EDGE('',*,*,#1094,.F.);
#1524=ORIENTED_EDGE('',*,*,#1097,.F.);
#1525=ORIENTED_EDGE('',*,*,#1100,.F.);
#1526=ORIENTED_EDGE('',*,*,#1105,.T.);
#1527=ORIENTED_EDGE('',*,*,#1106,.T.);
#1528=ORIENTED_EDGE('',*,*,#1107,.F.);
#1529=ORIENTED_EDGE('',*,*,#1108,.F.);
#1530=ORIENTED_EDGE('',*,*,#1109,.T.);
#1531=ORIENTED_EDGE('',*,*,#1108,.T.);
#1532=ORIENTED_EDGE('',*,*,#1110,.F.);
#1533=ORIENTED_EDGE('',*,*,#1111,.F.);
#1534=ORIENTED_EDGE('',*,*,#1112,.T.);
#1535=ORIENTED_EDGE('',*,*,#1111,.T.);
#1536=ORIENTED_EDGE('',*,*,#1113,.F.);
#1537=ORIENTED_EDGE('',*,*,#1114,.F.);
#1538=ORIENTED_EDGE('',*,*,#1115,.T.);
#1539=ORIENTED_EDGE('',*,*,#1114,.T.);
#1540=ORIENTED_EDGE('',*,*,#1116,.F.);
#1541=ORIENTED_EDGE('',*,*,#1117,.F.);
#1542=ORIENTED_EDGE('',*,*,#1118,.T.);
#1543=ORIENTED_EDGE('',*,*,#1117,.T.);
#1544=ORIENTED_EDGE('',*,*,#1119,.F.);
#1545=ORIENTED_EDGE('',*,*,#1120,.F.);
#1546=ORIENTED_EDGE('',*,*,#1121,.T.);
#1547=ORIENTED_EDGE('',*,*,#1120,.T.);
#1548=ORIENTED_EDGE('',*,*,#1122,.F.);
#1549=ORIENTED_EDGE('',*,*,#1123,.F.);
#1550=ORIENTED_EDGE('',*,*,#1124,.T.);
#1551=ORIENTED_EDGE('',*,*,#1123,.T.);
#1552=ORIENTED_EDGE('',*,*,#1125,.F.);
#1553=ORIENTED_EDGE('',*,*,#1106,.F.);
#1554=ORIENTED_EDGE('',*,*,#1125,.T.);
#1555=ORIENTED_EDGE('',*,*,#1122,.T.);
#1556=ORIENTED_EDGE('',*,*,#1119,.T.);
#1557=ORIENTED_EDGE('',*,*,#1116,.T.);
#1558=ORIENTED_EDGE('',*,*,#1113,.T.);
#1559=ORIENTED_EDGE('',*,*,#1110,.T.);
#1560=ORIENTED_EDGE('',*,*,#1107,.T.);
#1561=ORIENTED_EDGE('',*,*,#1124,.F.);
#1562=ORIENTED_EDGE('',*,*,#1105,.F.);
#1563=ORIENTED_EDGE('',*,*,#1109,.F.);
#1564=ORIENTED_EDGE('',*,*,#1112,.F.);
#1565=ORIENTED_EDGE('',*,*,#1115,.F.);
#1566=ORIENTED_EDGE('',*,*,#1118,.F.);
#1567=ORIENTED_EDGE('',*,*,#1121,.F.);
#1568=ORIENTED_EDGE('',*,*,#1126,.T.);
#1569=ORIENTED_EDGE('',*,*,#1127,.T.);
#1570=ORIENTED_EDGE('',*,*,#1128,.F.);
#1571=ORIENTED_EDGE('',*,*,#1129,.F.);
#1572=ORIENTED_EDGE('',*,*,#1130,.T.);
#1573=ORIENTED_EDGE('',*,*,#1129,.T.);
#1574=ORIENTED_EDGE('',*,*,#1131,.F.);
#1575=ORIENTED_EDGE('',*,*,#1132,.F.);
#1576=ORIENTED_EDGE('',*,*,#1133,.T.);
#1577=ORIENTED_EDGE('',*,*,#1132,.T.);
#1578=ORIENTED_EDGE('',*,*,#1134,.F.);
#1579=ORIENTED_EDGE('',*,*,#1135,.F.);
#1580=ORIENTED_EDGE('',*,*,#1136,.T.);
#1581=ORIENTED_EDGE('',*,*,#1135,.T.);
#1582=ORIENTED_EDGE('',*,*,#1137,.F.);
#1583=ORIENTED_EDGE('',*,*,#1138,.F.);
#1584=ORIENTED_EDGE('',*,*,#1139,.T.);
#1585=ORIENTED_EDGE('',*,*,#1138,.T.);
#1586=ORIENTED_EDGE('',*,*,#1140,.F.);
#1587=ORIENTED_EDGE('',*,*,#1141,.F.);
#1588=ORIENTED_EDGE('',*,*,#1142,.T.);
#1589=ORIENTED_EDGE('',*,*,#1141,.T.);
#1590=ORIENTED_EDGE('',*,*,#1143,.F.);
#1591=ORIENTED_EDGE('',*,*,#1144,.F.);
#1592=ORIENTED_EDGE('',*,*,#1145,.T.);
#1593=ORIENTED_EDGE('',*,*,#1144,.T.);
#1594=ORIENTED_EDGE('',*,*,#1146,.F.);
#1595=ORIENTED_EDGE('',*,*,#1127,.F.);
#1596=ORIENTED_EDGE('',*,*,#1146,.T.);
#1597=ORIENTED_EDGE('',*,*,#1143,.T.);
#1598=ORIENTED_EDGE('',*,*,#1140,.T.);
#1599=ORIENTED_EDGE('',*,*,#1137,.T.);
#1600=ORIENTED_EDGE('',*,*,#1134,.T.);
#1601=ORIENTED_EDGE('',*,*,#1131,.T.);
#1602=ORIENTED_EDGE('',*,*,#1128,.T.);
#1603=ORIENTED_EDGE('',*,*,#1145,.F.);
#1604=ORIENTED_EDGE('',*,*,#1126,.F.);
#1605=ORIENTED_EDGE('',*,*,#1130,.F.);
#1606=ORIENTED_EDGE('',*,*,#1133,.F.);
#1607=ORIENTED_EDGE('',*,*,#1136,.F.);
#1608=ORIENTED_EDGE('',*,*,#1139,.F.);
#1609=ORIENTED_EDGE('',*,*,#1142,.F.);
#1610=ORIENTED_EDGE('',*,*,#1147,.F.);
#1611=ORIENTED_EDGE('',*,*,#1148,.F.);
#1612=ORIENTED_EDGE('',*,*,#1149,.F.);
#1613=ORIENTED_EDGE('',*,*,#1150,.T.);
#1614=ORIENTED_EDGE('',*,*,#1151,.F.);
#1615=ORIENTED_EDGE('',*,*,#1152,.F.);
#1616=ORIENTED_EDGE('',*,*,#1150,.F.);
#1617=ORIENTED_EDGE('',*,*,#1153,.F.);
#1618=ORIENTED_EDGE('',*,*,#1154,.F.);
#1619=ORIENTED_EDGE('',*,*,#1155,.F.);
#1620=ORIENTED_EDGE('',*,*,#1156,.F.);
#1621=ORIENTED_EDGE('',*,*,#1157,.F.);
#1622=ORIENTED_EDGE('',*,*,#1158,.F.);
#1623=ORIENTED_EDGE('',*,*,#1159,.T.);
#1624=ORIENTED_EDGE('',*,*,#1160,.F.);
#1625=ORIENTED_EDGE('',*,*,#1161,.F.);
#1626=ORIENTED_EDGE('',*,*,#1162,.F.);
#1627=ORIENTED_EDGE('',*,*,#1163,.F.);
#1628=ORIENTED_EDGE('',*,*,#1164,.F.);
#1629=ORIENTED_EDGE('',*,*,#1165,.F.);
#1630=ORIENTED_EDGE('',*,*,#1166,.F.);
#1631=ORIENTED_EDGE('',*,*,#1159,.F.);
#1632=ORIENTED_EDGE('',*,*,#1154,.T.);
#1633=ORIENTED_EDGE('',*,*,#1167,.T.);
#1634=ORIENTED_EDGE('',*,*,#1165,.T.);
#1635=ORIENTED_EDGE('',*,*,#1168,.F.);
#1636=ORIENTED_EDGE('',*,*,#1153,.T.);
#1637=ORIENTED_EDGE('',*,*,#1149,.T.);
#1638=ORIENTED_EDGE('',*,*,#1169,.T.);
#1639=ORIENTED_EDGE('',*,*,#1160,.T.);
#1640=ORIENTED_EDGE('',*,*,#1166,.T.);
#1641=ORIENTED_EDGE('',*,*,#1167,.F.);
#1642=ORIENTED_EDGE('',*,*,#1148,.T.);
#1643=ORIENTED_EDGE('',*,*,#1170,.T.);
#1644=ORIENTED_EDGE('',*,*,#1161,.T.);
#1645=ORIENTED_EDGE('',*,*,#1169,.F.);
#1646=ORIENTED_EDGE('',*,*,#1171,.F.);
#1647=ORIENTED_EDGE('',*,*,#1172,.T.);
#1648=ORIENTED_EDGE('',*,*,#1173,.T.);
#1649=ORIENTED_EDGE('',*,*,#1172,.F.);
#1650=ORIENTED_EDGE('',*,*,#1147,.T.);
#1651=ORIENTED_EDGE('',*,*,#1174,.T.);
#1652=ORIENTED_EDGE('',*,*,#1162,.T.);
#1653=ORIENTED_EDGE('',*,*,#1170,.F.);
#1654=ORIENTED_EDGE('',*,*,#1155,.T.);
#1655=ORIENTED_EDGE('',*,*,#1168,.T.);
#1656=ORIENTED_EDGE('',*,*,#1164,.T.);
#1657=ORIENTED_EDGE('',*,*,#1175,.F.);
#1658=ORIENTED_EDGE('',*,*,#1156,.T.);
#1659=ORIENTED_EDGE('',*,*,#1175,.T.);
#1660=ORIENTED_EDGE('',*,*,#1163,.T.);
#1661=ORIENTED_EDGE('',*,*,#1174,.F.);
#1662=ORIENTED_EDGE('',*,*,#1157,.T.);
#1663=ORIENTED_EDGE('',*,*,#1158,.T.);
#1664=ORIENTED_EDGE('',*,*,#1171,.T.);
#1665=ORIENTED_EDGE('',*,*,#1151,.T.);
#1666=ORIENTED_EDGE('',*,*,#1152,.T.);
#1667=ORIENTED_EDGE('',*,*,#1173,.F.);
#1668=CYLINDRICAL_SURFACE('',#1819,6.525);
#1669=CYLINDRICAL_SURFACE('',#1838,8.815);
#1670=CYLINDRICAL_SURFACE('',#1844,6.425);
#1671=CYLINDRICAL_SURFACE('',#1850,7.425);
#1672=CYLINDRICAL_SURFACE('',#1853,11.);
#1673=CYLINDRICAL_SURFACE('',#1859,10.285);
#1674=CYLINDRICAL_SURFACE('',#1865,12.89);
#1675=CYLINDRICAL_SURFACE('',#1878,0.58);
#1676=CYLINDRICAL_SURFACE('',#1881,0.58);
#1677=CYLINDRICAL_SURFACE('',#1894,0.58);
#1678=CYLINDRICAL_SURFACE('',#1897,0.58);
#1679=CYLINDRICAL_SURFACE('',#1911,0.58);
#1680=CYLINDRICAL_SURFACE('',#1914,0.58);
#1681=CYLINDRICAL_SURFACE('',#1929,12.65);
#1682=CYLINDRICAL_SURFACE('',#1935,10.785);
#1683=CYLINDRICAL_SURFACE('',#1941,9.5);
#1684=CYLINDRICAL_SURFACE('',#1948,8.);
#1685=CYLINDRICAL_SURFACE('',#1954,9.5);
#1686=CYLINDRICAL_SURFACE('',#1961,8.);
#1687=CYLINDRICAL_SURFACE('',#1967,9.5);
#1688=CYLINDRICAL_SURFACE('',#1974,8.);
#1689=CYLINDRICAL_SURFACE('',#1988,11.);
#1690=ADVANCED_FACE('',(#155),#1668,.F.);
#1691=ADVANCED_FACE('',(#156,#66),#81,.T.);
#1692=ADVANCED_FACE('',(#157),#82,.T.);
#1693=ADVANCED_FACE('',(#158,#67),#83,.T.);
#1694=ADVANCED_FACE('',(#159),#39,.T.);
#1695=ADVANCED_FACE('',(#160),#1669,.T.);
#1696=ADVANCED_FACE('',(#161,#68),#84,.T.);
#1697=ADVANCED_FACE('',(#162),#1670,.T.);
#1698=ADVANCED_FACE('',(#163),#85,.T.);
#1699=ADVANCED_FACE('',(#164),#86,.T.);
#1700=ADVANCED_FACE('',(#165),#1671,.T.);
#1701=ADVANCED_FACE('',(#166),#87,.T.);
#1702=ADVANCED_FACE('',(#167),#88,.T.);
#1703=ADVANCED_FACE('',(#168),#1672,.T.);
#1704=ADVANCED_FACE('',(#169,#69),#89,.T.);
#1705=ADVANCED_FACE('',(#170),#1673,.T.);
#1706=ADVANCED_FACE('',(#171),#90,.T.);
#1707=ADVANCED_FACE('',(#172),#1674,.T.);
#1708=ADVANCED_FACE('',(#173,#70),#91,.T.);
#1709=ADVANCED_FACE('',(#174,#71),#92,.F.);
#1710=ADVANCED_FACE('',(#175),#93,.T.);
#1711=ADVANCED_FACE('',(#176,#72),#94,.F.);
#1712=ADVANCED_FACE('',(#177),#95,.T.);
#1713=ADVANCED_FACE('',(#178),#96,.T.);
#1714=ADVANCED_FACE('',(#179),#1675,.F.);
#1715=ADVANCED_FACE('',(#180),#97,.T.);
#1716=ADVANCED_FACE('',(#181),#1676,.F.);
#1717=ADVANCED_FACE('',(#182),#98,.T.);
#1718=ADVANCED_FACE('',(#183),#99,.T.);
#1719=ADVANCED_FACE('',(#184),#100,.T.);
#1720=ADVANCED_FACE('',(#185),#101,.T.);
#1721=ADVANCED_FACE('',(#186,#73),#102,.T.);
#1722=ADVANCED_FACE('',(#187),#103,.T.);
#1723=ADVANCED_FACE('',(#188,#74),#104,.F.);
#1724=ADVANCED_FACE('',(#189),#105,.T.);
#1725=ADVANCED_FACE('',(#190),#106,.T.);
#1726=ADVANCED_FACE('',(#191),#1677,.F.);
#1727=ADVANCED_FACE('',(#192),#107,.T.);
#1728=ADVANCED_FACE('',(#193),#1678,.F.);
#1729=ADVANCED_FACE('',(#194),#108,.T.);
#1730=ADVANCED_FACE('',(#195),#109,.T.);
#1731=ADVANCED_FACE('',(#196),#110,.T.);
#1732=ADVANCED_FACE('',(#197),#111,.T.);
#1733=ADVANCED_FACE('',(#198,#75),#112,.T.);
#1734=ADVANCED_FACE('',(#199),#113,.T.);
#1735=ADVANCED_FACE('',(#200,#76),#114,.F.);
#1736=ADVANCED_FACE('',(#201),#115,.T.);
#1737=ADVANCED_FACE('',(#202),#116,.T.);
#1738=ADVANCED_FACE('',(#203),#117,.T.);
#1739=ADVANCED_FACE('',(#204),#1679,.F.);
#1740=ADVANCED_FACE('',(#205),#118,.T.);
#1741=ADVANCED_FACE('',(#206),#1680,.F.);
#1742=ADVANCED_FACE('',(#207),#119,.T.);
#1743=ADVANCED_FACE('',(#208),#120,.T.);
#1744=ADVANCED_FACE('',(#209),#121,.T.);
#1745=ADVANCED_FACE('',(#210,#77),#122,.T.);
#1746=ADVANCED_FACE('',(#211),#40,.T.);
#1747=ADVANCED_FACE('',(#212),#27,.T.);
#1748=ADVANCED_FACE('',(#213),#1681,.T.);
#1749=ADVANCED_FACE('',(#214,#78),#123,.T.);
#1750=ADVANCED_FACE('',(#215),#1682,.F.);
#1751=ADVANCED_FACE('',(#216),#124,.T.);
#1752=ADVANCED_FACE('',(#217),#125,.T.);
#1753=ADVANCED_FACE('',(#218),#126,.T.);
#1754=ADVANCED_FACE('',(#219),#1683,.T.);
#1755=ADVANCED_FACE('',(#220),#127,.T.);
#1756=ADVANCED_FACE('',(#221),#128,.T.);
#1757=ADVANCED_FACE('',(#222),#129,.T.);
#1758=ADVANCED_FACE('',(#223),#130,.T.);
#1759=ADVANCED_FACE('',(#224),#1684,.F.);
#1760=ADVANCED_FACE('',(#225),#131,.T.);
#1761=ADVANCED_FACE('',(#226),#132,.F.);
#1762=ADVANCED_FACE('',(#227),#133,.T.);
#1763=ADVANCED_FACE('',(#228),#1685,.T.);
#1764=ADVANCED_FACE('',(#229),#134,.T.);
#1765=ADVANCED_FACE('',(#230),#135,.T.);
#1766=ADVANCED_FACE('',(#231),#136,.T.);
#1767=ADVANCED_FACE('',(#232),#137,.T.);
#1768=ADVANCED_FACE('',(#233),#1686,.F.);
#1769=ADVANCED_FACE('',(#234),#138,.T.);
#1770=ADVANCED_FACE('',(#235),#139,.F.);
#1771=ADVANCED_FACE('',(#236),#140,.T.);
#1772=ADVANCED_FACE('',(#237),#1687,.T.);
#1773=ADVANCED_FACE('',(#238),#141,.T.);
#1774=ADVANCED_FACE('',(#239),#142,.T.);
#1775=ADVANCED_FACE('',(#240),#143,.T.);
#1776=ADVANCED_FACE('',(#241),#144,.T.);
#1777=ADVANCED_FACE('',(#242),#1688,.F.);
#1778=ADVANCED_FACE('',(#243),#145,.T.);
#1779=ADVANCED_FACE('',(#244),#146,.F.);
#1780=ADVANCED_FACE('',(#245),#28,.T.);
#1781=ADVANCED_FACE('',(#246),#29,.T.);
#1782=ADVANCED_FACE('',(#247),#147,.T.);
#1783=ADVANCED_FACE('',(#248),#148,.T.);
#1784=ADVANCED_FACE('',(#249),#149,.T.);
#1785=ADVANCED_FACE('',(#250),#1689,.F.);
#1786=ADVANCED_FACE('',(#251),#150,.T.);
#1787=ADVANCED_FACE('',(#252),#151,.T.);
#1788=ADVANCED_FACE('',(#253),#152,.T.);
#1789=ADVANCED_FACE('',(#254,#79),#153,.T.);
#1790=ADVANCED_FACE('',(#255,#80),#154,.F.);
#1791=CLOSED_SHELL('',(#1690,#1691,#1692,#1693,#1694,#1695,#1696,#1697,
#1698,#1699,#1700,#1701,#1702,#1703,#1704,#1705,#1706,#1707,#1708,#1709));
#1792=CLOSED_SHELL('',(#1710,#1711,#1712,#1713,#1714,#1715,#1716,#1717,
#1718,#1719,#1720,#1721));
#1793=CLOSED_SHELL('',(#1722,#1723,#1724,#1725,#1726,#1727,#1728,#1729,
#1730,#1731,#1732,#1733));
#1794=CLOSED_SHELL('',(#1734,#1735,#1736,#1737,#1738,#1739,#1740,#1741,
#1742,#1743,#1744,#1745));
#1795=CLOSED_SHELL('',(#1746,#1747,#1748,#1749,#1750,#1751,#1752));
#1796=CLOSED_SHELL('',(#1753,#1754,#1755,#1756,#1757,#1758,#1759,#1760,
#1761));
#1797=CLOSED_SHELL('',(#1762,#1763,#1764,#1765,#1766,#1767,#1768,#1769,
#1770));
#1798=CLOSED_SHELL('',(#1771,#1772,#1773,#1774,#1775,#1776,#1777,#1778,
#1779));
#1799=CLOSED_SHELL('',(#1780,#1781,#1782,#1783,#1784,#1785,#1786,#1787,
#1788,#1789,#1790));
#1800=DERIVED_UNIT_ELEMENT(#1802,1.);
#1801=DERIVED_UNIT_ELEMENT(#3059,3.);
#1802=(
MASS_UNIT()
NAMED_UNIT(*)
SI_UNIT($,.GRAM.)
);
#1803=DERIVED_UNIT((#1800,#1801));
#1804=MEASURE_REPRESENTATION_ITEM('density measure',
POSITIVE_RATIO_MEASURE(1.),#1803);
#1805=PROPERTY_DEFINITION_REPRESENTATION(#1810,#1807);
#1806=PROPERTY_DEFINITION_REPRESENTATION(#1811,#1808);
#1807=REPRESENTATION('material name',(#1809),#3056);
#1808=REPRESENTATION('density',(#1804),#3056);
#1809=DESCRIPTIVE_REPRESENTATION_ITEM('Generic','Generic');
#1810=PROPERTY_DEFINITION('material property','material name',#3066);
#1811=PROPERTY_DEFINITION('material property','density of part',#3066);
#1812=DATE_TIME_ROLE('creation_date');
#1813=APPLIED_DATE_AND_TIME_ASSIGNMENT(#1814,#1812,(#3066));
#1814=DATE_AND_TIME(#1815,#1816);
#1815=CALENDAR_DATE(2022,29,3);
#1816=LOCAL_TIME(12,39,11.,#1817);
#1817=COORDINATED_UNIVERSAL_TIME_OFFSET(0,0,.BEHIND.);
#1818=AXIS2_PLACEMENT_3D('placement',#2508,#1996,#1997);
#1819=AXIS2_PLACEMENT_3D('',#2509,#1998,#1999);
#1820=AXIS2_PLACEMENT_3D('',#2512,#2000,#2001);
#1821=AXIS2_PLACEMENT_3D('',#2513,#2002,#2003);
#1822=AXIS2_PLACEMENT_3D('',#2517,#2005,#2006);
#1823=AXIS2_PLACEMENT_3D('',#2518,#2007,#2008);
#1824=AXIS2_PLACEMENT_3D('',#2519,#2009,#2010);
#1825=AXIS2_PLACEMENT_3D('',#2521,#2011,#2012);
#1826=AXIS2_PLACEMENT_3D('',#2522,#2013,#2014);
#1827=AXIS2_PLACEMENT_3D('',#2525,#2015,#2016);
#1828=AXIS2_PLACEMENT_3D('',#2527,#2017,#2018);
#1829=AXIS2_PLACEMENT_3D('',#2529,#2020,#2021);
#1830=AXIS2_PLACEMENT_3D('',#2532,#2022,#2023);
#1831=AXIS2_PLACEMENT_3D('',#2533,#2024,#2025);
#1832=AXIS2_PLACEMENT_3D('',#2534,#2026,#2027);
#1833=AXIS2_PLACEMENT_3D('',#2537,#2028,#2029);
#1834=AXIS2_PLACEMENT_3D('',#2539,#2030,#2031);
#1835=AXIS2_PLACEMENT_3D('',#2541,#2032,#2033);
#1836=AXIS2_PLACEMENT_3D('',#2542,#2034,#2035);
#1837=AXIS2_PLACEMENT_3D('',#2543,#2036,#2037);
#1838=AXIS2_PLACEMENT_3D('',#2544,#2038,#2039);
#1839=AXIS2_PLACEMENT_3D('',#2548,#2041,#2042);
#1840=AXIS2_PLACEMENT_3D('',#2549,#2043,#2044);
#1841=AXIS2_PLACEMENT_3D('',#2550,#2045,#2046);
#1842=AXIS2_PLACEMENT_3D('',#2553,#2047,#2048);
#1843=AXIS2_PLACEMENT_3D('',#2554,#2049,#2050);
#1844=AXIS2_PLACEMENT_3D('',#2555,#2051,#2052);
#1845=AXIS2_PLACEMENT_3D('',#2560,#2055,#2056);
#1846=AXIS2_PLACEMENT_3D('',#2564,#2058,#2059);
#1847=AXIS2_PLACEMENT_3D('',#2568,#2061,#2062);
#1848=AXIS2_PLACEMENT_3D('',#2570,#2064,#2065);
#1849=AXIS2_PLACEMENT_3D('',#2573,#2068,#2069);
#1850=AXIS2_PLACEMENT_3D('',#2574,#2070,#2071);
#1851=AXIS2_PLACEMENT_3D('',#2576,#2073,#2074);
#1852=AXIS2_PLACEMENT_3D('',#2578,#2076,#2077);
#1853=AXIS2_PLACEMENT_3D('',#2579,#2078,#2079);
#1854=AXIS2_PLACEMENT_3D('',#2582,#2080,#2081);
#1855=AXIS2_PLACEMENT_3D('',#2583,#2082,#2083);
#1856=AXIS2_PLACEMENT_3D('',#2587,#2085,#2086);
#1857=AXIS2_PLACEMENT_3D('',#2588,#2087,#2088);
#1858=AXIS2_PLACEMENT_3D('',#2589,#2089,#2090);
#1859=AXIS2_PLACEMENT_3D('',#2590,#2091,#2092);
#1860=AXIS2_PLACEMENT_3D('',#2593,#2093,#2094);
#1861=AXIS2_PLACEMENT_3D('',#2594,#2095,#2096);
#1862=AXIS2_PLACEMENT_3D('',#2598,#2098,#2099);
#1863=AXIS2_PLACEMENT_3D('',#2599,#2100,#2101);
#1864=AXIS2_PLACEMENT_3D('',#2600,#2102,#2103);
#1865=AXIS2_PLACEMENT_3D('',#2601,#2104,#2105);
#1866=AXIS2_PLACEMENT_3D('',#2604,#2106,#2107);
#1867=AXIS2_PLACEMENT_3D('',#2605,#2108,#2109);
#1868=AXIS2_PLACEMENT_3D('',#2609,#2111,#2112);
#1869=AXIS2_PLACEMENT_3D('',#2610,#2113,#2114);
#1870=AXIS2_PLACEMENT_3D('',#2611,#2115,#2116);
#1871=AXIS2_PLACEMENT_3D('',#2612,#2117,#2118);
#1872=AXIS2_PLACEMENT_3D('',#2613,#2119,#2120);
#1873=AXIS2_PLACEMENT_3D('',#2622,#2125,#2126);
#1874=AXIS2_PLACEMENT_3D('',#2636,#2133,#2134);
#1875=AXIS2_PLACEMENT_3D('',#2639,#2136,#2137);
#1876=AXIS2_PLACEMENT_3D('',#2640,#2138,#2139);
#1877=AXIS2_PLACEMENT_3D('',#2644,#2142,#2143);
#1878=AXIS2_PLACEMENT_3D('',#2648,#2146,#2147);
#1879=AXIS2_PLACEMENT_3D('',#2652,#2149,#2150);
#1880=AXIS2_PLACEMENT_3D('',#2654,#2152,#2153);
#1881=AXIS2_PLACEMENT_3D('',#2658,#2156,#2157);
#1882=AXIS2_PLACEMENT_3D('',#2660,#2158,#2159);
#1883=AXIS2_PLACEMENT_3D('',#2662,#2161,#2162);
#1884=AXIS2_PLACEMENT_3D('',#2664,#2164,#2165);
#1885=AXIS2_PLACEMENT_3D('',#2668,#2168,#2169);
#1886=AXIS2_PLACEMENT_3D('',#2672,#2172,#2173);
#1887=AXIS2_PLACEMENT_3D('',#2674,#2175,#2176);
#1888=AXIS2_PLACEMENT_3D('',#2675,#2177,#2178);
#1889=AXIS2_PLACEMENT_3D('',#2684,#2183,#2184);
#1890=AXIS2_PLACEMENT_3D('',#2698,#2191,#2192);
#1891=AXIS2_PLACEMENT_3D('',#2701,#2194,#2195);
#1892=AXIS2_PLACEMENT_3D('',#2702,#2196,#2197);
#1893=AXIS2_PLACEMENT_3D('',#2706,#2200,#2201);
#1894=AXIS2_PLACEMENT_3D('',#2710,#2204,#2205);
#1895=AXIS2_PLACEMENT_3D('',#2714,#2207,#2208);
#1896=AXIS2_PLACEMENT_3D('',#2716,#2210,#2211);
#1897=AXIS2_PLACEMENT_3D('',#2720,#2214,#2215);
#1898=AXIS2_PLACEMENT_3D('',#2722,#2216,#2217);
#1899=AXIS2_PLACEMENT_3D('',#2724,#2219,#2220);
#1900=AXIS2_PLACEMENT_3D('',#2726,#2222,#2223);
#1901=AXIS2_PLACEMENT_3D('',#2730,#2226,#2227);
#1902=AXIS2_PLACEMENT_3D('',#2734,#2230,#2231);
#1903=AXIS2_PLACEMENT_3D('',#2736,#2233,#2234);
#1904=AXIS2_PLACEMENT_3D('',#2737,#2235,#2236);
#1905=AXIS2_PLACEMENT_3D('',#2746,#2241,#2242);
#1906=AXIS2_PLACEMENT_3D('',#2758,#2248,#2249);
#1907=AXIS2_PLACEMENT_3D('',#2762,#2251,#2252);
#1908=AXIS2_PLACEMENT_3D('',#2764,#2254,#2255);
#1909=AXIS2_PLACEMENT_3D('',#2768,#2258,#2259);
#1910=AXIS2_PLACEMENT_3D('',#2772,#2262,#2263);
#1911=AXIS2_PLACEMENT_3D('',#2778,#2267,#2268);
#1912=AXIS2_PLACEMENT_3D('',#2780,#2269,#2270);
#1913=AXIS2_PLACEMENT_3D('',#2782,#2272,#2273);
#1914=AXIS2_PLACEMENT_3D('',#2786,#2276,#2277);
#1915=AXIS2_PLACEMENT_3D('',#2787,#2278,#2279);
#1916=AXIS2_PLACEMENT_3D('',#2788,#2280,#2281);
#1917=AXIS2_PLACEMENT_3D('',#2792,#2284,#2285);
#1918=AXIS2_PLACEMENT_3D('',#2796,#2288,#2289);
#1919=AXIS2_PLACEMENT_3D('',#2798,#2291,#2292);
#1920=AXIS2_PLACEMENT_3D('',#2799,#2293,#2294);
#1921=AXIS2_PLACEMENT_3D('',#2802,#2295,#2296);
#1922=AXIS2_PLACEMENT_3D('',#2803,#2297,#2298);
#1923=AXIS2_PLACEMENT_3D('',#2805,#2299,#2300);
#1924=AXIS2_PLACEMENT_3D('',#2807,#2301,#2302);
#1925=AXIS2_PLACEMENT_3D('',#2808,#2303,#2304);
#1926=AXIS2_PLACEMENT_3D('',#2809,#2305,#2306);
#1927=AXIS2_PLACEMENT_3D('',#2812,#2307,#2308);
#1928=AXIS2_PLACEMENT_3D('',#2813,#2309,#2310);
#1929=AXIS2_PLACEMENT_3D('',#2815,#2312,#2313);
#1930=AXIS2_PLACEMENT_3D('',#2818,#2314,#2315);
#1931=AXIS2_PLACEMENT_3D('',#2819,#2316,#2317);
#1932=AXIS2_PLACEMENT_3D('',#2821,#2319,#2320);
#1933=AXIS2_PLACEMENT_3D('',#2824,#2321,#2322);
#1934=AXIS2_PLACEMENT_3D('',#2825,#2323,#2324);
#1935=AXIS2_PLACEMENT_3D('',#2826,#2325,#2326);
#1936=AXIS2_PLACEMENT_3D('',#2830,#2328,#2329);
#1937=AXIS2_PLACEMENT_3D('',#2831,#2330,#2331);
#1938=AXIS2_PLACEMENT_3D('',#2832,#2332,#2333);
#1939=AXIS2_PLACEMENT_3D('',#2833,#2334,#2335);
#1940=AXIS2_PLACEMENT_3D('',#2834,#2336,#2337);
#1941=AXIS2_PLACEMENT_3D('',#2843,#2342,#2343);
#1942=AXIS2_PLACEMENT_3D('',#2845,#2344,#2345);
#1943=AXIS2_PLACEMENT_3D('',#2847,#2346,#2347);
#1944=AXIS2_PLACEMENT_3D('',#2849,#2349,#2350);
#1945=AXIS2_PLACEMENT_3D('',#2855,#2354,#2355);
#1946=AXIS2_PLACEMENT_3D('',#2861,#2359,#2360);
#1947=AXIS2_PLACEMENT_3D('',#2867,#2364,#2365);
#1948=AXIS2_PLACEMENT_3D('',#2873,#2369,#2370);
#1949=AXIS2_PLACEMENT_3D('',#2874,#2371,#2372);
#1950=AXIS2_PLACEMENT_3D('',#2875,#2373,#2374);
#1951=AXIS2_PLACEMENT_3D('',#2876,#2375,#2376);
#1952=AXIS2_PLACEMENT_3D('',#2877,#2377,#2378);
#1953=AXIS2_PLACEMENT_3D('',#2878,#2379,#2380);
#1954=AXIS2_PLACEMENT_3D('',#2887,#2385,#2386);
#1955=AXIS2_PLACEMENT_3D('',#2889,#2387,#2388);
#1956=AXIS2_PLACEMENT_3D('',#2891,#2389,#2390);
#1957=AXIS2_PLACEMENT_3D('',#2893,#2392,#2393);
#1958=AXIS2_PLACEMENT_3D('',#2899,#2397,#2398);
#1959=AXIS2_PLACEMENT_3D('',#2905,#2402,#2403);
#1960=AXIS2_PLACEMENT_3D('',#2911,#2407,#2408);
#1961=AXIS2_PLACEMENT_3D('',#2917,#2412,#2413);
#1962=AXIS2_PLACEMENT_3D('',#2918,#2414,#2415);
#1963=AXIS2_PLACEMENT_3D('',#2919,#2416,#2417);
#1964=AXIS2_PLACEMENT_3D('',#2920,#2418,#2419);
#1965=AXIS2_PLACEMENT_3D('',#2921,#2420,#2421);
#1966=AXIS2_PLACEMENT_3D('',#2922,#2422,#2423);
#1967=AXIS2_PLACEMENT_3D('',#2931,#2428,#2429);
#1968=AXIS2_PLACEMENT_3D('',#2933,#2430,#2431);
#1969=AXIS2_PLACEMENT_3D('',#2935,#2432,#2433);
#1970=AXIS2_PLACEMENT_3D('',#2937,#2435,#2436);
#1971=AXIS2_PLACEMENT_3D('',#2943,#2440,#2441);
#1972=AXIS2_PLACEMENT_3D('',#2949,#2445,#2446);
#1973=AXIS2_PLACEMENT_3D('',#2955,#2450,#2451);
#1974=AXIS2_PLACEMENT_3D('',#2961,#2455,#2456);
#1975=AXIS2_PLACEMENT_3D('',#2962,#2457,#2458);
#1976=AXIS2_PLACEMENT_3D('',#2963,#2459,#2460);
#1977=AXIS2_PLACEMENT_3D('',#2964,#2461,#2462);
#1978=AXIS2_PLACEMENT_3D('',#2965,#2463,#2464);
#1979=AXIS2_PLACEMENT_3D('',#2966,#2465,#2466);
#1980=AXIS2_PLACEMENT_3D('',#2983,#2468,#2469);
#1981=AXIS2_PLACEMENT_3D('',#2984,#2470,#2471);
#1982=AXIS2_PLACEMENT_3D('',#3000,#2472,#2473);
#1983=AXIS2_PLACEMENT_3D('',#3003,#2474,#2475);
#1984=AXIS2_PLACEMENT_3D('',#3004,#2476,#2477);
#1985=AXIS2_PLACEMENT_3D('',#3034,#2479,#2480);
#1986=AXIS2_PLACEMENT_3D('',#3037,#2483,#2484);
#1987=AXIS2_PLACEMENT_3D('',#3039,#2486,#2487);
#1988=AXIS2_PLACEMENT_3D('',#3041,#2489,#2490);
#1989=AXIS2_PLACEMENT_3D('',#3043,#2491,#2492);
#1990=AXIS2_PLACEMENT_3D('',#3046,#2494,#2495);
#1991=AXIS2_PLACEMENT_3D('',#3047,#2496,#2497);
#1992=AXIS2_PLACEMENT_3D('',#3049,#2499,#2500);
#1993=AXIS2_PLACEMENT_3D('',#3051,#2502,#2503);
#1994=AXIS2_PLACEMENT_3D('',#3052,#2504,#2505);
#1995=AXIS2_PLACEMENT_3D('',#3053,#2506,#2507);
#1996=DIRECTION('axis',(0.,0.,1.));
#1997=DIRECTION('refdir',(1.,0.,0.));
#1998=DIRECTION('center_axis',(0.,0.,-1.));
#1999=DIRECTION('ref_axis',(1.,0.,0.));
#2000=DIRECTION('center_axis',(0.,0.,-1.));
#2001=DIRECTION('ref_axis',(1.,0.,0.));
#2002=DIRECTION('center_axis',(0.,0.,-1.));
#2003=DIRECTION('ref_axis',(1.,0.,0.));
#2004=DIRECTION('',(0.,0.,-1.));
#2005=DIRECTION('center_axis',(0.,0.,-1.));
#2006=DIRECTION('ref_axis',(1.,0.,0.));
#2007=DIRECTION('center_axis',(0.,0.,-1.));
#2008=DIRECTION('ref_axis',(1.,0.,0.));
#2009=DIRECTION('center_axis',(0.,0.,1.));
#2010=DIRECTION('ref_axis',(1.,0.,0.));
#2011=DIRECTION('center_axis',(0.,0.,1.));
#2012=DIRECTION('ref_axis',(-1.,0.,0.));
#2013=DIRECTION('center_axis',(0.,0.,1.));
#2014=DIRECTION('ref_axis',(1.,0.,0.));
#2015=DIRECTION('center_axis',(0.,0.,1.));
#2016=DIRECTION('ref_axis',(-1.,0.,0.));
#2017=DIRECTION('center_axis',(0.,0.,1.));
#2018=DIRECTION('ref_axis',(-1.,0.,0.));
#2019=DIRECTION('',(1.88949725379402E-16,-1.,0.));
#2020=DIRECTION('center_axis',(0.,0.,1.));
#2021=DIRECTION('ref_axis',(1.,0.,0.));
#2022=DIRECTION('center_axis',(0.,0.,1.));
#2023=DIRECTION('ref_axis',(1.,0.,0.));
#2024=DIRECTION('center_axis',(0.,0.,1.));
#2025=DIRECTION('ref_axis',(1.,0.,0.));
#2026=DIRECTION('center_axis',(0.,0.,1.));
#2027=DIRECTION('ref_axis',(1.,0.,0.));
#2028=DIRECTION('center_axis',(0.,0.,-1.));
#2029=DIRECTION('ref_axis',(-1.,1.22464679914735E-16,0.));
#2030=DIRECTION('center_axis',(1.22464679914735E-16,-1.,0.));
#2031=DIRECTION('ref_axis',(-1.,-1.22464679914735E-16,0.));
#2032=DIRECTION('center_axis',(0.,0.,1.));
#2033=DIRECTION('ref_axis',(-1.,1.22464679914735E-16,0.));
#2034=DIRECTION('center_axis',(0.,0.,1.));
#2035=DIRECTION('ref_axis',(-1.,1.22464679914735E-16,0.));
#2036=DIRECTION('center_axis',(0.,0.,-1.));
#2037=DIRECTION('ref_axis',(-1.,1.22464679914735E-16,0.));
#2038=DIRECTION('center_axis',(0.,0.,1.));
#2039=DIRECTION('ref_axis',(1.,0.,0.));
#2040=DIRECTION('',(0.,0.,-1.));
#2041=DIRECTION('center_axis',(0.,0.,-1.));
#2042=DIRECTION('ref_axis',(1.,0.,0.));
#2043=DIRECTION('center_axis',(0.,0.,-1.));
#2044=DIRECTION('ref_axis',(1.,0.,0.));
#2045=DIRECTION('center_axis',(0.,0.,1.));
#2046=DIRECTION('ref_axis',(1.,0.,0.));
#2047=DIRECTION('center_axis',(0.,0.,-1.));
#2048=DIRECTION('ref_axis',(1.,0.,0.));
#2049=DIRECTION('center_axis',(0.,0.,-1.));
#2050=DIRECTION('ref_axis',(1.,0.,0.));
#2051=DIRECTION('center_axis',(0.,0.,1.));
#2052=DIRECTION('ref_axis',(-1.,0.,0.));
#2053=DIRECTION('',(0.,0.,1.));
#2054=DIRECTION('',(0.,0.,-1.));
#2055=DIRECTION('center_axis',(0.,0.,1.));
#2056=DIRECTION('ref_axis',(-1.,0.,0.));
#2057=DIRECTION('',(0.,0.,1.));
#2058=DIRECTION('center_axis',(0.,0.,1.));
#2059=DIRECTION('ref_axis',(-1.,0.,0.));
#2060=DIRECTION('',(0.,0.,-1.));
#2061=DIRECTION('center_axis',(0.,0.,1.));
#2062=DIRECTION('ref_axis',(-1.,0.,0.));
#2063=DIRECTION('',(0.,0.,1.));
#2064=DIRECTION('center_axis',(-1.,-3.14916208965671E-16,0.));
#2065=DIRECTION('ref_axis',(3.14916208965671E-16,-1.,0.));
#2066=DIRECTION('',(-3.14916208965671E-16,1.,0.));
#2067=DIRECTION('',(3.14916208965671E-16,-1.,0.));
#2068=DIRECTION('center_axis',(0.,0.,1.));
#2069=DIRECTION('ref_axis',(1.,0.,0.));
#2070=DIRECTION('center_axis',(0.,0.,1.));
#2071=DIRECTION('ref_axis',(1.,0.,0.));
#2072=DIRECTION('',(0.,0.,-1.));
#2073=DIRECTION('center_axis',(1.,1.88949725379402E-16,0.));
#2074=DIRECTION('ref_axis',(-1.88949725379402E-16,1.,0.));
#2075=DIRECTION('',(-1.88949725379402E-16,1.,0.));
#2076=DIRECTION('center_axis',(0.,0.,1.));
#2077=DIRECTION('ref_axis',(1.,0.,0.));
#2078=DIRECTION('center_axis',(0.,0.,1.));
#2079=DIRECTION('ref_axis',(1.,0.,0.));
#2080=DIRECTION('center_axis',(0.,0.,1.));
#2081=DIRECTION('ref_axis',(1.,0.,0.));
#2082=DIRECTION('center_axis',(0.,0.,1.));
#2083=DIRECTION('ref_axis',(1.,0.,0.));
#2084=DIRECTION('',(0.,0.,-1.));
#2085=DIRECTION('center_axis',(0.,0.,-1.));
#2086=DIRECTION('ref_axis',(1.,0.,0.));
#2087=DIRECTION('center_axis',(0.,0.,-1.));
#2088=DIRECTION('ref_axis',(1.,0.,0.));
#2089=DIRECTION('center_axis',(0.,0.,1.));
#2090=DIRECTION('ref_axis',(1.,0.,0.));
#2091=DIRECTION('center_axis',(0.,0.,-1.));
#2092=DIRECTION('ref_axis',(-1.,0.,0.));
#2093=DIRECTION('center_axis',(0.,0.,-1.));
#2094=DIRECTION('ref_axis',(-1.,0.,0.));
#2095=DIRECTION('center_axis',(0.,0.,-1.));
#2096=DIRECTION('ref_axis',(-1.,0.,0.));
#2097=DIRECTION('',(0.,0.,1.));
#2098=DIRECTION('center_axis',(0.,0.,1.));
#2099=DIRECTION('ref_axis',(-1.,0.,0.));
#2100=DIRECTION('center_axis',(0.,0.,1.));
#2101=DIRECTION('ref_axis',(-1.,0.,0.));
#2102=DIRECTION('center_axis',(0.,0.,-1.));
#2103=DIRECTION('ref_axis',(-1.,0.,0.));
#2104=DIRECTION('center_axis',(0.,0.,-1.));
#2105=DIRECTION('ref_axis',(1.,0.,0.));
#2106=DIRECTION('center_axis',(0.,0.,-1.));
#2107=DIRECTION('ref_axis',(1.,0.,0.));
#2108=DIRECTION('center_axis',(0.,0.,-1.));
#2109=DIRECTION('ref_axis',(1.,0.,0.));
#2110=DIRECTION('',(0.,0.,1.));
#2111=DIRECTION('center_axis',(0.,0.,1.));
#2112=DIRECTION('ref_axis',(1.,0.,0.));
#2113=DIRECTION('center_axis',(0.,0.,1.));
#2114=DIRECTION('ref_axis',(1.,0.,0.));
#2115=DIRECTION('center_axis',(0.,0.,1.));
#2116=DIRECTION('ref_axis',(1.,0.,0.));
#2117=DIRECTION('center_axis',(0.,0.,1.));
#2118=DIRECTION('ref_axis',(1.,0.,0.));
#2119=DIRECTION('center_axis',(0.,0.707106781186548,0.707106781186547));
#2120=DIRECTION('ref_axis',(1.,0.,0.));
#2121=DIRECTION('',(-2.22679386865186E-16,0.707106781186547,-0.707106781186548));
#2122=DIRECTION('',(-1.,0.,0.));
#2123=DIRECTION('',(2.22679386865186E-16,-0.707106781186547,0.707106781186548));
#2124=DIRECTION('',(1.,0.,0.));
#2125=DIRECTION('center_axis',(-1.,-3.14916208965671E-16,0.));
#2126=DIRECTION('ref_axis',(0.,0.,1.));
#2127=DIRECTION('',(3.14916208965671E-16,-1.,0.));
#2128=DIRECTION('',(-2.22679386865186E-16,0.707106781186547,0.707106781186548));
#2129=DIRECTION('',(-4.97037357627821E-32,1.57831621071624E-16,-1.));
#2130=DIRECTION('',(-3.14916208965671E-16,1.,0.));
#2131=DIRECTION('',(-9.94074715255642E-32,3.15663242143248E-16,1.));
#2132=DIRECTION('',(1.12782976135921E-30,-3.58136459556502E-15,-1.));
#2133=DIRECTION('center_axis',(-1.,-3.14916208965671E-16,0.));
#2134=DIRECTION('ref_axis',(3.14916208965671E-16,-1.,3.82835525732811E-15));
#2135=DIRECTION('',(-1.12782976135921E-30,3.58136459556502E-15,1.));
#2136=DIRECTION('center_axis',(-1.,-3.14916208965671E-16,0.));
#2137=DIRECTION('ref_axis',(-3.14916208965671E-16,1.,-3.82835525732814E-15));
#2138=DIRECTION('center_axis',(0.,0.,1.));
#2139=DIRECTION('ref_axis',(-3.14916208965671E-16,1.,0.));
#2140=DIRECTION('',(-3.14916208965671E-16,1.,0.));
#2141=DIRECTION('',(-1.,0.,0.));
#2142=DIRECTION('center_axis',(0.,-0.707106781186548,0.707106781186547));
#2143=DIRECTION('ref_axis',(1.,0.,0.));
#2144=DIRECTION('',(2.22679386865186E-16,-0.707106781186547,-0.707106781186548));
#2145=DIRECTION('',(1.,0.,0.));
#2146=DIRECTION('center_axis',(-1.,0.,0.));
#2147=DIRECTION('ref_axis',(0.,-1.,3.82835525732811E-15));
#2148=DIRECTION('',(1.,0.,0.));
#2149=DIRECTION('center_axis',(1.,3.14916208965671E-16,0.));
#2150=DIRECTION('ref_axis',(3.14916208965671E-16,-1.,3.82835525732811E-15));
#2151=DIRECTION('',(-1.,0.,0.));
#2152=DIRECTION('center_axis',(0.,1.,-3.58136459556502E-15));
#2153=DIRECTION('ref_axis',(1.12782976135921E-30,-3.58136459556502E-15,
-1.));
#2154=DIRECTION('',(1.12782976135921E-30,-3.58136459556502E-15,-1.));
#2155=DIRECTION('',(-1.,0.,0.));
#2156=DIRECTION('center_axis',(-1.,0.,0.));
#2157=DIRECTION('ref_axis',(0.,1.,-3.82835525732814E-15));
#2158=DIRECTION('center_axis',(1.,3.14916208965671E-16,0.));
#2159=DIRECTION('ref_axis',(-3.14916208965671E-16,1.,-3.82835525732814E-15));
#2160=DIRECTION('',(-1.,0.,0.));
#2161=DIRECTION('center_axis',(0.,-1.,3.58136459556502E-15));
#2162=DIRECTION('ref_axis',(-1.12782976135921E-30,3.58136459556502E-15,
1.));
#2163=DIRECTION('',(-1.12782976135921E-30,3.58136459556502E-15,1.));
#2164=DIRECTION('center_axis',(0.,-1.,-1.57831621071624E-16));
#2165=DIRECTION('ref_axis',(4.97037357627821E-32,-1.57831621071624E-16,
1.));
#2166=DIRECTION('',(4.97037357627821E-32,-1.57831621071624E-16,1.));
#2167=DIRECTION('',(-1.,0.,0.));
#2168=DIRECTION('center_axis',(0.,0.,-1.));
#2169=DIRECTION('ref_axis',(3.14916208965671E-16,-1.,0.));
#2170=DIRECTION('',(3.14916208965671E-16,-1.,0.));
#2171=DIRECTION('',(-1.,0.,0.));
#2172=DIRECTION('center_axis',(0.,1.,-3.15663242143248E-16));
#2173=DIRECTION('ref_axis',(9.94074715255642E-32,-3.15663242143248E-16,
-1.));
#2174=DIRECTION('',(9.94074715255642E-32,-3.15663242143248E-16,-1.));
#2175=DIRECTION('center_axis',(-1.,-3.14916208965671E-16,0.));
#2176=DIRECTION('ref_axis',(0.,0.,1.));
#2177=DIRECTION('center_axis',(0.,0.707106781186548,0.707106781186547));
#2178=DIRECTION('ref_axis',(1.,0.,0.));
#2179=DIRECTION('',(-2.22679386865186E-16,0.707106781186547,-0.707106781186548));
#2180=DIRECTION('',(-1.,0.,0.));
#2181=DIRECTION('',(2.22679386865186E-16,-0.707106781186547,0.707106781186548));
#2182=DIRECTION('',(1.,0.,0.));
#2183=DIRECTION('center_axis',(-1.,-3.14916208965671E-16,0.));
#2184=DIRECTION('ref_axis',(0.,0.,1.));
#2185=DIRECTION('',(3.14916208965671E-16,-1.,0.));
#2186=DIRECTION('',(-2.22679386865186E-16,0.707106781186547,0.707106781186548));
#2187=DIRECTION('',(0.,0.,-1.));
#2188=DIRECTION('',(-3.14916208965671E-16,1.,0.));
#2189=DIRECTION('',(0.,0.,1.));
#2190=DIRECTION('',(0.,0.,-1.));
#2191=DIRECTION('center_axis',(-1.,-3.14916208965671E-16,0.));
#2192=DIRECTION('ref_axis',(3.14916208965671E-16,-1.,0.));
#2193=DIRECTION('',(-2.81957440339803E-31,8.95341148891256E-16,1.));
#2194=DIRECTION('center_axis',(-1.,-3.14916208965671E-16,0.));
#2195=DIRECTION('ref_axis',(-3.14916208965671E-16,1.,0.));
#2196=DIRECTION('center_axis',(0.,0.,1.));
#2197=DIRECTION('ref_axis',(-3.14916208965671E-16,1.,0.));
#2198=DIRECTION('',(-3.14916208965671E-16,1.,0.));
#2199=DIRECTION('',(-1.,0.,0.));
#2200=DIRECTION('center_axis',(0.,-0.707106781186548,0.707106781186547));
#2201=DIRECTION('ref_axis',(1.,0.,0.));
#2202=DIRECTION('',(2.22679386865186E-16,-0.707106781186547,-0.707106781186548));
#2203=DIRECTION('',(1.,0.,0.));
#2204=DIRECTION('center_axis',(-1.,0.,0.));
#2205=DIRECTION('ref_axis',(0.,-1.,0.));
#2206=DIRECTION('',(1.,0.,0.));
#2207=DIRECTION('center_axis',(1.,3.14916208965671E-16,0.));
#2208=DIRECTION('ref_axis',(3.14916208965671E-16,-1.,0.));
#2209=DIRECTION('',(-1.,0.,0.));
#2210=DIRECTION('center_axis',(0.,1.,-8.95341148891256E-16));
#2211=DIRECTION('ref_axis',(2.81957440339803E-31,-8.95341148891256E-16,
-1.));
#2212=DIRECTION('',(2.81957440339803E-31,-8.95341148891256E-16,-1.));
#2213=DIRECTION('',(-1.,0.,0.));
#2214=DIRECTION('center_axis',(-1.,0.,0.));
#2215=DIRECTION('ref_axis',(0.,1.,0.));
#2216=DIRECTION('center_axis',(1.,3.14916208965671E-16,0.));
#2217=DIRECTION('ref_axis',(-3.14916208965671E-16,1.,0.));
#2218=DIRECTION('',(-1.,0.,0.));
#2219=DIRECTION('center_axis',(0.,-1.,0.));
#2220=DIRECTION('ref_axis',(0.,0.,1.));
#2221=DIRECTION('',(0.,0.,1.));
#2222=DIRECTION('center_axis',(0.,-1.,0.));
#2223=DIRECTION('ref_axis',(0.,0.,1.));
#2224=DIRECTION('',(0.,0.,1.));
#2225=DIRECTION('',(-1.,0.,0.));
#2226=DIRECTION('center_axis',(0.,0.,-1.));
#2227=DIRECTION('ref_axis',(3.14916208965671E-16,-1.,0.));
#2228=DIRECTION('',(3.14916208965671E-16,-1.,0.));
#2229=DIRECTION('',(-1.,0.,0.));
#2230=DIRECTION('center_axis',(0.,1.,0.));
#2231=DIRECTION('ref_axis',(0.,0.,-1.));
#2232=DIRECTION('',(0.,0.,-1.));
#2233=DIRECTION('center_axis',(-1.,-3.14916208965671E-16,0.));
#2234=DIRECTION('ref_axis',(0.,0.,1.));
#2235=DIRECTION('center_axis',(0.,0.707106781186548,0.707106781186547));
#2236=DIRECTION('ref_axis',(1.,0.,0.));
#2237=DIRECTION('',(-2.22679386865186E-16,0.707106781186547,-0.707106781186548));
#2238=DIRECTION('',(-1.,0.,0.));
#2239=DIRECTION('',(2.22679386865186E-16,-0.707106781186547,0.707106781186548));
#2240=DIRECTION('',(1.,0.,0.));
#2241=DIRECTION('center_axis',(-1.,-3.14916208965671E-16,0.));
#2242=DIRECTION('ref_axis',(0.,0.,1.));
#2243=DIRECTION('',(3.14916208965671E-16,-1.,0.));
#2244=DIRECTION('',(-2.22679386865186E-16,0.707106781186548,0.707106781186548));
#2245=DIRECTION('',(0.,0.,-1.));
#2246=DIRECTION('',(-3.14916208965671E-16,1.,0.));
#2247=DIRECTION('',(2.49733732872396E-32,-7.93016446160826E-17,1.));
#2248=DIRECTION('center_axis',(-1.,-3.14916208965671E-16,0.));
#2249=DIRECTION('ref_axis',(-3.14916208965671E-16,1.,0.));
#2250=DIRECTION('',(0.,0.,-1.));
#2251=DIRECTION('center_axis',(-1.,-3.14916208965671E-16,0.));
#2252=DIRECTION('ref_axis',(3.14916208965671E-16,-1.,0.));
#2253=DIRECTION('',(0.,0.,1.));
#2254=DIRECTION('center_axis',(0.,0.,1.));
#2255=DIRECTION('ref_axis',(-3.14916208965671E-16,1.,0.));
#2256=DIRECTION('',(-3.14916208965671E-16,1.,0.));
#2257=DIRECTION('',(-1.,0.,0.));
#2258=DIRECTION('center_axis',(0.,-0.707106781186548,0.707106781186548));
#2259=DIRECTION('ref_axis',(1.,0.,0.));
#2260=DIRECTION('',(2.22679386865186E-16,-0.707106781186548,-0.707106781186548));
#2261=DIRECTION('',(1.,0.,0.));
#2262=DIRECTION('center_axis',(0.,-1.,0.));
#2263=DIRECTION('ref_axis',(0.,0.,1.));
#2264=DIRECTION('',(1.,0.,0.));
#2265=DIRECTION('',(0.,0.,1.));
#2266=DIRECTION('',(-1.,0.,0.));
#2267=DIRECTION('center_axis',(-1.,0.,0.));
#2268=DIRECTION('ref_axis',(0.,-1.,0.));
#2269=DIRECTION('center_axis',(1.,3.14916208965671E-16,0.));
#2270=DIRECTION('ref_axis',(3.14916208965671E-16,-1.,0.));
#2271=DIRECTION('',(-1.,0.,0.));
#2272=DIRECTION('center_axis',(0.,1.,0.));
#2273=DIRECTION('ref_axis',(0.,0.,-1.));
#2274=DIRECTION('',(0.,0.,-1.));
#2275=DIRECTION('',(-1.,0.,0.));
#2276=DIRECTION('center_axis',(-1.,0.,0.));
#2277=DIRECTION('ref_axis',(0.,1.,0.));
#2278=DIRECTION('center_axis',(1.,3.14916208965671E-16,0.));
#2279=DIRECTION('ref_axis',(-3.14916208965671E-16,1.,0.));
#2280=DIRECTION('center_axis',(0.,-1.,0.));
#2281=DIRECTION('ref_axis',(0.,0.,1.));
#2282=DIRECTION('',(0.,0.,1.));
#2283=DIRECTION('',(-1.,0.,0.));
#2284=DIRECTION('center_axis',(0.,0.,-1.));
#2285=DIRECTION('ref_axis',(3.14916208965671E-16,-1.,0.));
#2286=DIRECTION('',(3.14916208965671E-16,-1.,0.));
#2287=DIRECTION('',(-1.,0.,0.));
#2288=DIRECTION('center_axis',(0.,1.,7.93016446160826E-17));
#2289=DIRECTION('ref_axis',(-2.49733732872396E-32,7.93016446160826E-17,
-1.));
#2290=DIRECTION('',(-2.49733732872396E-32,7.93016446160826E-17,-1.));
#2291=DIRECTION('center_axis',(-1.,-3.14916208965671E-16,0.));
#2292=DIRECTION('ref_axis',(0.,0.,1.));
#2293=DIRECTION('center_axis',(8.4426664979004E-17,0.,1.));
#2294=DIRECTION('ref_axis',(1.,0.,0.));
#2295=DIRECTION('center_axis',(8.4426664979004E-17,0.,1.));
#2296=DIRECTION('ref_axis',(1.,0.,-8.4426664979004E-17));
#2297=DIRECTION('center_axis',(8.4426664979004E-17,0.,1.));
#2298=DIRECTION('ref_axis',(1.,0.,-8.4426664979004E-17));
#2299=DIRECTION('center_axis',(1.22464679914735E-16,-1.,-1.03392845029223E-32));
#2300=DIRECTION('ref_axis',(-1.,-1.22464679914735E-16,1.53134210293125E-16));
#2301=DIRECTION('center_axis',(8.4426664979004E-17,0.,1.));
#2302=DIRECTION('ref_axis',(1.,0.,-8.4426664979004E-17));
#2303=DIRECTION('center_axis',(8.4426664979004E-17,0.,1.));
#2304=DIRECTION('ref_axis',(1.,0.,-8.4426664979004E-17));
#2305=DIRECTION('center_axis',(-8.4426664979004E-17,0.,-1.));
#2306=DIRECTION('ref_axis',(1.,0.,0.));
#2307=DIRECTION('center_axis',(8.4426664979004E-17,0.,1.));
#2308=DIRECTION('ref_axis',(1.,0.,-8.4426664979004E-17));
#2309=DIRECTION('center_axis',(8.4426664979004E-17,0.,1.));
#2310=DIRECTION('ref_axis',(1.,0.,-8.4426664979004E-17));
#2311=DIRECTION('',(-0.187636091250813,-2.29787938554829E-17,-0.982238615235685));
#2312=DIRECTION('center_axis',(8.4426664979004E-17,0.,1.));
#2313=DIRECTION('ref_axis',(1.,0.,0.));
#2314=DIRECTION('center_axis',(8.4426664979004E-17,0.,1.));
#2315=DIRECTION('ref_axis',(1.,0.,-8.4426664979004E-17));
#2316=DIRECTION('center_axis',(8.4426664979004E-17,0.,1.));
#2317=DIRECTION('ref_axis',(1.,0.,-8.4426664979004E-17));
#2318=DIRECTION('',(-8.4426664979004E-17,0.,-1.));
#2319=DIRECTION('center_axis',(8.4426664979004E-17,0.,1.));
#2320=DIRECTION('ref_axis',(1.,0.,-8.4426664979004E-17));
#2321=DIRECTION('center_axis',(8.4426664979004E-17,0.,1.));
#2322=DIRECTION('ref_axis',(1.,0.,-8.4426664979004E-17));
#2323=DIRECTION('center_axis',(8.4426664979004E-17,0.,1.));
#2324=DIRECTION('ref_axis',(1.,0.,-8.4426664979004E-17));
#2325=DIRECTION('center_axis',(8.4426664979004E-17,0.,1.));
#2326=DIRECTION('ref_axis',(1.,0.,0.));
#2327=DIRECTION('',(-8.4426664979004E-17,0.,-1.));
#2328=DIRECTION('center_axis',(8.4426664979004E-17,0.,1.));
#2329=DIRECTION('ref_axis',(1.,0.,-8.4426664979004E-17));
#2330=DIRECTION('center_axis',(8.4426664979004E-17,0.,1.));
#2331=DIRECTION('ref_axis',(1.,0.,-8.4426664979004E-17));
#2332=DIRECTION('center_axis',(8.4426664979004E-17,0.,1.));
#2333=DIRECTION('ref_axis',(1.,0.,-8.4426664979004E-17));
#2334=DIRECTION('center_axis',(-8.4426664979004E-17,0.,-1.));
#2335=DIRECTION('ref_axis',(-1.,0.,8.4426664979004E-17));
#2336=DIRECTION('center_axis',(-0.500000000000001,-0.866025403784438,0.));
#2337=DIRECTION('ref_axis',(-0.866025403784438,0.500000000000001,7.31156366286154E-17));
#2338=DIRECTION('',(-0.866025403784438,0.500000000000001,7.31156366286154E-17));
#2339=DIRECTION('',(0.,0.,-1.));
#2340=DIRECTION('',(-0.866025403784438,0.500000000000001,7.31156366286154E-17));
#2341=DIRECTION('',(0.,0.,-1.));
#2342=DIRECTION('center_axis',(0.,0.,-1.));
#2343=DIRECTION('ref_axis',(1.,-3.21624529935327E-16,0.));
#2344=DIRECTION('center_axis',(-8.4426664979004E-17,0.,-1.));
#2345=DIRECTION('ref_axis',(-1.,0.,8.4426664979004E-17));
#2346=DIRECTION('center_axis',(-8.4426664979004E-17,0.,-1.));
#2347=DIRECTION('ref_axis',(-1.,0.,8.4426664979004E-17));
#2348=DIRECTION('',(0.,0.,-1.));
#2349=DIRECTION('center_axis',(0.500000000000003,-0.866025403784437,0.));
#2350=DIRECTION('ref_axis',(-0.866025403784437,-0.500000000000003,7.31156366286153E-17));
#2351=DIRECTION('',(-0.866025403784437,-0.500000000000003,7.31156366286153E-17));
#2352=DIRECTION('',(-0.866025403784437,-0.500000000000003,7.31156366286153E-17));
#2353=DIRECTION('',(0.,0.,-1.));
#2354=DIRECTION('center_axis',(0.325191706236525,0.945648113303769,0.));
#2355=DIRECTION('ref_axis',(0.945648113303769,-0.325191706236524,-7.98379164499245E-17));
#2356=DIRECTION('',(0.945648113303769,-0.325191706236524,-7.98379164499245E-17));
#2357=DIRECTION('',(0.945648113303769,-0.325191706236524,-7.98379164499245E-17));
#2358=DIRECTION('',(0.,0.,-1.));
#2359=DIRECTION('center_axis',(-0.998958290843691,0.045632588734925,0.));
#2360=DIRECTION('ref_axis',(0.045632588734925,0.998958290843691,-3.85260728124819E-18));
#2361=DIRECTION('',(0.045632588734925,0.998958290843691,-3.85260728124819E-18));
#2362=DIRECTION('',(0.045632588734925,0.998958290843691,-3.85260728124819E-18));
#2363=DIRECTION('',(0.,0.,-1.));
#2364=DIRECTION('center_axis',(0.5,-0.866025403784439,0.));
#2365=DIRECTION('ref_axis',(-0.866025403784439,-0.5,7.31156366286155E-17));
#2366=DIRECTION('',(-0.866025403784439,-0.5,7.31156366286155E-17));
#2367=DIRECTION('',(-0.866025403784439,-0.5,7.31156366286155E-17));
#2368=DIRECTION('',(0.,0.,-1.));
#2369=DIRECTION('center_axis',(0.,0.,-1.));
#2370=DIRECTION('ref_axis',(1.,0.,0.));
#2371=DIRECTION('center_axis',(8.4426664979004E-17,0.,1.));
#2372=DIRECTION('ref_axis',(1.,0.,-8.4426664979004E-17));
#2373=DIRECTION('center_axis',(8.4426664979004E-17,0.,1.));
#2374=DIRECTION('ref_axis',(1.,0.,-8.4426664979004E-17));
#2375=DIRECTION('center_axis',(-8.4426664979004E-17,0.,-1.));
#2376=DIRECTION('ref_axis',(-1.,0.,8.4426664979004E-17));
#2377=DIRECTION('center_axis',(-8.4426664979004E-17,0.,-1.));
#2378=DIRECTION('ref_axis',(-1.,0.,8.4426664979004E-17));
#2379=DIRECTION('center_axis',(1.,-9.43689570931383E-16,0.));
#2380=DIRECTION('ref_axis',(-9.43689570931383E-16,-1.,7.31156366286154E-17));
#2381=DIRECTION('',(-9.43689570931383E-16,-1.,7.31156366286154E-17));
#2382=DIRECTION('',(0.,0.,-1.));
#2383=DIRECTION('',(-9.43689570931383E-16,-1.,7.31156366286154E-17));
#2384=DIRECTION('',(0.,0.,-1.));
#2385=DIRECTION('center_axis',(0.,0.,-1.));
#2386=DIRECTION('ref_axis',(-0.5,0.866025403784439,0.));
#2387=DIRECTION('center_axis',(4.2213332489502E-17,-7.31156366286155E-17,
-1.));
#2388=DIRECTION('ref_axis',(0.5,-0.866025403784439,8.4426664979004E-17));
#2389=DIRECTION('center_axis',(4.2213332489502E-17,-7.31156366286155E-17,
-1.));
#2390=DIRECTION('ref_axis',(0.5,-0.866025403784439,8.4426664979004E-17));
#2391=DIRECTION('',(0.,0.,-1.));
#2392=DIRECTION('center_axis',(0.499999999999997,0.86602540378444,0.));
#2393=DIRECTION('ref_axis',(0.86602540378444,-0.499999999999997,7.31156366286153E-17));
#2394=DIRECTION('',(0.86602540378444,-0.499999999999997,7.31156366286153E-17));
#2395=DIRECTION('',(0.86602540378444,-0.499999999999997,7.31156366286153E-17));
#2396=DIRECTION('',(0.,0.,-1.));
#2397=DIRECTION('center_axis',(-0.981551142280152,-0.191199777951048,0.));
#2398=DIRECTION('ref_axis',(-0.191199777951048,0.981551142280152,-7.98379164499245E-17));
#2399=DIRECTION('',(-0.191199777951048,0.981551142280152,-7.98379164499245E-17));
#2400=DIRECTION('',(-0.191199777951048,0.981551142280152,-7.98379164499245E-17));
#2401=DIRECTION('',(0.,0.,-1.));
#2402=DIRECTION('center_axis',(0.459960164336953,-0.887939551559183,0.));
#2403=DIRECTION('ref_axis',(-0.887939551559183,-0.459960164336953,-3.85260728124819E-18));
#2404=DIRECTION('',(-0.887939551559183,-0.459960164336953,-3.85260728124819E-18));
#2405=DIRECTION('',(-0.887939551559183,-0.459960164336953,-3.85260728124819E-18));
#2406=DIRECTION('',(0.,0.,-1.));
#2407=DIRECTION('center_axis',(0.500000000000001,0.866025403784438,0.));
#2408=DIRECTION('ref_axis',(0.866025403784438,-0.5,7.31156366286155E-17));
#2409=DIRECTION('',(0.866025403784438,-0.5,7.31156366286155E-17));
#2410=DIRECTION('',(0.866025403784438,-0.5,7.31156366286155E-17));
#2411=DIRECTION('',(0.,0.,-1.));
#2412=DIRECTION('center_axis',(0.,0.,-1.));
#2413=DIRECTION('ref_axis',(-0.5,0.866025403784439,0.));
#2414=DIRECTION('center_axis',(-4.2213332489502E-17,7.31156366286155E-17,
1.));
#2415=DIRECTION('ref_axis',(-0.5,0.866025403784439,-8.4426664979004E-17));
#2416=DIRECTION('center_axis',(-4.2213332489502E-17,7.31156366286155E-17,
1.));
#2417=DIRECTION('ref_axis',(-0.5,0.866025403784439,-8.4426664979004E-17));
#2418=DIRECTION('center_axis',(4.2213332489502E-17,-7.31156366286155E-17,
-1.));
#2419=DIRECTION('ref_axis',(0.5,-0.866025403784439,8.4426664979004E-17));
#2420=DIRECTION('center_axis',(4.2213332489502E-17,-7.31156366286155E-17,
-1.));
#2421=DIRECTION('ref_axis',(0.5,-0.866025403784439,8.4426664979004E-17));
#2422=DIRECTION('center_axis',(-0.499999999999999,0.866025403784439,0.));
#2423=DIRECTION('ref_axis',(0.866025403784439,0.499999999999999,7.31156366286154E-17));
#2424=DIRECTION('',(0.866025403784439,0.499999999999999,7.31156366286154E-17));
#2425=DIRECTION('',(0.,0.,-1.));
#2426=DIRECTION('',(0.866025403784439,0.499999999999999,7.31156366286154E-17));
#2427=DIRECTION('',(0.,0.,-1.));
#2428=DIRECTION('center_axis',(0.,0.,-1.));
#2429=DIRECTION('ref_axis',(-0.5,-0.866025403784438,0.));
#2430=DIRECTION('center_axis',(4.2213332489502E-17,7.31156366286154E-17,
-1.));
#2431=DIRECTION('ref_axis',(0.5,0.866025403784438,8.4426664979004E-17));
#2432=DIRECTION('center_axis',(4.2213332489502E-17,7.31156366286154E-17,
-1.));
#2433=DIRECTION('ref_axis',(0.5,0.866025403784438,8.4426664979004E-17));
#2434=DIRECTION('',(0.,0.,-1.));
#2435=DIRECTION('center_axis',(-1.,-3.1641356201817E-15,0.));
#2436=DIRECTION('ref_axis',(-3.1641356201817E-15,1.,7.31156366286153E-17));
#2437=DIRECTION('',(-3.1641356201817E-15,1.,7.31156366286153E-17));
#2438=DIRECTION('',(-3.1641356201817E-15,1.,7.31156366286153E-17));
#2439=DIRECTION('',(0.,0.,-1.));
#2440=DIRECTION('center_axis',(0.656359436043627,-0.754448335352722,0.));
#2441=DIRECTION('ref_axis',(-0.754448335352721,-0.656359436043626,-7.98379164499245E-17));
#2442=DIRECTION('',(-0.754448335352721,-0.656359436043626,-7.98379164499245E-17));
#2443=DIRECTION('',(-0.754448335352721,-0.656359436043626,-7.98379164499245E-17));
#2444=DIRECTION('',(0.,0.,-1.));
#2445=DIRECTION('center_axis',(0.538998126506739,0.842306962824258,0.));
#2446=DIRECTION('ref_axis',(0.842306962824258,-0.538998126506739,-3.85260728124819E-18));
#2447=DIRECTION('',(0.842306962824258,-0.538998126506739,-3.85260728124819E-18));
#2448=DIRECTION('',(0.842306962824258,-0.538998126506739,-3.85260728124819E-18));
#2449=DIRECTION('',(0.,0.,-1.));
#2450=DIRECTION('center_axis',(-1.,8.32667268468867E-16,0.));
#2451=DIRECTION('ref_axis',(8.32667268468867E-16,1.,7.31156366286155E-17));
#2452=DIRECTION('',(8.32667268468867E-16,1.,7.31156366286155E-17));
#2453=DIRECTION('',(8.32667268468867E-16,1.,7.31156366286155E-17));
#2454=DIRECTION('',(0.,0.,-1.));
#2455=DIRECTION('center_axis',(0.,0.,-1.));
#2456=DIRECTION('ref_axis',(-0.5,-0.866025403784438,0.));
#2457=DIRECTION('center_axis',(-4.2213332489502E-17,-7.31156366286154E-17,
1.));
#2458=DIRECTION('ref_axis',(-0.5,-0.866025403784438,-8.4426664979004E-17));
#2459=DIRECTION('center_axis',(-4.2213332489502E-17,-7.31156366286154E-17,
1.));
#2460=DIRECTION('ref_axis',(-0.5,-0.866025403784438,-8.4426664979004E-17));
#2461=DIRECTION('center_axis',(4.2213332489502E-17,7.31156366286154E-17,
-1.));
#2462=DIRECTION('ref_axis',(0.5,0.866025403784438,8.4426664979004E-17));
#2463=DIRECTION('center_axis',(4.2213332489502E-17,7.31156366286154E-17,
-1.));
#2464=DIRECTION('ref_axis',(0.5,0.866025403784438,8.4426664979004E-17));
#2465=DIRECTION('center_axis',(0.,0.,1.));
#2466=DIRECTION('ref_axis',(0.,-1.,0.));
#2467=DIRECTION('',(-1.183296526007E-16,-0.966234939601246,-0.257662650560332));
#2468=DIRECTION('center_axis',(0.,0.,-1.));
#2469=DIRECTION('ref_axis',(0.,-1.,0.));
#2470=DIRECTION('center_axis',(0.,0.,-1.));
#2471=DIRECTION('ref_axis',(0.,-1.,0.));
#2472=DIRECTION('center_axis',(0.,0.,-1.));
#2473=DIRECTION('ref_axis',(0.,-1.,0.));
#2474=DIRECTION('center_axis',(0.,0.,1.));
#2475=DIRECTION('ref_axis',(0.,-1.,0.));
#2476=DIRECTION('center_axis',(0.,0.,1.));
#2477=DIRECTION('ref_axis',(0.,-1.,0.));
#2478=DIRECTION('',(1.183296526007E-16,0.966234939601246,-0.257662650560332));
#2479=DIRECTION('center_axis',(0.866025403784439,0.5,0.));
#2480=DIRECTION('ref_axis',(-0.5,0.866025403784439,0.));
#2481=DIRECTION('',(0.,0.,1.));
#2482=DIRECTION('',(0.,0.,1.));
#2483=DIRECTION('center_axis',(-1.55077635998674E-16,1.,0.));
#2484=DIRECTION('ref_axis',(-1.,-1.55077635998674E-16,0.));
#2485=DIRECTION('',(0.,0.,1.));
#2486=DIRECTION('center_axis',(-0.866025403784439,0.5,0.));
#2487=DIRECTION('ref_axis',(-0.5,-0.866025403784439,0.));
#2488=DIRECTION('',(0.,0.,1.));
#2489=DIRECTION('center_axis',(0.,0.,1.));
#2490=DIRECTION('ref_axis',(-1.,0.,0.));
#2491=DIRECTION('center_axis',(0.,0.,-1.));
#2492=DIRECTION('ref_axis',(-1.,0.,0.));
#2493=DIRECTION('',(0.,0.,-1.));
#2494=DIRECTION('center_axis',(0.,0.,-1.));
#2495=DIRECTION('ref_axis',(-1.,0.,0.));
#2496=DIRECTION('center_axis',(-0.866025403784439,-0.5,0.));
#2497=DIRECTION('ref_axis',(0.5,-0.866025403784439,0.));
#2498=DIRECTION('',(0.,0.,1.));
#2499=DIRECTION('center_axis',(0.866025403784438,-0.5,0.));
#2500=DIRECTION('ref_axis',(0.5,0.866025403784438,0.));
#2501=DIRECTION('',(0.,0.,1.));
#2502=DIRECTION('center_axis',(-4.65232907996023E-16,-1.,0.));
#2503=DIRECTION('ref_axis',(1.,-4.65232907996023E-16,0.));
#2504=DIRECTION('center_axis',(0.,0.,1.));
#2505=DIRECTION('ref_axis',(1.,0.,0.));
#2506=DIRECTION('center_axis',(0.,0.,1.));
#2507=DIRECTION('ref_axis',(1.,0.,0.));
#2508=CARTESIAN_POINT('',(0.,0.,0.));
#2509=CARTESIAN_POINT('Origin',(0.,0.,21.34));
#2510=CARTESIAN_POINT('',(6.525,0.,21.34));
#2511=CARTESIAN_POINT('',(-6.525,7.99082036443648E-16,21.34));
#2512=CARTESIAN_POINT('Origin',(0.,0.,21.34));
#2513=CARTESIAN_POINT('Origin',(0.,0.,21.34));
#2514=CARTESIAN_POINT('',(-6.525,7.99082036443648E-16,20.34));
#2515=CARTESIAN_POINT('',(-6.525,7.99082036443648E-16,21.34));
#2516=CARTESIAN_POINT('',(6.525,0.,20.34));
#2517=CARTESIAN_POINT('Origin',(0.,0.,20.34));
#2518=CARTESIAN_POINT('Origin',(0.,0.,20.34));
#2519=CARTESIAN_POINT('Origin',(0.,0.,20.34));
#2520=CARTESIAN_POINT('',(6.425,7.86835568452174E-16,20.34));
#2521=CARTESIAN_POINT('Origin',(0.,0.,20.34));
#2522=CARTESIAN_POINT('Origin',(0.,0.,21.34));
#2523=CARTESIAN_POINT('',(4.425,-4.65832587954085,21.34));
#2524=CARTESIAN_POINT('',(6.425,7.86835568452174E-16,21.34));
#2525=CARTESIAN_POINT('Origin',(0.,0.,21.34));
#2526=CARTESIAN_POINT('',(4.425,4.65832587954085,21.34));
#2527=CARTESIAN_POINT('Origin',(0.,0.,21.34));
#2528=CARTESIAN_POINT('',(4.425,-2.98119103715277,21.34));
#2529=CARTESIAN_POINT('Origin',(0.,0.,21.34));
#2530=CARTESIAN_POINT('',(4.425,5.96238207430554,21.34));
#2531=CARTESIAN_POINT('',(-7.425,-9.0930024836691E-16,21.34));
#2532=CARTESIAN_POINT('Origin',(0.,0.,21.34));
#2533=CARTESIAN_POINT('Origin',(0.,0.,21.34));
#2534=CARTESIAN_POINT('Origin',(0.,0.,13.));
#2535=CARTESIAN_POINT('',(7.815,-1.91412294706731E-15,14.));
#2536=CARTESIAN_POINT('',(-7.815,-9.57061473533657E-16,14.));
#2537=CARTESIAN_POINT('Origin',(0.,0.,14.));
#2538=CARTESIAN_POINT('',(-8.815,-1.07952615344839E-15,13.));
#2539=CARTESIAN_POINT('Origin',(-7.815,-9.57061473533657E-16,13.));
#2540=CARTESIAN_POINT('',(8.815,0.,13.));
#2541=CARTESIAN_POINT('Origin',(0.,0.,13.));
#2542=CARTESIAN_POINT('Origin',(0.,0.,13.));
#2543=CARTESIAN_POINT('Origin',(0.,0.,14.));
#2544=CARTESIAN_POINT('Origin',(0.,0.,10.7));
#2545=CARTESIAN_POINT('',(-8.815,-1.07952615344839E-15,10.7));
#2546=CARTESIAN_POINT('',(-8.815,-1.07952615344839E-15,10.7));
#2547=CARTESIAN_POINT('',(8.815,0.,10.7));
#2548=CARTESIAN_POINT('Origin',(0.,0.,10.7));
#2549=CARTESIAN_POINT('Origin',(0.,0.,10.7));
#2550=CARTESIAN_POINT('Origin',(0.,0.,14.));
#2551=CARTESIAN_POINT('',(7.425,0.,14.));
#2552=CARTESIAN_POINT('',(-7.425,-9.0930024836691E-16,14.));
#2553=CARTESIAN_POINT('Origin',(0.,0.,14.));
#2554=CARTESIAN_POINT('Origin',(0.,0.,14.));
#2555=CARTESIAN_POINT('Origin',(0.,0.,21.34));
#2556=CARTESIAN_POINT('',(6.425,7.86835568452174E-16,21.34));
#2557=CARTESIAN_POINT('',(4.425,-4.65832587954085,22.34));
#2558=CARTESIAN_POINT('',(4.425,-4.65832587954085,21.34));
#2559=CARTESIAN_POINT('',(1.625,-6.21610810716802,22.34));
#2560=CARTESIAN_POINT('Origin',(0.,0.,22.34));
#2561=CARTESIAN_POINT('',(1.625,-6.21610810716802,21.34));
#2562=CARTESIAN_POINT('',(1.625,-6.21610810716802,21.34));
#2563=CARTESIAN_POINT('',(1.625,6.21610810716802,21.34));
#2564=CARTESIAN_POINT('Origin',(0.,0.,21.34));
#2565=CARTESIAN_POINT('',(1.625,6.21610810716802,22.34));
#2566=CARTESIAN_POINT('',(1.625,6.21610810716802,21.34));
#2567=CARTESIAN_POINT('',(4.425,4.65832587954085,22.34));
#2568=CARTESIAN_POINT('Origin',(0.,0.,22.34));
#2569=CARTESIAN_POINT('',(4.425,4.65832587954085,21.34));
#2570=CARTESIAN_POINT('Origin',(1.625,7.24499827467198,21.34));
#2571=CARTESIAN_POINT('',(1.625,3.62249913733599,21.34));
#2572=CARTESIAN_POINT('',(1.62499999999999,19.0425270098366,22.34));
#2573=CARTESIAN_POINT('Origin',(0.,0.,21.34));
#2574=CARTESIAN_POINT('Origin',(0.,0.,14.));
#2575=CARTESIAN_POINT('',(-7.425,-9.0930024836691E-16,14.));
#2576=CARTESIAN_POINT('Origin',(4.425,-5.96238207430554,21.34));
#2577=CARTESIAN_POINT('',(4.425,-16.2120262020047,22.34));
#2578=CARTESIAN_POINT('Origin',(3.025,5.55111512312578E-16,22.34));
#2579=CARTESIAN_POINT('Origin',(0.,0.,0.));
#2580=CARTESIAN_POINT('',(11.,0.,10.7));
#2581=CARTESIAN_POINT('',(-11.,-1.34711147906209E-15,10.7));
#2582=CARTESIAN_POINT('Origin',(0.,0.,10.7));
#2583=CARTESIAN_POINT('Origin',(0.,0.,10.7));
#2584=CARTESIAN_POINT('',(-11.,-1.34711147906209E-15,0.));
#2585=CARTESIAN_POINT('',(-11.,-1.34711147906209E-15,0.));
#2586=CARTESIAN_POINT('',(11.,0.,0.));
#2587=CARTESIAN_POINT('Origin',(0.,0.,0.));
#2588=CARTESIAN_POINT('Origin',(0.,0.,0.));
#2589=CARTESIAN_POINT('Origin',(0.,0.,10.7));
#2590=CARTESIAN_POINT('Origin',(0.,0.,-2.4));
#2591=CARTESIAN_POINT('',(-10.285,0.,-8.4));
#2592=CARTESIAN_POINT('',(10.285,-1.25954923292305E-15,-8.4));
#2593=CARTESIAN_POINT('Origin',(0.,0.,-8.4));
#2594=CARTESIAN_POINT('Origin',(0.,0.,-8.4));
#2595=CARTESIAN_POINT('',(10.285,-1.25954923292305E-15,-2.4));
#2596=CARTESIAN_POINT('',(10.285,-1.25954923292305E-15,-2.4));
#2597=CARTESIAN_POINT('',(-10.285,0.,-2.4));
#2598=CARTESIAN_POINT('Origin',(0.,0.,-2.4));
#2599=CARTESIAN_POINT('Origin',(0.,0.,-2.4));
#2600=CARTESIAN_POINT('Origin',(0.,0.,-8.4));
#2601=CARTESIAN_POINT('Origin',(0.,0.,0.));
#2602=CARTESIAN_POINT('',(12.89,0.,-2.4));
#2603=CARTESIAN_POINT('',(-12.89,1.57856972410094E-15,-2.4));
#2604=CARTESIAN_POINT('Origin',(0.,0.,-2.4));
#2605=CARTESIAN_POINT('Origin',(0.,0.,-2.4));
#2606=CARTESIAN_POINT('',(-12.89,1.57856972410094E-15,0.));
#2607=CARTESIAN_POINT('',(-12.89,1.57856972410094E-15,0.));
#2608=CARTESIAN_POINT('',(12.89,0.,0.));
#2609=CARTESIAN_POINT('Origin',(0.,0.,0.));
#2610=CARTESIAN_POINT('Origin',(0.,0.,0.));
#2611=CARTESIAN_POINT('Origin',(0.,0.,0.));
#2612=CARTESIAN_POINT('Origin',(0.,0.,-2.4));
#2613=CARTESIAN_POINT('Origin',(3.025,5.01610810716802,28.94));
#2614=CARTESIAN_POINT('',(3.25,4.61610810716802,29.34));
#2615=CARTESIAN_POINT('',(3.25,5.41610810716802,28.54));
#2616=CARTESIAN_POINT('',(3.25,5.51610810716802,28.44));
#2617=CARTESIAN_POINT('',(2.8,5.41610810716802,28.54));
#2618=CARTESIAN_POINT('',(3.025,5.41610810716802,28.54));
#2619=CARTESIAN_POINT('',(2.8,4.61610810716802,29.34));
#2620=CARTESIAN_POINT('',(2.8,5.51610810716802,28.44));
#2621=CARTESIAN_POINT('',(3.025,4.61610810716802,29.34));
#2622=CARTESIAN_POINT('Origin',(3.25,3.91610810716802,25.84));
#2623=CARTESIAN_POINT('',(3.25,3.21610810716802,29.34));
#2624=CARTESIAN_POINT('',(3.25,2.41610810716802,29.34));
#2625=CARTESIAN_POINT('',(3.25,2.41610810716802,28.54));
#2626=CARTESIAN_POINT('',(3.25,2.31610810716802,28.44));
#2627=CARTESIAN_POINT('',(3.25,2.41610810716802,22.34));
#2628=CARTESIAN_POINT('',(3.25,2.41610810716802,22.3057756976257));
#2629=CARTESIAN_POINT('',(3.25,5.41610810716802,22.34));
#2630=CARTESIAN_POINT('',(3.25,6.21610810716802,22.34));
#2631=CARTESIAN_POINT('',(3.25,5.41610810716802,29.34));
#2632=CARTESIAN_POINT('',(3.25,4.49610810716802,27.76));
#2633=CARTESIAN_POINT('',(3.25,4.49610810716802,26.52));
#2634=CARTESIAN_POINT('',(3.25,4.49610810716802,26.52));
#2635=CARTESIAN_POINT('',(3.25,3.33610810716801,26.52));
#2636=CARTESIAN_POINT('Origin',(3.25,3.91610810716801,26.52));
#2637=CARTESIAN_POINT('',(3.25,3.33610810716802,27.76));
#2638=CARTESIAN_POINT('',(3.25,3.33610810716802,27.76));
#2639=CARTESIAN_POINT('Origin',(3.25,3.91610810716802,27.76));
#2640=CARTESIAN_POINT('Origin',(3.025,2.41610810716802,29.34));
#2641=CARTESIAN_POINT('',(2.8,3.21610810716802,29.34));
#2642=CARTESIAN_POINT('',(2.8,2.41610810716802,29.34));
#2643=CARTESIAN_POINT('',(3.025,3.21610810716802,29.34));
#2644=CARTESIAN_POINT('Origin',(3.025,2.81610810716802,28.94));
#2645=CARTESIAN_POINT('',(2.8,2.41610810716802,28.54));
#2646=CARTESIAN_POINT('',(2.8,2.31610810716802,28.44));
#2647=CARTESIAN_POINT('',(3.025,2.41610810716802,28.54));
#2648=CARTESIAN_POINT('Origin',(3.025,3.91610810716801,26.52));
#2649=CARTESIAN_POINT('',(2.8,4.49610810716802,26.52));
#2650=CARTESIAN_POINT('',(3.025,4.49610810716802,26.52));
#2651=CARTESIAN_POINT('',(2.8,3.33610810716801,26.52));
#2652=CARTESIAN_POINT('Origin',(2.8,3.91610810716801,26.52));
#2653=CARTESIAN_POINT('',(3.025,3.33610810716801,26.52));
#2654=CARTESIAN_POINT('Origin',(3.025,3.33610810716802,27.76));
#2655=CARTESIAN_POINT('',(2.8,3.33610810716802,27.76));
#2656=CARTESIAN_POINT('',(2.8,3.33610810716802,27.76));
#2657=CARTESIAN_POINT('',(3.025,3.33610810716802,27.76));
#2658=CARTESIAN_POINT('Origin',(3.025,3.91610810716802,27.76));
#2659=CARTESIAN_POINT('',(2.8,4.49610810716802,27.76));
#2660=CARTESIAN_POINT('Origin',(2.8,3.91610810716802,27.76));
#2661=CARTESIAN_POINT('',(3.025,4.49610810716802,27.76));
#2662=CARTESIAN_POINT('Origin',(3.025,4.49610810716802,26.52));
#2663=CARTESIAN_POINT('',(2.8,4.49610810716802,26.52));
#2664=CARTESIAN_POINT('Origin',(3.025,2.41610810716802,22.34));
#2665=CARTESIAN_POINT('',(2.8,2.41610810716802,22.34));
#2666=CARTESIAN_POINT('',(2.8,2.41610810716802,22.3057756976257));
#2667=CARTESIAN_POINT('',(3.025,2.41610810716802,22.34));
#2668=CARTESIAN_POINT('Origin',(3.025,5.41610810716802,22.34));
#2669=CARTESIAN_POINT('',(2.8,5.41610810716802,22.34));
#2670=CARTESIAN_POINT('',(2.8,6.21610810716802,22.34));
#2671=CARTESIAN_POINT('',(3.025,5.41610810716802,22.34));
#2672=CARTESIAN_POINT('Origin',(3.025,5.41610810716802,29.34));
#2673=CARTESIAN_POINT('',(2.8,5.41610810716802,29.34));
#2674=CARTESIAN_POINT('Origin',(2.8,3.91610810716802,25.84));
#2675=CARTESIAN_POINT('Origin',(3.025,1.1,28.94));
#2676=CARTESIAN_POINT('',(3.25,0.700000000000001,29.34));
#2677=CARTESIAN_POINT('',(3.25,1.5,28.54));
#2678=CARTESIAN_POINT('',(3.25,1.6,28.44));
#2679=CARTESIAN_POINT('',(2.8,1.5,28.54));
#2680=CARTESIAN_POINT('',(3.025,1.5,28.54));
#2681=CARTESIAN_POINT('',(2.8,0.700000000000001,29.34));
#2682=CARTESIAN_POINT('',(2.8,1.6,28.44));
#2683=CARTESIAN_POINT('',(3.025,0.700000000000001,29.34));
#2684=CARTESIAN_POINT('Origin',(3.25,1.11022302462516E-15,25.84));
#2685=CARTESIAN_POINT('',(3.25,-0.699999999999999,29.34));
#2686=CARTESIAN_POINT('',(3.25,-1.5,29.34));
#2687=CARTESIAN_POINT('',(3.25,-1.5,28.54));
#2688=CARTESIAN_POINT('',(3.25,-1.6,28.44));
#2689=CARTESIAN_POINT('',(3.25,-1.5,22.34));
#2690=CARTESIAN_POINT('',(3.25,-1.5,22.34));
#2691=CARTESIAN_POINT('',(3.25,1.5,22.34));
#2692=CARTESIAN_POINT('',(3.25,6.21610810716802,22.34));
#2693=CARTESIAN_POINT('',(3.25,1.5,29.34));
#2694=CARTESIAN_POINT('',(3.25,0.580000000000001,27.76));
#2695=CARTESIAN_POINT('',(3.25,0.580000000000001,26.52));
#2696=CARTESIAN_POINT('',(3.25,0.580000000000001,26.52));
#2697=CARTESIAN_POINT('',(3.25,-0.579999999999999,26.52));
#2698=CARTESIAN_POINT('Origin',(3.25,1.11022302462516E-15,26.52));
#2699=CARTESIAN_POINT('',(3.25,-0.579999999999998,27.76));
#2700=CARTESIAN_POINT('',(3.25,-0.579999999999998,27.76));
#2701=CARTESIAN_POINT('Origin',(3.25,1.11022302462516E-15,27.76));
#2702=CARTESIAN_POINT('Origin',(3.025,-1.5,29.34));
#2703=CARTESIAN_POINT('',(2.8,-0.699999999999999,29.34));
#2704=CARTESIAN_POINT('',(2.8,-1.5,29.34));
#2705=CARTESIAN_POINT('',(3.025,-0.699999999999999,29.34));
#2706=CARTESIAN_POINT('Origin',(3.025,-1.1,28.94));
#2707=CARTESIAN_POINT('',(2.8,-1.5,28.54));
#2708=CARTESIAN_POINT('',(2.8,-1.6,28.44));
#2709=CARTESIAN_POINT('',(3.025,-1.5,28.54));
#2710=CARTESIAN_POINT('Origin',(3.025,1.11022302462516E-15,26.52));
#2711=CARTESIAN_POINT('',(2.8,0.580000000000001,26.52));
#2712=CARTESIAN_POINT('',(3.025,0.580000000000001,26.52));
#2713=CARTESIAN_POINT('',(2.8,-0.579999999999999,26.52));
#2714=CARTESIAN_POINT('Origin',(2.8,1.11022302462516E-15,26.52));
#2715=CARTESIAN_POINT('',(3.025,-0.579999999999999,26.52));
#2716=CARTESIAN_POINT('Origin',(3.025,-0.579999999999998,27.76));
#2717=CARTESIAN_POINT('',(2.8,-0.579999999999998,27.76));
#2718=CARTESIAN_POINT('',(2.8,-0.579999999999998,27.76));
#2719=CARTESIAN_POINT('',(3.025,-0.579999999999998,27.76));
#2720=CARTESIAN_POINT('Origin',(3.025,1.11022302462516E-15,27.76));
#2721=CARTESIAN_POINT('',(2.8,0.580000000000001,27.76));
#2722=CARTESIAN_POINT('Origin',(2.8,1.11022302462516E-15,27.76));
#2723=CARTESIAN_POINT('',(3.025,0.580000000000001,27.76));
#2724=CARTESIAN_POINT('Origin',(3.025,0.580000000000001,26.52));
#2725=CARTESIAN_POINT('',(2.8,0.580000000000001,26.52));
#2726=CARTESIAN_POINT('Origin',(3.025,-1.5,22.34));
#2727=CARTESIAN_POINT('',(2.8,-1.5,22.34));
#2728=CARTESIAN_POINT('',(2.8,-1.5,22.34));
#2729=CARTESIAN_POINT('',(3.025,-1.5,22.34));
#2730=CARTESIAN_POINT('Origin',(3.025,1.5,22.34));
#2731=CARTESIAN_POINT('',(2.8,1.5,22.34));
#2732=CARTESIAN_POINT('',(2.8,6.21610810716802,22.34));
#2733=CARTESIAN_POINT('',(3.025,1.5,22.34));
#2734=CARTESIAN_POINT('Origin',(3.025,1.5,29.34));
#2735=CARTESIAN_POINT('',(2.8,1.5,29.34));
#2736=CARTESIAN_POINT('Origin',(2.8,1.11022302462516E-15,25.84));
#2737=CARTESIAN_POINT('Origin',(3.025,-2.81610810716802,28.94));
#2738=CARTESIAN_POINT('',(3.25,-3.21610810716802,29.34));
#2739=CARTESIAN_POINT('',(3.25,-2.41610810716802,28.54));
#2740=CARTESIAN_POINT('',(3.25,-2.31610810716802,28.44));
#2741=CARTESIAN_POINT('',(2.8,-2.41610810716802,28.54));
#2742=CARTESIAN_POINT('',(3.025,-2.41610810716802,28.54));
#2743=CARTESIAN_POINT('',(2.8,-3.21610810716802,29.34));
#2744=CARTESIAN_POINT('',(2.8,-2.31610810716802,28.44));
#2745=CARTESIAN_POINT('',(3.025,-3.21610810716802,29.34));
#2746=CARTESIAN_POINT('Origin',(3.25,-3.91610810716802,25.84));
#2747=CARTESIAN_POINT('',(3.25,-4.61610810716802,29.34));
#2748=CARTESIAN_POINT('',(3.25,-5.41610810716802,29.34));
#2749=CARTESIAN_POINT('',(3.25,-5.41610810716802,28.54));
#2750=CARTESIAN_POINT('',(3.25,-5.51610810716802,28.44));
#2751=CARTESIAN_POINT('',(3.25,-5.41610810716802,22.34));
#2752=CARTESIAN_POINT('',(3.25,-5.41610810716802,22.34));
#2753=CARTESIAN_POINT('',(3.25,-2.41610810716802,22.34));
#2754=CARTESIAN_POINT('',(3.25,6.21610810716802,22.34));
#2755=CARTESIAN_POINT('',(3.25,-2.41610810716802,29.34));
#2756=CARTESIAN_POINT('',(3.25,-4.49610810716802,27.76));
#2757=CARTESIAN_POINT('',(3.25,-3.33610810716802,27.76));
#2758=CARTESIAN_POINT('Origin',(3.25,-3.91610810716802,27.76));
#2759=CARTESIAN_POINT('',(3.25,-3.33610810716802,26.52));
#2760=CARTESIAN_POINT('',(3.25,-3.33610810716802,26.52));
#2761=CARTESIAN_POINT('',(3.25,-4.49610810716802,26.52));
#2762=CARTESIAN_POINT('Origin',(3.25,-3.91610810716802,26.52));
#2763=CARTESIAN_POINT('',(3.25,-4.49610810716802,27.76));
#2764=CARTESIAN_POINT('Origin',(3.025,-5.41610810716802,29.34));
#2765=CARTESIAN_POINT('',(2.8,-4.61610810716802,29.34));
#2766=CARTESIAN_POINT('',(2.8,-5.41610810716802,29.34));
#2767=CARTESIAN_POINT('',(3.025,-4.61610810716802,29.34));
#2768=CARTESIAN_POINT('Origin',(3.025,-5.01610810716802,28.94));
#2769=CARTESIAN_POINT('',(2.8,-5.41610810716802,28.54));
#2770=CARTESIAN_POINT('',(2.8,-5.51610810716802,28.44));
#2771=CARTESIAN_POINT('',(3.025,-5.41610810716802,28.54));
#2772=CARTESIAN_POINT('Origin',(3.025,-3.33610810716802,26.52));
#2773=CARTESIAN_POINT('',(2.8,-3.33610810716802,27.76));
#2774=CARTESIAN_POINT('',(3.025,-3.33610810716802,27.76));
#2775=CARTESIAN_POINT('',(2.8,-3.33610810716802,26.52));
#2776=CARTESIAN_POINT('',(2.8,-3.33610810716802,26.52));
#2777=CARTESIAN_POINT('',(3.025,-3.33610810716802,26.52));
#2778=CARTESIAN_POINT('Origin',(3.025,-3.91610810716802,26.52));
#2779=CARTESIAN_POINT('',(2.8,-4.49610810716802,26.52));
#2780=CARTESIAN_POINT('Origin',(2.8,-3.91610810716802,26.52));
#2781=CARTESIAN_POINT('',(3.025,-4.49610810716802,26.52));
#2782=CARTESIAN_POINT('Origin',(3.025,-4.49610810716802,27.76));
#2783=CARTESIAN_POINT('',(2.8,-4.49610810716802,27.76));
#2784=CARTESIAN_POINT('',(2.8,-4.49610810716802,27.76));
#2785=CARTESIAN_POINT('',(3.025,-4.49610810716802,27.76));
#2786=CARTESIAN_POINT('Origin',(3.025,-3.91610810716802,27.76));
#2787=CARTESIAN_POINT('Origin',(2.8,-3.91610810716802,27.76));
#2788=CARTESIAN_POINT('Origin',(3.025,-5.41610810716802,22.34));
#2789=CARTESIAN_POINT('',(2.8,-5.41610810716802,22.34));
#2790=CARTESIAN_POINT('',(2.8,-5.41610810716802,22.34));
#2791=CARTESIAN_POINT('',(3.025,-5.41610810716802,22.34));
#2792=CARTESIAN_POINT('Origin',(3.025,-2.41610810716802,22.34));
#2793=CARTESIAN_POINT('',(2.8,-2.41610810716802,22.34));
#2794=CARTESIAN_POINT('',(2.8,6.21610810716802,22.34));
#2795=CARTESIAN_POINT('',(3.025,-2.41610810716802,22.34));
#2796=CARTESIAN_POINT('Origin',(3.025,-2.41610810716802,29.34));
#2797=CARTESIAN_POINT('',(2.8,-2.41610810716802,29.34));
#2798=CARTESIAN_POINT('Origin',(2.8,-3.91610810716802,25.84));
#2799=CARTESIAN_POINT('Origin',(-3.22090202925151E-15,0.,-18.35));
#2800=CARTESIAN_POINT('',(13.67,0.,-16.3395025491187));
#2801=CARTESIAN_POINT('',(-13.67,-1.67409217443443E-15,-16.3395025491187));
#2802=CARTESIAN_POINT('Origin',(-3.05116243452482E-15,0.,-16.3395025491187));
#2803=CARTESIAN_POINT('Origin',(-3.05116243452482E-15,0.,-16.3395025491187));
#2804=CARTESIAN_POINT('',(-11.65,-1.42671352100667E-15,-21.2));
#2805=CARTESIAN_POINT('Origin',(-11.65,-1.42671352100667E-15,-18.35));
#2806=CARTESIAN_POINT('',(11.65,0.,-21.2));
#2807=CARTESIAN_POINT('Origin',(-3.46151802444167E-15,0.,-21.2));
#2808=CARTESIAN_POINT('Origin',(-3.46151802444167E-15,0.,-21.2));
#2809=CARTESIAN_POINT('Origin',(-2.82576423809032E-15,0.,-13.6697512745594));
#2810=CARTESIAN_POINT('',(12.65,0.,-11.));
#2811=CARTESIAN_POINT('',(-12.65,-1.5491782009214E-15,-11.));
#2812=CARTESIAN_POINT('Origin',(-2.60036604165583E-15,0.,-11.));
#2813=CARTESIAN_POINT('Origin',(-2.60036604165583E-15,0.,-11.));
#2814=CARTESIAN_POINT('',(-13.16,-1.61163518767792E-15,-13.6697512745594));
#2815=CARTESIAN_POINT('Origin',(-2.41040604545307E-15,0.,-8.75));
#2816=CARTESIAN_POINT('',(12.65,0.,-6.5));
#2817=CARTESIAN_POINT('',(-12.65,-1.5491782009214E-15,-6.5));
#2818=CARTESIAN_POINT('Origin',(-2.22044604925031E-15,0.,-6.5));
#2819=CARTESIAN_POINT('Origin',(-2.22044604925031E-15,0.,-6.5));
#2820=CARTESIAN_POINT('',(-12.65,-1.5491782009214E-15,-8.75));
#2821=CARTESIAN_POINT('Origin',(10.785,0.,-6.5));
#2822=CARTESIAN_POINT('',(10.785,0.,-6.5));
#2823=CARTESIAN_POINT('',(-10.785,-1.32078157288042E-15,-6.5));
#2824=CARTESIAN_POINT('Origin',(-2.22044604925031E-15,0.,-6.5));
#2825=CARTESIAN_POINT('Origin',(-2.22044604925031E-15,0.,-6.5));
#2826=CARTESIAN_POINT('Origin',(-2.41040604545307E-15,0.,-8.75));
#2827=CARTESIAN_POINT('',(-10.785,-1.32078157288042E-15,-11.));
#2828=CARTESIAN_POINT('',(-10.785,-1.32078157288042E-15,-8.75));
#2829=CARTESIAN_POINT('',(10.785,0.,-11.));
#2830=CARTESIAN_POINT('Origin',(-2.60036604165583E-15,0.,-11.));
#2831=CARTESIAN_POINT('Origin',(-2.60036604165583E-15,0.,-11.));
#2832=CARTESIAN_POINT('Origin',(-2.22044604925031E-15,0.,-11.));
#2833=CARTESIAN_POINT('Origin',(11.65,0.,-21.2));
#2834=CARTESIAN_POINT('Origin',(8.22724133595216,-4.75000000000001,-21.2));
#2835=CARTESIAN_POINT('',(8.22724133595216,-4.75000000000001,-21.2));
#2836=CARTESIAN_POINT('',(6.92820323027551,-4.,-21.2));
#2837=CARTESIAN_POINT('',(8.22724133595216,-4.75000000000001,-21.2));
#2838=CARTESIAN_POINT('',(6.92820323027551,-4.,-21.201));
#2839=CARTESIAN_POINT('',(6.92820323027551,-4.,-21.2));
#2840=CARTESIAN_POINT('',(8.22724133595216,-4.75000000000001,-21.201));
#2841=CARTESIAN_POINT('',(8.22724133595216,-4.75000000000001,-21.201));
#2842=CARTESIAN_POINT('',(8.22724133595216,-4.75000000000001,-21.2));
#2843=CARTESIAN_POINT('Origin',(-3.46151802444167E-15,0.,-21.2));
#2844=CARTESIAN_POINT('',(8.22724133595217,4.75,-21.2));
#2845=CARTESIAN_POINT('Origin',(-3.46151802444167E-15,0.,-21.2));
#2846=CARTESIAN_POINT('',(8.22724133595217,4.75,-21.201));
#2847=CARTESIAN_POINT('Origin',(-3.46151802444167E-15,0.,-21.201));
#2848=CARTESIAN_POINT('',(8.22724133595217,4.75,-21.2));
#2849=CARTESIAN_POINT('Origin',(8.87676038879049,5.125,-21.2));
#2850=CARTESIAN_POINT('',(8.87676038879049,5.125,-21.2));
#2851=CARTESIAN_POINT('',(8.87676038879049,5.125,-21.2));
#2852=CARTESIAN_POINT('',(8.87676038879049,5.125,-21.201));
#2853=CARTESIAN_POINT('',(8.87676038879049,5.125,-21.201));
#2854=CARTESIAN_POINT('',(8.87676038879049,5.125,-21.2));
#2855=CARTESIAN_POINT('Origin',(6.38632569649375,5.98141656284726,-21.2));
#2856=CARTESIAN_POINT('',(6.38632569649375,5.98141656284726,-21.2));
#2857=CARTESIAN_POINT('',(6.38632569649375,5.98141656284726,-21.2));
#2858=CARTESIAN_POINT('',(6.38632569649375,5.98141656284726,-21.201));
#2859=CARTESIAN_POINT('',(6.38632569649375,5.98141656284726,-21.201));
#2860=CARTESIAN_POINT('',(6.38632569649375,5.98141656284726,-21.2));
#2861=CARTESIAN_POINT('Origin',(6.27868417743718,3.625,-21.2));
#2862=CARTESIAN_POINT('',(6.27868417743718,3.625,-21.2));
#2863=CARTESIAN_POINT('',(6.27868417743718,3.625,-21.2));
#2864=CARTESIAN_POINT('',(6.27868417743718,3.625,-21.201));
#2865=CARTESIAN_POINT('',(6.27868417743718,3.625,-21.201));
#2866=CARTESIAN_POINT('',(6.27868417743718,3.625,-21.2));
#2867=CARTESIAN_POINT('Origin',(6.92820323027551,4.,-21.2));
#2868=CARTESIAN_POINT('',(6.92820323027551,4.,-21.2));
#2869=CARTESIAN_POINT('',(8.22724133595217,4.75,-21.2));
#2870=CARTESIAN_POINT('',(6.92820323027551,4.,-21.201));
#2871=CARTESIAN_POINT('',(8.22724133595217,4.75,-21.201));
#2872=CARTESIAN_POINT('',(6.92820323027551,4.,-21.2));
#2873=CARTESIAN_POINT('Origin',(-3.46151802444167E-15,0.,-21.2));
#2874=CARTESIAN_POINT('Origin',(-3.46151802444167E-15,0.,-21.2));
#2875=CARTESIAN_POINT('Origin',(-3.46151802444167E-15,0.,-21.201));
#2876=CARTESIAN_POINT('Origin',(7.88934208871859,0.615708281423628,-21.201));
#2877=CARTESIAN_POINT('Origin',(7.88934208871859,0.615708281423628,-21.2));
#2878=CARTESIAN_POINT('Origin',(6.3763981534468E-15,9.5,-21.2));
#2879=CARTESIAN_POINT('',(6.3763981534468E-15,9.5,-21.2));
#2880=CARTESIAN_POINT('',(4.15595210419649E-15,8.,-21.2));
#2881=CARTESIAN_POINT('',(6.3763981534468E-15,9.5,-21.2));
#2882=CARTESIAN_POINT('',(4.15595210419649E-15,8.,-21.201));
#2883=CARTESIAN_POINT('',(4.15595210419649E-15,8.,-21.2));
#2884=CARTESIAN_POINT('',(6.3763981534468E-15,9.5,-21.201));
#2885=CARTESIAN_POINT('',(6.3763981534468E-15,9.5,-21.201));
#2886=CARTESIAN_POINT('',(6.3763981534468E-15,9.5,-21.2));
#2887=CARTESIAN_POINT('Origin',(-1.88485005595877E-15,-9.10289676026263E-16,
-21.2));
#2888=CARTESIAN_POINT('',(-8.22724133595217,4.75,-21.2));
#2889=CARTESIAN_POINT('Origin',(-1.88485005595877E-15,-9.10289676026263E-16,
-21.2));
#2890=CARTESIAN_POINT('',(-8.22724133595217,4.75,-21.201));
#2891=CARTESIAN_POINT('Origin',(-1.88485005595877E-15,-9.10289676026263E-16,
-21.201));
#2892=CARTESIAN_POINT('',(-8.22724133595217,4.75,-21.2));
#2893=CARTESIAN_POINT('Origin',(-8.8767603887905,5.125,-21.2));
#2894=CARTESIAN_POINT('',(-8.8767603887905,5.125,-21.2));
#2895=CARTESIAN_POINT('',(-8.8767603887905,5.125,-21.2));
#2896=CARTESIAN_POINT('',(-8.8767603887905,5.125,-21.201));
#2897=CARTESIAN_POINT('',(-8.8767603887905,5.125,-21.201));
#2898=CARTESIAN_POINT('',(-8.8767603887905,5.125,-21.2));
#2899=CARTESIAN_POINT('Origin',(-8.37322154228961,2.54001200858131,-21.2));
#2900=CARTESIAN_POINT('',(-8.37322154228961,2.54001200858131,-21.2));
#2901=CARTESIAN_POINT('',(-8.37322154228961,2.54001200858131,-21.2));
#2902=CARTESIAN_POINT('',(-8.37322154228961,2.54001200858131,-21.201));
#2903=CARTESIAN_POINT('',(-8.37322154228961,2.54001200858131,-21.201));
#2904=CARTESIAN_POINT('',(-8.37322154228961,2.54001200858131,-21.2));
#2905=CARTESIAN_POINT('Origin',(-6.27868417743718,3.625,-21.2));
#2906=CARTESIAN_POINT('',(-6.27868417743718,3.625,-21.2));
#2907=CARTESIAN_POINT('',(-6.27868417743718,3.625,-21.2));
#2908=CARTESIAN_POINT('',(-6.27868417743718,3.625,-21.201));
#2909=CARTESIAN_POINT('',(-6.27868417743718,3.625,-21.201));
#2910=CARTESIAN_POINT('',(-6.27868417743718,3.625,-21.2));
#2911=CARTESIAN_POINT('Origin',(-6.92820323027551,4.,-21.2));
#2912=CARTESIAN_POINT('',(-6.92820323027551,4.,-21.2));
#2913=CARTESIAN_POINT('',(-8.22724133595217,4.75,-21.2));
#2914=CARTESIAN_POINT('',(-6.92820323027551,4.,-21.201));
#2915=CARTESIAN_POINT('',(-8.22724133595217,4.75,-21.201));
#2916=CARTESIAN_POINT('',(-6.92820323027551,4.,-21.2));
#2917=CARTESIAN_POINT('Origin',(-1.88485005595877E-15,-9.10289676026263E-16,
-21.2));
#2918=CARTESIAN_POINT('Origin',(-1.88485005595877E-15,-9.10289676026263E-16,
-21.2));
#2919=CARTESIAN_POINT('Origin',(-1.88485005595877E-15,-9.10289676026263E-16,
-21.201));
#2920=CARTESIAN_POINT('Origin',(-4.47789005739262,6.52451652726427,-21.201));
#2921=CARTESIAN_POINT('Origin',(-4.47789005739262,6.52451652726427,-21.2));
#2922=CARTESIAN_POINT('Origin',(-8.22724133595218,-4.74999999999999,-21.2));
#2923=CARTESIAN_POINT('',(-8.22724133595218,-4.74999999999999,-21.2));
#2924=CARTESIAN_POINT('',(-6.92820323027552,-3.99999999999999,-21.2));
#2925=CARTESIAN_POINT('',(-8.22724133595218,-4.74999999999999,-21.2));
#2926=CARTESIAN_POINT('',(-6.92820323027552,-3.99999999999999,-21.201));
#2927=CARTESIAN_POINT('',(-6.92820323027552,-3.99999999999999,-21.2));
#2928=CARTESIAN_POINT('',(-8.22724133595218,-4.74999999999999,-21.201));
#2929=CARTESIAN_POINT('',(-8.22724133595218,-4.74999999999999,-21.201));
#2930=CARTESIAN_POINT('',(-8.22724133595218,-4.74999999999999,-21.2));
#2931=CARTESIAN_POINT('Origin',(-1.88485005595877E-15,9.10289676026263E-16,
-21.2));
#2932=CARTESIAN_POINT('',(-9.72183570361797E-15,-9.5,-21.2));
#2933=CARTESIAN_POINT('Origin',(-1.88485005595877E-15,9.10289676026263E-16,
-21.2));
#2934=CARTESIAN_POINT('',(-9.72183570361797E-15,-9.5,-21.201));
#2935=CARTESIAN_POINT('Origin',(-1.88485005595877E-15,9.10289676026263E-16,
-21.201));
#2936=CARTESIAN_POINT('',(-9.72183570361797E-15,-9.5,-21.2));
#2937=CARTESIAN_POINT('Origin',(-6.94627814205508E-15,-10.25,-21.2));
#2938=CARTESIAN_POINT('',(-6.94627814205508E-15,-10.25,-21.2));
#2939=CARTESIAN_POINT('',(-6.94627814205508E-15,-10.25,-21.2));
#2940=CARTESIAN_POINT('',(-6.94627814205508E-15,-10.25,-21.201));
#2941=CARTESIAN_POINT('',(-6.94627814205508E-15,-10.25,-21.201));
#2942=CARTESIAN_POINT('',(-6.94627814205508E-15,-10.25,-21.2));
#2943=CARTESIAN_POINT('Origin',(1.98689584579584,-8.52142857142857,-21.2));
#2944=CARTESIAN_POINT('',(1.98689584579584,-8.52142857142857,-21.2));
#2945=CARTESIAN_POINT('',(1.98689584579584,-8.52142857142857,-21.2));
#2946=CARTESIAN_POINT('',(1.98689584579584,-8.52142857142857,-21.201));
#2947=CARTESIAN_POINT('',(1.98689584579584,-8.52142857142857,-21.201));
#2948=CARTESIAN_POINT('',(1.98689584579584,-8.52142857142857,-21.2));
#2949=CARTESIAN_POINT('Origin',(-6.94627814205508E-15,-7.25,-21.2));
#2950=CARTESIAN_POINT('',(-6.94627814205508E-15,-7.25,-21.2));
#2951=CARTESIAN_POINT('',(-6.94627814205508E-15,-7.25,-21.2));
#2952=CARTESIAN_POINT('',(-7.50138965436765E-15,-7.25,-21.201));
#2953=CARTESIAN_POINT('',(-6.94627814205508E-15,-7.25,-21.201));
#2954=CARTESIAN_POINT('',(-6.94627814205508E-15,-7.25,-21.2));
#2955=CARTESIAN_POINT('Origin',(-8.05650116668023E-15,-8.,-21.2));
#2956=CARTESIAN_POINT('',(-7.50138965436765E-15,-8.,-21.2));
#2957=CARTESIAN_POINT('',(-9.72183570361797E-15,-9.5,-21.2));
#2958=CARTESIAN_POINT('',(-6.3911666297425E-15,-8.,-21.201));
#2959=CARTESIAN_POINT('',(-9.72183570361797E-15,-9.5,-21.201));
#2960=CARTESIAN_POINT('',(-7.50138965436765E-15,-8.,-21.2));
#2961=CARTESIAN_POINT('Origin',(-1.88485005595877E-15,9.10289676026263E-16,
-21.2));
#2962=CARTESIAN_POINT('Origin',(-1.88485005595877E-15,9.10289676026263E-16,
-21.2));
#2963=CARTESIAN_POINT('Origin',(-1.88485005595877E-15,9.10289676026263E-16,
-21.201));
#2964=CARTESIAN_POINT('Origin',(-3.41145203132598,-7.1402248086879,-21.201));
#2965=CARTESIAN_POINT('Origin',(-3.41145203132598,-7.1402248086879,-21.2));
#2966=CARTESIAN_POINT('Origin',(0.,-7.7715611723761E-15,5.4));
#2967=CARTESIAN_POINT('',(-14.3182866759027,1.82622416343115E-16,5.61820978024073));
#2968=CARTESIAN_POINT('',(-7.15914333795137,-12.4,5.61820978024073));
#2969=CARTESIAN_POINT('Ctrl Pts',(-14.3182866759027,1.82622416343115E-16,
5.61820978024073));
#2970=CARTESIAN_POINT('Ctrl Pts',(-10.738715006881,-6.20000000007968,4.66365733520753));
#2971=CARTESIAN_POINT('Ctrl Pts',(-7.15914333795137,-12.4,5.61820978024073));
#2972=CARTESIAN_POINT('',(-7.15914333795136,12.4,5.61820978024073));
#2973=CARTESIAN_POINT('Ctrl Pts',(-7.15914333795136,12.4,5.61820978024073));
#2974=CARTESIAN_POINT('Ctrl Pts',(-10.738715006973,6.19999999992033,4.66365733520753));
#2975=CARTESIAN_POINT('Ctrl Pts',(-14.3182866759027,1.82622416343115E-16,
5.61820978024073));
#2976=CARTESIAN_POINT('',(2.51780945593603E-15,12.4,5.10666666668175));
#2977=CARTESIAN_POINT('Ctrl Pts',(3.51705688092933E-15,12.4,5.10666666668175));
#2978=CARTESIAN_POINT('Ctrl Pts',(-3.32256998617338,12.4,5.10666666667822));
#2979=CARTESIAN_POINT('Ctrl Pts',(-7.15914333795136,12.4,5.61820978024073));
#2980=CARTESIAN_POINT('',(1.46957615897682E-15,12.,5.));
#2981=CARTESIAN_POINT('',(1.65327317884893E-15,13.5,5.4));
#2982=CARTESIAN_POINT('',(0.,-12.,5.));
#2983=CARTESIAN_POINT('Origin',(0.,-7.7715611723761E-15,5.));
#2984=CARTESIAN_POINT('Origin',(0.,-7.7715611723761E-15,5.));
#2985=CARTESIAN_POINT('',(7.15914333795136,12.4,5.61820978024073));
#2986=CARTESIAN_POINT('Ctrl Pts',(7.15914333795136,12.4,5.61820978024073));
#2987=CARTESIAN_POINT('Ctrl Pts',(3.32256998612762,12.4,5.10666666668527));
#2988=CARTESIAN_POINT('Ctrl Pts',(3.51705688092933E-15,12.4,5.10666666668175));
#2989=CARTESIAN_POINT('',(14.3182866759027,-7.7715611723761E-15,5.61820978024073));
#2990=CARTESIAN_POINT('Ctrl Pts',(14.3182866759027,-7.7715611723761E-15,
5.61820978024073));
#2991=CARTESIAN_POINT('Ctrl Pts',(10.738715006881,6.20000000007967,4.66365733520753));
#2992=CARTESIAN_POINT('Ctrl Pts',(7.15914333795136,12.4,5.61820978024073));
#2993=CARTESIAN_POINT('',(7.15914333795135,-12.4,5.61820978024073));
#2994=CARTESIAN_POINT('Ctrl Pts',(7.15914333795135,-12.4,5.61820978024073));
#2995=CARTESIAN_POINT('Ctrl Pts',(10.738715006973,-6.19999999992033,4.66365733520753));
#2996=CARTESIAN_POINT('Ctrl Pts',(14.3182866759027,-7.7715611723761E-15,
5.61820978024073));
#2997=CARTESIAN_POINT('Ctrl Pts',(-7.15914333795137,-12.4,5.61820978024073));
#2998=CARTESIAN_POINT('Ctrl Pts',(9.19986309355636E-11,-12.4,4.66365733520753));
#2999=CARTESIAN_POINT('Ctrl Pts',(7.15914333795135,-12.4,5.61820978024073));
#3000=CARTESIAN_POINT('Origin',(0.,-7.7715611723761E-15,7.5));
#3001=CARTESIAN_POINT('',(0.,-12.,7.9));
#3002=CARTESIAN_POINT('',(1.46957615897682E-15,12.,7.9));
#3003=CARTESIAN_POINT('Origin',(0.,-7.7715611723761E-15,7.9));
#3004=CARTESIAN_POINT('Origin',(0.,-7.7715611723761E-15,7.9));
#3005=CARTESIAN_POINT('',(1.26171771274698E-15,12.4,7.79333333331826));
#3006=CARTESIAN_POINT('',(1.65327317884893E-15,13.5,7.5));
#3007=CARTESIAN_POINT('',(-7.15914333795136,12.4,7.28179021975927));
#3008=CARTESIAN_POINT('Ctrl Pts',(-7.15914333795136,12.4,7.28179021975927));
#3009=CARTESIAN_POINT('Ctrl Pts',(-3.32256998612762,12.4,7.79333333331473));
#3010=CARTESIAN_POINT('Ctrl Pts',(1.00487339455124E-15,12.4,7.79333333331826));
#3011=CARTESIAN_POINT('',(-14.3182866759027,1.82622416343115E-16,7.28179021975927));
#3012=CARTESIAN_POINT('Ctrl Pts',(-14.3182866759027,1.82622416343115E-16,
7.28179021975927));
#3013=CARTESIAN_POINT('Ctrl Pts',(-10.738715006881,6.20000000007968,8.23634266479247));
#3014=CARTESIAN_POINT('Ctrl Pts',(-7.15914333795136,12.4,7.28179021975927));
#3015=CARTESIAN_POINT('',(-7.15914333795137,-12.4,7.28179021975927));
#3016=CARTESIAN_POINT('Ctrl Pts',(-7.15914333795137,-12.4,7.28179021975927));
#3017=CARTESIAN_POINT('Ctrl Pts',(-10.738715006973,-6.19999999992033,8.23634266479247));
#3018=CARTESIAN_POINT('Ctrl Pts',(-14.3182866759027,1.82622416343115E-16,
7.28179021975927));
#3019=CARTESIAN_POINT('',(7.15914333795135,-12.4,7.28179021975927));
#3020=CARTESIAN_POINT('Ctrl Pts',(7.15914333795135,-12.4,7.28179021975927));
#3021=CARTESIAN_POINT('Ctrl Pts',(-9.20041820506867E-11,-12.4,8.23634266479247));
#3022=CARTESIAN_POINT('Ctrl Pts',(-7.15914333795137,-12.4,7.28179021975927));
#3023=CARTESIAN_POINT('',(14.3182866759027,-7.7715611723761E-15,7.28179021975927));
#3024=CARTESIAN_POINT('Ctrl Pts',(14.3182866759027,-7.7715611723761E-15,
7.28179021975927));
#3025=CARTESIAN_POINT('Ctrl Pts',(10.738715006881,-6.20000000007969,8.23634266479246));
#3026=CARTESIAN_POINT('Ctrl Pts',(7.15914333795135,-12.4,7.28179021975927));
#3027=CARTESIAN_POINT('',(7.15914333795136,12.4,7.28179021975927));
#3028=CARTESIAN_POINT('Ctrl Pts',(7.15914333795136,12.4,7.28179021975927));
#3029=CARTESIAN_POINT('Ctrl Pts',(10.738715006973,6.19999999992032,8.23634266479247));
#3030=CARTESIAN_POINT('Ctrl Pts',(14.3182866759027,-7.77156117237609E-15,
7.28179021975927));
#3031=CARTESIAN_POINT('Ctrl Pts',(1.00487339455124E-15,12.4,7.79333333331826));
#3032=CARTESIAN_POINT('Ctrl Pts',(3.32256998617338,12.4,7.79333333332178));
#3033=CARTESIAN_POINT('Ctrl Pts',(7.15914333795136,12.4,7.28179021975927));
#3034=CARTESIAN_POINT('Origin',(14.3182866759027,-7.49400541621981E-15,
5.));
#3035=CARTESIAN_POINT('',(7.15914333795136,12.4,5.));
#3036=CARTESIAN_POINT('',(14.3182866759027,-7.7715611723761E-15,5.));
#3037=CARTESIAN_POINT('Origin',(7.15914333795136,12.4,5.));
#3038=CARTESIAN_POINT('',(-7.15914333795136,12.4,5.));
#3039=CARTESIAN_POINT('Origin',(-7.15914333795136,12.4,5.));
#3040=CARTESIAN_POINT('',(-14.3182866759027,1.82622416343116E-16,5.));
#3041=CARTESIAN_POINT('Origin',(0.,0.,5.));
#3042=CARTESIAN_POINT('',(11.,2.22044604925031E-15,7.9));
#3043=CARTESIAN_POINT('Origin',(0.,0.,7.9));
#3044=CARTESIAN_POINT('',(11.,1.34711147906209E-15,5.));
#3045=CARTESIAN_POINT('',(11.,1.34711147906209E-15,5.));
#3046=CARTESIAN_POINT('Origin',(0.,0.,5.));
#3047=CARTESIAN_POINT('Origin',(-14.3182866759027,1.36966812257337E-16,
5.));
#3048=CARTESIAN_POINT('',(-7.15914333795137,-12.4,5.));
#3049=CARTESIAN_POINT('Origin',(7.15914333795136,-12.4,5.));
#3050=CARTESIAN_POINT('',(7.15914333795136,-12.4,5.));
#3051=CARTESIAN_POINT('Origin',(-7.15914333795137,-12.4,5.));
#3052=CARTESIAN_POINT('Origin',(0.,-1.11022302462516E-15,7.9));
#3053=CARTESIAN_POINT('Origin',(0.,-1.11022302462516E-15,5.));
#3054=UNCERTAINTY_MEASURE_WITH_UNIT(LENGTH_MEASURE(0.01),#3058,
'DISTANCE_ACCURACY_VALUE',
'Maximum model space distance between geometric entities at asserted c
onnectivities');
#3055=UNCERTAINTY_MEASURE_WITH_UNIT(LENGTH_MEASURE(0.01),#3058,
'DISTANCE_ACCURACY_VALUE',
'Maximum model space distance between geometric entities at asserted c
onnectivities');
#3056=(
GEOMETRIC_REPRESENTATION_CONTEXT(3)
GLOBAL_UNCERTAINTY_ASSIGNED_CONTEXT((#3054))
GLOBAL_UNIT_ASSIGNED_CONTEXT((#3058,#3060,#3061))
REPRESENTATION_CONTEXT('','3D')
);
#3057=(
GEOMETRIC_REPRESENTATION_CONTEXT(3)
GLOBAL_UNCERTAINTY_ASSIGNED_CONTEXT((#3055))
GLOBAL_UNIT_ASSIGNED_CONTEXT((#3058,#3060,#3061))
REPRESENTATION_CONTEXT('','3D')
);
#3058=(
LENGTH_UNIT()
NAMED_UNIT(*)
SI_UNIT(.MILLI.,.METRE.)
);
#3059=(
LENGTH_UNIT()
NAMED_UNIT(*)
SI_UNIT(.CENTI.,.METRE.)
);
#3060=(
NAMED_UNIT(*)
PLANE_ANGLE_UNIT()
SI_UNIT($,.RADIAN.)
);
#3061=(
NAMED_UNIT(*)
SI_UNIT($,.STERADIAN.)
SOLID_ANGLE_UNIT()
);
#3062=SHAPE_DEFINITION_REPRESENTATION(#3063,#3064);
#3063=PRODUCT_DEFINITION_SHAPE('',$,#3066);
#3064=SHAPE_REPRESENTATION('',(#1818),#3056);
#3065=PRODUCT_DEFINITION_CONTEXT('part definition',#3070,'design');
#3066=PRODUCT_DEFINITION('E-Stop','E-Stop',#3067,#3065);
#3067=PRODUCT_DEFINITION_FORMATION('',$,#3072);
#3068=PRODUCT_RELATED_PRODUCT_CATEGORY('E-Stop','E-Stop',(#3072));
#3069=APPLICATION_PROTOCOL_DEFINITION('international standard',
'automotive_design',2009,#3070);
#3070=APPLICATION_CONTEXT(
'Core Data for Automotive Mechanical Design Process');
#3071=PRODUCT_CONTEXT('part definition',#3070,'mechanical');
#3072=PRODUCT('E-Stop','E-Stop',$,(#3071));
#3073=PRESENTATION_STYLE_ASSIGNMENT((#3079));
#3074=PRESENTATION_STYLE_ASSIGNMENT((#3080));
#3075=PRESENTATION_STYLE_ASSIGNMENT((#3081));
#3076=PRESENTATION_STYLE_ASSIGNMENT((#3082));
#3077=PRESENTATION_STYLE_ASSIGNMENT((#3083));
#3078=PRESENTATION_STYLE_ASSIGNMENT((#3084));
#3079=SURFACE_STYLE_USAGE(.BOTH.,#3097);
#3080=SURFACE_STYLE_USAGE(.BOTH.,#3098);
#3081=SURFACE_STYLE_USAGE(.BOTH.,#3099);
#3082=SURFACE_STYLE_USAGE(.BOTH.,#3100);
#3083=SURFACE_STYLE_USAGE(.BOTH.,#3101);
#3084=SURFACE_STYLE_USAGE(.BOTH.,#3102);
#3085=SURFACE_STYLE_RENDERING_WITH_PROPERTIES($,#3121,(#3091));
#3086=SURFACE_STYLE_RENDERING_WITH_PROPERTIES($,#3122,(#3092));
#3087=SURFACE_STYLE_RENDERING_WITH_PROPERTIES($,#3123,(#3093));
#3088=SURFACE_STYLE_RENDERING_WITH_PROPERTIES($,#3124,(#3094));
#3089=SURFACE_STYLE_RENDERING_WITH_PROPERTIES($,#3125,(#3095));
#3090=SURFACE_STYLE_RENDERING_WITH_PROPERTIES($,#3126,(#3096));
#3091=SURFACE_STYLE_TRANSPARENT(0.);
#3092=SURFACE_STYLE_TRANSPARENT(0.);
#3093=SURFACE_STYLE_TRANSPARENT(0.);
#3094=SURFACE_STYLE_TRANSPARENT(0.);
#3095=SURFACE_STYLE_TRANSPARENT(0.);
#3096=SURFACE_STYLE_TRANSPARENT(0.);
#3097=SURFACE_SIDE_STYLE('',(#3103,#3085));
#3098=SURFACE_SIDE_STYLE('',(#3104,#3086));
#3099=SURFACE_SIDE_STYLE('',(#3105,#3087));
#3100=SURFACE_SIDE_STYLE('',(#3106,#3088));
#3101=SURFACE_SIDE_STYLE('',(#3107,#3089));
#3102=SURFACE_SIDE_STYLE('',(#3108,#3090));
#3103=SURFACE_STYLE_FILL_AREA(#3109);
#3104=SURFACE_STYLE_FILL_AREA(#3110);
#3105=SURFACE_STYLE_FILL_AREA(#3111);
#3106=SURFACE_STYLE_FILL_AREA(#3112);
#3107=SURFACE_STYLE_FILL_AREA(#3113);
#3108=SURFACE_STYLE_FILL_AREA(#3114);
#3109=FILL_AREA_STYLE('',(#3115));
#3110=FILL_AREA_STYLE('',(#3116));
#3111=FILL_AREA_STYLE('',(#3117));
#3112=FILL_AREA_STYLE('',(#3118));
#3113=FILL_AREA_STYLE('',(#3119));
#3114=FILL_AREA_STYLE('',(#3120));
#3115=FILL_AREA_STYLE_COLOUR('',#3121);
#3116=FILL_AREA_STYLE_COLOUR('',#3122);
#3117=FILL_AREA_STYLE_COLOUR('',#3123);
#3118=FILL_AREA_STYLE_COLOUR('',#3124);
#3119=FILL_AREA_STYLE_COLOUR('',#3125);
#3120=FILL_AREA_STYLE_COLOUR('',#3126);
#3121=COLOUR_RGB('',1.,0.996078431372549,0.964705882352941);
#3122=COLOUR_RGB('',0.745098039215686,0.737254901960784,0.729411764705882);
#3123=COLOUR_RGB('',0.384313725490196,0.737254901960784,0.717647058823529);
#3124=COLOUR_RGB('',0.796078431372549,0.603921568627451,0.231372549019608);
#3125=COLOUR_RGB('',0.745098039215686,0.352941176470588,0.290196078431373);
#3126=COLOUR_RGB('',0.92156862745098,0.92156862745098,0.92156862745098);
ENDSEC;
END-ISO-10303-21;
