ISO-10303-21;
HEADER;
/* Generated by software containing ST-Developer
 * from STEP Tools, Inc. (www.steptools.com) 
 */
/* OPTION: using custom schema-name function */

FILE_DESCRIPTION(
/* description */ (''),
/* implementation_level */ '2;1');

FILE_NAME(
/* name */ 'M5x10.stp',
/* time_stamp */ '2016-10-04T19:17:17+02:00',
/* author */ (''),
/* organization */ (''),
/* preprocessor_version */ 'ST-DEVELOPER v16',
/* originating_system */ 'SIEMENS PLM Software NX 10.0',
/* authorisation */ '');

FILE_SCHEMA (('AUTOMOTIVE_DESIGN { 1 0 10303 214 3 1 1 1 }'));
ENDSEC;

DATA;
#10=CONSTRUCTIVE_GEOMETRY_REPRESENTATION_RELATIONSHIP(
'supplemental geometry','',#34,#11);
#11=CONSTRUCTIVE_GEOMETRY_REPRESENTATION('supplemental geometry',(#397),
#4067);
#12=GEOMETRICALLY_BOUNDED_WIREFRAME_SHAPE_REPRESENTATION('M5x10-None',(#35),
#4067);
#13=PROPERTY_DEFINITION_REPRESENTATION(#17,#15);
#14=PROPERTY_DEFINITION_REPRESENTATION(#18,#16);
#15=REPRESENTATION('',(#19),#4067);
#16=REPRESENTATION('',(#20),#4067);
#17=PROPERTY_DEFINITION('pmi validation property','',#25);
#18=PROPERTY_DEFINITION('pmi validation property','',#25);
#19=VALUE_REPRESENTATION_ITEM('number of annotations',COUNT_MEASURE(0.));
#20=VALUE_REPRESENTATION_ITEM('number of views',COUNT_MEASURE(0.));
#21=SHAPE_REPRESENTATION_RELATIONSHIP('None',
'relationship between M5x10-None and M5x10-None',#34,#23);
#22=SHAPE_REPRESENTATION_RELATIONSHIP('None',
'relationship between M5x10-None and M5x10-None',#34,#12);
#23=ADVANCED_BREP_SHAPE_REPRESENTATION('M5x10-None',(#41),#4067);
#24=SHAPE_DEFINITION_REPRESENTATION(#25,#34);
#25=PRODUCT_DEFINITION_SHAPE('','',#26);
#26=PRODUCT_DEFINITION(' ','',#28,#27);
#27=PRODUCT_DEFINITION_CONTEXT('part definition',#33,'design');
#28=PRODUCT_DEFINITION_FORMATION_WITH_SPECIFIED_SOURCE(' ',' ',#30,
 .NOT_KNOWN.);
#29=PRODUCT_RELATED_PRODUCT_CATEGORY('part','',(#30));
#30=PRODUCT('M5x10','M5x10',' ',(#31));
#31=PRODUCT_CONTEXT(' ',#33,'mechanical');
#32=APPLICATION_PROTOCOL_DEFINITION('international standard',
'automotive_design',2010,#33);
#33=APPLICATION_CONTEXT(
'core data for automotive mechanical design processes');
#34=SHAPE_REPRESENTATION('M5x10-None',(#394),#4067);
#35=GEOMETRIC_CURVE_SET('None',(#492,#493,#296,#297,#298,#299,#300,#301,
#302,#269,#270));
#36=SURFACE_STYLE_USAGE(.BOTH.,#37);
#37=SURFACE_SIDE_STYLE('',(#38));
#38=SURFACE_STYLE_FILL_AREA(#39);
#39=FILL_AREA_STYLE('',(#40));
#40=FILL_AREA_STYLE_COLOUR('',#393);
#41=MANIFOLD_SOLID_BREP('',#42);
#42=CLOSED_SHELL('',(#67,#68,#69,#70,#71,#72,#73,#74,#75,#76,#77,#78,#79,
#80,#81,#82,#83));
#43=B_SPLINE_SURFACE_WITH_KNOTS('',1,3,((#2644,#2645,#2646,#2647,#2648,
#2649,#2650,#2651,#2652,#2653,#2654,#2655,#2656,#2657,#2658,#2659,#2660,
#2661,#2662,#2663,#2664,#2665,#2666,#2667,#2668,#2669,#2670,#2671,#2672,
#2673,#2674,#2675,#2676,#2677,#2678,#2679,#2680,#2681,#2682,#2683,#2684,
#2685,#2686,#2687,#2688,#2689,#2690,#2691,#2692,#2693,#2694,#2695,#2696,
#2697,#2698,#2699,#2700,#2701,#2702,#2703,#2704,#2705,#2706,#2707,#2708,
#2709,#2710,#2711,#2712,#2713,#2714,#2715,#2716,#2717,#2718,#2719,#2720,
#2721,#2722,#2723,#2724,#2725,#2726,#2727,#2728,#2729,#2730,#2731,#2732,
#2733,#2734,#2735,#2736,#2737,#2738,#2739,#2740,#2741,#2742,#2743,#2744,
#2745,#2746,#2747),(#2748,#2749,#2750,#2751,#2752,#2753,#2754,#2755,#2756,
#2757,#2758,#2759,#2760,#2761,#2762,#2763,#2764,#2765,#2766,#2767,#2768,
#2769,#2770,#2771,#2772,#2773,#2774,#2775,#2776,#2777,#2778,#2779,#2780,
#2781,#2782,#2783,#2784,#2785,#2786,#2787,#2788,#2789,#2790,#2791,#2792,
#2793,#2794,#2795,#2796,#2797,#2798,#2799,#2800,#2801,#2802,#2803,#2804,
#2805,#2806,#2807,#2808,#2809,#2810,#2811,#2812,#2813,#2814,#2815,#2816,
#2817,#2818,#2819,#2820,#2821,#2822,#2823,#2824,#2825,#2826,#2827,#2828,
#2829,#2830,#2831,#2832,#2833,#2834,#2835,#2836,#2837,#2838,#2839,#2840,
#2841,#2842,#2843,#2844,#2845,#2846,#2847,#2848,#2849,#2850,#2851)),
 .UNSPECIFIED.,.F.,.F.,.F.,(2,2),(4,1,1,1,1,1,1,1,1,1,1,1,1,1,1,1,1,1,1,
1,1,1,1,1,1,1,1,1,1,1,1,1,1,1,1,1,1,1,1,1,1,1,1,1,1,1,1,1,1,1,1,1,1,1,1,
1,1,1,1,1,1,1,1,1,1,1,1,1,1,1,1,1,1,1,1,1,1,1,1,1,1,1,1,1,1,1,1,1,1,1,1,
1,1,1,1,1,1,1,1,1,1,4),(0.,1.),(0.,0.00992659758433932,0.0198531951686786,
0.029779792753018,0.0397063903373573,0.0496329879216966,0.0595595855060359,
0.0694861830903753,0.0794127806747146,0.0893393782590539,0.0992659758433933,
0.109192573427733,0.119119171012072,0.129045768596411,0.138972366180751,
0.14889896376509,0.158825561349429,0.168752158933769,0.178678756518108,
0.188605354102447,0.198531951686787,0.208458549271126,0.218385146855465,
0.228311744439804,0.238238342024144,0.248164939608483,0.258091537192822,
0.268018134777162,0.277944732361501,0.28787132994584,0.29779792753018,0.307724525114519,
0.317651122698858,0.327577720283198,0.337504317867537,0.347430915451876,
0.357357513036216,0.367284110620555,0.377210708204894,0.387137305789234,
0.397063903373573,0.406990500957912,0.416917098542252,0.426843696126591,
0.43677029371093,0.44669689129527,0.456623488879609,0.466550086463948,0.476476684048288,
0.486403281632627,0.496329879216966,0.506256476801306,0.516183074385645,
0.526109671969984,0.536036269554323,0.545962867138663,0.555889464723002,
0.565816062307341,0.575742659891681,0.58566925747602,0.59559585506036,0.605522452644699,
0.615449050229038,0.625375647813377,0.635302245397717,0.645228842982056,
0.655155440566395,0.665082038150735,0.675008635735074,0.684935233319413,
0.694861830903753,0.704788428488092,0.714715026072431,0.724641623656771,
0.73456822124111,0.744494818825449,0.754421416409789,0.764348013994128,
0.774274611578467,0.784201209162807,0.794127806747146,0.804054404331485,
0.813981001915825,0.823907599500164,0.833834197084503,0.843760794668843,
0.853687392253182,0.863613989837521,0.873540587421861,0.8834671850062,0.893393782590539,
0.903320380174878,0.913246977759218,0.923173575343557,0.933100172927896,
0.943026770512236,0.952953368096575,0.962879965680915,0.972806563265254,
0.982733160849593,0.992659758433932,1.),.UNSPECIFIED.);
#44=B_SPLINE_SURFACE_WITH_KNOTS('',1,3,((#2964,#2965,#2966,#2967,#2968,
#2969,#2970,#2971,#2972,#2973,#2974,#2975,#2976,#2977,#2978,#2979,#2980,
#2981,#2982,#2983,#2984,#2985,#2986,#2987,#2988,#2989,#2990,#2991,#2992,
#2993,#2994,#2995,#2996,#2997,#2998,#2999,#3000,#3001,#3002,#3003,#3004,
#3005,#3006,#3007,#3008,#3009,#3010,#3011,#3012,#3013,#3014,#3015,#3016,
#3017,#3018,#3019,#3020,#3021,#3022,#3023,#3024,#3025,#3026,#3027,#3028,
#3029,#3030,#3031,#3032,#3033,#3034,#3035,#3036,#3037,#3038,#3039,#3040,
#3041,#3042,#3043,#3044,#3045,#3046,#3047,#3048,#3049,#3050,#3051,#3052,
#3053,#3054,#3055,#3056,#3057,#3058,#3059,#3060,#3061,#3062,#3063,#3064,
#3065,#3066,#3067),(#3068,#3069,#3070,#3071,#3072,#3073,#3074,#3075,#3076,
#3077,#3078,#3079,#3080,#3081,#3082,#3083,#3084,#3085,#3086,#3087,#3088,
#3089,#3090,#3091,#3092,#3093,#3094,#3095,#3096,#3097,#3098,#3099,#3100,
#3101,#3102,#3103,#3104,#3105,#3106,#3107,#3108,#3109,#3110,#3111,#3112,
#3113,#3114,#3115,#3116,#3117,#3118,#3119,#3120,#3121,#3122,#3123,#3124,
#3125,#3126,#3127,#3128,#3129,#3130,#3131,#3132,#3133,#3134,#3135,#3136,
#3137,#3138,#3139,#3140,#3141,#3142,#3143,#3144,#3145,#3146,#3147,#3148,
#3149,#3150,#3151,#3152,#3153,#3154,#3155,#3156,#3157,#3158,#3159,#3160,
#3161,#3162,#3163,#3164,#3165,#3166,#3167,#3168,#3169,#3170,#3171)),
 .UNSPECIFIED.,.F.,.F.,.F.,(2,2),(4,1,1,1,1,1,1,1,1,1,1,1,1,1,1,1,1,1,1,
1,1,1,1,1,1,1,1,1,1,1,1,1,1,1,1,1,1,1,1,1,1,1,1,1,1,1,1,1,1,1,1,1,1,1,1,
1,1,1,1,1,1,1,1,1,1,1,1,1,1,1,1,1,1,1,1,1,1,1,1,1,1,1,1,1,1,1,1,1,1,1,1,
1,1,1,1,1,1,1,1,1,1,4),(0.,1.),(0.,0.00992659758433932,0.0198531951686786,
0.029779792753018,0.0397063903373573,0.0496329879216966,0.0595595855060359,
0.0694861830903753,0.0794127806747146,0.0893393782590539,0.0992659758433933,
0.109192573427733,0.119119171012072,0.129045768596411,0.138972366180751,
0.14889896376509,0.158825561349429,0.168752158933769,0.178678756518108,
0.188605354102447,0.198531951686787,0.208458549271126,0.218385146855465,
0.228311744439804,0.238238342024144,0.248164939608483,0.258091537192822,
0.268018134777162,0.277944732361501,0.28787132994584,0.29779792753018,0.307724525114519,
0.317651122698858,0.327577720283198,0.337504317867537,0.347430915451876,
0.357357513036216,0.367284110620555,0.377210708204894,0.387137305789234,
0.397063903373573,0.406990500957912,0.416917098542252,0.426843696126591,
0.43677029371093,0.44669689129527,0.456623488879609,0.466550086463948,0.476476684048288,
0.486403281632627,0.496329879216966,0.506256476801306,0.516183074385645,
0.526109671969984,0.536036269554323,0.545962867138663,0.555889464723002,
0.565816062307341,0.575742659891681,0.58566925747602,0.59559585506036,0.605522452644699,
0.615449050229038,0.625375647813377,0.635302245397717,0.645228842982056,
0.655155440566395,0.665082038150735,0.675008635735074,0.684935233319413,
0.694861830903753,0.704788428488092,0.714715026072431,0.724641623656771,
0.73456822124111,0.744494818825449,0.754421416409789,0.764348013994128,
0.774274611578467,0.784201209162807,0.794127806747146,0.804054404331485,
0.813981001915825,0.823907599500164,0.833834197084503,0.843760794668843,
0.853687392253182,0.863613989837521,0.873540587421861,0.8834671850062,0.893393782590539,
0.903320380174878,0.913246977759218,0.923173575343557,0.933100172927896,
0.943026770512236,0.952953368096575,0.962879965680915,0.972806563265254,
0.982733160849593,0.992659758433932,1.),.UNSPECIFIED.);
#45=B_SPLINE_SURFACE_WITH_KNOTS('',1,3,((#3857,#3858,#3859,#3860,#3861,
#3862,#3863,#3864,#3865,#3866,#3867,#3868,#3869,#3870,#3871,#3872,#3873,
#3874,#3875,#3876,#3877,#3878,#3879,#3880,#3881,#3882,#3883,#3884,#3885,
#3886,#3887,#3888,#3889,#3890,#3891,#3892,#3893,#3894,#3895,#3896,#3897,
#3898,#3899,#3900,#3901,#3902,#3903,#3904,#3905,#3906,#3907,#3908,#3909,
#3910,#3911,#3912,#3913,#3914,#3915,#3916,#3917,#3918,#3919,#3920,#3921,
#3922,#3923,#3924,#3925,#3926,#3927,#3928,#3929,#3930,#3931,#3932,#3933,
#3934,#3935,#3936,#3937,#3938,#3939,#3940,#3941,#3942,#3943,#3944,#3945,
#3946,#3947,#3948,#3949,#3950,#3951,#3952,#3953,#3954,#3955,#3956,#3957,
#3958,#3959,#3960),(#3961,#3962,#3963,#3964,#3965,#3966,#3967,#3968,#3969,
#3970,#3971,#3972,#3973,#3974,#3975,#3976,#3977,#3978,#3979,#3980,#3981,
#3982,#3983,#3984,#3985,#3986,#3987,#3988,#3989,#3990,#3991,#3992,#3993,
#3994,#3995,#3996,#3997,#3998,#3999,#4000,#4001,#4002,#4003,#4004,#4005,
#4006,#4007,#4008,#4009,#4010,#4011,#4012,#4013,#4014,#4015,#4016,#4017,
#4018,#4019,#4020,#4021,#4022,#4023,#4024,#4025,#4026,#4027,#4028,#4029,
#4030,#4031,#4032,#4033,#4034,#4035,#4036,#4037,#4038,#4039,#4040,#4041,
#4042,#4043,#4044,#4045,#4046,#4047,#4048,#4049,#4050,#4051,#4052,#4053,
#4054,#4055,#4056,#4057,#4058,#4059,#4060,#4061,#4062,#4063,#4064)),
 .UNSPECIFIED.,.F.,.F.,.F.,(2,2),(4,1,1,1,1,1,1,1,1,1,1,1,1,1,1,1,1,1,1,
1,1,1,1,1,1,1,1,1,1,1,1,1,1,1,1,1,1,1,1,1,1,1,1,1,1,1,1,1,1,1,1,1,1,1,1,
1,1,1,1,1,1,1,1,1,1,1,1,1,1,1,1,1,1,1,1,1,1,1,1,1,1,1,1,1,1,1,1,1,1,1,1,
1,1,1,1,1,1,1,1,1,1,4),(0.,1.),(0.,0.00992659758433932,0.0198531951686786,
0.029779792753018,0.0397063903373573,0.0496329879216966,0.0595595855060359,
0.0694861830903753,0.0794127806747146,0.0893393782590539,0.0992659758433933,
0.109192573427733,0.119119171012072,0.129045768596411,0.138972366180751,
0.14889896376509,0.158825561349429,0.168752158933769,0.178678756518108,
0.188605354102447,0.198531951686787,0.208458549271126,0.218385146855465,
0.228311744439804,0.238238342024144,0.248164939608483,0.258091537192822,
0.268018134777162,0.277944732361501,0.28787132994584,0.29779792753018,0.307724525114519,
0.317651122698858,0.327577720283198,0.337504317867537,0.347430915451876,
0.357357513036216,0.367284110620555,0.377210708204894,0.387137305789234,
0.397063903373573,0.406990500957912,0.416917098542252,0.426843696126591,
0.43677029371093,0.44669689129527,0.456623488879609,0.466550086463948,0.476476684048288,
0.486403281632627,0.496329879216966,0.506256476801306,0.516183074385645,
0.526109671969984,0.536036269554323,0.545962867138663,0.555889464723002,
0.565816062307341,0.575742659891681,0.58566925747602,0.59559585506036,0.605522452644699,
0.615449050229038,0.625375647813377,0.635302245397717,0.645228842982056,
0.655155440566395,0.665082038150735,0.675008635735074,0.684935233319413,
0.694861830903753,0.704788428488092,0.714715026072431,0.724641623656771,
0.73456822124111,0.744494818825449,0.754421416409789,0.764348013994128,
0.774274611578467,0.784201209162807,0.794127806747146,0.804054404331485,
0.813981001915825,0.823907599500164,0.833834197084503,0.843760794668843,
0.853687392253182,0.863613989837521,0.873540587421861,0.8834671850062,0.893393782590539,
0.903320380174878,0.913246977759218,0.923173575343557,0.933100172927896,
0.943026770512236,0.952953368096575,0.962879965680915,0.972806563265254,
0.982733160849593,0.992659758433932,1.),.UNSPECIFIED.);
#46=B_SPLINE_CURVE_WITH_KNOTS('',3,(#546,#547,#548,#549,#550,#551,#552),
 .UNSPECIFIED.,.F.,.F.,(4,3,4),(0.,0.548480703037812,1.),.UNSPECIFIED.);
#47=B_SPLINE_CURVE_WITH_KNOTS('',3,(#559,#560,#561,#562,#563,#564,#565),
 .UNSPECIFIED.,.F.,.F.,(4,3,4),(0.,0.436459182797368,1.),.UNSPECIFIED.);
#48=B_SPLINE_CURVE_WITH_KNOTS('',3,(#570,#571,#572,#573,#574,#575,#576,
#577,#578,#579,#580,#581,#582,#583,#584,#585,#586,#587,#588,#589,#590,#591,
#592,#593,#594,#595,#596,#597,#598,#599,#600,#601,#602,#603,#604,#605,#606,
#607,#608,#609,#610,#611,#612,#613,#614,#615,#616,#617,#618,#619,#620,#621,
#622,#623,#624,#625,#626,#627,#628,#629,#630,#631,#632,#633,#634,#635,#636,
#637,#638,#639,#640,#641,#642,#643,#644,#645,#646,#647,#648,#649,#650,#651,
#652,#653,#654,#655,#656,#657,#658,#659,#660,#661,#662,#663,#664,#665,#666,
#667,#668,#669,#670,#671,#672,#673,#674,#675,#676,#677,#678,#679,#680,#681,
#682,#683,#684,#685,#686,#687,#688,#689,#690,#691,#692,#693,#694,#695,#696,
#697,#698,#699,#700,#701,#702,#703,#704,#705,#706,#707,#708,#709,#710,#711,
#712,#713,#714,#715,#716,#717,#718,#719,#720,#721,#722,#723,#724,#725,#726,
#727,#728,#729,#730,#731,#732,#733,#734,#735,#736,#737,#738,#739,#740,#741,
#742,#743,#744,#745,#746,#747,#748,#749,#750,#751,#752,#753,#754,#755,#756,
#757,#758,#759,#760,#761,#762,#763,#764,#765,#766,#767,#768,#769,#770,#771,
#772,#773,#774,#775,#776,#777,#778,#779,#780,#781,#782,#783,#784,#785,#786,
#787,#788,#789,#790,#791,#792,#793,#794,#795,#796,#797,#798,#799,#800,#801,
#802,#803,#804,#805,#806,#807,#808,#809,#810,#811,#812,#813,#814,#815,#816,
#817,#818,#819,#820,#821,#822,#823,#824,#825,#826,#827,#828,#829,#830,#831,
#832,#833,#834,#835,#836,#837,#838,#839,#840,#841,#842,#843,#844,#845,#846,
#847,#848,#849,#850,#851,#852,#853,#854,#855,#856,#857,#858,#859,#860,#861,
#862,#863,#864,#865,#866,#867,#868,#869,#870,#871,#872,#873,#874,#875,#876,
#877,#878,#879,#880,#881,#882,#883,#884,#885,#886,#887,#888,#889,#890,#891,
#892,#893,#894,#895,#896,#897,#898,#899,#900,#901,#902,#903,#904,#905,#906,
#907,#908,#909,#910,#911,#912,#913,#914,#915,#916,#917,#918,#919,#920,#921,
#922,#923,#924,#925,#926,#927,#928,#929,#930,#931,#932,#933,#934,#935,#936,
#937,#938,#939,#940,#941,#942,#943,#944,#945,#946,#947,#948,#949,#950,#951,
#952,#953,#954,#955,#956,#957,#958,#959,#960,#961,#962,#963,#964,#965,#966,
#967,#968,#969,#970,#971,#972,#973,#974,#975,#976,#977,#978,#979,#980,#981,
#982,#983,#984,#985,#986,#987,#988,#989,#990,#991,#992,#993,#994,#995,#996,
#997,#998,#999,#1000,#1001,#1002,#1003,#1004,#1005,#1006,#1007,#1008,#1009,
#1010,#1011,#1012,#1013,#1014,#1015,#1016,#1017,#1018,#1019,#1020,#1021,
#1022,#1023,#1024,#1025,#1026,#1027,#1028,#1029,#1030,#1031,#1032,#1033,
#1034,#1035,#1036,#1037,#1038,#1039,#1040,#1041,#1042,#1043,#1044,#1045,
#1046,#1047,#1048,#1049,#1050,#1051,#1052,#1053,#1054,#1055,#1056,#1057,
#1058,#1059,#1060,#1061,#1062,#1063,#1064,#1065,#1066,#1067,#1068,#1069,
#1070,#1071,#1072,#1073,#1074,#1075,#1076,#1077,#1078,#1079,#1080,#1081,
#1082,#1083,#1084,#1085,#1086,#1087,#1088,#1089,#1090,#1091,#1092,#1093,
#1094,#1095,#1096,#1097,#1098,#1099,#1100,#1101,#1102,#1103,#1104,#1105,
#1106,#1107,#1108,#1109,#1110,#1111,#1112,#1113,#1114,#1115,#1116,#1117,
#1118,#1119,#1120,#1121,#1122,#1123,#1124,#1125,#1126,#1127,#1128,#1129,
#1130,#1131,#1132,#1133,#1134,#1135,#1136,#1137,#1138,#1139,#1140,#1141,
#1142,#1143,#1144,#1145,#1146,#1147,#1148,#1149,#1150,#1151,#1152,#1153,
#1154,#1155,#1156,#1157,#1158,#1159,#1160,#1161,#1162,#1163,#1164,#1165,
#1166,#1167,#1168,#1169,#1170,#1171,#1172,#1173,#1174,#1175,#1176,#1177,
#1178,#1179,#1180,#1181,#1182,#1183,#1184,#1185,#1186,#1187,#1188,#1189,
#1190,#1191,#1192,#1193,#1194,#1195,#1196,#1197,#1198,#1199,#1200,#1201,
#1202,#1203,#1204,#1205,#1206,#1207,#1208,#1209,#1210,#1211,#1212,#1213,
#1214,#1215,#1216,#1217,#1218,#1219,#1220,#1221),.UNSPECIFIED.,.F.,.F.,
(4,3,3,3,3,3,3,3,3,3,3,3,3,3,3,3,3,3,3,3,3,3,3,3,3,3,3,3,3,3,3,3,3,3,3,
3,3,3,3,3,3,3,3,3,3,3,3,3,3,3,3,3,3,3,3,3,3,3,3,3,3,3,3,3,3,3,3,3,3,3,3,
3,3,3,3,3,3,3,3,3,3,3,3,3,3,3,3,3,3,3,3,3,3,3,3,3,3,3,3,3,3,3,3,3,3,3,3,
3,3,3,3,3,3,3,3,3,3,3,3,3,3,3,3,3,3,3,3,3,3,3,3,3,3,3,3,3,3,3,3,3,3,3,3,
3,3,3,3,3,3,3,3,3,3,3,3,3,3,3,3,3,3,3,3,3,3,3,3,3,3,3,3,3,3,3,3,3,3,3,3,
3,3,3,3,3,3,3,3,3,3,3,3,3,3,3,3,3,3,3,3,3,3,3,3,3,3,3,3,3,3,3,3,3,3,3,3,
3,3,4),(0.,0.00444097963102779,0.00904987641564593,0.0136581691270951,0.018268115687379,
0.0228766326767211,0.0274863304506353,0.0320947911276908,0.036703701940234,
0.0413128425542701,0.0459213657249823,0.0505310282731458,0.0551393679031207,
0.0597492054332231,0.0643578280737755,0.0689669086248023,0.073575762303964,
0.0781841052277114,0.0827939629474466,0.0874024653881341,0.0920122530005833,
0.0966206885265315,0.101229722852544,0.105838758818581,0.110447335730954,
0.115056893887924,0.119665206341213,0.12427515917785,0.128883753021282,
0.133492933174628,0.138101694343512,0.142710102106101,0.147319854532336,
0.151928335005782,0.156538192912181,0.161146608470341,0.165755769514685,
0.170364708782237,0.174973349218755,0.179582791689775,0.18419107101086,
0.188801105930475,0.193409676538696,0.198018956538631,0.202627634255733,
0.207236118556278,0.211845753358221,0.216454213596469,0.221064099571949,
0.225672498556903,0.23028178891198,0.234890640923276,0.239499352955446,
0.24410867335459,0.248716928768988,0.253326997035608,0.257935549684935,
0.262544930682375,0.267153536187162,0.271762108332463,0.27637161953971,
0.280980070336462,0.285589944496017,0.290198329769292,0.29480775262142,
0.299416529245854,0.304025320797178,0.308634518621429,0.313242765759972,
0.317852827045955,0.322461366323269,0.327070849830115,0.331679395834168,
0.336288066704691,0.340897453985455,0.345505910484952,0.350115741036826,
0.354724114045396,0.359333671871874,0.36394238616347,0.368551264543528,
0.373160343871501,0.37776860161635,0.382378623317985,0.386987152102474,
0.391596738433442,0.396205237775413,0.40081401724977,0.405423284486374,
0.410031763465673,0.414641525513781,0.419249885295531,0.423859578000693,
0.428468242811701,0.433077214153135,0.437686182153597,0.442294470033978,
0.446904426031756,0.451512944462506,0.456122630703783,0.460731094966978,
0.465339991312792,0.469949145089807,0.47455766267489,0.479167336904072,
0.483775679158866,0.488385501775081,0.492994128404713,0.497603197099657,
0.5022120625352,0.506820398619114,0.511430267997747,0.516038772578009,0.520648550188018,
0.525256988432408,0.529866007731711,0.534475055894143,0.539083625797162,
0.543693197202761,0.548301513579059,0.552911453639246,0.557520050667543,
0.562129218874451,0.56673799075415,0.571346390115747,0.575956156002529,
0.580564639353503,0.585174490815344,0.589782908627679,0.594392054359079,
0.599001004847093,0.603609637257421,0.608219094136964,0.612827377157009,
0.617437404981383,0.622045978136873,0.626655246129824,0.631263933363615,
0.63587240789931,0.640482057318749,0.645090519572327,0.649700404490392,
0.654308805335408,0.65891808001621,0.663526941963472,0.6681356450002,0.672744980242761,
0.677353237835629,0.681963304427408,0.686571859007216,0.691181227815077,
0.695789841382418,0.700398402415617,0.705007928633747,0.70961637986066,
0.714226257308171,0.718834644152982,0.723444050953711,0.728052835997863,
0.732661617623055,0.737270830080541,0.741879077290542,0.746489141318161,
0.751097682044021,0.755707153207285,0.760315705711563,0.764924364203047,
0.769533766282161,0.774142221254935,0.778752058526511,0.783360433040443,
0.78796997461253,0.792578695737602,0.797187563363657,0.801796656641038,
0.806404912106088,0.811014940100367,0.815623470112478,0.820233044188811,
0.824841548527189,0.829450314508187,0.834059595903726,0.838668071333326,
0.843277842772676,0.847886204335036,0.852495881006067,0.857104551162121,
0.861713511093616,0.866322492068665,0.870930775362269,0.875540740492605,
0.880149260310904,0.884758934895218,0.889367402872617,0.893976284836109,
0.898585451886853,0.903193964081789,0.907803649772363,0.912411994527647,
0.917021802049146,0.921630432788784,0.926239489655209,0.930848366974505,
0.935456696433421,0.940066577224111,0.944675083828207,0.949284851191905,
0.953893292231329,0.958502296549714,0.963111357019434,0.967719920056083,
0.97232950453706,0.976937824647815,0.981547751601391,0.986156351883557,
0.990765508133958,0.995374290839704,1.),.UNSPECIFIED.);
#49=B_SPLINE_CURVE_WITH_KNOTS('',3,(#1225,#1226,#1227,#1228,#1229,#1230,
#1231,#1232,#1233,#1234,#1235,#1236,#1237,#1238,#1239,#1240,#1241,#1242,
#1243,#1244,#1245,#1246,#1247,#1248,#1249,#1250,#1251,#1252,#1253,#1254,
#1255,#1256,#1257,#1258,#1259,#1260,#1261,#1262,#1263,#1264,#1265,#1266,
#1267,#1268,#1269,#1270,#1271,#1272,#1273,#1274,#1275,#1276,#1277,#1278,
#1279,#1280,#1281,#1282,#1283,#1284,#1285,#1286,#1287,#1288,#1289,#1290,
#1291,#1292,#1293,#1294,#1295,#1296,#1297,#1298,#1299,#1300,#1301,#1302,
#1303,#1304,#1305,#1306,#1307,#1308,#1309,#1310,#1311,#1312,#1313,#1314,
#1315,#1316,#1317,#1318,#1319,#1320,#1321,#1322,#1323,#1324,#1325,#1326,
#1327,#1328,#1329,#1330,#1331,#1332,#1333,#1334,#1335,#1336,#1337,#1338,
#1339,#1340,#1341,#1342,#1343,#1344,#1345,#1346,#1347,#1348,#1349,#1350,
#1351,#1352,#1353,#1354,#1355,#1356,#1357,#1358,#1359,#1360,#1361,#1362,
#1363,#1364,#1365,#1366,#1367,#1368,#1369,#1370,#1371,#1372,#1373,#1374,
#1375,#1376,#1377,#1378,#1379,#1380,#1381,#1382,#1383,#1384,#1385,#1386,
#1387,#1388,#1389,#1390,#1391,#1392,#1393,#1394,#1395,#1396,#1397,#1398,
#1399,#1400,#1401,#1402,#1403,#1404,#1405,#1406,#1407,#1408,#1409,#1410,
#1411,#1412,#1413,#1414,#1415,#1416,#1417,#1418,#1419,#1420,#1421,#1422,
#1423,#1424,#1425,#1426,#1427,#1428,#1429,#1430,#1431,#1432,#1433,#1434,
#1435,#1436,#1437,#1438,#1439,#1440,#1441,#1442,#1443,#1444,#1445,#1446,
#1447,#1448,#1449,#1450,#1451,#1452,#1453,#1454,#1455,#1456,#1457,#1458,
#1459,#1460,#1461,#1462,#1463,#1464,#1465,#1466,#1467,#1468,#1469,#1470,
#1471,#1472,#1473,#1474,#1475,#1476,#1477,#1478,#1479,#1480,#1481,#1482,
#1483,#1484,#1485,#1486,#1487,#1488,#1489,#1490,#1491,#1492,#1493,#1494,
#1495,#1496,#1497,#1498,#1499,#1500,#1501,#1502,#1503,#1504,#1505,#1506,
#1507,#1508,#1509,#1510,#1511,#1512,#1513,#1514,#1515,#1516,#1517,#1518,
#1519,#1520,#1521,#1522,#1523,#1524,#1525,#1526,#1527,#1528,#1529,#1530,
#1531,#1532,#1533,#1534,#1535,#1536,#1537,#1538,#1539,#1540,#1541,#1542,
#1543,#1544,#1545,#1546,#1547,#1548,#1549,#1550,#1551,#1552,#1553,#1554,
#1555,#1556,#1557,#1558,#1559,#1560,#1561,#1562,#1563,#1564,#1565,#1566,
#1567,#1568,#1569,#1570,#1571,#1572,#1573,#1574,#1575,#1576,#1577,#1578,
#1579,#1580,#1581,#1582,#1583,#1584,#1585,#1586,#1587,#1588,#1589,#1590,
#1591,#1592,#1593,#1594,#1595,#1596,#1597,#1598,#1599,#1600,#1601,#1602,
#1603,#1604,#1605,#1606,#1607,#1608,#1609,#1610,#1611,#1612,#1613,#1614,
#1615,#1616,#1617,#1618,#1619,#1620,#1621,#1622,#1623,#1624,#1625,#1626,
#1627,#1628,#1629,#1630,#1631,#1632,#1633,#1634,#1635,#1636,#1637,#1638,
#1639,#1640,#1641,#1642,#1643,#1644,#1645,#1646,#1647,#1648,#1649,#1650,
#1651,#1652,#1653,#1654,#1655,#1656,#1657,#1658,#1659,#1660,#1661,#1662,
#1663,#1664,#1665,#1666,#1667,#1668,#1669,#1670,#1671,#1672,#1673,#1674,
#1675,#1676,#1677,#1678,#1679,#1680,#1681,#1682,#1683,#1684,#1685,#1686,
#1687,#1688,#1689,#1690,#1691,#1692,#1693,#1694,#1695,#1696,#1697,#1698,
#1699,#1700,#1701,#1702,#1703,#1704,#1705,#1706,#1707,#1708,#1709,#1710,
#1711,#1712,#1713,#1714,#1715,#1716,#1717,#1718,#1719,#1720,#1721,#1722,
#1723,#1724,#1725,#1726,#1727,#1728,#1729,#1730,#1731,#1732,#1733,#1734,
#1735,#1736,#1737,#1738,#1739,#1740,#1741,#1742,#1743,#1744,#1745,#1746,
#1747,#1748,#1749,#1750,#1751,#1752,#1753,#1754,#1755,#1756,#1757,#1758,
#1759,#1760,#1761,#1762,#1763,#1764,#1765,#1766,#1767,#1768,#1769,#1770,
#1771,#1772,#1773,#1774,#1775,#1776,#1777,#1778,#1779,#1780,#1781,#1782,
#1783,#1784,#1785,#1786,#1787,#1788,#1789,#1790,#1791,#1792,#1793,#1794,
#1795,#1796,#1797,#1798,#1799,#1800,#1801,#1802,#1803,#1804,#1805,#1806,
#1807,#1808,#1809,#1810,#1811,#1812,#1813,#1814,#1815,#1816,#1817,#1818,
#1819,#1820,#1821,#1822,#1823,#1824,#1825,#1826,#1827,#1828,#1829,#1830,
#1831,#1832,#1833,#1834,#1835,#1836,#1837,#1838,#1839,#1840,#1841,#1842,
#1843,#1844,#1845,#1846,#1847,#1848,#1849,#1850,#1851,#1852,#1853,#1854,
#1855,#1856,#1857,#1858,#1859,#1860,#1861,#1862,#1863,#1864,#1865,#1866,
#1867,#1868,#1869,#1870,#1871,#1872,#1873,#1874,#1875,#1876,#1877,#1878,
#1879,#1880,#1881,#1882,#1883,#1884,#1885,#1886,#1887,#1888,#1889,#1890,
#1891,#1892,#1893,#1894,#1895,#1896,#1897,#1898,#1899,#1900,#1901,#1902,
#1903,#1904,#1905,#1906,#1907,#1908,#1909,#1910,#1911,#1912,#1913,#1914,
#1915,#1916,#1917,#1918,#1919,#1920,#1921,#1922,#1923,#1924),
 .UNSPECIFIED.,.F.,.F.,(4,3,3,3,3,3,3,3,3,3,3,3,3,3,3,3,3,3,3,3,3,3,3,3,
3,3,3,3,3,3,3,3,3,3,3,3,3,3,3,3,3,3,3,3,3,3,3,3,3,3,3,3,3,3,3,3,3,3,3,3,
3,3,3,3,3,3,3,3,3,3,3,3,3,3,3,3,3,3,3,3,3,3,3,3,3,3,3,3,3,3,3,3,3,3,3,3,
3,3,3,3,3,3,3,3,3,3,3,3,3,3,3,3,3,3,3,3,3,3,3,3,3,3,3,3,3,3,3,3,3,3,3,3,
3,3,3,3,3,3,3,3,3,3,3,3,3,3,3,3,3,3,3,3,3,3,3,3,3,3,3,3,3,3,3,3,3,3,3,3,
3,3,3,3,3,3,3,3,3,3,3,3,3,3,3,3,3,3,3,3,3,3,3,3,3,3,3,3,3,3,3,3,3,3,3,3,
3,3,3,3,3,3,3,3,3,3,3,3,3,3,3,3,3,3,3,3,3,3,3,3,3,3,3,3,3,4),(0.,0.00414422022745099,
0.00844477928939883,0.0127466356801022,0.017047132424133,0.0213482137591083,
0.0256492420529267,0.0299498784564,0.0342513912559584,0.0385517592647077,
0.0428536890354549,0.0471543217065037,0.0514555299836278,0.0557563046778616,
0.0600567859268894,0.0643584795442936,0.0686590069555503,0.0729608352540574,
0.0772613032446732,0.0815625001888309,0.0858634401481472,0.0901641376790233,
0.0944655405194642,0.0987658789085905,0.103067873618145,0.107368485821977,
0.111669787445537,0.115970486637333,0.120271041898097,0.12457262383981,
0.128873134304332,0.13317497895483,0.137475432205408,0.141776750530744,
0.146077611601088,0.150378377776111,0.154679666121556,0.158979985338509,
0.163282001251337,0.167582597836202,0.171883994069345,0.176184628691337,
0.180485268463428,0.184786734556083,0.189087239390705,0.193389065109797,
0.197689506051897,0.201990948705262,0.20629174234883,0.210592584468084,
0.214893759016313,0.219194074634898,0.223496075977969,0.227796660925548,
0.23209815305896,0.236398735121868,0.240699469382169,0.245000820405169,
0.249301334334455,0.253603113136693,0.257903542657106,0.26220511154143,
0.266505850014509,0.270806774680462,0.275107840073107,0.279408170069207,
0.283710128006396,0.288010703465234,0.292312291246415,0.296612832562173,
0.300913670214228,0.30521491053664,0.309515449247554,0.313817159286857,
0.318117575801454,0.322419269928309,0.326719964982402,0.331020977568264,
0.335321940984333,0.339622303411299,0.3439241948633,0.348224760203623,0.35252643984816,
0.35682695075295,0.36112789906059,0.365429035232943,0.369729613355232,0.374031237694483,
0.378331636317668,0.382633449577593,0.386934111227875,0.391235215361646,
0.395536085142118,0.399836496288096,0.404138302751526,0.408438853781663,
0.412740615665977,0.417041103884274,0.421342167952853,0.425643207399303,
0.429943836990649,0.434245362448281,0.438545734397385,0.442847653048961,
0.447148288549143,0.451449485679376,0.455750270125017,0.460050743224261,
0.464352449738437,0.46865297971912,0.472954803326032,0.477255273326067,
0.481556455906198,0.485857406070288,0.490158095889348,0.494459512337442,
0.498759853900561,0.503061843316507,0.507362457750756,0.511663748133748,
0.515964455891668,0.52026500172894,0.524566597461188,0.52886710949362,0.533168954233154,
0.537469409140136,0.541770712747696,0.546071582758334,0.550372340320855,
0.554673642519204,0.558973963325742,0.563275978763902,0.567576577023801,
0.571877961837061,0.576178603629642,0.580479232733402,0.584780712830911,
0.589081217640626,0.593383047283239,0.597683489652759,0.601984917257456,
0.606285718395993,0.610586551051841,0.614887739133393,0.619188054291948,
0.623490059071584,0.627790645293041,0.632092125897743,0.63639271367213,
0.640693436110241,0.644994800826655,0.649295312865392,0.653597098606566,
0.657897529560505,0.662199083279891,0.666499827775689,0.670800742238925,
0.675101820444673,0.679402147773979,0.683704112285886,0.688004688889528,
0.692306265316498,0.69660681097737,0.700907635812632,0.705208889160444,
0.70950942411545,0.713811143436129,0.718111561734507,0.722413241039006,
0.726713940772008,0.731014942591825,0.73531591787044,0.739616275522198,
0.74391817605884,0.748218742794799,0.752520411800878,0.756820925925967,
0.761121860648285,0.765423008988244,0.769723581707114,0.774025217143915,
0.778325618335428,0.782627417859392,0.786928083113062,0.791229176152439,
0.795530056773497,0.799830461327762,0.804132278894623,0.808432832032196,
0.812734584825836,0.817035075505673,0.821336125504233,0.825637176217946,
0.829937799129219,0.834239337104145,0.838539712895047,0.842841619954077,
0.847142258358208,0.851443444346402,0.855744238670053,0.860044703776424,
0.864346423032372,0.86864695565093,0.872948773927442,0.877249245987199,
0.881550414244872,0.885851374751186,0.890152056971799,0.894453486957363,
0.898753831841673,0.903055815322501,0.90735643206321,0.911657711228182,
0.915958427712873,0.920258964283697,0.924560573742088,0.928861087505137,
0.933162931815584,0.937463388421306,0.941764677359908,0.946065556479684,
0.950366305540829,0.954667621599897,0.958967944222029,0.963269958660982,
0.967570558661199,0.9718719320804,0.976172581222095,0.980473199808026,0.984774693920044,
0.989075198921022,0.993377032076629,0.997677475895259,1.),.UNSPECIFIED.);
#50=B_SPLINE_CURVE_WITH_KNOTS('',3,(#1926,#1927,#1928,#1929,#1930,#1931,
#1932,#1933,#1934,#1935,#1936,#1937,#1938,#1939,#1940,#1941,#1942,#1943,
#1944),.UNSPECIFIED.,.F.,.F.,(4,3,3,3,3,3,4),(0.,0.146731857144544,0.30648742835939,
0.47797377492397,0.645668177644692,0.828055275768148,1.),.UNSPECIFIED.);
#51=B_SPLINE_CURVE_WITH_KNOTS('',3,(#1948,#1949,#1950,#1951,#1952,#1953,
#1954,#1955,#1956,#1957,#1958,#1959,#1960,#1961,#1962,#1963,#1964,#1965,
#1966,#1967,#1968,#1969),.UNSPECIFIED.,.F.,.F.,(4,3,3,3,3,3,3,4),(0.,0.0187772030242298,
0.21813892537375,0.404337896119143,0.589267353592395,0.767410358300425,
0.936015403109305,1.),.UNSPECIFIED.);
#52=B_SPLINE_CURVE_WITH_KNOTS('',1,(#1971,#1972),.UNSPECIFIED.,.F.,.F.,
(2,2),(0.,1.),.UNSPECIFIED.);
#53=B_SPLINE_CURVE_WITH_KNOTS('',3,(#1974,#1975,#1976,#1977,#1978,#1979,
#1980,#1981,#1982,#1983,#1984,#1985,#1986,#1987,#1988,#1989,#1990,#1991,
#1992,#1993,#1994,#1995,#1996,#1997,#1998,#1999,#2000,#2001,#2002,#2003,
#2004,#2005,#2006,#2007,#2008,#2009,#2010,#2011,#2012,#2013,#2014,#2015,
#2016,#2017,#2018,#2019,#2020,#2021,#2022,#2023,#2024,#2025,#2026,#2027,
#2028,#2029,#2030,#2031,#2032,#2033,#2034,#2035,#2036,#2037,#2038,#2039,
#2040,#2041,#2042,#2043,#2044,#2045,#2046,#2047,#2048,#2049,#2050,#2051,
#2052,#2053,#2054,#2055,#2056,#2057,#2058,#2059,#2060,#2061,#2062,#2063,
#2064,#2065,#2066,#2067,#2068,#2069,#2070,#2071,#2072,#2073,#2074,#2075,
#2076,#2077,#2078,#2079,#2080,#2081,#2082,#2083,#2084,#2085,#2086,#2087,
#2088,#2089,#2090,#2091,#2092,#2093,#2094,#2095,#2096,#2097,#2098,#2099,
#2100,#2101,#2102,#2103,#2104,#2105,#2106,#2107,#2108,#2109,#2110,#2111,
#2112,#2113,#2114,#2115,#2116,#2117,#2118,#2119,#2120,#2121,#2122,#2123,
#2124,#2125,#2126,#2127,#2128,#2129,#2130,#2131,#2132,#2133,#2134,#2135,
#2136,#2137,#2138,#2139,#2140,#2141,#2142,#2143,#2144,#2145,#2146,#2147,
#2148,#2149,#2150,#2151,#2152,#2153,#2154,#2155,#2156,#2157,#2158,#2159,
#2160,#2161,#2162,#2163,#2164,#2165,#2166,#2167,#2168,#2169,#2170,#2171,
#2172,#2173,#2174,#2175,#2176,#2177,#2178,#2179,#2180,#2181,#2182,#2183,
#2184,#2185,#2186,#2187,#2188,#2189,#2190,#2191,#2192,#2193,#2194,#2195,
#2196,#2197,#2198,#2199,#2200,#2201,#2202,#2203,#2204,#2205,#2206,#2207,
#2208,#2209,#2210,#2211,#2212,#2213,#2214,#2215,#2216,#2217,#2218,#2219,
#2220,#2221,#2222,#2223,#2224,#2225,#2226,#2227,#2228,#2229,#2230,#2231,
#2232,#2233,#2234,#2235,#2236,#2237,#2238,#2239,#2240,#2241,#2242,#2243,
#2244,#2245,#2246,#2247,#2248,#2249,#2250,#2251,#2252,#2253,#2254,#2255,
#2256,#2257,#2258,#2259,#2260,#2261,#2262,#2263,#2264,#2265,#2266,#2267,
#2268,#2269,#2270,#2271,#2272,#2273,#2274,#2275,#2276,#2277,#2278,#2279,
#2280,#2281,#2282,#2283,#2284,#2285,#2286,#2287,#2288,#2289,#2290,#2291,
#2292,#2293,#2294,#2295,#2296,#2297,#2298,#2299,#2300,#2301,#2302,#2303,
#2304,#2305,#2306,#2307,#2308,#2309,#2310,#2311,#2312,#2313,#2314,#2315,
#2316,#2317,#2318,#2319,#2320,#2321,#2322,#2323,#2324,#2325,#2326,#2327,
#2328,#2329,#2330,#2331,#2332,#2333,#2334,#2335,#2336,#2337,#2338,#2339,
#2340,#2341,#2342,#2343,#2344,#2345,#2346,#2347,#2348,#2349,#2350,#2351,
#2352,#2353,#2354,#2355,#2356,#2357,#2358,#2359,#2360,#2361,#2362,#2363,
#2364,#2365,#2366,#2367,#2368,#2369,#2370,#2371,#2372,#2373,#2374,#2375,
#2376,#2377,#2378,#2379,#2380,#2381,#2382,#2383,#2384,#2385,#2386,#2387,
#2388,#2389,#2390,#2391,#2392,#2393,#2394,#2395,#2396,#2397,#2398,#2399,
#2400,#2401,#2402,#2403,#2404,#2405,#2406,#2407,#2408,#2409,#2410,#2411,
#2412,#2413,#2414,#2415,#2416,#2417,#2418,#2419,#2420,#2421,#2422,#2423,
#2424,#2425,#2426,#2427,#2428,#2429,#2430,#2431,#2432,#2433,#2434,#2435,
#2436,#2437,#2438,#2439,#2440,#2441,#2442,#2443,#2444,#2445,#2446,#2447,
#2448,#2449,#2450,#2451,#2452,#2453,#2454,#2455,#2456,#2457,#2458,#2459,
#2460,#2461,#2462,#2463,#2464,#2465,#2466,#2467,#2468,#2469,#2470,#2471,
#2472,#2473,#2474,#2475,#2476,#2477,#2478,#2479,#2480,#2481,#2482,#2483,
#2484,#2485,#2486,#2487,#2488,#2489,#2490,#2491,#2492,#2493,#2494,#2495,
#2496,#2497,#2498,#2499,#2500,#2501,#2502,#2503,#2504,#2505,#2506,#2507,
#2508,#2509,#2510,#2511,#2512,#2513,#2514,#2515,#2516,#2517,#2518,#2519,
#2520,#2521,#2522,#2523,#2524,#2525,#2526,#2527,#2528,#2529,#2530,#2531,
#2532,#2533,#2534,#2535,#2536,#2537,#2538,#2539,#2540,#2541,#2542,#2543,
#2544,#2545,#2546,#2547,#2548,#2549,#2550,#2551,#2552,#2553,#2554,#2555,
#2556,#2557,#2558,#2559,#2560,#2561,#2562,#2563,#2564,#2565,#2566,#2567,
#2568,#2569,#2570,#2571,#2572,#2573,#2574,#2575,#2576,#2577,#2578,#2579,
#2580,#2581,#2582,#2583,#2584,#2585,#2586,#2587,#2588,#2589,#2590,#2591,
#2592,#2593,#2594,#2595,#2596,#2597,#2598,#2599,#2600,#2601,#2602,#2603,
#2604,#2605,#2606,#2607,#2608,#2609,#2610,#2611,#2612,#2613,#2614,#2615,
#2616,#2617,#2618,#2619,#2620,#2621,#2622,#2623,#2624,#2625,#2626,#2627,
#2628,#2629,#2630,#2631,#2632,#2633,#2634,#2635,#2636,#2637,#2638,#2639,
#2640,#2641,#2642,#2643),.UNSPECIFIED.,.F.,.F.,(4,3,3,3,3,3,3,3,3,3,3,3,
3,3,3,3,3,3,3,3,3,3,3,3,3,3,3,3,3,3,3,3,3,3,3,3,3,3,3,3,3,3,3,3,3,3,3,3,
3,3,3,3,3,3,3,3,3,3,3,3,3,3,3,3,3,3,3,3,3,3,3,3,3,3,3,3,3,3,3,3,3,3,3,3,
3,3,3,3,3,3,3,3,3,3,3,3,3,3,3,3,3,3,3,3,3,3,3,3,3,3,3,3,3,3,3,3,3,3,3,3,
3,3,3,3,3,3,3,3,3,3,3,3,3,3,3,3,3,3,3,3,3,3,3,3,3,3,3,3,3,3,3,3,3,3,3,3,
3,3,3,3,3,3,3,3,3,3,3,3,3,3,3,3,3,3,3,3,3,3,3,3,3,3,3,3,3,3,3,3,3,3,3,3,
3,3,3,3,3,3,3,3,3,3,3,3,3,3,3,3,3,3,3,3,3,3,3,3,3,3,3,3,3,3,3,4),(0.,0.00210577289258116,
0.00660147811411802,0.0110957237508991,0.0155916793180788,0.020086074468602,
0.0245815564887194,0.0290762641666598,0.0335707607888106,0.0380663504058647,
0.0425607968167,0.0470570228161984,0.0515511868907837,0.0560464590139083,
0.0605412639796583,0.0650360451199403,0.0695315808602267,0.0740258457479469,
0.0785218545307161,0.0830162309094262,0.0875118731925109,0.0920064466704916,
0.0965010325691005,0.10099649178028,0.105490962856819,0.109987192690849,
0.114481353088499,0.118976783645282,0.123471480622008,0.127966371209982,
0.132461738682598,0.1369560284246,0.141452042777918,0.145946421814322,0.150442221000258,
0.154936674834458,0.159431367316976,0.163926696408984,0.16842120155922,
0.17291737487928,0.177411553329336,0.181907138208024,0.186401738129359,
0.190896753660871,0.195391955394592,0.199886277316535,0.204382236795563,
0.208876632900637,0.213372576418176,0.217866926365797,0.222361739955155,
0.226856938906479,0.231351488155964,0.235847539416548,0.240341745037065,
0.24483747105824,0.249331986174196,0.25382713839717,0.258322176867872,0.262816539219896,
0.267312398253857,0.271806810845636,0.276302877274098,0.280797141705986,
0.285292088449484,0.289787157712899,0.294281762538552,0.298777661787465,
0.303271887561509,0.307767735007603,0.31226218218476,0.316757481437775,
0.321252362082252,0.325746776908621,0.330242516642505,0.334736943122561,
0.339233104461254,0.343727306892407,0.348222398277603,0.352717341693726,
0.357212017363878,0.361707751466088,0.366201994179676,0.370697936726262,
0.375192337482837,0.379687792310112,0.384182524296814,0.388677007482134,
0.393172619355363,0.397667062378016,0.402163282624963,0.406657449960359,
0.411152695172099,0.41564751964002,0.420142283831762,0.424637848580047,
0.429132109870465,0.433628112617702,0.438122490593892,0.442618105497297,
0.447112700969447,0.451607270343815,0.456102751889036,0.460597218140899,
0.465093451255008,0.469587610563028,0.474083014090753,0.478577728819684,
0.483072599515608,0.487567995624853,0.492062280646614,0.496558297987364,
0.501052675308123,0.505548448284133,0.510042921517133,0.514537594656052,
0.519032946002576,0.523527444634503,0.528023632512556,0.532517806728601,
0.537013365914217,0.541507981647902,0.546002974892148,0.550498204834813,
0.55499252072469,0.559488494388235,0.563982887070617,0.568478807260329,
0.572973173848477,0.577467965882968,0.581963187176914,0.586457728201004,
0.590953803272362,0.595448004746104,0.599943707890462,0.604438236503498,
0.608933364617051,0.6134284307757,0.617922785515748,0.622418663453302,0.626913073596216,
0.631409120818469,0.635903398373414,0.640398321520723,0.644893412822923,
0.64938800718182,0.65388393371146,0.658378156444913,0.66287398480716,0.6673684422139,
0.671863715660002,0.676358622779116,0.680853027615729,0.685348788624272,
0.689843212701901,0.694339360138682,0.698833571357638,0.703328637282363,
0.707823601844208,0.712318264211558,0.716814027087123,0.721308266935039,
0.725804195451074,0.730298602520608,0.734794030299145,0.739288786958338,
0.743783257240375,0.748278891312192,0.752773331152529,0.757269544310605,
0.761763715715627,0.766258934159699,0.7707537784075,0.775248526188826,0.779744119979859,
0.784238377833921,0.788734373221852,0.793228753460361,0.797724340937524,
0.802218958829901,0.806713512206123,0.811209016101625,0.815703477806896,
0.820199712510823,0.824693871419248,0.829189247851784,0.833683980655323,
0.83817883194017,0.842674256769763,0.847168537289983,0.851664555922478,
0.856158932015489,0.860654678474741,0.865149171570882,0.869643825819951,
0.874139199435082,0.878633691851294,0.883129892193749,0.887624062594217,
0.892119595746245,0.896614227639167,0.901109198958771,0.905604457180488,
0.910098767272446,0.914594753165627,0.919089142536697,0.923585038785434,
0.928079422506895,0.932574193323004,0.937069436938189,0.941563970035122,
0.946060068057811,0.950554265087141,0.955049944801094,0.959544487371444,
0.964039591677515,0.96853468565611,0.973029033108002,0.977524929335731,
0.982019336918309,0.98651536414548,0.991009655484283,0.995504555503709,
1.),.UNSPECIFIED.);
#54=B_SPLINE_CURVE_WITH_KNOTS('',1,(#2852,#2853),.UNSPECIFIED.,.F.,.F.,
(2,2),(0.,1.),.UNSPECIFIED.);
#55=B_SPLINE_CURVE_WITH_KNOTS('',1,(#2855,#2856),.UNSPECIFIED.,.F.,.F.,
(2,2),(0.,1.),.UNSPECIFIED.);
#56=B_SPLINE_CURVE_WITH_KNOTS('',3,(#2860,#2861,#2862,#2863,#2864,#2865,
#2866,#2867,#2868,#2869,#2870,#2871,#2872,#2873,#2874,#2875,#2876,#2877,
#2878,#2879,#2880,#2881,#2882,#2883,#2884,#2885,#2886,#2887,#2888,#2889,
#2890,#2891,#2892,#2893,#2894,#2895,#2896,#2897,#2898,#2899,#2900,#2901,
#2902,#2903,#2904,#2905,#2906,#2907,#2908,#2909,#2910,#2911,#2912,#2913,
#2914,#2915,#2916,#2917,#2918,#2919,#2920,#2921,#2922,#2923,#2924,#2925,
#2926,#2927,#2928,#2929,#2930,#2931,#2932,#2933,#2934,#2935,#2936,#2937,
#2938,#2939,#2940,#2941,#2942,#2943,#2944,#2945,#2946,#2947,#2948,#2949,
#2950,#2951,#2952,#2953,#2954,#2955,#2956,#2957,#2958,#2959,#2960,#2961,
#2962,#2963),.UNSPECIFIED.,.F.,.F.,(4,1,1,1,1,1,1,1,1,1,1,1,1,1,1,1,1,1,
1,1,1,1,1,1,1,1,1,1,1,1,1,1,1,1,1,1,1,1,1,1,1,1,1,1,1,1,1,1,1,1,1,1,1,1,
1,1,1,1,1,1,1,1,1,1,1,1,1,1,1,1,1,1,1,1,1,1,1,1,1,1,1,1,1,1,1,1,1,1,1,1,
1,1,1,1,1,1,1,1,1,1,1,4),(0.,0.00734024156606761,0.0172668391504068,0.0271934367347462,
0.0371200343190855,0.0470466319034248,0.0569732294877642,0.0668998270721035,
0.0768264246564428,0.0867530222407822,0.0966796198251215,0.106606217409461,
0.1165328149938,0.126459412578139,0.136386010162479,0.146312607746818,0.156239205331157,
0.166165802915497,0.176092400499836,0.186018998084175,0.195945595668515,
0.205872193252854,0.215798790837193,0.225725388421533,0.235651986005872,
0.245578583590211,0.255505181174551,0.26543177875889,0.275358376343229,
0.285284973927569,0.295211571511908,0.305138169096247,0.315064766680587,
0.324991364264926,0.334917961849265,0.344844559433605,0.354771157017944,
0.364697754602283,0.374624352186623,0.384550949770962,0.394477547355301,
0.404404144939641,0.41433074252398,0.424257340108319,0.434183937692659,
0.444110535276998,0.454037132861337,0.463963730445677,0.473890328030016,
0.483816925614355,0.493743523198694,0.503670120783034,0.513596718367373,
0.523523315951712,0.533449913536052,0.543376511120391,0.55330310870473,
0.56322970628907,0.573156303873409,0.583082901457748,0.593009499042088,
0.602936096626427,0.612862694210766,0.622789291795106,0.632715889379445,
0.642642486963784,0.652569084548124,0.662495682132463,0.672422279716802,
0.682348877301142,0.692275474885481,0.70220207246982,0.71212867005416,0.722055267638499,
0.731981865222838,0.741908462807177,0.751835060391517,0.761761657975856,
0.771688255560196,0.781614853144535,0.791541450728874,0.801468048313214,
0.811394645897553,0.821321243481892,0.831247841066232,0.841174438650571,
0.85110103623491,0.86102763381925,0.870954231403589,0.880880828987928,0.890807426572267,
0.900734024156607,0.910660621740946,0.920587219325285,0.930513816909625,
0.940440414493964,0.950367012078303,0.960293609662643,0.970220207246982,
0.980146804831321,0.990073402415661,1.),.UNSPECIFIED.);
#57=B_SPLINE_CURVE_WITH_KNOTS('',3,(#3172,#3173,#3174,#3175,#3176,#3177,
#3178,#3179,#3180,#3181,#3182,#3183,#3184,#3185,#3186,#3187,#3188,#3189,
#3190,#3191,#3192,#3193,#3194,#3195,#3196,#3197,#3198,#3199,#3200,#3201,
#3202,#3203,#3204,#3205,#3206,#3207,#3208,#3209,#3210,#3211,#3212,#3213,
#3214,#3215,#3216,#3217,#3218,#3219,#3220,#3221,#3222,#3223,#3224,#3225,
#3226,#3227,#3228,#3229,#3230,#3231,#3232,#3233,#3234,#3235,#3236,#3237,
#3238,#3239,#3240,#3241,#3242,#3243,#3244,#3245,#3246,#3247,#3248,#3249,
#3250,#3251,#3252,#3253,#3254,#3255,#3256,#3257,#3258,#3259,#3260,#3261,
#3262,#3263,#3264,#3265,#3266,#3267,#3268,#3269,#3270,#3271,#3272,#3273,
#3274,#3275,#3276,#3277,#3278,#3279,#3280,#3281,#3282,#3283,#3284,#3285,
#3286,#3287,#3288,#3289,#3290,#3291,#3292,#3293,#3294,#3295,#3296,#3297,
#3298,#3299,#3300,#3301,#3302,#3303,#3304,#3305,#3306,#3307,#3308,#3309,
#3310,#3311,#3312,#3313,#3314,#3315,#3316,#3317,#3318,#3319,#3320,#3321,
#3322,#3323,#3324,#3325,#3326,#3327,#3328,#3329,#3330,#3331,#3332,#3333,
#3334,#3335,#3336,#3337,#3338,#3339,#3340,#3341,#3342,#3343,#3344,#3345,
#3346,#3347,#3348,#3349,#3350,#3351,#3352,#3353,#3354,#3355,#3356,#3357,
#3358,#3359,#3360,#3361,#3362,#3363,#3364,#3365,#3366,#3367,#3368,#3369,
#3370,#3371,#3372,#3373,#3374,#3375,#3376,#3377,#3378,#3379,#3380,#3381,
#3382,#3383,#3384,#3385,#3386,#3387,#3388,#3389,#3390,#3391,#3392,#3393,
#3394,#3395,#3396,#3397,#3398,#3399,#3400,#3401,#3402,#3403,#3404,#3405,
#3406,#3407,#3408,#3409,#3410,#3411,#3412,#3413,#3414,#3415,#3416,#3417,
#3418,#3419,#3420,#3421,#3422,#3423,#3424,#3425,#3426,#3427,#3428,#3429,
#3430,#3431,#3432,#3433,#3434,#3435,#3436,#3437,#3438,#3439,#3440,#3441,
#3442,#3443,#3444,#3445,#3446,#3447,#3448,#3449,#3450,#3451,#3452,#3453,
#3454,#3455,#3456,#3457,#3458,#3459,#3460,#3461,#3462,#3463,#3464,#3465,
#3466,#3467,#3468,#3469,#3470,#3471,#3472,#3473,#3474,#3475,#3476,#3477,
#3478,#3479,#3480,#3481,#3482,#3483,#3484,#3485,#3486,#3487,#3488,#3489,
#3490,#3491,#3492,#3493,#3494,#3495,#3496,#3497,#3498,#3499,#3500,#3501,
#3502,#3503,#3504,#3505,#3506,#3507,#3508,#3509,#3510,#3511,#3512,#3513,
#3514,#3515,#3516,#3517,#3518,#3519,#3520,#3521,#3522,#3523,#3524,#3525,
#3526,#3527,#3528,#3529,#3530,#3531,#3532,#3533,#3534,#3535,#3536,#3537,
#3538,#3539,#3540,#3541,#3542,#3543,#3544,#3545,#3546,#3547,#3548,#3549,
#3550,#3551,#3552,#3553,#3554,#3555,#3556,#3557,#3558,#3559,#3560,#3561,
#3562,#3563,#3564,#3565,#3566,#3567,#3568,#3569,#3570,#3571,#3572,#3573,
#3574,#3575,#3576,#3577,#3578,#3579,#3580,#3581,#3582,#3583,#3584,#3585,
#3586,#3587,#3588,#3589,#3590,#3591,#3592,#3593,#3594,#3595,#3596,#3597,
#3598,#3599,#3600,#3601,#3602,#3603,#3604,#3605,#3606,#3607,#3608,#3609,
#3610,#3611,#3612,#3613,#3614,#3615,#3616,#3617,#3618,#3619,#3620,#3621,
#3622,#3623,#3624,#3625,#3626,#3627,#3628,#3629,#3630,#3631,#3632,#3633,
#3634,#3635,#3636,#3637,#3638,#3639,#3640,#3641,#3642,#3643,#3644,#3645,
#3646,#3647,#3648,#3649,#3650,#3651,#3652,#3653,#3654,#3655,#3656,#3657,
#3658,#3659,#3660,#3661,#3662,#3663,#3664,#3665,#3666,#3667,#3668,#3669,
#3670,#3671,#3672,#3673,#3674,#3675,#3676,#3677,#3678,#3679,#3680,#3681,
#3682,#3683,#3684,#3685,#3686,#3687,#3688,#3689,#3690,#3691,#3692,#3693,
#3694,#3695,#3696,#3697,#3698,#3699,#3700,#3701,#3702,#3703,#3704,#3705,
#3706,#3707,#3708,#3709,#3710,#3711,#3712,#3713,#3714,#3715,#3716,#3717,
#3718,#3719,#3720,#3721,#3722,#3723,#3724,#3725,#3726,#3727,#3728,#3729,
#3730,#3731,#3732,#3733,#3734,#3735,#3736,#3737,#3738,#3739,#3740,#3741,
#3742,#3743,#3744,#3745,#3746,#3747,#3748,#3749,#3750,#3751,#3752,#3753,
#3754,#3755,#3756,#3757,#3758,#3759,#3760,#3761,#3762,#3763,#3764,#3765,
#3766,#3767,#3768,#3769,#3770,#3771,#3772,#3773,#3774,#3775,#3776,#3777,
#3778,#3779,#3780,#3781,#3782,#3783,#3784,#3785,#3786,#3787,#3788,#3789,
#3790,#3791,#3792,#3793,#3794,#3795,#3796,#3797,#3798,#3799,#3800,#3801,
#3802,#3803,#3804,#3805,#3806,#3807,#3808,#3809,#3810,#3811,#3812,#3813,
#3814,#3815,#3816,#3817,#3818,#3819,#3820,#3821,#3822,#3823,#3824,#3825,
#3826,#3827,#3828,#3829,#3830,#3831,#3832,#3833,#3834,#3835,#3836,#3837,
#3838,#3839,#3840,#3841,#3842,#3843,#3844,#3845,#3846,#3847,#3848,#3849,
#3850,#3851,#3852,#3853,#3854,#3855,#3856),.UNSPECIFIED.,.F.,.F.,(4,3,3,
3,3,3,3,3,3,3,3,3,3,3,3,3,3,3,3,3,3,3,3,3,3,3,3,3,3,3,3,3,3,3,3,3,3,3,3,
3,3,3,3,3,3,3,3,3,3,3,3,3,3,3,3,3,3,3,3,3,3,3,3,3,3,3,3,3,3,3,3,3,3,3,3,
3,3,3,3,3,3,3,3,3,3,3,3,3,3,3,3,3,3,3,3,3,3,3,3,3,3,3,3,3,3,3,3,3,3,3,3,
3,3,3,3,3,3,3,3,3,3,3,3,3,3,3,3,3,3,3,3,3,3,3,3,3,3,3,3,3,3,3,3,3,3,3,3,
3,3,3,3,3,3,3,3,3,3,3,3,3,3,3,3,3,3,3,3,3,3,3,3,3,3,3,3,3,3,3,3,3,3,3,3,
3,3,3,3,3,3,3,3,3,3,3,3,3,3,3,3,3,3,3,3,3,3,3,3,3,3,3,3,3,3,3,3,3,3,3,3,
3,3,3,3,3,3,3,3,3,4),(0.,0.00485436343207376,0.00925621803052923,0.0136595507582728,
0.0180614569792659,0.0224649754109332,0.0268667435576196,0.0312691632006954,
0.0356717237661494,0.0400738145284466,0.0444771904582911,0.0488789134377773,
0.0532822174440636,0.0576841632565251,0.0620869271513713,0.0664893049921025,
0.0708912098817601,0.0752944268126092,0.0796963466380715,0.0840999604830852,
0.0885016659069167,0.0929042263684535,0.0973066632567618,0.101708822097555,
0.106112036930245,0.110513776562913,0.114917176056003,0.11931907460118,
0.123721990313248,0.128124221719875,0.132526192219805,0.136929284321999,
0.141331219977557,0.145734894673077,0.150136563561143,0.154539274100578,
0.158941593855037,0.16334383797074,0.167746887040133,0.172148644592917,
0.17655210613981,0.18095398052268,0.185357052865795,0.189759149528532,0.194161203026719,
0.198564167542882,0.202966125315571,0.207369816629751,0.211771475622364,
0.21617434109418,0.220576552581851,0.224978899642007,0.229381783388937,
0.233783563689391,0.238187043535338,0.242588915698324,0.246992143308048,
0.251394119071879,0.255796272883046,0.260199109842539,0.264601098561135,
0.26900475059827,0.273406422659419,0.277809441104276,0.282211554754082,
0.286614020703196,0.291016741502763,0.295418551440152,0.299821993566267,
0.304223879859757,0.308627252870686,0.313029122932325,0.317431392140795,
0.321834101753869,0.326236131209908,0.330639677422264,0.335041375984285,
0.339444536643715,0.343846563945044,0.348249161133648,0.352651721303551,
0.357053568599166,0.361456919569909,0.365858823346168,0.370262322602837,
0.374664103909313,0.379066500597399,0.383469082791979,0.38787116350115,
0.392274565957716,0.396676285905447,0.401079570880109,0.405481526993924,
0.40988426573214,0.414286669618144,0.418688564930991,0.423091802572154,
0.427493720071039,0.431897319832558,0.436299034221244,0.440701569875231,
0.445104027560303,0.449506173606309,0.453909416554011,0.458311153393705,
0.462714538693283,0.467116443738586,0.471519333027894,0.475921588756083,
0.480323546855592,0.484726660660537,0.489128593282537,0.493532260436381,
0.497933933677876,0.502336618070816,0.506738957316629,0.511141185601912,
0.515544263121411,0.519946017372161,0.524349471119397,0.528751348022759,
0.533154393490276,0.537556512298666,0.541958550365659,0.546361536772227,
0.550763490211021,0.555167182324825,0.559568841247216,0.563971680159732,
0.568373909490328,0.572776237758767,0.577179149667086,0.581580925651314,
0.585984406003358,0.590386277195973,0.59478947870545,0.599191474129292,
0.603593609647538,0.607996468420045,0.612398451183818,0.616802114489072,
0.621203783019338,0.625606775822355,0.630008905451379,0.634411350095981,
0.63881409862122,0.643215902981939,0.647619356139026,0.65202123927787,0.656424588569128,
0.660826475626535,0.665228724205896,0.66963145566427,0.674033477484534,
0.67843704575342,0.682838739816231,0.687241877283014,0.691643918455177,
0.69604649246516,0.70044907993575,0.70485092023311,0.709254288813746,0.713656190021436,
0.718059669344474,0.722461464444931,0.726863838509628,0.731266442410837,
0.735668513473651,0.740071941998024,0.744473658775088,0.748876924011392,
0.753278891011676,0.757681604852767,0.762084035014657,0.76648592117818,
0.770889179223342,0.775291094430266,0.779694679134824,0.784096403240531,
0.788498914369483,0.792901393021763,0.797303526763473,0.801706797653778,
0.806108531709666,0.810511901878733,0.814913814094097,0.819316677122072,
0.823718957493783,0.828120903691822,0.832524039094951,0.836925968844655,
0.841329627210754,0.845731305591361,0.850133964003794,0.854536322983358,
0.858938535953847,0.863341641917108,0.86774339298696,0.872146837705669,
0.876548717787273,0.880951736371866,0.885353877715101,0.889755900858877,
0.894158909146638,0.898560858495442,0.902964549830407,0.907366209385538,
0.9117690217167,0.916171269181918,0.920573579134495,0.924976519266124,0.929378291123104,
0.933781770401404,0.938183641143569,0.942586816306843,0.94698883182302,
0.951390949500883,0.955793830090979,0.960195807179167,0.96459947978966,
0.969001145265741,0.973404112150714,0.977806258079151,0.982208681793222,
0.986611458105004,0.991013257102719,0.995416719313482,0.999818599530532,
1.),.UNSPECIFIED.);
#58=CYLINDRICAL_SURFACE('',#405,4.25);
#59=CYLINDRICAL_SURFACE('',#412,2.5);
#60=CYLINDRICAL_SURFACE('',#416,2.08333333333333);
#61=FACE_BOUND('',#114,.T.);
#62=FACE_BOUND('',#115,.T.);
#63=FACE_BOUND('',#117,.T.);
#64=FACE_BOUND('',#118,.T.);
#65=FACE_BOUND('',#119,.T.);
#66=FACE_BOUND('',#120,.T.);
#67=ADVANCED_FACE('',(#95),#84,.T.);
#68=ADVANCED_FACE('',(#96),#85,.T.);
#69=ADVANCED_FACE('',(#97),#86,.T.);
#70=ADVANCED_FACE('',(#98),#87,.T.);
#71=ADVANCED_FACE('',(#99),#88,.T.);
#72=ADVANCED_FACE('',(#61,#62),#58,.T.);
#73=ADVANCED_FACE('',(#100),#89,.T.);
#74=ADVANCED_FACE('',(#63,#64),#90,.T.);
#75=ADVANCED_FACE('',(#65,#66),#91,.F.);
#76=ADVANCED_FACE('',(#101),#92,.T.);
#77=ADVANCED_FACE('',(#102),#59,.T.);
#78=ADVANCED_FACE('',(#103),#93,.T.);
#79=ADVANCED_FACE('',(#104),#43,.F.);
#80=ADVANCED_FACE('',(#105),#94,.F.);
#81=ADVANCED_FACE('',(#106),#44,.F.);
#82=ADVANCED_FACE('',(#107),#45,.F.);
#83=ADVANCED_FACE('',(#108),#60,.T.);
#84=PLANE('',#398);
#85=PLANE('',#399);
#86=PLANE('',#400);
#87=PLANE('',#401);
#88=PLANE('',#402);
#89=PLANE('',#406);
#90=PLANE('',#407);
#91=PLANE('',#409);
#92=PLANE('',#410);
#93=PLANE('',#414);
#94=PLANE('',#415);
#95=FACE_OUTER_BOUND('',#109,.T.);
#96=FACE_OUTER_BOUND('',#110,.T.);
#97=FACE_OUTER_BOUND('',#111,.T.);
#98=FACE_OUTER_BOUND('',#112,.T.);
#99=FACE_OUTER_BOUND('',#113,.T.);
#100=FACE_OUTER_BOUND('',#116,.T.);
#101=FACE_OUTER_BOUND('',#121,.T.);
#102=FACE_OUTER_BOUND('',#122,.T.);
#103=FACE_OUTER_BOUND('',#123,.T.);
#104=FACE_OUTER_BOUND('',#124,.T.);
#105=FACE_OUTER_BOUND('',#125,.T.);
#106=FACE_OUTER_BOUND('',#126,.T.);
#107=FACE_OUTER_BOUND('',#127,.T.);
#108=FACE_OUTER_BOUND('',#128,.T.);
#109=EDGE_LOOP('',(#129,#130,#131,#132));
#110=EDGE_LOOP('',(#133,#134,#135,#136));
#111=EDGE_LOOP('',(#137,#138,#139,#140));
#112=EDGE_LOOP('',(#141,#142,#143,#144));
#113=EDGE_LOOP('',(#145,#146,#147,#148));
#114=EDGE_LOOP('',(#149));
#115=EDGE_LOOP('',(#150));
#116=EDGE_LOOP('',(#151,#152,#153,#154));
#117=EDGE_LOOP('',(#155));
#118=EDGE_LOOP('',(#156,#157,#158,#159,#160,#161));
#119=EDGE_LOOP('',(#162,#163,#164,#165));
#120=EDGE_LOOP('',(#166));
#121=EDGE_LOOP('',(#167,#168,#169,#170,#171,#172));
#122=EDGE_LOOP('',(#173,#174,#175,#176,#177));
#123=EDGE_LOOP('',(#178,#179,#180,#181));
#124=EDGE_LOOP('',(#182,#183,#184,#185));
#125=EDGE_LOOP('',(#186,#187,#188,#189,#190,#191));
#126=EDGE_LOOP('',(#192,#193,#194));
#127=EDGE_LOOP('',(#195,#196,#197,#198,#199,#200));
#128=EDGE_LOOP('',(#201,#202,#203,#204));
#129=ORIENTED_EDGE('',*,*,#231,.F.);
#130=ORIENTED_EDGE('',*,*,#232,.F.);
#131=ORIENTED_EDGE('',*,*,#233,.T.);
#132=ORIENTED_EDGE('',*,*,#234,.T.);
#133=ORIENTED_EDGE('',*,*,#235,.F.);
#134=ORIENTED_EDGE('',*,*,#236,.F.);
#135=ORIENTED_EDGE('',*,*,#237,.T.);
#136=ORIENTED_EDGE('',*,*,#232,.T.);
#137=ORIENTED_EDGE('',*,*,#238,.F.);
#138=ORIENTED_EDGE('',*,*,#239,.F.);
#139=ORIENTED_EDGE('',*,*,#240,.T.);
#140=ORIENTED_EDGE('',*,*,#236,.T.);
#141=ORIENTED_EDGE('',*,*,#241,.F.);
#142=ORIENTED_EDGE('',*,*,#242,.F.);
#143=ORIENTED_EDGE('',*,*,#243,.T.);
#144=ORIENTED_EDGE('',*,*,#239,.T.);
#145=ORIENTED_EDGE('',*,*,#244,.F.);
#146=ORIENTED_EDGE('',*,*,#245,.F.);
#147=ORIENTED_EDGE('',*,*,#246,.T.);
#148=ORIENTED_EDGE('',*,*,#242,.T.);
#149=ORIENTED_EDGE('',*,*,#247,.F.);
#150=ORIENTED_EDGE('',*,*,#248,.T.);
#151=ORIENTED_EDGE('',*,*,#249,.F.);
#152=ORIENTED_EDGE('',*,*,#234,.F.);
#153=ORIENTED_EDGE('',*,*,#250,.T.);
#154=ORIENTED_EDGE('',*,*,#245,.T.);
#155=ORIENTED_EDGE('',*,*,#247,.T.);
#156=ORIENTED_EDGE('',*,*,#233,.F.);
#157=ORIENTED_EDGE('',*,*,#237,.F.);
#158=ORIENTED_EDGE('',*,*,#240,.F.);
#159=ORIENTED_EDGE('',*,*,#243,.F.);
#160=ORIENTED_EDGE('',*,*,#246,.F.);
#161=ORIENTED_EDGE('',*,*,#250,.F.);
#162=ORIENTED_EDGE('',*,*,#251,.T.);
#163=ORIENTED_EDGE('',*,*,#252,.T.);
#164=ORIENTED_EDGE('',*,*,#253,.F.);
#165=ORIENTED_EDGE('',*,*,#254,.T.);
#166=ORIENTED_EDGE('',*,*,#248,.F.);
#167=ORIENTED_EDGE('',*,*,#235,.T.);
#168=ORIENTED_EDGE('',*,*,#231,.T.);
#169=ORIENTED_EDGE('',*,*,#249,.T.);
#170=ORIENTED_EDGE('',*,*,#244,.T.);
#171=ORIENTED_EDGE('',*,*,#241,.T.);
#172=ORIENTED_EDGE('',*,*,#238,.T.);
#173=ORIENTED_EDGE('',*,*,#253,.T.);
#174=ORIENTED_EDGE('',*,*,#255,.T.);
#175=ORIENTED_EDGE('',*,*,#256,.T.);
#176=ORIENTED_EDGE('',*,*,#257,.F.);
#177=ORIENTED_EDGE('',*,*,#258,.T.);
#178=ORIENTED_EDGE('',*,*,#259,.F.);
#179=ORIENTED_EDGE('',*,*,#260,.T.);
#180=ORIENTED_EDGE('',*,*,#261,.F.);
#181=ORIENTED_EDGE('',*,*,#257,.T.);
#182=ORIENTED_EDGE('',*,*,#262,.T.);
#183=ORIENTED_EDGE('',*,*,#263,.F.);
#184=ORIENTED_EDGE('',*,*,#259,.T.);
#185=ORIENTED_EDGE('',*,*,#256,.F.);
#186=ORIENTED_EDGE('',*,*,#252,.F.);
#187=ORIENTED_EDGE('',*,*,#264,.F.);
#188=ORIENTED_EDGE('',*,*,#265,.F.);
#189=ORIENTED_EDGE('',*,*,#266,.F.);
#190=ORIENTED_EDGE('',*,*,#262,.F.);
#191=ORIENTED_EDGE('',*,*,#255,.F.);
#192=ORIENTED_EDGE('',*,*,#267,.F.);
#193=ORIENTED_EDGE('',*,*,#264,.T.);
#194=ORIENTED_EDGE('',*,*,#251,.F.);
#195=ORIENTED_EDGE('',*,*,#261,.T.);
#196=ORIENTED_EDGE('',*,*,#268,.F.);
#197=ORIENTED_EDGE('',*,*,#265,.T.);
#198=ORIENTED_EDGE('',*,*,#267,.T.);
#199=ORIENTED_EDGE('',*,*,#254,.F.);
#200=ORIENTED_EDGE('',*,*,#258,.F.);
#201=ORIENTED_EDGE('',*,*,#263,.T.);
#202=ORIENTED_EDGE('',*,*,#266,.T.);
#203=ORIENTED_EDGE('',*,*,#268,.T.);
#204=ORIENTED_EDGE('',*,*,#260,.F.);
#205=VERTEX_POINT('',#505);
#206=VERTEX_POINT('',#506);
#207=VERTEX_POINT('',#508);
#208=VERTEX_POINT('',#510);
#209=VERTEX_POINT('',#514);
#210=VERTEX_POINT('',#516);
#211=VERTEX_POINT('',#520);
#212=VERTEX_POINT('',#522);
#213=VERTEX_POINT('',#526);
#214=VERTEX_POINT('',#528);
#215=VERTEX_POINT('',#532);
#216=VERTEX_POINT('',#534);
#217=VERTEX_POINT('',#538);
#218=VERTEX_POINT('',#540);
#219=VERTEX_POINT('',#553);
#220=VERTEX_POINT('',#554);
#221=VERTEX_POINT('',#556);
#222=VERTEX_POINT('',#558);
#223=VERTEX_POINT('',#569);
#224=VERTEX_POINT('',#1222);
#225=VERTEX_POINT('',#1224);
#226=VERTEX_POINT('',#1945);
#227=VERTEX_POINT('',#1947);
#228=VERTEX_POINT('',#1973);
#229=VERTEX_POINT('',#2854);
#230=VERTEX_POINT('',#2857);
#231=EDGE_CURVE('',#205,#206,#310,.T.);
#232=EDGE_CURVE('',#207,#205,#311,.T.);
#233=EDGE_CURVE('',#207,#208,#312,.T.);
#234=EDGE_CURVE('',#208,#206,#313,.T.);
#235=EDGE_CURVE('',#209,#205,#314,.T.);
#236=EDGE_CURVE('',#210,#209,#315,.T.);
#237=EDGE_CURVE('',#210,#207,#316,.T.);
#238=EDGE_CURVE('',#211,#209,#317,.T.);
#239=EDGE_CURVE('',#212,#211,#318,.T.);
#240=EDGE_CURVE('',#212,#210,#319,.T.);
#241=EDGE_CURVE('',#213,#211,#320,.T.);
#242=EDGE_CURVE('',#214,#213,#321,.T.);
#243=EDGE_CURVE('',#214,#212,#322,.T.);
#244=EDGE_CURVE('',#215,#213,#323,.T.);
#245=EDGE_CURVE('',#216,#215,#324,.T.);
#246=EDGE_CURVE('',#216,#214,#325,.T.);
#247=EDGE_CURVE('',#217,#217,#271,.T.);
#248=EDGE_CURVE('',#218,#218,#272,.T.);
#249=EDGE_CURVE('',#206,#215,#326,.T.);
#250=EDGE_CURVE('',#208,#216,#327,.T.);
#251=EDGE_CURVE('',#219,#220,#46,.T.);
#252=EDGE_CURVE('',#220,#221,#328,.T.);
#253=EDGE_CURVE('',#222,#221,#273,.T.);
#254=EDGE_CURVE('',#222,#219,#47,.T.);
#255=EDGE_CURVE('',#221,#223,#329,.T.);
#256=EDGE_CURVE('',#223,#224,#48,.T.);
#257=EDGE_CURVE('',#225,#224,#274,.T.);
#258=EDGE_CURVE('',#225,#222,#49,.T.);
#259=EDGE_CURVE('',#226,#224,#50,.T.);
#260=EDGE_CURVE('',#226,#227,#275,.T.);
#261=EDGE_CURVE('',#225,#227,#51,.T.);
#262=EDGE_CURVE('',#223,#228,#52,.T.);
#263=EDGE_CURVE('',#226,#228,#53,.T.);
#264=EDGE_CURVE('',#229,#220,#54,.T.);
#265=EDGE_CURVE('',#230,#229,#55,.T.);
#266=EDGE_CURVE('',#228,#230,#330,.T.);
#267=EDGE_CURVE('',#229,#219,#56,.T.);
#268=EDGE_CURVE('',#230,#227,#57,.T.);
#269=CIRCLE('Arc1',#395,4.25);
#270=CIRCLE('Arc2',#396,2.5);
#271=CIRCLE('',#403,4.25);
#272=CIRCLE('',#404,4.25);
#273=CIRCLE('',#408,2.5);
#274=CIRCLE('',#411,2.5);
#275=CIRCLE('',#413,2.08333333333333);
#276=CURVE_STYLE('',#286,POSITIVE_LENGTH_MEASURE(0.7),#392);
#277=CURVE_STYLE('',#287,POSITIVE_LENGTH_MEASURE(0.7),#392);
#278=CURVE_STYLE('',#288,POSITIVE_LENGTH_MEASURE(0.7),#392);
#279=CURVE_STYLE('',#289,POSITIVE_LENGTH_MEASURE(0.7),#392);
#280=CURVE_STYLE('',#290,POSITIVE_LENGTH_MEASURE(0.7),#392);
#281=CURVE_STYLE('',#291,POSITIVE_LENGTH_MEASURE(0.7),#392);
#282=CURVE_STYLE('',#292,POSITIVE_LENGTH_MEASURE(0.7),#392);
#283=CURVE_STYLE('',#293,POSITIVE_LENGTH_MEASURE(0.7),#392);
#284=CURVE_STYLE('',#294,POSITIVE_LENGTH_MEASURE(0.7),#392);
#285=CURVE_STYLE('',#295,POSITIVE_LENGTH_MEASURE(0.7),#391);
#286=DRAUGHTING_PRE_DEFINED_CURVE_FONT('continuous');
#287=DRAUGHTING_PRE_DEFINED_CURVE_FONT('continuous');
#288=DRAUGHTING_PRE_DEFINED_CURVE_FONT('continuous');
#289=DRAUGHTING_PRE_DEFINED_CURVE_FONT('continuous');
#290=DRAUGHTING_PRE_DEFINED_CURVE_FONT('continuous');
#291=DRAUGHTING_PRE_DEFINED_CURVE_FONT('continuous');
#292=DRAUGHTING_PRE_DEFINED_CURVE_FONT('chain double dash');
#293=DRAUGHTING_PRE_DEFINED_CURVE_FONT('continuous');
#294=DRAUGHTING_PRE_DEFINED_CURVE_FONT('continuous');
#295=DRAUGHTING_PRE_DEFINED_CURVE_FONT('continuous');
#296=TRIMMED_CURVE('Line1',#303,(PARAMETER_VALUE(0.)),(
PARAMETER_VALUE(1.)),.T.,.PARAMETER.);
#297=TRIMMED_CURVE('Line2',#304,(PARAMETER_VALUE(0.)),(
PARAMETER_VALUE(1.)),.T.,.PARAMETER.);
#298=TRIMMED_CURVE('Line3',#305,(PARAMETER_VALUE(0.)),(
PARAMETER_VALUE(1.)),.T.,.PARAMETER.);
#299=TRIMMED_CURVE('Line4',#306,(PARAMETER_VALUE(0.)),(
PARAMETER_VALUE(1.)),.T.,.PARAMETER.);
#300=TRIMMED_CURVE('Line5',#307,(PARAMETER_VALUE(0.)),(
PARAMETER_VALUE(1.)),.T.,.PARAMETER.);
#301=TRIMMED_CURVE('Line6',#308,(PARAMETER_VALUE(0.)),(
PARAMETER_VALUE(1.)),.T.,.PARAMETER.);
#302=TRIMMED_CURVE('Line7',#309,(PARAMETER_VALUE(0.)),(
PARAMETER_VALUE(1.)),.T.,.PARAMETER.);
#303=LINE('Line1',#494,#331);
#304=LINE('Line2',#495,#332);
#305=LINE('Line3',#496,#333);
#306=LINE('Line4',#497,#334);
#307=LINE('Line5',#498,#335);
#308=LINE('Line6',#499,#336);
#309=LINE('Line7',#500,#337);
#310=LINE('',#504,#338);
#311=LINE('',#507,#339);
#312=LINE('',#509,#340);
#313=LINE('',#511,#341);
#314=LINE('',#513,#342);
#315=LINE('',#515,#343);
#316=LINE('',#517,#344);
#317=LINE('',#519,#345);
#318=LINE('',#521,#346);
#319=LINE('',#523,#347);
#320=LINE('',#525,#348);
#321=LINE('',#527,#349);
#322=LINE('',#529,#350);
#323=LINE('',#531,#351);
#324=LINE('',#533,#352);
#325=LINE('',#535,#353);
#326=LINE('',#542,#354);
#327=LINE('',#543,#355);
#328=LINE('',#555,#356);
#329=LINE('',#568,#357);
#330=LINE('',#2858,#358);
#331=VECTOR('',#419,2.3094010767585);
#332=VECTOR('',#420,2.3094010767585);
#333=VECTOR('',#421,2.3094010767585);
#334=VECTOR('',#422,2.3094010767585);
#335=VECTOR('',#423,2.3094010767585);
#336=VECTOR('',#424,2.30940107675851);
#337=VECTOR('',#425,2.);
#338=VECTOR('',#432,1.);
#339=VECTOR('',#433,1.);
#340=VECTOR('',#434,1.);
#341=VECTOR('',#435,1.);
#342=VECTOR('',#438,1.);
#343=VECTOR('',#439,1.);
#344=VECTOR('',#440,1.);
#345=VECTOR('',#443,1.);
#346=VECTOR('',#444,1.);
#347=VECTOR('',#445,1.);
#348=VECTOR('',#448,1.);
#349=VECTOR('',#449,1.);
#350=VECTOR('',#450,1.);
#351=VECTOR('',#453,1.);
#352=VECTOR('',#454,1.);
#353=VECTOR('',#455,1.);
#354=VECTOR('',#464,1.);
#355=VECTOR('',#465,1.);
#356=VECTOR('',#470,1.);
#357=VECTOR('',#477,1.);
#358=VECTOR('',#486,1.);
#359=PRESENTATION_LAYER_ASSIGNMENT('61','Layer 61',(#492,#397));
#360=PRESENTATION_LAYER_ASSIGNMENT('1','Layer 1',(#493,#296,#297,#298,#299,
#300,#301,#302,#269,#270,#41));
#361=STYLED_ITEM('',(#374),#492);
#362=STYLED_ITEM('',(#375),#493);
#363=STYLED_ITEM('',(#376),#296);
#364=STYLED_ITEM('',(#377),#297);
#365=STYLED_ITEM('',(#378),#298);
#366=STYLED_ITEM('',(#379),#299);
#367=STYLED_ITEM('',(#380),#300);
#368=STYLED_ITEM('',(#381),#301);
#369=STYLED_ITEM('',(#382),#302);
#370=STYLED_ITEM('',(#383),#269);
#371=STYLED_ITEM('',(#384),#270);
#372=STYLED_ITEM('',(#385),#397);
#373=STYLED_ITEM('',(#386),#41);
#374=PRESENTATION_STYLE_ASSIGNMENT((#387));
#375=PRESENTATION_STYLE_ASSIGNMENT((#388));
#376=PRESENTATION_STYLE_ASSIGNMENT((#276));
#377=PRESENTATION_STYLE_ASSIGNMENT((#277));
#378=PRESENTATION_STYLE_ASSIGNMENT((#278));
#379=PRESENTATION_STYLE_ASSIGNMENT((#279));
#380=PRESENTATION_STYLE_ASSIGNMENT((#280));
#381=PRESENTATION_STYLE_ASSIGNMENT((#281));
#382=PRESENTATION_STYLE_ASSIGNMENT((#282));
#383=PRESENTATION_STYLE_ASSIGNMENT((#283));
#384=PRESENTATION_STYLE_ASSIGNMENT((#284));
#385=PRESENTATION_STYLE_ASSIGNMENT((#285));
#386=PRESENTATION_STYLE_ASSIGNMENT((#36));
#387=POINT_STYLE('',#389,POSITIVE_LENGTH_MEASURE(3.),#391);
#388=POINT_STYLE('',#390,POSITIVE_LENGTH_MEASURE(3.),#392);
#389=PRE_DEFINED_POINT_MARKER_SYMBOL('plus');
#390=PRE_DEFINED_POINT_MARKER_SYMBOL('plus');
#391=COLOUR_RGB('Medium Maroon',0.6,0.4,0.4);
#392=COLOUR_RGB('Medium Royal',0.2,0.4,0.8);
#393=COLOUR_RGB('Medium Steel',0.596063172350652,0.666666666666667,0.686259250782025);
#394=AXIS2_PLACEMENT_3D('',#491,#417,#418);
#395=AXIS2_PLACEMENT_3D('',#501,#426,#427);
#396=AXIS2_PLACEMENT_3D('',#502,#428,#429);
#397=AXIS2_PLACEMENT_3D('',#503,#430,#431);
#398=AXIS2_PLACEMENT_3D('',#512,#436,#437);
#399=AXIS2_PLACEMENT_3D('',#518,#441,#442);
#400=AXIS2_PLACEMENT_3D('',#524,#446,#447);
#401=AXIS2_PLACEMENT_3D('',#530,#451,#452);
#402=AXIS2_PLACEMENT_3D('',#536,#456,#457);
#403=AXIS2_PLACEMENT_3D('',#537,#458,#459);
#404=AXIS2_PLACEMENT_3D('',#539,#460,#461);
#405=AXIS2_PLACEMENT_3D('',#541,#462,#463);
#406=AXIS2_PLACEMENT_3D('',#544,#466,#467);
#407=AXIS2_PLACEMENT_3D('',#545,#468,#469);
#408=AXIS2_PLACEMENT_3D('',#557,#471,#472);
#409=AXIS2_PLACEMENT_3D('',#566,#473,#474);
#410=AXIS2_PLACEMENT_3D('',#567,#475,#476);
#411=AXIS2_PLACEMENT_3D('',#1223,#478,#479);
#412=AXIS2_PLACEMENT_3D('',#1925,#480,#481);
#413=AXIS2_PLACEMENT_3D('',#1946,#482,#483);
#414=AXIS2_PLACEMENT_3D('',#1970,#484,#485);
#415=AXIS2_PLACEMENT_3D('',#2859,#487,#488);
#416=AXIS2_PLACEMENT_3D('',#4065,#489,#490);
#417=DIRECTION('',(0.,0.,1.));
#418=DIRECTION('',(1.,0.,0.));
#419=DIRECTION('',(0.,1.,0.));
#420=DIRECTION('',(-0.866025403784438,0.5,0.));
#421=DIRECTION('',(-0.866025403784439,-0.5,0.));
#422=DIRECTION('',(-4.80740671595891E-16,-1.,0.));
#423=DIRECTION('',(0.866025403784438,-0.500000000000001,0.));
#424=DIRECTION('',(0.866025403784439,0.499999999999999,0.));
#425=DIRECTION('',(1.,0.,0.));
#426=DIRECTION('',(0.,0.,1.));
#427=DIRECTION('',(1.,0.,0.));
#428=DIRECTION('',(0.,0.,-1.));
#429=DIRECTION('',(-1.,0.,0.));
#430=DIRECTION('',(0.,0.,1.));
#431=DIRECTION('',(1.,0.,0.));
#432=DIRECTION('',(-5.63367974526435E-16,-1.,0.));
#433=DIRECTION('',(0.,0.,-1.));
#434=DIRECTION('',(-5.63367974526435E-16,-1.,0.));
#435=DIRECTION('',(0.,0.,-1.));
#436=DIRECTION('',(1.,-5.63367974526435E-16,0.));
#437=DIRECTION('',(5.63351448823468E-16,1.,0.));
#438=DIRECTION('',(-0.866025403784439,-0.5,0.));
#439=DIRECTION('',(0.,0.,-1.));
#440=DIRECTION('',(-0.866025403784439,-0.5,0.));
#441=DIRECTION('',(0.5,-0.866025403784439,0.));
#442=DIRECTION('',(0.866025403784439,0.5,0.));
#443=DIRECTION('',(-0.866025403784438,0.5,0.));
#444=DIRECTION('',(0.,0.,-1.));
#445=DIRECTION('',(-0.866025403784438,0.5,0.));
#446=DIRECTION('',(-0.5,-0.866025403784438,0.));
#447=DIRECTION('',(0.866025403784439,-0.5,0.));
#448=DIRECTION('',(0.,1.,0.));
#449=DIRECTION('',(0.,0.,-1.));
#450=DIRECTION('',(0.,1.,0.));
#451=DIRECTION('',(-1.,0.,0.));
#452=DIRECTION('',(0.,0.,1.));
#453=DIRECTION('',(0.866025403784439,0.5,0.));
#454=DIRECTION('',(0.,0.,-1.));
#455=DIRECTION('',(0.866025403784439,0.5,0.));
#456=DIRECTION('',(-0.5,0.866025403784439,0.));
#457=DIRECTION('',(-0.866025403784439,-0.5,0.));
#458=DIRECTION('',(0.,0.,1.));
#459=DIRECTION('',(1.,0.,0.));
#460=DIRECTION('',(0.,0.,1.));
#461=DIRECTION('',(1.,0.,0.));
#462=DIRECTION('',(0.,0.,-1.));
#463=DIRECTION('',(-1.,0.,0.));
#464=DIRECTION('',(0.866025403784438,-0.500000000000001,0.));
#465=DIRECTION('',(0.866025403784438,-0.500000000000001,0.));
#466=DIRECTION('',(0.500000000000001,0.866025403784438,0.));
#467=DIRECTION('',(-0.866025403784438,0.500000000000001,0.));
#468=DIRECTION('',(0.,0.,1.));
#469=DIRECTION('',(1.,0.,0.));
#470=DIRECTION('',(0.835937763801171,0.548824247870935,0.));
#471=DIRECTION('',(0.,0.,-1.));
#472=DIRECTION('',(-1.,0.,0.));
#473=DIRECTION('',(0.,0.,1.));
#474=DIRECTION('',(1.,0.,0.));
#475=DIRECTION('',(0.,0.,1.));
#476=DIRECTION('',(1.,0.,0.));
#477=DIRECTION('',(0.,0.,-1.));
#478=DIRECTION('',(0.,0.,-1.));
#479=DIRECTION('',(-1.,0.,0.));
#480=DIRECTION('',(0.,0.,1.));
#481=DIRECTION('',(1.,0.,0.));
#482=DIRECTION('',(0.,0.,-1.));
#483=DIRECTION('',(-1.,0.,0.));
#484=DIRECTION('',(0.,0.,-1.));
#485=DIRECTION('',(-1.,0.,0.));
#486=DIRECTION('',(0.,0.,1.));
#487=DIRECTION('',(0.548824247870935,-0.835937763801171,0.));
#488=DIRECTION('',(0.835937763801171,0.548824247870935,0.));
#489=DIRECTION('',(0.,0.,1.));
#490=DIRECTION('',(1.,0.,0.));
#491=CARTESIAN_POINT('',(0.,0.,0.));
#492=CARTESIAN_POINT('',(0.,0.,0.));
#493=CARTESIAN_POINT('Point2',(0.,0.,0.));
#494=CARTESIAN_POINT('',(2.,-1.15470053837925,0.));
#495=CARTESIAN_POINT('',(2.,1.15470053837925,0.));
#496=CARTESIAN_POINT('',(8.88178419700125E-16,2.3094010767585,0.));
#497=CARTESIAN_POINT('',(-2.,1.15470053837925,0.));
#498=CARTESIAN_POINT('',(-2.,-1.15470053837925,0.));
#499=CARTESIAN_POINT('',(-2.44249065417534E-15,-2.3094010767585,0.));
#500=CARTESIAN_POINT('',(0.,0.,0.));
#501=CARTESIAN_POINT('',(0.,0.,0.));
#502=CARTESIAN_POINT('',(0.,0.,0.));
#503=CARTESIAN_POINT('',(0.,0.,0.));
#504=CARTESIAN_POINT('',(-2.,1.15470053837925,1.875));
#505=CARTESIAN_POINT('',(-2.,1.15470053837925,1.875));
#506=CARTESIAN_POINT('',(-2.,-1.15470053837925,1.875));
#507=CARTESIAN_POINT('',(-2.,1.15470053837925,5.));
#508=CARTESIAN_POINT('',(-2.,1.15470053837925,5.));
#509=CARTESIAN_POINT('',(-2.,1.15470053837925,5.));
#510=CARTESIAN_POINT('',(-2.,-1.15470053837925,5.));
#511=CARTESIAN_POINT('',(-2.,-1.15470053837925,5.));
#512=CARTESIAN_POINT('',(-2.,1.15470053837925,5.));
#513=CARTESIAN_POINT('',(8.88178419700125E-16,2.3094010767585,1.875));
#514=CARTESIAN_POINT('',(8.67361737988404E-16,2.3094010767585,1.875));
#515=CARTESIAN_POINT('',(8.67361737988404E-16,2.3094010767585,5.));
#516=CARTESIAN_POINT('',(8.67361737988404E-16,2.3094010767585,5.));
#517=CARTESIAN_POINT('',(8.88178419700125E-16,2.3094010767585,5.));
#518=CARTESIAN_POINT('',(8.88178419700125E-16,2.3094010767585,5.));
#519=CARTESIAN_POINT('',(2.,1.15470053837925,1.875));
#520=CARTESIAN_POINT('',(2.,1.15470053837925,1.875));
#521=CARTESIAN_POINT('',(2.,1.15470053837925,5.));
#522=CARTESIAN_POINT('',(2.,1.15470053837925,5.));
#523=CARTESIAN_POINT('',(2.,1.15470053837925,5.));
#524=CARTESIAN_POINT('',(2.,1.15470053837925,5.));
#525=CARTESIAN_POINT('',(2.,-1.15470053837925,1.875));
#526=CARTESIAN_POINT('',(2.,-1.15470053837925,1.875));
#527=CARTESIAN_POINT('',(2.,-1.15470053837925,5.));
#528=CARTESIAN_POINT('',(2.,-1.15470053837925,5.));
#529=CARTESIAN_POINT('',(2.,-1.15470053837925,5.));
#530=CARTESIAN_POINT('',(2.,-1.15470053837925,5.));
#531=CARTESIAN_POINT('',(-2.66453525910038E-15,-2.3094010767585,1.875));
#532=CARTESIAN_POINT('',(-3.03576608295941E-15,-2.3094010767585,1.875));
#533=CARTESIAN_POINT('',(-3.03576608295941E-15,-2.3094010767585,5.));
#534=CARTESIAN_POINT('',(-3.03576608295941E-15,-2.3094010767585,5.));
#535=CARTESIAN_POINT('',(-2.66453525910038E-15,-2.3094010767585,5.));
#536=CARTESIAN_POINT('',(-2.66453525910038E-15,-2.3094010767585,5.));
#537=CARTESIAN_POINT('',(0.,0.,5.));
#538=CARTESIAN_POINT('',(4.25,0.,5.));
#539=CARTESIAN_POINT('',(0.,0.,0.));
#540=CARTESIAN_POINT('',(4.25,0.,0.));
#541=CARTESIAN_POINT('',(0.,0.,5.));
#542=CARTESIAN_POINT('',(-2.,-1.15470053837925,1.875));
#543=CARTESIAN_POINT('',(-2.,-1.15470053837925,5.));
#544=CARTESIAN_POINT('',(-2.,-1.15470053837925,5.));
#545=CARTESIAN_POINT('',(0.,0.,5.));
#546=CARTESIAN_POINT('',(-2.59982206000091,-0.02957327778183,-3.20363742519337E-16));
#547=CARTESIAN_POINT('',(-2.59658624194556,-0.29864790553125,-3.20363742519337E-16));
#548=CARTESIAN_POINT('',(-2.54853918190657,-0.57013724440251,-6.14945919706622E-16));
#549=CARTESIAN_POINT('',(-2.46240680429892,-0.8250741764948,-6.14945919706622E-16));
#550=CARTESIAN_POINT('',(-2.39120509204307,-1.03581892296991,-6.14945919706622E-16));
#551=CARTESIAN_POINT('',(-2.29286144707157,-1.23924527232847,0.));
#552=CARTESIAN_POINT('',(-2.17152181012797,-1.4256848724713,0.));
#553=CARTESIAN_POINT('',(-2.59982206000091,-0.02957327778183,-3.20363742519337E-16));
#554=CARTESIAN_POINT('',(-2.17152181012797,-1.4256848724713,0.));
#555=CARTESIAN_POINT('',(1.19007288370878E-15,-1.81265107915181E-15,0.));
#556=CARTESIAN_POINT('',(-2.08984440950293,-1.37206061967734,0.));
#557=CARTESIAN_POINT('',(0.,0.,0.));
#558=CARTESIAN_POINT('',(-2.25038212201986,-1.08893539977971,3.79894276843554E-16));
#559=CARTESIAN_POINT('',(-2.25038212201986,-1.08893539977971,3.79894276843554E-16));
#560=CARTESIAN_POINT('',(-2.33378256731805,-0.948892876452002,3.79894276843554E-16));
#561=CARTESIAN_POINT('',(-2.40411889758354,-0.800233707776439,7.69105916106905E-16));
#562=CARTESIAN_POINT('',(-2.45963484122092,-0.646983837897276,7.69105916106905E-16));
#563=CARTESIAN_POINT('',(-2.53151528964017,-0.448560310431749,7.69105916106905E-16));
#564=CARTESIAN_POINT('',(-2.57941235737398,-0.239625983442803,-3.20363742519337E-16));
#565=CARTESIAN_POINT('',(-2.59982206000091,-0.02957327778183,-3.20363742519337E-16));
#566=CARTESIAN_POINT('',(0.,0.,0.));
#567=CARTESIAN_POINT('',(0.,0.,1.875));
#568=CARTESIAN_POINT('',(-2.08984440950293,-1.37206061967734,-10.));
#569=CARTESIAN_POINT('',(-2.08984440950293,-1.37206061967734,-0.668141457003588));
#570=CARTESIAN_POINT('',(-2.08984440950293,-1.37206061967734,-0.668141457003588));
#571=CARTESIAN_POINT('',(-2.23812640121218,-1.14620595483286,-0.682519504365986));
#572=CARTESIAN_POINT('',(-2.35075108234039,-0.892749626308461,-0.696516812440811));
#573=CARTESIAN_POINT('',(-2.41898926328397,-0.631261391276937,-0.709633997536659));
#574=CARTESIAN_POINT('',(-2.48973614322652,-0.360159839120063,-0.723233421002058));
#575=CARTESIAN_POINT('',(-2.51458253944948,-0.0730715286249064,-0.736709375583815));
#576=CARTESIAN_POINT('',(-2.49149084062885,0.206090735023614,-0.751586234199627));
#577=CARTESIAN_POINT('',(-2.4684018104679,0.485220736468842,-0.766461373527772));
#578=CARTESIAN_POINT('',(-2.39676576646402,0.764186329868452,-0.781988423552175));
#579=CARTESIAN_POINT('',(-2.2824844837423,1.01993361621022,-0.796167448163075));
#580=CARTESIAN_POINT('',(-2.16816398622165,1.27576866039098,-0.810351338204129));
#581=CARTESIAN_POINT('',(-2.00799727068409,1.51541106282598,-0.823636695014429));
#582=CARTESIAN_POINT('',(-1.81532992051774,1.71888838487933,-0.837715058232838));
#583=CARTESIAN_POINT('',(-1.62271979065362,1.92230527617544,-0.851789240316261));
#584=CARTESIAN_POINT('',(-1.392356508745,2.0951865495359,-0.867544552986288));
#585=CARTESIAN_POINT('',(-1.14324837388872,2.22328206838467,-0.882099675502158));
#586=CARTESIAN_POINT('',(-0.894080408218176,2.35140835322668,-0.896658293868665));
#587=CARTESIAN_POINT('',(-0.61927115698278,2.43824382682168,-0.910354007211566));
#588=CARTESIAN_POINT('',(-0.341669024589808,2.47654240376292,-0.923890936246858));
#589=CARTESIAN_POINT('',(-0.0641394437447583,2.51483097133926,-0.9374243273945));
#590=CARTESIAN_POINT('',(0.223772458186479,2.50566791456155,-0.952377022876896));
#591=CARTESIAN_POINT('',(0.498235722793272,2.44984921261139,-0.96741112481261));
#592=CARTESIAN_POINT('',(0.77272492339125,2.39402523595403,-0.982446647427831));
#593=CARTESIAN_POINT('',(1.04138155424801,2.28998326843598,-0.997143912107307));
#594=CARTESIAN_POINT('',(1.2819207177662,2.14631760775561,-1.01084768203806));
#595=CARTESIAN_POINT('',(1.52247147454698,2.00264502282347,-1.02455211244922));
#596=CARTESIAN_POINT('',(1.74150634832351,1.81538691500621,-1.03816714654849));
#597=CARTESIAN_POINT('',(1.92080826734937,1.60015486753074,-1.05300888616821));
#598=CARTESIAN_POINT('',(2.1000884391313,1.38494892520721,-1.067848825657));
#599=CARTESIAN_POINT('',(2.24464391509586,1.13580509102482,-1.08315653887042));
#600=CARTESIAN_POINT('',(2.34250439913715,0.873311593890228,-1.09714550004712));
#601=CARTESIAN_POINT('',(2.44038796128423,0.610756193805202,-1.11113776019304));
#602=CARTESIAN_POINT('',(2.49423128515257,0.327601521707194,-1.12426753921311));
#603=CARTESIAN_POINT('',(2.49954963525214,0.0474512477274026,-1.13840445322097));
#604=CARTESIAN_POINT('',(2.50486653446215,-0.232622598958475,-1.15253751056268));
#605=CARTESIAN_POINT('',(2.46186064797163,-0.517393825865108,-1.16842844898884));
#606=CARTESIAN_POINT('',(2.37409130713543,-0.783383983359359,-1.18309648395674));
#607=CARTESIAN_POINT('',(2.28629502478013,-1.04945578871425,-1.1977690213983));
#608=CARTESIAN_POINT('',(2.15126299093113,-1.3040703618587,-1.21158142450262));
#609=CARTESIAN_POINT('',(1.98020276541399,-1.52603964818964,-1.22520901882276));
#610=CARTESIAN_POINT('',(1.80918638891529,-1.74795203564009,-1.23883311988995));
#611=CARTESIAN_POINT('',(1.59749193249523,-1.94331544532405,-1.25384162685993));
#612=CARTESIAN_POINT('',(1.36265845907113,-2.09598710013251,-1.26873895689632));
#613=CARTESIAN_POINT('',(1.12780299504031,-2.248673051635,-1.28363768196946));
#614=CARTESIAN_POINT('',(0.863285337517846,-2.36288946460282,-1.2980848594744));
#615=CARTESIAN_POINT('',(0.591034995164533,-2.42913104514575,-1.3116445377833));
#616=CARTESIAN_POINT('',(0.318797667552493,-2.49536945905525,-1.32520356788105));
#617=CARTESIAN_POINT('',(0.0313482020758391,-2.51544798682084,-1.33885189313452));
#618=CARTESIAN_POINT('',(-0.247386422171067,-2.48772988045837,-1.35379355118838));
#619=CARTESIAN_POINT('',(-0.526094069347017,-2.460014456767,-1.36873376312779));
#620=CARTESIAN_POINT('',(-0.803841222430757,-2.38375959320006,-1.38416159342097));
#621=CARTESIAN_POINT('',(-1.05766306713861,-2.2652480739228,-1.39826117445152));
#622=CARTESIAN_POINT('',(-1.31156480957375,-2.14669924973563,-1.41236519373079));
#623=CARTESIAN_POINT('',(-1.54851346797331,-1.98257990003085,-1.42560114777192));
#624=CARTESIAN_POINT('',(-1.74875889694614,-1.78657278618917,-1.43980753318588));
#625=CARTESIAN_POINT('',(-1.9489482980972,-1.59062051430665,-1.45400994371345));
#626=CARTESIAN_POINT('',(-2.1179861844174,-1.35742390433772,-1.46976861410825));
#627=CARTESIAN_POINT('',(-2.24193460950509,-1.1062229462019,-1.48424840015151));
#628=CARTESIAN_POINT('',(-2.36591553881319,-0.854956113156392,-1.49873198337216));
#629=CARTESIAN_POINT('',(-2.44818291452819,-0.578733242150607,-1.51232118293893));
#630=CARTESIAN_POINT('',(-2.48187057536702,-0.300530276556934,-1.52589755380245));
#631=CARTESIAN_POINT('',(-2.51554861968875,-0.0224067270908903,-1.53947004914006));
#632=CARTESIAN_POINT('',(-2.50161172166466,0.265301166382102,-1.55462789726004));
#633=CARTESIAN_POINT('',(-2.44124833791984,0.538801032481942,-1.56963513594217));
#634=CARTESIAN_POINT('',(-2.38087747599306,0.8123347814034,-1.58464423381203));
#635=CARTESIAN_POINT('',(-2.27238672647507,1.07924164735864,-1.59921197372697));
#636=CARTESIAN_POINT('',(-2.12474341465186,1.31737064712007,-1.61287424784858));
#637=CARTESIAN_POINT('',(-1.97710005741224,1.55549972013211,-1.62653652617282));
#638=CARTESIAN_POINT('',(-1.78624291132934,1.7713851200215,-1.64032045143438));
#639=CARTESIAN_POINT('',(-1.5680732978529,1.94708657551757,-1.65520979298044));
#640=CARTESIAN_POINT('',(-1.34992310137574,2.12277239366167,-1.67009780938167));
#641=CARTESIAN_POINT('',(-1.09840810599831,2.26317978328881,-1.68529849842563));
#642=CARTESIAN_POINT('',(-0.834320858070524,2.35667322847027,-1.69921141121854));
#643=CARTESIAN_POINT('',(-0.570179885927937,2.45018569335817,-1.71312715436515));
#644=CARTESIAN_POINT('',(-0.286175794447283,2.49932151563149,-1.72622233854392));
#645=CARTESIAN_POINT('',(-0.00598983268159184,2.49999282437059,-1.74050723739466));
#646=CARTESIAN_POINT('',(0.274124801671078,2.5006639622135,-1.7547884997146));
#647=CARTESIAN_POINT('',(0.558142680342043,2.45294362236131,-1.77066923045299));
#648=CARTESIAN_POINT('',(0.822643316759814,2.3607748671551,-1.78526193946525));
#649=CARTESIAN_POINT('',(1.0872330931948,2.2685750499275,-1.79985956640266));
#650=CARTESIAN_POINT('',(1.33958370081856,2.12933098284644,-1.8135644003042));
#651=CARTESIAN_POINT('',(1.55868806617521,1.95460776432588,-1.82722898205418));
#652=CARTESIAN_POINT('',(1.77772965080811,1.77993460984714,-1.84088964844478));
#653=CARTESIAN_POINT('',(1.96954688361141,1.56503699359106,-1.85608193075889));
#654=CARTESIAN_POINT('',(2.11830243198919,1.32770283069242,-1.87094202659672));
#655=CARTESIAN_POINT('',(2.26707569667019,1.09034040206495,-1.88580389222375));
#656=CARTESIAN_POINT('',(2.37689202089845,0.823951807323621,-1.90012185567376));
#657=CARTESIAN_POINT('',(2.43860698155011,0.550632354239237,-1.91365042008786));
#658=CARTESIAN_POINT('',(2.50031649416703,0.277337029078811,-1.92717779023581));
#659=CARTESIAN_POINT('',(2.515620936592,-0.0103903169447774,-1.94101851598477));
#660=CARTESIAN_POINT('',(2.48328397590581,-0.288618597822523,-1.95600961796141));
#661=CARTESIAN_POINT('',(2.45094911446337,-0.566828816737494,-1.97099974674898));
#662=CARTESIAN_POINT('',(2.37009489143605,-0.84328212420739,-1.98632092776788));
#663=CARTESIAN_POINT('',(2.24738441652106,-1.09510880024693,-2.00034368481845));
#664=CARTESIAN_POINT('',(2.12463959949881,-1.34700595322602,-2.01437036631824));
#665=CARTESIAN_POINT('',(1.95661326183152,-1.58119381369998,-2.02757186285136));
#666=CARTESIAN_POINT('',(1.75732153197272,-1.7781510153148,-2.04192040705077));
#667=CARTESIAN_POINT('',(1.55808174330805,-1.97505688418114,-2.05626521160419));
#668=CARTESIAN_POINT('',(1.32211419474208,-2.14020579430234,-2.07198447340377));
#669=CARTESIAN_POINT('',(1.06888949891789,-2.25997239786311,-2.08638593496477));
#670=CARTESIAN_POINT('',(0.815593393989988,-2.37977277548287,-2.10079145772313));
#671=CARTESIAN_POINT('',(0.538034221683233,-2.45744826508697,-2.11428137018472));
#672=CARTESIAN_POINT('',(0.259308730880648,-2.48651542969053,-2.12791100899849));
#673=CARTESIAN_POINT('',(-0.0193319872924536,-2.51557375369623,-2.14153650244215));
#674=CARTESIAN_POINT('',(-0.306757958321269,-2.49686726100172,-2.15688371660561));
#675=CARTESIAN_POINT('',(-0.579220073198731,-2.43197535078044,-2.17185455605969));
#676=CARTESIAN_POINT('',(-0.851723885582126,-2.36707350952412,-2.18682768664577));
#677=CARTESIAN_POINT('',(-1.11680746594511,-2.25416283592434,-2.2012658526535));
#678=CARTESIAN_POINT('',(-1.35246030584782,-2.1025820129322,-2.21489539953911));
#679=CARTESIAN_POINT('',(-1.58810213726252,-1.95100827101608,-2.22852430972242));
#680=CARTESIAN_POINT('',(-1.8007785800543,-1.7566050324239,-2.24249435805377));
#681=CARTESIAN_POINT('',(-1.97283191312748,-1.53555665559605,-2.25741698596915));
#682=CARTESIAN_POINT('',(-2.14487550029193,-1.31452079998627,-2.27233876859682));
#683=CARTESIAN_POINT('',(-2.28109566249923,-1.0607023729331,-2.28742613576132));
#684=CARTESIAN_POINT('',(-2.37019547922371,-0.795093321734934,-2.30126663891768));
#685=CARTESIAN_POINT('',(-2.45931013558371,-0.529440033167315,-2.31510944721932));
#686=CARTESIAN_POINT('',(-2.5037241439823,-0.244666523212461,-2.32819622429048));
#687=CARTESIAN_POINT('',(-2.49974826140092,0.0354771704493022,-2.34263292425516));
#688=CARTESIAN_POINT('',(-2.49577331442422,0.315554940697565,-2.35706622697563));
#689=CARTESIAN_POINT('',(-2.44335095348463,0.598742959554818,-2.37290195678051));
#690=CARTESIAN_POINT('',(-2.34680760077319,0.861680964715591,-2.3874162362127));
#691=CARTESIAN_POINT('',(-2.25022933957212,1.1247140439376,-2.40193576376978));
#692=CARTESIAN_POINT('',(-2.10681211758597,1.37472876315063,-2.41554010100887));
#693=CARTESIAN_POINT('',(-1.92847563936869,1.59090593950791,-2.42925530940548));
#694=CARTESIAN_POINT('',(-1.75019415333935,1.80701645504497,-2.44296628855339));
#695=CARTESIAN_POINT('',(-1.5321518891577,1.99523611589317,-2.45832461898481));
#696=CARTESIAN_POINT('',(-1.29238150633575,2.14003505627392,-2.4731389539933));
#697=CARTESIAN_POINT('',(-1.05257668192862,2.28485479615869,-2.48795541699264));
#698=CARTESIAN_POINT('',(-0.784390141562876,2.39024021838003,-2.50214526226522));
#699=CARTESIAN_POINT('',(-0.510077038510048,2.44741116586176,-2.51565239751317));
#700=CARTESIAN_POINT('',(-0.235798774643702,2.50457485233671,-2.5291578172849));
#701=CARTESIAN_POINT('',(0.0521270858197745,2.51510151548793,-2.54320604249995));
#702=CARTESIAN_POINT('',(0.329773940155644,2.47815438348668,-2.5582321251043));
#703=CARTESIAN_POINT('',(0.607411679311053,2.44120846446433,-2.57325771440051));
#704=CARTESIAN_POINT('',(0.882495938846579,2.35577584118929,-2.58846584690594));
#705=CARTESIAN_POINT('',(1.13225821777283,2.22889912923082,-2.60241530774156));
#706=CARTESIAN_POINT('',(1.38208039876604,2.10199198762809,-2.6163681141646));
#707=CARTESIAN_POINT('',(1.61344075552572,1.93010634102391,-2.62957418760573));
#708=CARTESIAN_POINT('',(1.80705556606898,1.72758507204106,-2.64405404468142));
#709=CARTESIAN_POINT('',(2.00062413498276,1.52511217184496,-2.65853044348765));
#710=CARTESIAN_POINT('',(2.1618389955695,1.28643721007601,-2.67419081145687));
#711=CARTESIAN_POINT('',(2.2773903690868,1.03125802144307,-2.68851191736556));
#712=CARTESIAN_POINT('',(2.39297556533087,0.77600414000717,-2.70283721516603));
#713=CARTESIAN_POINT('',(2.4660365436697,0.497187939581104,-2.71623598449741));
#714=CARTESIAN_POINT('',(2.49047532600183,0.218019839868026,-2.72993320161102));
#715=CARTESIAN_POINT('',(2.51490646017865,-0.0610608937497385,-2.74362613215901));
#716=CARTESIAN_POINT('',(2.49143634263784,-0.348127281647255,-2.75914201903222));
#717=CARTESIAN_POINT('',(2.42203378048667,-0.619477494491478,-2.77406779864451));
#718=CARTESIAN_POINT('',(2.35261856893082,-0.89087716399185,-2.78899629864955));
#719=CARTESIAN_POINT('',(2.23531856330192,-1.15406451262202,-2.80330588941933));
#720=CARTESIAN_POINT('',(2.07984194906636,-1.38717607638823,-2.81691226942922));
#721=CARTESIAN_POINT('',(1.92437970033507,-1.62026610144792,-2.8305173922564));
#722=CARTESIAN_POINT('',(1.72648445105773,-1.82967558237937,-2.84468582782134));
#723=CARTESIAN_POINT('',(1.50261712634591,-1.9980344770829,-2.85962816467464));
#724=CARTESIAN_POINT('',(1.27875535781021,-2.16638919327726,-2.87457013067322));
#725=CARTESIAN_POINT('',(1.02270226407481,-2.29838444517378,-2.88953891965993));
#726=CARTESIAN_POINT('',(0.755644090322173,-2.38306567445406,-2.90331155427368));
#727=CARTESIAN_POINT('',(0.48855212629694,-2.46775761826062,-2.91708593150803));
#728=CARTESIAN_POINT('',(0.203090197262384,-2.50743746576578,-2.93020927634667));
#729=CARTESIAN_POINT('',(-0.0769346981874797,-2.49881593003863,-2.94477990127435));
#730=CARTESIAN_POINT('',(-0.356899866188209,-2.49019623322774,-2.95934741838457));
#731=CARTESIAN_POINT('',(-0.639181471701874,-2.43308563781758,-2.97512519387003));
#732=CARTESIAN_POINT('',(-0.90048487989122,-2.3321935985437,-2.98955891485027));
#733=CARTESIAN_POINT('',(-1.16188605653551,-2.23126380982422,-3.0039980363058));
#734=CARTESIAN_POINT('',(-1.40949282597887,-2.08371446498527,-3.0175098836413));
#735=CARTESIAN_POINT('',(-1.62268095453217,-1.90181663674461,-3.03128985300483));
#736=CARTESIAN_POINT('',(-1.8358011659465,-1.71997675722822,-3.04506543236737));
#737=CARTESIAN_POINT('',(-2.0203733053076,-1.49884941031667,-3.06056734415389));
#738=CARTESIAN_POINT('',(-2.16117655811171,-1.25670835306702,-3.07532828167156));
#739=CARTESIAN_POINT('',(-2.30200340646729,-1.01452671826205,-3.09009169280013));
#740=CARTESIAN_POINT('',(-2.40292882148311,-0.744616032857552,-3.104155560953));
#741=CARTESIAN_POINT('',(-2.45554016885227,-0.469385214033172,-3.11765171818324));
#742=CARTESIAN_POINT('',(-2.5081429049383,-0.194199444245271,-3.13114566639895));
#743=CARTESIAN_POINT('',(-2.51388999089552,0.0938457968038642,-3.14541137605592));
#744=CARTESIAN_POINT('',(-2.47234309704987,0.37083636616393,-3.16045871712698));
#745=CARTESIAN_POINT('',(-2.43079624366317,0.647826665786679,-3.17550604354472));
#746=CARTESIAN_POINT('',(-2.34080799351017,0.921467012848044,-3.19059577316529));
#747=CARTESIAN_POINT('',(-2.20979947774524,1.16909634682384,-3.20447636737204));
#748=CARTESIAN_POINT('',(-2.07876527432978,1.41677423501579,-3.2183596832328));
#749=CARTESIAN_POINT('',(-1.90306956630813,1.64524171426361,-3.23161223913564));
#750=CARTESIAN_POINT('',(-1.6973745612364,1.83546168548067,-3.24620582203922));
#751=CARTESIAN_POINT('',(-1.4917235715521,2.02564095271599,-3.26079628215329));
#752=CARTESIAN_POINT('',(-1.25040561899642,2.18287800491155,-3.27638628131186));
#753=CARTESIAN_POINT('',(-0.993341537049115,2.29418233599095,-3.29062595919436));
#754=CARTESIAN_POINT('',(-0.736202160239604,2.40551926845211,-3.30486980792242));
#755=CARTESIAN_POINT('',(-0.45620870682163,2.47394486540337,-3.31818654759172));
#756=CARTESIAN_POINT('',(-0.176678080081105,2.49374915659512,-3.33196615668899));
#757=CARTESIAN_POINT('',(0.102765204890166,2.51354725976428,-3.34574146022786));
#758=CARTESIAN_POINT('',(0.389394624950196,2.48532108485568,-3.36140051379698));
#759=CARTESIAN_POINT('',(0.659558994914205,2.41142736407874,-3.37627346319883));
#760=CARTESIAN_POINT('',(0.929780593851425,2.33751799037997,-3.39114956314057));
#761=CARTESIAN_POINT('',(1.19099932920794,2.21586087560659,-3.40533261583074));
#762=CARTESIAN_POINT('',(1.42150535466409,2.05653167412061,-3.41892615048729));
#763=CARTESIAN_POINT('',(1.65197995958072,1.89722419098001,-3.43251783219362));
#764=CARTESIAN_POINT('',(1.8580658855987,1.69589204742724,-3.44689194181265));
#765=CARTESIAN_POINT('',(2.02268530139257,1.46926654203056,-3.46184118109306));
#766=CARTESIAN_POINT('',(2.18730570806374,1.24263967252949,-3.47679051035594));
#767=CARTESIAN_POINT('',(2.31503978188889,0.984421625906416,-3.49163651012179));
#768=CARTESIAN_POINT('',(2.39527903663222,0.715987665166264,-3.50534670477542));
#769=CARTESIAN_POINT('',(2.4755250794506,0.447530995468001,-3.51905805928317));
#770=CARTESIAN_POINT('',(2.51046029929548,0.161461436752085,-3.53225854841004));
#771=CARTESIAN_POINT('',(2.49719620905908,-0.118368464807804,-3.54694535334212));
#772=CARTESIAN_POINT('',(2.4839346181445,-0.398145638666997,-3.56162939087355));
#773=CARTESIAN_POINT('',(2.42215102882117,-0.679444752647979,-3.57733762855173));
#774=CARTESIAN_POINT('',(2.31693752993871,-0.939042321922457,-3.59168961253099));
#775=CARTESIAN_POINT('',(2.21168456442282,-1.19873726883589,-3.60604698008266));
#776=CARTESIAN_POINT('',(2.06004537894277,-1.44386520850714,-3.61947532611998));
#777=CARTESIAN_POINT('',(1.87463906563803,-1.65400374049873,-3.63333471154776));
#778=CARTESIAN_POINT('',(1.68929191157018,-1.86407522172504,-3.6471896747385));
#779=CARTESIAN_POINT('',(1.46513981598048,-2.04495104117384,-3.6628080681391));
#780=CARTESIAN_POINT('',(1.22069449012806,-2.181720642468,-3.67750887020653));
#781=CARTESIAN_POINT('',(0.976202438964673,-2.31851638704035,-3.69221248230743));
#782=CARTESIAN_POINT('',(0.70464205864725,-2.41495404767674,-3.7061535409067));
#783=CARTESIAN_POINT('',(0.428569837212517,-2.46299165541251,-3.71964990408772));
#784=CARTESIAN_POINT('',(0.152552280523694,-2.51101975127632,-3.73314359486925));
#785=CARTESIAN_POINT('',(-0.135533468596727,-2.51198695767353,-3.7476316726781));
#786=CARTESIAN_POINT('',(-0.411793073669897,-2.46585207676322,-3.76268732450346));
#787=CARTESIAN_POINT('',(-0.688061061479345,-2.41971579595031,-3.77774343317288));
#788=CARTESIAN_POINT('',(-0.960182913647933,-2.3251961434788,-3.7927104467003));
#789=CARTESIAN_POINT('',(-1.20561132146371,-2.19009162857597,-3.80652748667557));
#790=CARTESIAN_POINT('',(-1.45107650077918,-2.05496687153543,-3.82034659679947));
#791=CARTESIAN_POINT('',(-1.6765871063865,-1.87551131495473,-3.83368284493092));
#792=CARTESIAN_POINT('',(-1.86336097151742,-1.66669909996545,-3.84837312067997));
#793=CARTESIAN_POINT('',(-2.05010002721457,-1.45792580174306,-3.86306065857177));
#794=CARTESIAN_POINT('',(-2.20331667833057,-1.21402992196334,-3.87856982002068));
#795=CARTESIAN_POINT('',(-2.31034340349651,-0.955150960801563,-3.89272793821104));
#796=CARTESIAN_POINT('',(-2.41740045266031,-0.696198651183602,-3.90689006783634));
#797=CARTESIAN_POINT('',(-2.48117131745008,-0.415107685447222,-3.92013485264955));
#798=CARTESIAN_POINT('',(-2.49633640478651,-0.135294324114372,-3.93401214681483));
#799=CARTESIAN_POINT('',(-2.5114968719992,0.14443379060402,-3.94788521318934));
#800=CARTESIAN_POINT('',(-2.4785233803635,0.430549115226368,-3.96365722956591));
#801=CARTESIAN_POINT('',(-2.40015923101676,0.699453833905454,-3.97847047600036));
#802=CARTESIAN_POINT('',(-2.32177612368928,0.968423606445517,-3.99328730607915));
#803=CARTESIAN_POINT('',(-2.19579539271116,1.22760174588229,-4.00734687656126));
#804=CARTESIAN_POINT('',(-2.03265797707997,1.45543861025231,-4.02093861535221));
#805=CARTESIAN_POINT('',(-1.86954960185977,1.68323491693571,-4.03452793465111));
#806=CARTESIAN_POINT('',(-1.66483641230411,1.88594182363693,-4.04911004948086));
#807=CARTESIAN_POINT('',(-1.43551422416528,2.04677768998471,-4.06405418304421));
#808=CARTESIAN_POINT('',(-1.20618387767614,2.20761927821815,-4.07899884825901));
#809=CARTESIAN_POINT('',(-0.94587132235731,2.33105700826554,-4.09371888665896));
#810=CARTESIAN_POINT('',(-0.676135405559631,2.40683213235753,-4.10737293744356));
#811=CARTESIAN_POINT('',(-0.406388205285472,2.48261042624182,-4.12102755939851));
#812=CARTESIAN_POINT('',(-0.119791511640798,2.51279201773952,-4.13434090825358));
#813=CARTESIAN_POINT('',(0.159767490692664,2.49488964664126,-4.14912670900544));
#814=CARTESIAN_POINT('',(0.439281481708162,2.47699015797323,-4.16391012912075));
#815=CARTESIAN_POINT('',(0.719522331616916,2.41054993593802,-4.17953824961262));
#816=CARTESIAN_POINT('',(0.977343324703401,2.30104324723759,-4.19380825423979));
#817=CARTESIAN_POINT('',(1.23525851051433,2.19149655119241,-4.20808347229276));
#818=CARTESIAN_POINT('',(1.4778377752512,2.03581072333379,-4.22143826266028));
#819=CARTESIAN_POINT('',(1.68486727016876,1.8469494529938,-4.2353921988972));
#820=CARTESIAN_POINT('',(1.89183220337032,1.65814707864688,-4.24934178362823));
#821=CARTESIAN_POINT('',(2.06896379339594,1.43103111578995,-4.26504503587604));
#822=CARTESIAN_POINT('',(2.20166262987551,1.18434862443862,-4.27967986781878));
#823=CARTESIAN_POINT('',(2.33438992702818,0.937613225692395,-4.29431783857705));
#824=CARTESIAN_POINT('',(2.42631314048197,0.664478162636104,-4.30814026318548));
#825=CARTESIAN_POINT('',(2.46976401756046,0.387641196938138,-4.32164871594969));
#826=CARTESIAN_POINT('',(2.51320491553466,0.110867810738079,-4.33515406630797));
#827=CARTESIAN_POINT('',(2.50939310641934,-0.177179834487264,-4.34986432274395));
#828=CARTESIAN_POINT('',(2.45868309036298,-0.452633915171131,-4.3649161372499));
#829=CARTESIAN_POINT('',(2.40796998221242,-0.728104791944445,-4.37996886955537));
#830=CARTESIAN_POINT('',(2.30894430961293,-0.998633794154977,-4.39480988972149));
#831=CARTESIAN_POINT('',(2.16978069462237,-1.24179375793408,-4.40856955236689));
#832=CARTESIAN_POINT('',(2.03060286234563,-1.48497856351393,-4.42233062073219));
#833=CARTESIAN_POINT('',(1.84743837093453,-1.70746946749092,-4.4357830008629));
#834=CARTESIAN_POINT('',(1.63556600531211,-1.89074690063673,-4.4505535407907));
#835=CARTESIAN_POINT('',(1.42372680439697,-2.07399564508402,-4.46532176866316));
#836=CARTESIAN_POINT('',(1.17731862839509,-2.22315018054552,-4.48074062987031));
#837=CARTESIAN_POINT('',(0.916695192096089,-2.32586971363142,-4.49481798454662));
#838=CARTESIAN_POINT('',(0.656002675723829,-2.4286164732514,-4.50889907052471));
#839=CARTESIAN_POINT('',(0.373893830474057,-2.48771449835049,-4.52208291224528));
#840=CARTESIAN_POINT('',(0.093877218269673,-2.49823679179736,-4.53607362049852));
#841=CARTESIAN_POINT('',(-0.186057765954003,-2.50875601787776,-4.5500602503035));
#842=CARTESIAN_POINT('',(-0.471582096614296,-2.47104486211066,-4.56591044179772));
#843=CARTESIAN_POINT('',(-0.739153430049272,-2.38823202533723,-4.58065801489666));
#844=CARTESIAN_POINT('',(-1.00679768012079,-2.30539662099858,-4.59540960689931));
#845=CARTESIAN_POINT('',(-1.26386349785716,-2.17512684943986,-4.60934975283472));
#846=CARTESIAN_POINT('',(-1.48896805782117,-2.00822661141323,-4.62295144041259));
#847=CARTESIAN_POINT('',(-1.71402378203574,-1.84136258188546,-4.63655017714571));
#848=CARTESIAN_POINT('',(-1.91329715061771,-1.63332476319466,-4.6513377025002));
#849=CARTESIAN_POINT('',(-2.07030618154321,-1.40136801542777,-4.66626554112362));
#850=CARTESIAN_POINT('',(-2.22732521822829,-1.16939648568664,-4.68119433105769));
#851=CARTESIAN_POINT('',(-2.34643236495745,-0.90706047013604,-4.69578627026484));
#852=CARTESIAN_POINT('',(-2.41772223831693,-0.636096830952474,-4.70939132291566));
#853=CARTESIAN_POINT('',(-2.4890120487474,-0.365133430954001,-4.72299636355702));
#854=CARTESIAN_POINT('',(-2.51443222609729,-0.0780897864487836,-4.73645336072014));
#855=CARTESIAN_POINT('',(-2.49189680293418,0.201122657914026,-4.75132158040517));
#856=CARTESIAN_POINT('',(-2.46936434375032,0.480298378764494,-4.76618784454251));
#857=CARTESIAN_POINT('',(-2.39828479841527,0.75940536401588,-4.78172627348378));
#858=CARTESIAN_POINT('',(-2.28451409851473,1.01537940381289,-4.79591498141621));
#859=CARTESIAN_POINT('',(-2.17070402956942,1.27144202048816,-4.81010859918814));
#860=CARTESIAN_POINT('',(-2.01101549975931,1.51140369069447,-4.82340071411497));
#861=CARTESIAN_POINT('',(-1.81875332108161,1.71526568118604,-4.83746477186144));
#862=CARTESIAN_POINT('',(-1.62654859984026,1.91906674764448,-4.85152462657271));
#863=CARTESIAN_POINT('',(-1.39653009276824,2.0924069396017,-4.8672767021648));
#864=CARTESIAN_POINT('',(-1.14767816338007,2.22099861172864,-4.88184063607522));
#865=CARTESIAN_POINT('',(-0.898767142325163,2.34962081886591,-4.89640802829569));
#866=CARTESIAN_POINT('',(-0.624132982493567,2.43700378602048,-4.91011698701615));
#867=CARTESIAN_POINT('',(-0.346608312623004,2.47585594847936,-4.92365007879396));
#868=CARTESIAN_POINT('',(-0.069155290562822,2.51469808057816,-4.93717967676923));
#869=CARTESIAN_POINT('',(0.218775879540216,2.50610912660185,-4.95210688263378));
#870=CARTESIAN_POINT('',(0.493349946584515,2.45083778129134,-4.96714353093051));
#871=CARTESIAN_POINT('',(0.767948982041494,2.39556140987704,-4.98218154658594));
#872=CARTESIAN_POINT('',(1.0368109892705,2.2920561242621,-4.99689432909715));
#873=CARTESIAN_POINT('',(1.27763541266048,2.14887127402176,-5.01060363929223));
#874=CARTESIAN_POINT('',(1.51847283730606,2.00567869373971,-5.0243136896043));
#875=CARTESIAN_POINT('',(1.73788225770851,1.81885676351433,-5.03790981564759));
#876=CARTESIAN_POINT('',(1.91761374310836,1.60398177428609,-5.05274483494085));
#877=CARTESIAN_POINT('',(2.09732273808179,1.38913367311324,-5.06757799787652));
#878=CARTESIAN_POINT('',(2.24237418365688,1.14027940439881,-5.08289810395781));
#879=CARTESIAN_POINT('',(2.34075779590734,0.877982312406705,-5.09689640912851));
#880=CARTESIAN_POINT('',(2.43916495647691,0.615622439068357,-5.11089806482223));
#881=CARTESIAN_POINT('',(2.49357315082089,0.332575223162705,-5.12403289039206));
#882=CARTESIAN_POINT('',(2.49945006320814,0.0524345451857954,-5.13815313100883));
#883=CARTESIAN_POINT('',(2.50532535978304,-0.227629110243379,-5.1522694893729));
#884=CARTESIAN_POINT('',(2.46288700153547,-0.512485755826762,-5.16815860042616));
#885=CARTESIAN_POINT('',(2.37564815288248,-0.778650020038567,-5.18283543652752));
#886=CARTESIAN_POINT('',(2.28838284658202,-1.04489500608909,-5.19751672379441));
#887=CARTESIAN_POINT('',(2.15385967320343,-1.29977692705769,-5.21134249052662));
#888=CARTESIAN_POINT('',(1.98324302964446,-1.52208642506484,-5.22496653225633));
#889=CARTESIAN_POINT('',(1.81266944336862,-1.74433982043863,-5.23858713578557));
#890=CARTESIAN_POINT('',(1.60136394349173,-1.94012600517173,-5.2535725851708));
#891=CARTESIAN_POINT('',(1.36683537956648,-2.09326564132825,-5.26847377544845));
#892=CARTESIAN_POINT('',(1.13228558865194,-2.2464191380285,-5.28337631442069));
#893=CARTESIAN_POINT('',(0.867997720813747,-2.36116235301681,-5.2978390492352));
#894=CARTESIAN_POINT('',(0.595880958658601,-2.42794684519824,-5.31140308239846));
#895=CARTESIAN_POINT('',(0.323775853689473,-2.4947284764047,-5.32496653449331));
#896=CARTESIAN_POINT('',(0.0363651476343354,-2.51538058198619,-5.33859298952249));
#897=CARTESIAN_POINT('',(-0.242425280970704,-2.48821823463021,-5.35352769587767));
#898=CARTESIAN_POINT('',(-0.521187670477975,-2.46105861910299,-5.36846090018814));
#899=CARTESIAN_POINT('',(-0.799085285940736,-2.38535799340957,-5.38390107103186));
#900=CARTESIAN_POINT('',(-1.05314228858545,-2.26735337342748,-5.39801008164323));
#901=CARTESIAN_POINT('',(-1.30728022452156,-2.14931116147904,-5.4121235868706));
#902=CARTESIAN_POINT('',(-1.54455626803585,-1.98566457896857,-5.42536482062935));
#903=CARTESIAN_POINT('',(-1.74519321760729,-1.7900560419209,-5.43955495854575));
#904=CARTESIAN_POINT('',(-1.94577358881224,-1.59450266525879,-5.4537410949319));
#905=CARTESIAN_POINT('',(-2.11527592692518,-1.36164337335756,-5.46950166041803));
#906=CARTESIAN_POINT('',(-2.23972474336142,-1.11069035917988,-5.48399067919056));
#907=CARTESIAN_POINT('',(-2.36420587412666,-0.859672182644719,-5.4984834601758));
#908=CARTESIAN_POINT('',(-2.44702367496623,-0.583615183276761,-5.51208510068714));
#909=CARTESIAN_POINT('',(-2.48126616301414,-0.305480323885378,-5.52565600971851));
#910=CARTESIAN_POINT('',(-2.51549896709794,-0.0274241225632347,-5.53922308082211));
#911=CARTESIAN_POINT('',(-2.50213575083653,0.260312419935377,-5.5543570042537));
#912=CARTESIAN_POINT('',(-2.4423178711503,0.533932033371176,-5.5693679935801));
#913=CARTESIAN_POINT('',(-2.38249279110392,0.807584582774766,-5.58438078979985));
#914=CARTESIAN_POINT('',(-2.27453534606167,1.07470568982463,-5.59896412345768));
#915=CARTESIAN_POINT('',(-2.12736810364502,1.31312792659124,-5.61263093810706));
#916=CARTESIAN_POINT('',(-1.98019997397563,1.55155160077543,-5.62629783515193));
#917=CARTESIAN_POINT('',(-1.78977269772388,1.76781877925304,-5.64006044864606));
#918=CARTESIAN_POINT('',(-1.57195312487312,1.94395559959625,-5.65494483910076));
#919=CARTESIAN_POINT('',(-1.35415378691367,2.1200760572712,-5.66982784683297));
#920=CARTESIAN_POINT('',(-1.10292027231929,2.26098419395278,-5.68504175495476));
#921=CARTESIAN_POINT('',(-0.839020822341828,2.35500404663704,-5.69896363518658));
#922=CARTESIAN_POINT('',(-0.575066588835403,2.44904341713129,-5.7128884054954));
#923=CARTESIAN_POINT('',(-0.291160411920836,2.49874593128176,-5.72598703584753));
#924=CARTESIAN_POINT('',(-0.0109745776688957,2.49997591161295,-5.74025326344989));
#925=CARTESIAN_POINT('',(0.269139310624153,2.50120557611049,-5.75451582777846));
#926=CARTESIAN_POINT('',(0.55325178715327,2.45405133735479,-5.77040025851746));
#927=CARTESIAN_POINT('',(0.817935371083716,2.36241015252033,-5.78500220600827));
#928=CARTESIAN_POINT('',(1.08270722041645,2.27073840762648,-5.79960902288596));
#929=CARTESIAN_POINT('',(1.33533376302656,2.13199867767004,-5.81332643144246));
#930=CARTESIAN_POINT('',(1.55478581216608,1.9577132267743,-5.82698585473877));
#931=CARTESIAN_POINT('',(1.77417571251962,1.783477133491,-5.84064140968854));
#932=CARTESIAN_POINT('',(1.96642198924929,1.56896150671001,-5.8558124426987));
#933=CARTESIAN_POINT('',(2.1156504753278,1.33192457228075,-5.87067748288846));
#934=CARTESIAN_POINT('',(2.26489628543207,1.09486012008951,-5.88554424876978));
#935=CARTESIAN_POINT('',(2.3752432218304,0.828692593410851,-5.89987770822654));
#936=CARTESIAN_POINT('',(2.4375032977248,0.555497680985899,-5.91340951627003));
#937=CARTESIAN_POINT('',(2.49975817506089,0.282325579642755,-5.92694019444189));
#938=CARTESIAN_POINT('',(2.51563675899568,-0.0053725626883992,-5.94075689184501));
#939=CARTESIAN_POINT('',(2.48385462088939,-0.283665687537113,-5.95574282910236));
#940=CARTESIAN_POINT('',(2.45207466845614,-0.561939674032711,-5.97072773576955));
#941=CARTESIAN_POINT('',(2.37177227703491,-0.838552501741477,-5.98606209640041));
#942=CARTESIAN_POINT('',(2.24956487619742,-1.0906226972601,-6.00009392010181));
#943=CARTESIAN_POINT('',(2.12732272461905,-1.34276457113852,-6.01412973387472));
#944=CARTESIAN_POINT('',(1.95976358148605,-1.57728785692287,-6.0273337216145));
#945=CARTESIAN_POINT('',(1.76086379593505,-1.77464325771835,-6.04166527206531));
#946=CARTESIAN_POINT('',(1.56201632941205,-1.97194674572413,-6.05599305271422));
#947=CARTESIAN_POINT('',(1.32637854881659,-2.13756556269695,-6.07171857386258));
#948=CARTESIAN_POINT('',(1.07339347221476,-2.25783667562708,-6.08612957769644));
#949=CARTESIAN_POINT('',(0.820337563770476,-2.3781414625772,-6.10054461638472));
#950=CARTESIAN_POINT('',(0.542934870743912,-2.45637018420502,-6.11404605229666));
#951=CARTESIAN_POINT('',(0.264267991091685,-2.48599324795631,-6.12766854035643));
#952=CARTESIAN_POINT('',(-0.0143146296112486,-2.51560735474712,-6.1412869094605));
#953=CARTESIAN_POINT('',(-0.301778603669137,-2.49747395079814,-6.15661235740532));
#954=CARTESIAN_POINT('',(-0.57436939593197,-2.43312552019347,-6.17158804797451));
#955=CARTESIAN_POINT('',(-0.847000950724722,-2.36876746708906,-6.18656597797017));
#956=CARTESIAN_POINT('',(-1.1123075841895,-2.25638654529034,-6.20101968836687));
#957=CARTESIAN_POINT('',(-1.34826155356316,-2.10527688990865,-6.21465267931884));
#958=CARTESIAN_POINT('',(-1.58420581948696,-1.95417344881092,-6.22828510962313));
#959=CARTESIAN_POINT('',(-1.7972711194746,-1.76019366136509,-6.2422320365723));
#960=CARTESIAN_POINT('',(-1.96976548270293,-1.53948820818872,-6.25715139589376));
#961=CARTESIAN_POINT('',(-2.14224940711924,-1.31879611140667,-6.27206985234289));
#962=CARTESIAN_POINT('',(-2.27897495336644,-1.06525097213762,-6.28717114094041));
#963=CARTESIAN_POINT('',(-2.36860429681907,-0.799821033163183,-6.30102012628988));
#964=CARTESIAN_POINT('',(-2.45824898269823,-0.534345658852729,-6.31487148225853));
#965=CARTESIAN_POINT('',(-2.50323131001851,-0.249660357538942,-6.32795682369554));
#966=CARTESIAN_POINT('',(-2.4998140349155,0.0304924718494583,-6.3423762047628));
#967=CARTESIAN_POINT('',(-2.4963975723523,0.310578688126664,-6.35679215727347));
#968=CARTESIAN_POINT('',(-2.44453975968047,0.593870526198925,-6.3726340262623));
#969=CARTESIAN_POINT('',(-2.34852094994886,0.857000202830376,-6.38715786546786));
#970=CARTESIAN_POINT('',(-2.25246764435563,1.12022441182418,-6.40168692252969));
#971=CARTESIAN_POINT('',(-2.10954994970393,1.3705237703454,-6.41530293700845));
#972=CARTESIAN_POINT('',(-1.9316451107374,1.58705613201434,-6.42901132266365));
#973=CARTESIAN_POINT('',(-1.75379477923212,1.80352215130955,-6.4427155082684));
#974=CARTESIAN_POINT('',(-1.53612741119638,1.99217695478232,-6.45805497297465));
#975=CARTESIAN_POINT('',(-1.2966464470223,2.13745362322191,-6.4728752305462));
#976=CARTESIAN_POINT('',(-1.05713178039756,2.28275073662573,-6.48769757379082));
#977=CARTESIAN_POINT('',(-0.789157488344382,2.38867038106418,-6.50190272780104));
#978=CARTESIAN_POINT('',(-0.514959827860965,2.44638843516098,-6.51541190126956));
#979=CARTESIAN_POINT('',(-0.240795743616722,2.50409942152721,-6.52891942050354));
#980=CARTESIAN_POINT('',(0.0471104424610479,2.51520056521731,-6.54294207259739));
#981=CARTESIAN_POINT('',(0.324831154601081,2.47880711653822,-6.55796469069078));
#982=CARTESIAN_POINT('',(0.602541679129129,2.4424150028778,-6.57298675771038));
#983=CARTESIAN_POINT('',(0.877794481328414,2.35753159153952,-6.5882087838873));
#984=CARTESIAN_POINT('',(1.12780856520901,2.23115392571673,-6.60216683928162));
#985=CARTESIAN_POINT('',(1.37788387043897,2.1047453135924,-6.61612831260734));
#986=CARTESIAN_POINT('',(1.60958761694853,1.93332102482726,-6.6293315280655));
#987=CARTESIAN_POINT('',(1.80360702651393,1.7311850547846,-6.64379653996633));
#988=CARTESIAN_POINT('',(1.9975795576495,1.52909792427254,-6.65825805687123));
#989=CARTESIAN_POINT('',(2.15926968330499,1.29074503616255,-6.6739261313118));
#990=CARTESIAN_POINT('',(2.2753294931936,1.03579713139425,-6.68825697245244));
#991=CARTESIAN_POINT('',(2.39142319097164,0.78077478529765,-6.70259199800422));
#992=CARTESIAN_POINT('',(2.4650400312158,0.502105477995045,-6.71600126126114));
#993=CARTESIAN_POINT('',(2.49003555992274,0.222986345591515,-6.72968958113331));
#994=CARTESIAN_POINT('',(2.51502327942988,-0.056045583332728,-6.74337362444762));
#995=CARTESIAN_POINT('',(2.49212543848256,-0.343159295329405,-6.7588704894823));
#996=CARTESIAN_POINT('',(2.42326411246658,-0.61464708673478,-6.77380211444186));
#997=CARTESIAN_POINT('',(2.35439047851752,-0.886183402526251,-6.78873640820627));
#998=CARTESIAN_POINT('',(2.23761645200993,-1.14960254007884,-6.80306136798116));
#999=CARTESIAN_POINT('',(2.08260590372583,-1.38302301129314,-6.81667000185656));
#1000=CARTESIAN_POINT('',(1.92760883983627,-1.61642317722006,-6.83027745191453));
#1001=CARTESIAN_POINT('',(1.73013047820679,-1.82622840713189,-6.84442155528783));
#1002=CARTESIAN_POINT('',(1.506598830615,-1.99503382517427,-6.85936221560179));
#1003=CARTESIAN_POINT('',(1.28307357609222,-2.16383441533345,-6.8743024486086));
#1004=CARTESIAN_POINT('',(1.0272854482191,-2.29633949891073,-6.8892857354989));
#1005=CARTESIAN_POINT('',(0.760397611002118,-2.381553164047,-6.90306625905715));
#1006=CARTESIAN_POINT('',(0.493474687955076,-2.46677803161274,-6.91684859424201));
#1007=CARTESIAN_POINT('',(0.208091238287852,-2.50702757311902,-6.9299653022699));
#1008=CARTESIAN_POINT('',(-0.0719519736590344,-2.49896436819066,-6.94452077654858));
#1009=CARTESIAN_POINT('',(-0.351934669907347,-2.49090290567368,-6.95907310547449));
#1010=CARTESIAN_POINT('',(-0.6343292689663,-2.43435511622611,-6.97485848018936));
#1011=CARTESIAN_POINT('',(-0.895832956303257,-2.33398442891157,-6.98930196628998));
#1012=CARTESIAN_POINT('',(-1.15743425610399,-2.23357627585352,-7.00375084376491));
#1013=CARTESIAN_POINT('',(-1.40533426268126,-2.08652145099586,-7.01727335341867));
#1014=CARTESIAN_POINT('',(-1.61888493947287,-1.90504896334659,-7.03104477260766));
#1015=CARTESIAN_POINT('',(-1.8323677278108,-1.72363416639049,-7.04481181381777));
#1016=CARTESIAN_POINT('',(-2.01738094716172,-1.50287450875106,-7.06029780785468));
#1017=CARTESIAN_POINT('',(-2.15866656033205,-1.26101494095201,-7.07506553855308));
#1018=CARTESIAN_POINT('',(-2.29997544667824,-1.01911553300131,-7.08983570185579));
#1019=CARTESIAN_POINT('',(-2.4014385034283,-0.749408186906521,-7.10391456668183));
#1020=CARTESIAN_POINT('',(-2.45459874705978,-0.47428366083235,-7.11741146635523));
#1021=CARTESIAN_POINT('',(-2.5077505176485,-0.199202985984523,-7.13090621480056));
#1022=CARTESIAN_POINT('',(-2.51407221287177,0.0888320800775485,-7.14514542123803));
#1023=CARTESIAN_POINT('',(-2.47307767131258,0.365905495524416,-7.16019090700662));
#1024=CARTESIAN_POINT('',(-2.43208332568547,0.642977586707909,-7.1752363208658));
#1025=CARTESIAN_POINT('',(-2.34264146552689,0.916795459790698,-7.19034053264682));
#1026=CARTESIAN_POINT('',(-2.21212777695779,1.16468480646559,-7.20422914184876));
#1027=CARTESIAN_POINT('',(-2.08158779098866,1.41262410073896,-7.21812054948752));
#1028=CARTESIAN_POINT('',(-1.90634746271291,1.64144275068443,-7.2313654563991));
#1029=CARTESIAN_POINT('',(-1.70103100492422,1.83207355755344,-7.2459462801535));
#1030=CARTESIAN_POINT('',(-1.49575912656842,2.02266297361844,-7.26052393803965));
#1031=CARTESIAN_POINT('',(-1.25475546696984,2.18038048233701,-7.27612296992165));
#1032=CARTESIAN_POINT('',(-0.997914279090092,2.29219700104247,-7.290372461922));
#1033=CARTESIAN_POINT('',(-0.740997730347116,2.40404632830735,-7.30462613492628));
#1034=CARTESIAN_POINT('',(-0.461141579700204,2.47303020866146,-7.31795222160773));
#1035=CARTESIAN_POINT('',(-0.181650307891299,2.49339189973077,-7.3317211264719));
#1036=CARTESIAN_POINT('',(0.0977534988674944,2.51374721873586,-7.34548572244319));
#1037=CARTESIAN_POINT('',(0.384439531559019,2.48609234180846,-7.36112907101434));
#1038=CARTESIAN_POINT('',(0.654750360323907,2.41273744233717,-7.37600875250801));
#1039=CARTESIAN_POINT('',(0.925117481326201,2.33936726670608,-7.39089153269575));
#1040=CARTESIAN_POINT('',(1.18657668260914,2.21823218477271,-7.40508965526175));
#1041=CARTESIAN_POINT('',(1.41739930306677,2.05936378905375,-7.41868416386188));
#1042=CARTESIAN_POINT('',(1.64819165352401,1.90051622728248,-7.43227688968275));
#1043=CARTESIAN_POINT('',(1.85468006734489,1.69959430232315,-7.44662605372679));
#1044=CARTESIAN_POINT('',(2.01975136468134,1.47329712714981,-7.46157511422309));
#1045=CARTESIAN_POINT('',(2.18482305415916,1.24699941438763,-7.47652421023219));
#1046=CARTESIAN_POINT('',(2.31307125630652,0.989037911075079,-7.49138515907065));
#1047=CARTESIAN_POINT('',(2.39384568784073,0.720765442294753,-7.5051025438352));
#1048=CARTESIAN_POINT('',(2.47462736501669,0.452468908891957,-7.51882115907893));
#1049=CARTESIAN_POINT('',(2.51013345288616,0.166468132417804,-7.53201038912084));
#1050=CARTESIAN_POINT('',(2.49742725273176,-0.11338922926219,-7.54668414796695));
#1051=CARTESIAN_POINT('',(2.48472348657534,-0.393192981504214,-7.56135509590982));
#1052=CARTESIAN_POINT('',(2.42350080672788,-0.674614215288015,-7.57707227221904));
#1053=CARTESIAN_POINT('',(2.3188053274762,-0.934420597626137,-7.591434113238));
#1054=CARTESIAN_POINT('',(2.21407052635509,-1.19432455889236,-7.60580134832404));
#1055=CARTESIAN_POINT('',(2.06292072456764,-1.43975419885807,-7.61923922504995));
#1056=CARTESIAN_POINT('',(1.87793335755102,-1.6502624956646,-7.63308827236889));
#1057=CARTESIAN_POINT('',(1.69300508783491,-1.86070354208383,-7.64693289537862));
#1058=CARTESIAN_POINT('',(1.46921339640191,-2.0420262565883,-7.66253887011739));
#1059=CARTESIAN_POINT('',(1.22504153796637,-2.17928273297821,-7.67724722766207));
#1060=CARTESIAN_POINT('',(0.980823695030577,-2.31656505866344,-7.69195835520847));
#1061=CARTESIAN_POINT('',(0.70945767367534,-2.41354363617844,-7.70591397605828));
#1062=CARTESIAN_POINT('',(0.433482552942977,-2.46213177476228,-7.71940969957202));
#1063=CARTESIAN_POINT('',(0.157560975724773,-2.510710486483,-7.73290280470313));
#1064=CARTESIAN_POINT('',(-0.130524065874847,-2.51225227191194,-7.74736406110441));
#1065=CARTESIAN_POINT('',(-0.406875487022224,-2.46666826672344,-7.76241937225714));
#1066=CARTESIAN_POINT('',(-0.683234262924002,-2.42108304837251,-7.77747508408852));
#1067=CARTESIAN_POINT('',(-0.955542594101605,-2.32710680830346,-7.79245704341209));
#1068=CARTESIAN_POINT('',(-1.20123916084311,-2.1924927544822,-7.80628141370604));
#1069=CARTESIAN_POINT('',(-1.44697392849403,-2.05785777086389,-7.8201079334135));
#1070=CARTESIAN_POINT('',(-1.67284333282619,-1.87885151691674,-7.83343231044406));
#1071=CARTESIAN_POINT('',(-1.860034143027,-1.67041102330349,-7.8481118435498));
#1072=CARTESIAN_POINT('',(-2.04718942040171,-1.4620100961615,-7.86278859016567));
#1073=CARTESIAN_POINT('',(-2.20089159750722,-1.21842065717822,-7.87830798962356));
#1074=CARTESIAN_POINT('',(-2.30843412879716,-0.95975615288702,-7.89247588846617));
#1075=CARTESIAN_POINT('',(-2.41600730597797,-0.70101793818493,-7.90664782466849));
#1076=CARTESIAN_POINT('',(-2.4803387105749,-0.420054694206171,-7.91990069537315));
#1077=CARTESIAN_POINT('',(-2.49606170098797,-0.140271111997563,-7.93376542294753));
#1078=CARTESIAN_POINT('',(-2.51177988151374,0.139426880417801,-7.94762590910374));
#1079=CARTESIAN_POINT('',(-2.47937658523335,0.425608076747522,-7.96338609603233));
#1080=CARTESIAN_POINT('',(-2.40154870866425,0.694668122136801,-7.97820685311743));
#1081=CARTESIAN_POINT('',(-2.32370228766078,0.963792277798275,-7.99303114161787));
#1082=CARTESIAN_POINT('',(-2.19823950386746,1.22321952031334,-8.00710536133825));
#1083=CARTESIAN_POINT('',(-2.03555750443182,1.4513806000327,-8.02069670836542));
#1084=CARTESIAN_POINT('',(-1.8729036705965,1.67950217757111,-8.03428570228376));
#1085=CARTESIAN_POINT('',(-1.66859395387789,1.88261818699137,-8.04884285242244));
#1086=CARTESIAN_POINT('',(-1.43959266896027,2.04391118874472,-8.06378820779219));
#1087=CARTESIAN_POINT('',(-1.21058403395936,2.20520936739913,-8.07873404285184));
#1088=CARTESIAN_POINT('',(-0.950519519996717,2.32916540199404,-8.09346935689544));
#1089=CARTESIAN_POINT('',(-0.68093619715477,2.40547830906961,-8.10712979565165));
#1090=CARTESIAN_POINT('',(-0.411340207748524,2.48179480176144,-8.1207908762533));
#1091=CARTESIAN_POINT('',(-0.124802636305712,2.51254827560809,-8.13408893196295));
#1092=CARTESIAN_POINT('',(0.154792936973103,2.49520322752742,-8.14886372109477));
#1093=CARTESIAN_POINT('',(0.434342537860618,2.4778610313994,-8.16363608088774));
#1094=CARTESIAN_POINT('',(0.714714605174899,2.41197969995764,-8.17927435867039));
#1095=CARTESIAN_POINT('',(0.97275289365157,2.3029875830956,-8.19355420036163));
#1096=CARTESIAN_POINT('',(1.23088589392962,2.19395546116382,-8.207839283405));
#1097=CARTESIAN_POINT('',(1.47377520476456,2.03875378266666,-8.22120235902628));
#1098=CARTESIAN_POINT('',(1.68118155670947,1.8503049946914,-8.23514411381586));
#1099=CARTESIAN_POINT('',(1.88852297790392,1.66191520260083,-8.24908150399175));
#1100=CARTESIAN_POINT('',(2.06610718131603,1.43515230070473,-8.26477637459374));
#1101=CARTESIAN_POINT('',(2.1992973151456,1.18873517639269,-8.27941941553548));
#1102=CARTESIAN_POINT('',(2.33251564333534,0.942265889259303,-8.29406555619009));
#1103=CARTESIAN_POINT('',(2.4249829333928,0.669316138459239,-8.30790198832672));
#1104=CARTESIAN_POINT('',(2.46898584842048,0.392567039242234,-8.32140833696082));
#1105=CARTESIAN_POINT('',(2.51297881816621,0.115880489240835,-8.33491163296886));
#1106=CARTESIAN_POINT('',(2.50974142936691,-0.172175885439791,-8.34959535797957));
#1107=CARTESIAN_POINT('',(2.45958069267105,-0.447730740780417,-8.36464824920156));
#1108=CARTESIAN_POINT('',(2.40941708021827,-0.723301393910969,-8.37970200341836));
#1109=CARTESIAN_POINT('',(2.31093171337946,-0.994025802525695,-8.39455830869428));
#1110=CARTESIAN_POINT('',(2.172254071442,-1.23746201925701,-8.40832451395718));
#1111=CARTESIAN_POINT('',(2.03356146127932,-1.48092451137107,-8.42209220508079));
#1112=CARTESIAN_POINT('',(1.85084012015206,-1.70378170996162,-8.43552906863572));
#1113=CARTESIAN_POINT('',(1.63933259168539,-1.887482093647,-8.45029080751594));
#1114=CARTESIAN_POINT('',(1.42785894992959,-2.07115304574745,-8.46505018134193));
#1115=CARTESIAN_POINT('',(1.18174929550218,-2.22079808136306,-8.4804803648396));
#1116=CARTESIAN_POINT('',(0.921331831514502,-2.32403693091098,-8.49456735575066));
#1117=CARTESIAN_POINT('',(0.660844660750656,-2.42730341473222,-8.50865811737167));
#1118=CARTESIAN_POINT('',(0.378853971035179,-2.48696409624716,-8.52184867241513));
#1119=CARTESIAN_POINT('',(0.0988575991497212,-2.49804467035527,-8.53582490169312));
#1120=CARTESIAN_POINT('',(-0.181056647123367,-2.50912199442507,-8.54979703160946));
#1121=CARTESIAN_POINT('',(-0.466656082439106,-2.47197983026715,-8.5656398141861));
#1122=CARTESIAN_POINT('',(-0.734391603624126,-2.38970060311462,-8.5803955677943));
#1123=CARTESIAN_POINT('',(-1.00219909650018,-2.30739925795889,-8.59515528799062));
#1124=CARTESIAN_POINT('',(-1.25952263001984,-2.17764322206123,-8.6091095428958));
#1125=CARTESIAN_POINT('',(-1.4849589744077,-2.01119289087994,-8.62270939120211));
#1126=CARTESIAN_POINT('',(-1.71034742816426,-1.84477791962015,-8.63630635042093));
#1127=CARTESIAN_POINT('',(-1.91003640681062,-1.63713676398936,-8.65106948238574));
#1128=CARTESIAN_POINT('',(-2.06750773832941,-1.40549341938979,-8.66599984402198));
#1129=CARTESIAN_POINT('',(-2.22498858389196,-1.17383607944964,-8.68093110771519));
#1130=CARTESIAN_POINT('',(-2.34461810471506,-0.911739534527883,-8.69553852495107));
#1131=CARTESIAN_POINT('',(-2.41644824810612,-0.640919545828393,-8.70914906219052));
#1132=CARTESIAN_POINT('',(-2.48827869492976,-0.370098413102115,-8.72275965692505));
#1133=CARTESIAN_POINT('',(-2.51427163073911,-0.0831042677334795,-8.73619792209932));
#1134=CARTESIAN_POINT('',(-2.49229285487736,0.196153831283609,-8.75105708950657));
#1135=CARTESIAN_POINT('',(-2.47031704965532,0.47537418592398,-8.76591424855663));
#1136=CARTESIAN_POINT('',(-2.39979426586836,0.754621470786425,-8.78146393254216));
#1137=CARTESIAN_POINT('',(-2.28653458321205,1.01082125016013,-8.79566234686022));
#1138=CARTESIAN_POINT('',(-2.1732353934116,1.26711039691838,-8.80986571385683));
#1139=CARTESIAN_POINT('',(-2.01402569386461,1.50739035130951,-8.8231647573575));
#1140=CARTESIAN_POINT('',(-1.82216947438358,1.71163617822967,-8.83721474033612));
#1141=CARTESIAN_POINT('',(-1.63037093705413,1.91582059802537,-8.85126049914495));
#1142=CARTESIAN_POINT('',(-1.40069809679641,2.08961903656317,-8.86700875464856));
#1143=CARTESIAN_POINT('',(-1.15210336027481,2.21870634542823,-8.88158144188427));
#1144=CARTESIAN_POINT('',(-0.903450272737753,2.34782395411243,-8.89615754967149));
#1145=CARTESIAN_POINT('',(-0.628992305900112,2.43575405387495,-8.90987984260815));
#1146=CARTESIAN_POINT('',(-0.351546218473582,2.47515964258407,-8.92340928762479));
#1147=CARTESIAN_POINT('',(-0.0741708599443976,2.51455518568807,-8.93693528360116));
#1148=CARTESIAN_POINT('',(0.213778448923034,2.50654037527115,-8.95183685196739));
#1149=CARTESIAN_POINT('',(0.488462242502483,2.4518165995134,-8.96687589496963));
#1150=CARTESIAN_POINT('',(0.763170033924805,2.3970880427944,-8.98191625186297));
#1151=CARTESIAN_POINT('',(1.03223634915664,2.29411983496199,-8.99664453467968));
#1152=CARTESIAN_POINT('',(1.2733450688265,2.1514163557283,-9.01035949869391));
#1153=CARTESIAN_POINT('',(1.51446820179163,2.00870434578952,-9.02407528257821));
#1154=CARTESIAN_POINT('',(1.7342512902292,1.8223193452639,-9.03765282928101));
#1155=CARTESIAN_POINT('',(1.91441163731947,1.60780225242279,-9.05248090989017));
#1156=CARTESIAN_POINT('',(2.09454874976464,1.3933128250952,-9.06730707817404));
#1157=CARTESIAN_POINT('',(2.24009558293133,1.14474908736167,-9.08263946953988));
#1158=CARTESIAN_POINT('',(2.33900192022907,0.882649430501558,-9.09664715662733));
#1159=CARTESIAN_POINT('',(2.43793227099326,0.620486138474174,-9.11065824464067));
#1160=CARTESIAN_POINT('',(2.49290510586745,0.337547526131888,-9.12379830205881));
#1161=CARTESIAN_POINT('',(2.4993405572261,0.0574175844556069,-9.13790210716713));
#1162=CARTESIAN_POINT('',(2.50577422561933,-0.222634746191763,-9.15200200476445));
#1163=CARTESIAN_POINT('',(2.46390355829809,-0.507575705023383,-9.16788865821304));
#1164=CARTESIAN_POINT('',(2.37719554308214,-0.773913011875622,-9.18257423543286));
#1165=CARTESIAN_POINT('',(2.29046155094498,-1.04033011092722,-9.19726421231609));
#1166=CARTESIAN_POINT('',(2.15644776951471,-1.29547834639586,-9.21110342968391));
#1167=CARTESIAN_POINT('',(1.98627539486726,-1.51812715401079,-9.224724107143));
#1168=CARTESIAN_POINT('',(1.81614527794775,-1.74072067278841,-9.23834140227354));
#1169=CARTESIAN_POINT('',(1.60522956565681,-1.93692886991644,-9.2533036157164));
#1170=CARTESIAN_POINT('',(1.37100682753755,-2.09053588317575,-9.26820852889949));
#1171=CARTESIAN_POINT('',(1.13676362830343,-2.24415631516105,-9.28311474413866));
#1172=CARTESIAN_POINT('',(0.872706593045643,-2.35942586376761,-9.29759303521259));
#1173=CARTESIAN_POINT('',(0.600724494319567,-2.42675299153509,-9.31116155033702));
#1174=CARTESIAN_POINT('',(0.328752691367067,-2.49407757066107,-9.32472955183074));
#1175=CARTESIAN_POINT('',(0.0413818953289669,-2.51530317430781,-9.33833443707498));
#1176=CARTESIAN_POINT('',(-0.237463249568542,-2.48869668804865,-9.35326197124128));
#1177=CARTESIAN_POINT('',(-0.516279296451537,-2.4620929782263,-9.36818794769135));
#1178=CARTESIAN_POINT('',(-0.794326284148568,-2.38694686850835,-9.38364034991986));
#1179=CARTESIAN_POINT('',(-1.04861743604572,-2.26944959688928,-9.39775882638345));
#1180=CARTESIAN_POINT('',(-1.30299053352195,-2.15191446165642,-9.41188185254025));
#1181=CARTESIAN_POINT('',(-1.54059299194738,-1.98874130241166,-9.42512854938682));
#1182=CARTESIAN_POINT('',(-1.74162064432203,-1.79353213834358,-9.4393026753304));
#1183=CARTESIAN_POINT('',(-1.94259117216968,-1.59837844540613,-9.45347277351845));
#1184=CARTESIAN_POINT('',(-2.11255730165469,-1.36585737097345,-9.46923459076999));
#1185=CARTESIAN_POINT('',(-2.23750600487414,-1.11515329805046,-9.48373279744343));
#1186=CARTESIAN_POINT('',(-2.36248682691431,-0.864384780127525,-9.49823473096868));
#1187=CARTESIAN_POINT('',(-2.44585470644851,-0.588494766096189,-9.51184891525302));
#1188=CARTESIAN_POINT('',(-2.48065187965454,-0.310429141619122,-9.52541456142707));
#1189=CARTESIAN_POINT('',(-2.5154393068922,-0.0324413975711851,-9.53897640814425));
#1190=CARTESIAN_POINT('',(-2.50264983004518,0.255322667547551,-9.55408618730418));
#1191=CARTESIAN_POINT('',(-2.44337768419819,0.529060953352553,-9.56910078794117));
#1192=CARTESIAN_POINT('',(-2.38409861223998,0.802831226219648,-9.58411714307503));
#1193=CARTESIAN_POINT('',(-2.27667488501374,1.07016551064202,-9.59871606792509));
#1194=CARTESIAN_POINT('',(-2.12998428872282,1.30888002880094,-9.61238754843845));
#1195=CARTESIAN_POINT('',(-1.9832919670746,1.54759735469155,-9.62605918975414));
#1196=CARTESIAN_POINT('',(-1.79329532325623,1.76424544912356,-9.63980074916807));
#1197=CARTESIAN_POINT('',(-1.57582663857879,1.94081694271909,-9.65467998037415));
#1198=CARTESIAN_POINT('',(-1.35837900344049,2.11737134535473,-9.66955777136846));
#1199=CARTESIAN_POINT('',(-1.10742794622289,2.25877966029641,-9.68478480573254));
#1200=CARTESIAN_POINT('',(-0.843717332388618,2.35332553273597,-9.69871570440885));
#1201=CARTESIAN_POINT('',(-0.579950895228359,2.44789141902701,-9.71264955203396));
#1202=CARTESIAN_POINT('',(-0.296143779541736,2.49816041406807,-9.72575182645));
#1203=CARTESIAN_POINT('',(-0.0159592094402019,2.49994906020784,-9.73999962466135));
#1204=CARTESIAN_POINT('',(0.264152795913774,2.50173724310777,-9.75424373284837));
#1205=CARTESIAN_POINT('',(0.548358768321751,2.45514928335823,-9.7701311725589));
#1206=CARTESIAN_POINT('',(0.813224237875268,2.3640360274184,-9.78474231179554));
#1207=CARTESIAN_POINT('',(1.07817708970678,2.27289271212855,-9.79935827142131));
#1208=CARTESIAN_POINT('',(1.33107853533421,2.13465787243414,-9.81308835558115));
#1209=CARTESIAN_POINT('',(1.55087737254741,1.96081089738925,-9.82674281708378));
#1210=CARTESIAN_POINT('',(1.77061471457514,1.78701256114568,-9.84039345834944));
#1211=CARTESIAN_POINT('',(1.96328928835758,1.57287976611715,-9.85554299418266));
#1212=CARTESIAN_POINT('',(2.11299012255623,1.33614098881062,-9.87041285393488));
#1213=CARTESIAN_POINT('',(2.26270788355213,1.09937544325455,-9.88528439503446));
#1214=CARTESIAN_POINT('',(2.37358498182518,0.833430037215233,-9.89963336445938));
#1215=CARTESIAN_POINT('',(2.43638991637933,0.560360754661791,-9.91316855474863));
#1216=CARTESIAN_POINT('',(2.49918990863472,0.28731296070612,-9.92670267991529));
#1217=CARTESIAN_POINT('',(2.51564257520907,-0.000354830702844881,-9.94049557616002));
#1218=CARTESIAN_POINT('',(2.48441538003728,-0.278711713843449,-9.95547613840961));
#1219=CARTESIAN_POINT('',(2.45307643487136,-0.558064728076941,-9.97051031026883));
#1220=CARTESIAN_POINT('',(2.37284574211892,-0.835853406744035,-9.98591351937914));
#1221=CARTESIAN_POINT('',(2.25038212203267,-1.08893539975822,-10.));
#1222=CARTESIAN_POINT('',(2.25038212203267,-1.08893539975822,-10.));
#1223=CARTESIAN_POINT('',(0.,0.,-10.));
#1224=CARTESIAN_POINT('',(2.24781084103598,1.09423325800358,-10.));
#1225=CARTESIAN_POINT('',(2.24781084103598,1.09423325800358,-10.));
#1226=CARTESIAN_POINT('',(2.12953425169953,1.33720101447289,-9.98649148164124));
#1227=CARTESIAN_POINT('',(1.96927493706787,1.56364034029887,-9.97366959193695));
#1228=CARTESIAN_POINT('',(1.77948019078881,1.75597558371129,-9.95987572506089));
#1229=CARTESIAN_POINT('',(1.58272238794629,1.95536708766456,-9.94557579846942));
#1230=CARTESIAN_POINT('',(1.34884622298628,2.12345918774051,-9.9297675368325));
#1231=CARTESIAN_POINT('',(1.09714612046599,2.24639052489691,-9.91527486748216));
#1232=CARTESIAN_POINT('',(0.845374506930908,2.36935678831905,-9.90077808059083));
#1233=CARTESIAN_POINT('',(0.56881323635178,2.45050741655247,-9.88720296550498));
#1234=CARTESIAN_POINT('',(0.290470104143728,2.48306808577589,-9.87361224350179));
#1235=CARTESIAN_POINT('',(0.0122125756334583,2.51561874105117,-9.86002570128939));
#1236=CARTESIAN_POINT('',(-0.275434461812863,2.50051640101883,-9.84482146640906));
#1237=CARTESIAN_POINT('',(-0.548688365061391,2.43904511603337,-9.82982223501329));
#1238=CARTESIAN_POINT('',(-0.821977588982653,2.37756588529814,-9.81482106482382));
#1239=CARTESIAN_POINT('',(-1.08844602918867,2.26799262690788,-9.8002850021446));
#1240=CARTESIAN_POINT('',(-1.32597636397468,2.11938356183596,-9.78663155330445));
#1241=CARTESIAN_POINT('',(-1.5635038506247,1.97077627867887,-9.77297826817762));
#1242=CARTESIAN_POINT('',(-1.7786107792066,1.77904793824041,-9.75915027634182));
#1243=CARTESIAN_POINT('',(-1.95342539499045,1.56016961456324,-9.74425150964878));
#1244=CARTESIAN_POINT('',(-2.12822583727901,1.34130903694737,-9.72935395090738));
#1245=CARTESIAN_POINT('',(-2.26761390092608,1.08922505190127,-9.71418040332009));
#1246=CARTESIAN_POINT('',(-2.36003643377608,0.82475937778813,-9.70028554986449));
#1247=CARTESIAN_POINT('',(-2.45247696915176,0.560242189721176,-9.68638798989947));
#1248=CARTESIAN_POINT('',(-2.50046056247929,0.276042665009871,-9.67329901731128));
#1249=CARTESIAN_POINT('',(-2.49999657197019,-0.00414006488759259,-9.6589756058327));
#1250=CARTESIAN_POINT('',(-2.4995326974993,-0.284252724604674,-9.64465577645937));
#1251=CARTESIAN_POINT('',(-2.45066252402834,-0.568074970895725,-9.62878454553331));
#1252=CARTESIAN_POINT('',(-2.35742279060714,-0.832200568568934,-9.61421074740454));
#1253=CARTESIAN_POINT('',(-2.26415097712064,-1.09641704130273,-9.59963193501437));
#1254=CARTESIAN_POINT('',(-2.12388375489972,-1.34820372683333,-9.58595233695692));
#1255=CARTESIAN_POINT('',(-1.94827313859402,-1.56659879274593,-9.57227666324695));
#1256=CARTESIAN_POINT('',(-1.77271397511507,-1.7849298702521,-9.55860499642497));
#1257=CARTESIAN_POINT('',(-1.55704271060342,-1.97587294085746,-9.54337033093504));
#1258=CARTESIAN_POINT('',(-1.3191074107694,-2.12366561370976,-9.52852066076397));
#1259=CARTESIAN_POINT('',(-1.0811423295857,-2.27147678514245,-9.51366913192284));
#1260=CARTESIAN_POINT('',(-0.814307745400229,-2.38021346322106,-9.49938260776));
#1261=CARTESIAN_POINT('',(-0.540738569224865,-2.44081990317857,-9.48586020211616));
#1262=CARTESIAN_POINT('',(-0.267196178805355,-2.50142040902711,-9.4723391204806));
#1263=CARTESIAN_POINT('',(0.0205869799000359,-2.51555795558991,-9.45844890288337));
#1264=CARTESIAN_POINT('',(0.298680146338639,-2.48209390841341,-9.44344794821931));
#1265=CARTESIAN_POINT('',(0.57675743920676,-2.44863177136623,-9.42844784981041));
#1266=CARTESIAN_POINT('',(0.852883231663454,-2.36665708664186,-9.41315373460714));
#1267=CARTESIAN_POINT('',(1.10421196121828,-2.24292575550385,-9.39914924346758));
#1268=CARTESIAN_POINT('',(1.35560867571306,-2.11916095478544,-9.38514096408428));
#1269=CARTESIAN_POINT('',(1.58911192645304,-1.95018735029706,-9.37194246772673));
#1270=CARTESIAN_POINT('',(1.78525753509069,-1.75010157802395,-9.35756019415955));
#1271=CARTESIAN_POINT('',(1.98135301090417,-1.55006694564078,-9.34318159655533));
#1272=CARTESIAN_POINT('',(2.14554499243772,-1.31343209869355,-9.32747560836586));
#1273=CARTESIAN_POINT('',(2.26428487926857,-1.05972354202214,-9.31309362646653));
#1274=CARTESIAN_POINT('',(2.38305867939545,-0.805942523656378,-9.29870753692972));
#1275=CARTESIAN_POINT('',(2.45960891682319,-0.528068912133796,-9.28524067802923));
#1276=CARTESIAN_POINT('',(2.487546071602,-0.249227891010354,-9.27159587047457));
#1277=CARTESIAN_POINT('',(2.51547464237716,0.0295274530867887,-9.25795525543982));
#1278=CARTESIAN_POINT('',(2.49560382686676,0.316872739695795,-9.24256474005081));
#1279=CARTESIAN_POINT('',(2.42960829345012,0.589070064082703,-9.22760414272159));
#1280=CARTESIAN_POINT('',(2.36360219017027,0.861310983669695,-9.21264114929889));
#1281=CARTESIAN_POINT('',(2.24961635635733,1.12593804398558,-9.19823452512637));
#1282=CARTESIAN_POINT('',(2.09707991910882,1.36097605154188,-9.18461154984834));
#1283=CARTESIAN_POINT('',(1.94455233124052,1.59600042340084,-9.17098936490532));
#1284=CARTESIAN_POINT('',(1.74929099413814,1.80788407733533,-9.1569717939687));
#1285=CARTESIAN_POINT('',(1.52754841626128,1.97903911936509,-9.1420431270638));
#1286=CARTESIAN_POINT('',(1.30581665965477,2.15018580884932,-9.1271151886935));
#1287=CARTESIAN_POINT('',(1.05144593941458,2.28537728892106,-9.11205634383664));
#1288=CARTESIAN_POINT('',(0.785476145980043,2.37339992923577,-9.09823287373605));
#1289=CARTESIAN_POINT('',(0.519464591643477,2.46143639031113,-9.08440723316123));
#1290=CARTESIAN_POINT('',(0.234515436986036,2.50469495377008,-9.071315527977));
#1291=CARTESIAN_POINT('',(-0.0456062857705711,2.4995839787249,-9.05684444541582));
#1292=CARTESIAN_POINT('',(-0.325663522864176,2.49447418025615,-9.04237669418269));
#1293=CARTESIAN_POINT('',(-0.608637160074017,2.4409051991489,-9.02655399855854));
#1294=CARTESIAN_POINT('',(-0.87118246155533,2.34329706155205,-9.01205923882962));
#1295=CARTESIAN_POINT('',(-1.13382379212666,2.24565322260926,-8.99755917746865));
#1296=CARTESIAN_POINT('',(-1.38325687959042,2.10122272496138,-8.98397821159067));
#1297=CARTESIAN_POINT('',(-1.59870952018779,1.92201141257302,-8.97024850806496));
#1298=CARTESIAN_POINT('',(-1.81409496938215,1.74285598930944,-8.95652308630642));
#1299=CARTESIAN_POINT('',(-2.00142814133248,1.52405454024436,-8.94112742745577));
#1300=CARTESIAN_POINT('',(-2.14525453740785,1.28369894045724,-8.92632546627452));
#1301=CARTESIAN_POINT('',(-2.28910244079745,1.04330739870428,-8.9115212916579));
#1302=CARTESIAN_POINT('',(-2.39340095968787,0.774692828785809,-8.89736245850527));
#1303=CARTESIAN_POINT('',(-2.44945942306388,0.500148512707541,-8.88385899839067));
#1304=CARTESIAN_POINT('',(-2.50551025327585,0.225641579776716,-8.8703573769659));
#1305=CARTESIAN_POINT('',(-2.51486941900121,-0.0623207388593163,-8.85625674863184));
#1306=CARTESIAN_POINT('',(-2.47679759540263,-0.339814171875953,-8.84122423533042));
#1307=CARTESIAN_POINT('',(-2.43872672406476,-0.617300664166636,-8.82619209802549));
#1308=CARTESIAN_POINT('',(-2.35217904628478,-0.892039089937528,-8.81101243578547));
#1309=CARTESIAN_POINT('',(-2.22428974237882,-1.1412866169146,-8.79708024132692));
#1310=CARTESIAN_POINT('',(-2.09637109546746,-1.39059133140702,-8.78314485025658));
#1311=CARTESIAN_POINT('',(-1.92355010340559,-1.62125096687677,-8.76993111149098));
#1312=CARTESIAN_POINT('',(-1.72024834195863,-1.8140412459447,-8.75542186928006));
#1313=CARTESIAN_POINT('',(-1.51699395765141,-2.00678659745308,-8.74091600828133));
#1314=CARTESIAN_POINT('',(-1.27766736865533,-2.16703371082015,-8.72527180994882));
#1315=CARTESIAN_POINT('',(-1.02202127969909,-2.28155046050756,-8.71097053329524));
#1316=CARTESIAN_POINT('',(-0.766300106588451,-2.39610084416663,-8.69666505630646));
#1317=CARTESIAN_POINT('',(-0.487188951726285,-2.46803131123859,-8.6832872044097));
#1318=CARTESIAN_POINT('',(-0.207924908933305,-2.49133844193138,-8.66957124628832));
#1319=CARTESIAN_POINT('',(0.0712515528955077,-2.51463826319415,-8.65585958967608));
#1320=CARTESIAN_POINT('',(0.358218327064501,-2.49000554296923,-8.64030619259057));
#1321=CARTESIAN_POINT('',(0.629285670229464,-2.4195039874412,-8.62539263584511));
#1322=CARTESIAN_POINT('',(0.900404365348528,-2.34898907584968,-8.61047625382284));
#1323=CARTESIAN_POINT('',(1.16311746638381,-2.23062164786961,-8.5961978022924));
#1324=CARTESIAN_POINT('',(1.39559842939879,-2.07419985147517,-8.58259554142069));
#1325=CARTESIAN_POINT('',(1.62805537627228,-1.9177942140296,-8.56899468571273));
#1326=CARTESIAN_POINT('',(1.83665812532169,-1.7190542490814,-8.55477648864434));
#1327=CARTESIAN_POINT('',(2.00410762190392,-1.49450749072282,-8.53983131365379));
#1328=CARTESIAN_POINT('',(2.17155424164693,-1.26996459015381,-8.52488639542643));
#1329=CARTESIAN_POINT('',(2.30251183514107,-1.01337615594971,-8.50994725368645));
#1330=CARTESIAN_POINT('',(2.38611004510182,-0.745975101906365,-8.49619040710034));
#1331=CARTESIAN_POINT('',(2.46971798730307,-0.478542917873826,-8.48243195898544));
#1332=CARTESIAN_POINT('',(2.50823967787988,-0.192925104750005,-8.46929332926949));
#1333=CARTESIAN_POINT('',(2.49848368008151,0.0870591773815402,-8.45469270543642));
#1334=CARTESIAN_POINT('',(2.48872970640416,0.366985369906994,-8.44009511086086));
#1335=CARTESIAN_POINT('',(2.43047609504337,0.649033971427831,-8.42433329191489));
#1336=CARTESIAN_POINT('',(2.32852581323585,0.909927215272914,-8.40991946566903));
#1337=CARTESIAN_POINT('',(2.22653725584068,1.17091840727514,-8.39550022798477));
#1338=CARTESIAN_POINT('',(2.07798486493522,1.41792612604059,-8.38200964585898));
#1339=CARTESIAN_POINT('',(1.89522504301824,1.63037481467193,-8.36821164783797));
#1340=CARTESIAN_POINT('',(1.71252361679611,1.8427556213768,-8.35441805857416));
#1341=CARTESIAN_POINT('',(1.49065176357708,2.02642925657952,-8.33888501511569));
#1342=CARTESIAN_POINT('',(1.24794164009325,2.16625060021258,-8.32413818060427));
#1343=CARTESIAN_POINT('',(1.00518943984469,2.30609618358355,-8.30938878954895));
#1344=CARTESIAN_POINT('',(0.73486885744315,2.40592780560744,-8.2953552537047));
#1345=CARTESIAN_POINT('',(0.459425435702399,2.45742309524218,-8.28186010585192));
#1346=CARTESIAN_POINT('',(0.184029470532506,2.50890951267426,-8.26836728309892));
#1347=CARTESIAN_POINT('',(-0.104032936414375,2.51348890480516,-8.25404750734867));
#1348=CARTESIAN_POINT('',(-0.38085182692165,2.47082008368283,-8.23899697114418));
#1349=CARTESIAN_POINT('',(-0.657672581747444,2.42815097519473,-8.22394633357741));
#1350=CARTESIAN_POINT('',(-0.930948851969837,2.33705346841382,-8.20888622377131));
#1351=CARTESIAN_POINT('',(-1.17804677953745,2.20504099400021,-8.19502167893032));
#1352=CARTESIAN_POINT('',(-1.4251904111778,2.07300410211054,-8.18115456965598));
#1353=CARTESIAN_POINT('',(-1.6529414177978,1.8963852387019,-8.16788482178278));
#1354=CARTESIAN_POINT('',(-1.8423242355583,1.68992349266899,-8.15326606800457));
#1355=CARTESIAN_POINT('',(-2.03166776087195,1.48350458255581,-8.13865034727135));
#1356=CARTESIAN_POINT('',(-2.18792656682538,1.24155084220369,-8.12307916807362));
#1357=CARTESIAN_POINT('',(-2.29818870543257,0.984036927265516,-8.1088594379057));
#1358=CARTESIAN_POINT('',(-2.40848297773951,0.726447965036137,-8.09463556368122));
#1359=CARTESIAN_POINT('',(-2.47577320907683,0.446179044082964,-8.08133736802518));
#1360=CARTESIAN_POINT('',(-2.4944445815751,0.166571994796959,-8.06753532460096));
#1361=CARTESIAN_POINT('',(-2.51311014445398,-0.112948054428758,-8.05373757569869));
#1362=CARTESIAN_POINT('',(-2.4837234065441,-0.399458996631077,-8.03804796113049));
#1363=CARTESIAN_POINT('',(-2.40873565359085,-0.669322456757781,-8.02318899659834));
#1364=CARTESIAN_POINT('',(-2.33373146858986,-0.939245051997679,-8.00832677602497));
#1365=CARTESIAN_POINT('',(-2.21101500625986,-1.19997192429285,-7.99417420939254));
#1366=CARTESIAN_POINT('',(-2.05075136305461,-1.42983175476336,-7.98058216055056));
#1367=CARTESIAN_POINT('',(-1.89051123392645,-1.65965785991935,-7.96699210595056));
#1368=CARTESIAN_POINT('',(-1.68834795878229,-1.86492340930622,-7.95256720896245));
#1369=CARTESIAN_POINT('',(-1.46105798145179,-2.02862258067784,-7.93761813957474));
#1370=CARTESIAN_POINT('',(-1.23376496628519,-2.19232393996491,-7.92266887038579));
#1371=CARTESIAN_POINT('',(-0.975028726833218,-2.31901167214571,-7.90785338846718));
#1372=CARTESIAN_POINT('',(-0.706269880765479,-2.39816239139961,-7.89415752313599));
#1373=CARTESIAN_POINT('',(-0.437491095304895,-2.47731898289663,-7.88046064169968));
#1374=CARTESIAN_POINT('',(-0.151285345010097,-2.51109372410617,-7.86723569125641));
#1375=CARTESIAN_POINT('',(0.128485375070685,-2.49669611855207,-7.85252313906578));
#1376=CARTESIAN_POINT('',(0.408205191142586,-2.48230113262821,-7.83781326380963));
#1377=CARTESIAN_POINT('',(0.689252768486688,-2.41937843010655,-7.82212365980846));
#1378=CARTESIAN_POINT('',(0.948422853233994,-2.31311350596193,-7.80779171570759));
#1379=CARTESIAN_POINT('',(1.20768978253966,-2.20680887360925,-7.79345441616303));
#1380=CARTESIAN_POINT('',(1.45220151885073,-2.05417711948825,-7.78004499315848));
#1381=CARTESIAN_POINT('',(1.66158599457934,-1.86792183525377,-7.76616392446598));
#1382=CARTESIAN_POINT('',(1.87090389645324,-1.68172577094085,-7.7522872692633));
#1383=CARTESIAN_POINT('',(2.05086943353529,-1.45684399705309,-7.73664505598363));
#1384=CARTESIAN_POINT('',(2.18664798816482,-1.211845937343,-7.72195986578611));
#1385=CARTESIAN_POINT('',(2.32245327334929,-0.966799645170045,-7.70727178453349));
#1386=CARTESIAN_POINT('',(2.4177905314669,-0.694847641748212,-7.69336013060142));
#1387=CARTESIAN_POINT('',(2.46470880994108,-0.41858151201269,-7.67986193707017));
#1388=CARTESIAN_POINT('',(2.5116174230588,-0.142372294225111,-7.66636652422176));
#1389=CARTESIAN_POINT('',(2.51141704795589,0.145711393257958,-7.65182395954829));
#1390=CARTESIAN_POINT('',(2.46416328734792,0.421781096407454,-7.63676815486181));
#1391=CARTESIAN_POINT('',(2.41690773619127,0.697861260443857,-7.62171177967784));
#1392=CARTESIAN_POINT('',(2.32128492854616,0.969600852009864,-7.60677528202965));
#1393=CARTESIAN_POINT('',(2.18518537536116,1.21448131945605,-7.59297286161342));
#1394=CARTESIAN_POINT('',(2.04906700299792,1.45939564777139,-7.57916853266624));
#1395=CARTESIAN_POINT('',(1.86870067088928,1.6841743309544,-7.5658067252133));
#1396=CARTESIAN_POINT('',(1.65913560917408,1.870098668619,-7.55109534937909));
#1397=CARTESIAN_POINT('',(1.44960811492678,2.05598967674609,-7.53638661076473));
#1398=CARTESIAN_POINT('',(1.20509242893493,2.20821781794931,-7.5208986737784));
#1399=CARTESIAN_POINT('',(0.945780797503708,2.31419503998113,-7.50676039401807));
#1400=CARTESIAN_POINT('',(0.686396656276676,2.4202018958041,-7.49261816085322));
#1401=CARTESIAN_POINT('',(0.405049687843462,2.48283286411416,-7.47938931562109));
#1402=CARTESIAN_POINT('',(0.12517934945452,2.49686405926917,-7.46548578322722));
#1403=CARTESIAN_POINT('',(-0.154606506493043,2.51089101892846,-7.45158644779244));
#1404=CARTESIAN_POINT('',(-0.440584547684451,2.47675924468792,-7.4357919499348));
#1405=CARTESIAN_POINT('',(-0.709170338846806,2.39730628633471,-7.42099423032207));
#1406=CARTESIAN_POINT('',(-0.977823103254013,2.31783351597874,-7.40619282082206));
#1407=CARTESIAN_POINT('',(-1.23649183884273,2.19080178747245,-7.39216283704211));
#1408=CARTESIAN_POINT('',(-1.46366704352216,2.02674092713082,-7.37856977786843));
#1409=CARTESIAN_POINT('',(-1.69079958393539,1.86271087796961,-7.36497927151691));
#1410=CARTESIAN_POINT('',(-1.89267271306982,1.65718028980668,-7.35034654973348));
#1411=CARTESIAN_POINT('',(-2.05257769268688,1.42720874979248,-7.33540539574675));
#1412=CARTESIAN_POINT('',(-2.21248948168008,1.1972274166954,-7.32046360550755));
#1413=CARTESIAN_POINT('',(-2.3348724239699,0.936413972135332,-7.30577470255819));
#1414=CARTESIAN_POINT('',(-2.40955376181512,0.666371269580709,-7.29213331324792));
#1415=CARTESIAN_POINT('',(-2.48423744182311,0.39632009792277,-7.27849149611519));
#1416=CARTESIAN_POINT('',(-2.51325654663835,0.109606829272288,-7.26514570769074));
#1417=CARTESIAN_POINT('',(-2.49422185426859,-0.169874488046123,-7.25033826684502));
#1418=CARTESIAN_POINT('',(-2.47519009275972,-0.449312772314949,-7.23553310597043));
#1419=CARTESIAN_POINT('',(-2.40761490165981,-0.729283605280008,-7.21992605089674));
#1420=CARTESIAN_POINT('',(-2.29706383393967,-0.986659892164668,-7.20567600440002));
#1421=CARTESIAN_POINT('',(-2.1864728068572,-1.24412920928878,-7.19142080713648));
#1422=CARTESIAN_POINT('',(-2.02980507958807,-1.48607535167663,-7.1780823673447));
#1423=CARTESIAN_POINT('',(-1.84010799649016,-1.69233642082565,-7.1641029825878));
#1424=CARTESIAN_POINT('',(-1.65046955456959,-1.89853372836201,-7.15012791928682));
#1425=CARTESIAN_POINT('',(-1.42263885499616,-2.07474344799328,-7.13440924719718));
#1426=CARTESIAN_POINT('',(-1.17542011832822,-2.20644228236981,-7.119791314794));
#1427=CARTESIAN_POINT('',(-0.928146960920967,-2.33817010786582,-7.10517016451705));
#1428=CARTESIAN_POINT('',(-0.654638684242016,-2.42898653692072,-7.09137597314987));
#1429=CARTESIAN_POINT('',(-0.377626592354642,-2.47131506626464,-7.07786268445904));
#1430=CARTESIAN_POINT('',(-0.100680135870844,-2.5136335662626,-7.06435259761457));
#1431=CARTESIAN_POINT('',(0.187346281182586,-2.50865454227059,-7.04958866791907));
#1432=CARTESIAN_POINT('',(0.462592257877417,-2.45682893237439,-7.03453954436487));
#1433=CARTESIAN_POINT('',(0.737857048508516,-2.40499978003323,-7.0194893921553));
#1434=CARTESIAN_POINT('',(1.00798565763194,-2.30487731036394,-7.00467953142374));
#1435=CARTESIAN_POINT('',(1.2505812513849,-2.16472781976963,-6.99093284989967));
#1436=CARTESIAN_POINT('',(1.49319877823679,-2.0245656582418,-6.97718492553636));
#1437=CARTESIAN_POINT('',(1.71494257320872,-1.84050291907498,-6.96369979296436));
#1438=CARTESIAN_POINT('',(1.89735831047268,-1.62789171681665,-6.94891206978275));
#1439=CARTESIAN_POINT('',(2.07974687185129,-1.41531218889597,-6.9341265496428));
#1440=CARTESIAN_POINT('',(2.22790282153089,-1.16830032494684,-6.91873107144972));
#1441=CARTESIAN_POINT('',(2.32956575555369,-0.90726147860007,-6.90467322088961));
#1442=CARTESIAN_POINT('',(2.43125506214958,-0.646154915674771,-6.89061172355602));
#1443=CARTESIAN_POINT('',(2.48920893860842,-0.363809501943003,-6.87744099146653));
#1444=CARTESIAN_POINT('',(2.49859661659935,-0.083755283524516,-6.86342014149845));
#1445=CARTESIAN_POINT('',(2.50798159368021,0.196218361054306,-6.8494033254411));
#1446=CARTESIAN_POINT('',(2.46911463691348,0.481586654813593,-6.83353983430938));
#1447=CARTESIAN_POINT('',(2.38521844411973,0.748821055947979,-6.81880910890285));
#1448=CARTESIAN_POINT('',(2.30129875762302,1.01613029153472,-6.80407425840701));
#1449=CARTESIAN_POINT('',(2.1699865937959,1.27266920962055,-6.7901625573327));
#1450=CARTESIAN_POINT('',(2.00217415206814,1.4970967453008,-6.7765565784753));
#1451=CARTESIAN_POINT('',(1.83439962891956,1.72147356976323,-6.76295367399893));
#1452=CARTESIAN_POINT('',(1.62555827329786,1.91989997538674,-6.74811692039205));
#1453=CARTESIAN_POINT('',(1.39296744217176,2.07596765510676,-6.73319466832828));
#1454=CARTESIAN_POINT('',(1.16036023857592,2.23204632069992,-6.71827136586145));
#1455=CARTESIAN_POINT('',(0.897540775309534,2.3500904490289,-6.70371092741629));
#1456=CARTESIAN_POINT('',(0.626288540819146,2.42028152569874,-6.69011666338934));
#1457=CARTESIAN_POINT('',(0.355039351245407,2.4904718144452,-6.67652255196353));
#1458=CARTESIAN_POINT('',(0.0678986739822847,2.51472777437063,-6.66302634881895));
#1459=CARTESIAN_POINT('',(-0.211217634855724,2.49106144258345,-6.64814044190794));
#1460=CARTESIAN_POINT('',(-0.490299312054304,2.46739804722042,-6.63325638198094));
#1461=CARTESIAN_POINT('',(-0.769117828014943,2.39518790046739,-6.6177412043775));
#1462=CARTESIAN_POINT('',(-1.02463001457742,2.28038008525489,-6.60357214822735));
#1463=CARTESIAN_POINT('',(-1.28022908204445,2.16553323234727,-6.58939827422319));
#1464=CARTESIAN_POINT('',(-1.51954092820185,2.0048736434079,-6.57611971225584));
#1465=CARTESIAN_POINT('',(-1.72262035091951,1.81178892992477,-6.56202634130038));
#1466=CARTESIAN_POINT('',(-1.92563986191326,1.6187611795642,-6.54793712811797));
#1467=CARTESIAN_POINT('',(-2.09804676740547,1.38804298087388,-6.53217909356139));
#1468=CARTESIAN_POINT('',(-2.22562965035879,1.13867144490577,-6.51763312478209));
#1469=CARTESIAN_POINT('',(-2.35324353315631,0.889239317120158,-6.5030836216512));
#1470=CARTESIAN_POINT('',(-2.43951354440224,0.614250505121626,-6.48940148432524));
#1471=CARTESIAN_POINT('',(-2.4772405831071,0.336569596676837,-6.47586039384072));
#1472=CARTESIAN_POINT('',(-2.51495764011163,0.0589621561666389,-6.46232288601499));
#1473=CARTESIAN_POINT('',(-2.50520207829434,-0.22892867442682,-6.4473440461443));
#1474=CARTESIAN_POINT('',(-2.44881865739387,-0.503276448087628,-6.43231272987602));
#1475=CARTESIAN_POINT('',(-2.39242970155845,-0.777651153372239,-6.41727993804354));
#1476=CARTESIAN_POINT('',(-2.28783422479478,-1.04609468883326,-6.40259870628705));
#1477=CARTESIAN_POINT('',(-2.14367289414879,-1.28633841693846,-6.38890053403683));
#1478=CARTESIAN_POINT('',(-1.99950547612317,-1.52659228961411,-6.37520178336538));
#1479=CARTESIAN_POINT('',(-1.81179796548725,-1.74523966244444,-6.36156689794768));
#1480=CARTESIAN_POINT('',(-1.59619826687044,-1.92409747488005,-6.34671844978397));
#1481=CARTESIAN_POINT('',(-1.38062385991815,-2.10293430578454,-6.33187174346857));
#1482=CARTESIAN_POINT('',(-1.13118216985617,-2.24697726687385,-6.31657693228199));
#1483=CARTESIAN_POINT('',(-0.868487037863962,-2.3442973926237,-6.30259757389763));
#1484=CARTESIAN_POINT('',(-0.605730934676468,-2.44164010624699,-6.28861497092254));
#1485=CARTESIAN_POINT('',(-0.322466556756858,-2.49490017041507,-6.27549020465715));
#1486=CARTESIAN_POINT('',(-0.0423075738064473,-2.49964198820523,-6.26133583148072));
#1487=CARTESIAN_POINT('',(0.237775602411142,-2.50438252293208,-6.24718528826102));
#1488=CARTESIAN_POINT('',(0.522457507102889,-2.46079104484008,-6.2312931325454));
#1489=CARTESIAN_POINT('',(0.788266847794355,-2.37247452603149,-6.21663424275992));
#1490=CARTESIAN_POINT('',(1.05415878782507,-2.28413056316816,-6.20197079777481));
#1491=CARTESIAN_POINT('',(1.30849633926436,-2.14857387808888,-6.18817209466394));
#1492=CARTESIAN_POINT('',(1.5301135370138,-1.97705654037691,-6.17454063500589));
#1493=CARTESIAN_POINT('',(1.75167303291123,-1.80558386015605,-6.16091272453299));
#1494=CARTESIAN_POINT('',(1.94659928504284,-1.59348882211139,-6.14588061503968));
#1495=CARTESIAN_POINT('',(2.09878728938833,-1.35834160427412,-6.13098741172275));
#1496=CARTESIAN_POINT('',(2.25099003473411,-1.12317160996887,-6.11609276584329));
#1497=CARTESIAN_POINT('',(2.36466222941745,-0.858417874056842,-6.10166164472529));
#1498=CARTESIAN_POINT('',(2.43034316631896,-0.58603079605659,-6.08810632641745));
#1499=CARTESIAN_POINT('',(2.49602062813402,-0.313658129675454,-6.07455172530253));
#1500=CARTESIAN_POINT('',(2.51550706677461,-0.0261698655665091,-6.06088052131827));
#1501=CARTESIAN_POINT('',(2.48721545299896,0.252506020449359,-6.04593191815067));
#1502=CARTESIAN_POINT('',(2.45892646639679,0.531156028482351,-6.03098470311788));
#1503=CARTESIAN_POINT('',(2.38209985016058,0.808746741503938,-6.0155697225057));
#1504=CARTESIAN_POINT('',(2.26306561710168,1.06232481505996,-6.00147983433375));
#1505=CARTESIAN_POINT('',(2.14399439140478,1.31598169386084,-5.98738556740354));
#1506=CARTESIAN_POINT('',(1.97938777335381,1.55259143203562,-5.97415486880107));
#1507=CARTESIAN_POINT('',(1.78297011196408,1.75243190448097,-5.95993146627999));
#1508=CARTESIAN_POINT('',(1.58660695642827,1.95221692124314,-5.9457120107497));
#1509=CARTESIAN_POINT('',(1.35306313406938,2.12077474119644,-5.92995597854731));
#1510=CARTESIAN_POINT('',(1.10160731234031,2.24420616909379,-5.91548576721501));
#1511=CARTESIAN_POINT('',(0.850084885857726,2.36767029108338,-5.90101172306288));
#1512=CARTESIAN_POINT('',(0.573691983184386,2.44936919434036,-5.88743525458164));
#1513=CARTESIAN_POINT('',(0.295419907997651,2.4824840539183,-5.87385303668951));
#1514=CARTESIAN_POINT('',(0.0172280101360522,2.51558937225549,-5.86027473218286));
#1515=CARTESIAN_POINT('',(-0.270449132880159,2.50106042196417,-5.84509243000018));
#1516=CARTESIAN_POINT('',(-0.543824276793729,2.44013424957927,-5.83008920701044));
#1517=CARTESIAN_POINT('',(-0.817234278793282,2.37920030849336,-5.81508407095857));
#1518=CARTESIAN_POINT('',(-1.08391890489582,2.27015955447067,-5.80053242660205));
#1519=CARTESIAN_POINT('',(-1.32174424445523,2.12202548341189,-5.78687470597972));
#1520=CARTESIAN_POINT('',(-1.55956825594386,1.97389223956746,-5.7732170616252));
#1521=CARTESIAN_POINT('',(-1.77505870758082,1.7825922124912,-5.75941087866393));
#1522=CARTESIAN_POINT('',(-1.95031008578962,1.56406220121429,-5.74451664390803));
#1523=CARTESIAN_POINT('',(-2.12554657192447,1.34555075963492,-5.72962367479721));
#1524=CARTESIAN_POINT('',(-2.26543653008456,1.09374626474505,-5.71443672504943));
#1525=CARTESIAN_POINT('',(-2.35838624899603,0.82946627450816,-5.70053301268216));
#1526=CARTESIAN_POINT('',(-2.45135447169812,0.565133673228823,-5.68662653245948));
#1527=CARTESIAN_POINT('',(-2.49990517473746,0.281029723508671,-5.67353469607712));
#1528=CARTESIAN_POINT('',(-2.49999985725526,0.000844821685416064,-5.65923027196479));
#1529=CARTESIAN_POINT('',(-2.50009451588485,-0.27926939003653,-5.64492945683061));
#1530=CARTESIAN_POINT('',(-2.45179007394509,-0.563188476100453,-5.62905327725877));
#1531=CARTESIAN_POINT('',(-2.35907717509662,-0.827499173376485,-5.61447015088151));
#1532=CARTESIAN_POINT('',(-2.26633269514714,-1.09189990367844,-5.59988205700574));
#1533=CARTESIAN_POINT('',(-2.12656866896981,-1.34396462802755,-5.58619009417452));
#1534=CARTESIAN_POINT('',(-1.95139436242725,-1.56270919952726,-5.57251998097178));
#1535=CARTESIAN_POINT('',(-1.77627083537705,-1.78139036139508,-5.55885383045867));
#1536=CARTESIAN_POINT('',(-1.560979840641,-1.97276398337436,-5.54363988481498));
#1537=CARTESIAN_POINT('',(-1.32333987447179,-2.1210307816326,-5.52878502145113));
#1538=CARTESIAN_POINT('',(-1.08567087208738,-2.26931569597935,-5.51392834303479));
#1539=CARTESIAN_POINT('',(-0.819055211193177,-2.3785838889923,-5.49962635694458));
#1540=CARTESIAN_POINT('',(-0.545608358836212,-2.43973595267358,-5.48610099357124));
#1541=CARTESIAN_POINT('',(-0.272186987442162,-2.50088231794052,-5.4725768905499));
#1542=CARTESIAN_POINT('',(0.0155692979305117,-2.51559411197969,-5.45871113550491));
#1543=CARTESIAN_POINT('',(0.293729513051112,-2.48268463022642,-5.44371492206));
#1544=CARTESIAN_POINT('',(0.571872777628248,-2.44977715391307,-5.42871962245522));
#1545=CARTESIAN_POINT('',(0.84816029864071,-2.36835368296106,-5.41341214156867));
#1546=CARTESIAN_POINT('',(1.09973458007607,-2.24512446278261,-5.39939868904362));
#1547=CARTESIAN_POINT('',(1.35137808097315,-2.12186133667292,-5.38538138078405));
#1548=CARTESIAN_POINT('',(1.58521872165768,-1.95335351709353,-5.37218175075531));
#1549=CARTESIAN_POINT('',(1.78176411045705,-1.75365807804349,-5.35781594074573));
#1550=CARTESIAN_POINT('',(1.97825877239696,-1.55401417885676,-5.34345383844168));
#1551=CARTESIAN_POINT('',(2.14292198835243,-1.31770722956236,-5.32774122624634));
#1552=CARTESIAN_POINT('',(2.2621673632536,-1.06423626165922,-5.31334964430152));
#1553=CARTESIAN_POINT('',(2.38144659357556,-0.810693329822205,-5.29895397638639));
#1554=CARTESIAN_POINT('',(2.4585507278767,-0.532973857310353,-5.28547583450684));
#1555=CARTESIAN_POINT('',(2.48704400986313,-0.254189089073338,-5.27183859849269));
#1556=CARTESIAN_POINT('',(2.51552857833418,0.0245104241423313,-5.25820553287443));
#1557=CARTESIAN_POINT('',(2.4962306717409,0.311895993936268,-5.24283616687816));
#1558=CARTESIAN_POINT('',(2.43077808860923,0.584224172674556,-5.22787046568296));
#1559=CARTESIAN_POINT('',(2.36531525197287,0.856595013109639,-5.21290242002892));
#1560=CARTESIAN_POINT('',(2.25185826715563,1.12144726720489,-5.19848028275126));
#1561=CARTESIAN_POINT('',(2.09979176833523,1.3567883142302,-5.1848541456602));
#1562=CARTESIAN_POINT('',(1.9477332476277,1.59211701417412,-5.1712287234594));
#1563=CARTESIAN_POINT('',(1.75289377035499,1.80439122513353,-5.15723462497285));
#1564=CARTESIAN_POINT('',(1.5314923568811,1.97598865401965,-5.14230882922717));
#1565=CARTESIAN_POINT('',(1.31010260159482,2.14757704721361,-5.12738381941924));
#1566=CARTESIAN_POINT('',(1.05600314713077,2.28327501418988,-5.11231090068937));
#1567=CARTESIAN_POINT('',(0.790210329677991,2.37182791004537,-5.09847908343747));
#1568=CARTESIAN_POINT('',(0.524374525835169,2.46039512746665,-5.08464502918047));
#1569=CARTESIAN_POINT('',(0.239511200635651,2.50422236745857,-5.07155608302792));
#1570=CARTESIAN_POINT('',(-0.0406219041710411,2.49966995039375,-5.05710178422359));
#1571=CARTESIAN_POINT('',(-0.32068980971506,2.49511859287609,-5.04265084956868));
#1572=CARTESIAN_POINT('',(-0.603769513036301,2.4421137512748,-5.02682164696203));
#1573=CARTESIAN_POINT('',(-0.866508597103269,2.34502939238427,-5.01231726672935));
#1574=CARTESIAN_POINT('',(-1.12934326463886,2.24790971457725,-4.99780760985891));
#1575=CARTESIAN_POINT('',(-1.37906310545168,2.10397753542294,-4.98421520372537));
#1576=CARTESIAN_POINT('',(-1.59487274519109,1.92519633457126,-4.9704927390795));
#1577=CARTESIAN_POINT('',(-1.81061543541928,1.74647059608923,-4.95677453148305));
#1578=CARTESIAN_POINT('',(-1.99838521371567,1.52804229155808,-4.94139706978997));
#1579=CARTESIAN_POINT('',(-2.14269048237681,1.28797418325518,-4.9265889633949));
#1580=CARTESIAN_POINT('',(-2.28701691213669,1.04787087107517,-4.91177868552124));
#1581=CARTESIAN_POINT('',(-2.39185050426227,0.779466380469214,-4.89760460844119));
#1582=CARTESIAN_POINT('',(-2.44845652809518,0.505035276023484,-4.88409941846589));
#1583=CARTESIAN_POINT('',(-2.50505509845508,0.230640306686475,-4.87059600675662));
#1584=CARTESIAN_POINT('',(-2.51498879340046,-0.0573046610761305,-4.85652123541925));
#1585=CARTESIAN_POINT('',(-2.47747034368331,-0.334874149748379,-4.84149178496083));
#1586=CARTESIAN_POINT('',(-2.43995297664336,-0.612435628543884,-4.8264627682102));
#1587=CARTESIAN_POINT('',(-2.35395383810808,-0.887344794776282,-4.81126905697147));
#1588=CARTESIAN_POINT('',(-2.22656256545201,-1.13684613828246,-4.79732839970833));
#1589=CARTESIAN_POINT('',(-2.09914140898802,-1.38640601052511,-4.78338447220606));
#1590=CARTESIAN_POINT('',(-1.92678032559838,-1.61741095224914,-4.77017481381457));
#1591=CARTESIAN_POINT('',(-1.72386222212796,-1.81060736746542,-4.75567990111651));
#1592=CARTESIAN_POINT('',(-1.52099198964392,-2.00375820516642,-4.7411884079545));
#1593=CARTESIAN_POINT('',(-1.28198558085376,-2.16448186531504,-4.72553616799444));
#1594=CARTESIAN_POINT('',(-1.02656873090406,-2.27950798215975,-4.71122512637639));
#1595=CARTESIAN_POINT('',(-0.771076969386117,-2.39456783517655,-4.69690988745276));
#1596=CARTESIAN_POINT('',(-0.492110364579092,-2.46705477311604,-4.68352181110105));
#1597=CARTESIAN_POINT('',(-0.212892937710797,-2.49091882586986,-4.66981518626333));
#1598=CARTESIAN_POINT('',(0.0662369948971247,-2.51477540069628,-4.65611285646915));
#1599=CARTESIAN_POINT('',(0.353253365172525,-2.49071473154927,-4.64057772327093));
#1600=CARTESIAN_POINT('',(0.624460457845792,-2.42075383642927,-4.62565809460053));
#1601=CARTESIAN_POINT('',(0.895717969640669,-2.35077993513437,-4.61073569227637));
#1602=CARTESIAN_POINT('',(1.15866498401172,-2.23293753673245,-4.59644193348019));
#1603=CARTESIAN_POINT('',(1.39145673988651,-2.07698053458005,-4.5828377232838));
#1604=CARTESIAN_POINT('',(1.62422569382859,-1.92103880840276,-4.56923484561864));
#1605=CARTESIAN_POINT('',(1.83322585098398,-1.72271411037993,-4.55504118563273));
#1606=CARTESIAN_POINT('',(2.00112319101133,-1.49850124270774,-4.54009731246777));
#1607=CARTESIAN_POINT('',(2.16901701669588,-1.27429306814669,-4.52515375210046));
#1608=CARTESIAN_POINT('',(2.30048550410951,-1.01796755061797,-4.5101999907019));
#1609=CARTESIAN_POINT('',(2.3846168335874,-0.750734678146399,-4.49643541623259));
#1610=CARTESIAN_POINT('',(2.46875837706561,-0.483469362152796,-4.48266917066919));
#1611=CARTESIAN_POINT('',(2.50785006523013,-0.197927656251337,-4.46953836078197));
#1612=CARTESIAN_POINT('',(2.49865230406834,0.0820771793739156,-4.45495236732753));
#1613=CARTESIAN_POINT('',(2.48945647773968,0.362023113422529,-4.44036944217013));
#1614=CARTESIAN_POINT('',(2.43176522187073,0.644186941565548,-4.42459968564952));
#1615=CARTESIAN_POINT('',(2.33033548985886,0.905282555175667,-4.41017606141981));
#1616=CARTESIAN_POINT('',(2.22886773268496,1.16647605135749,-4.39574702989346));
#1617=CARTESIAN_POINT('',(2.08080861755685,1.41377908644544,-4.38224605123731));
#1618=CARTESIAN_POINT('',(1.89847258183434,1.62659209884447,-4.3684570347741));
#1619=CARTESIAN_POINT('',(1.7161947346606,1.83933719663571,-4.35467241877322));
#1620=CARTESIAN_POINT('',(1.49468879734742,2.02345334258199,-4.33915448864464));
#1621=CARTESIAN_POINT('',(1.2522582115202,2.16375815924059,-4.32440066471134));
#1622=CARTESIAN_POINT('',(1.0097862868223,2.30408690044918,-4.30964432497988));
#1623=CARTESIAN_POINT('',(0.739666856172546,2.40445697635981,-4.29559588737412));
#1624=CARTESIAN_POINT('',(0.46432748544212,2.45650157465103,-4.28210032689519));
#1625=CARTESIAN_POINT('',(0.189034391060248,2.50853742579518,-4.26860703461807));
#1626=CARTESIAN_POINT('',(-0.0990201566312109,2.51369143311911,-4.25431389617511));
#1627=CARTESIAN_POINT('',(-0.375924085922988,2.47157461583157,-4.23926483642171));
#1628=CARTESIAN_POINT('',(-0.652828830906154,2.42945767447817,-4.22421573233746));
#1629=CARTESIAN_POINT('',(-0.926284816861545,2.33890584346312,-4.20914101560604));
#1630=CARTESIAN_POINT('',(-1.17364475243094,2.20738714209613,-4.19526861340819));
#1631=CARTESIAN_POINT('',(-1.42105179753716,2.07584339307908,-4.18139356922048));
#1632=CARTESIAN_POINT('',(-1.64915585153697,1.89967843289402,-4.16813255460397));
#1633=CARTESIAN_POINT('',(-1.83895100815315,1.69359357273595,-4.1535260607217));
#1634=CARTESIAN_POINT('',(-2.02870617513805,1.48755213443181,-4.13892264441165));
#1635=CARTESIAN_POINT('',(-2.18544668609115,1.24591077518642,-4.12334212688415));
#1636=CARTESIAN_POINT('',(-2.29622190742417,0.988617697527864,-4.10911258045985));
#1637=CARTESIAN_POINT('',(-2.40702950027701,0.731249431863719,-4.09487887577671));
#1638=CARTESIAN_POINT('',(-2.47487858034746,0.451115471988839,-4.08157163075368));
#1639=CARTESIAN_POINT('',(-2.49410748841285,0.171545434923022,-4.06778074160731));
#1640=CARTESIAN_POINT('',(-2.51333039999573,-0.107937418989509,-4.05399415311208));
#1641=CARTESIAN_POINT('',(-2.48451470110638,-0.394507238312514,-4.03831934783953));
#1642=CARTESIAN_POINT('',(-2.41006515832999,-0.664519324477354,-4.02345345101321));
#1643=CARTESIAN_POINT('',(-2.33559956917608,-0.934589607317518,-4.00858435008672));
#1644=CARTESIAN_POINT('',(-2.21340415374854,-1.1955590585842,-3.99441680519361));
#1645=CARTESIAN_POINT('',(-2.05360001107291,-1.42573735117003,-3.98082410826675));
#1646=CARTESIAN_POINT('',(-1.89381849912143,-1.65588304696984,-3.96723333627481));
#1647=CARTESIAN_POINT('',(-1.69206380109971,-1.86155271080815,-3.95283344425323));
#1648=CARTESIAN_POINT('',(-1.46510034665906,-2.02570505607788,-3.93788420243877));
#1649=CARTESIAN_POINT('',(-1.23813467699576,-2.18985900351741,-3.9229348147158));
#1650=CARTESIAN_POINT('',(-0.979652910741154,-2.31706189466705,-3.90810429246337));
#1651=CARTESIAN_POINT('',(-0.711053387501011,-2.39674843905724,-3.89440142351929));
#1652=CARTESIAN_POINT('',(-0.442432559688021,-2.4764413039642,-3.88069746770146));
#1653=CARTESIAN_POINT('',(-0.156293228321969,-2.51078717472234,-3.8674848164161));
#1654=CARTESIAN_POINT('',(0.123507180379811,-2.49694733152196,-3.85278480663456));
#1655=CARTESIAN_POINT('',(0.403255782382959,-2.48311005085031,-3.83808751864667));
#1656=CARTESIAN_POINT('',(0.684427704032259,-2.42074777526937,-3.8223886671587));
#1657=CARTESIAN_POINT('',(0.943808678131172,-2.31500003867911,-3.80804686061845));
#1658=CARTESIAN_POINT('',(1.20328677968395,-2.20921270393235,-3.79369968366444));
#1659=CARTESIAN_POINT('',(1.44810226548122,-2.0570690631969,-3.78028102381257));
#1660=CARTESIAN_POINT('',(1.65785824952486,-1.87123115207137,-3.76641073862484));
#1661=CARTESIAN_POINT('',(1.86754741339008,-1.68545244174737,-3.75254487197581));
#1662=CARTESIAN_POINT('',(2.04796125081572,-1.46092928312941,-3.73691414031029));
#1663=CARTESIAN_POINT('',(2.18422776888154,-1.21620271897688,-3.72222122492953));
#1664=CARTESIAN_POINT('',(2.32052073020343,-0.971428664308756,-3.70752545830893));
#1665=CARTESIAN_POINT('',(2.41639968714024,-0.69966881607356,-3.69359936660167));
#1666=CARTESIAN_POINT('',(2.46386887589078,-0.423497535313593,-3.68010216304332));
#1667=CARTESIAN_POINT('',(2.51132847159698,-0.147382065984455,-3.66660768713371));
#1668=CARTESIAN_POINT('',(2.51170264802949,0.140703222043564,-3.65209192901746));
#1669=CARTESIAN_POINT('',(2.4649993838079,0.416866930598556,-3.63703610968664));
#1670=CARTESIAN_POINT('',(2.41829452313399,0.693040079225906,-3.62197977570447));
#1671=CARTESIAN_POINT('',(2.32321438041876,0.96496833299362,-3.60702823790397));
#1672=CARTESIAN_POINT('',(2.18760420273175,1.21011894134022,-3.59321867015969));
#1673=CARTESIAN_POINT('',(2.05197450143267,1.45530484368509,-3.57940711427079));
#1674=CARTESIAN_POINT('',(1.87205597552791,1.68044416848022,-3.56605812195124));
#1675=CARTESIAN_POINT('',(1.66286095863413,1.86678692738362,-3.55135700735769));
#1676=CARTESIAN_POINT('',(1.45370417797777,2.05309562693859,-3.53665857980381));
#1677=CARTESIAN_POINT('',(1.20949300450194,2.20581051755451,-3.52116012875334));
#1678=CARTESIAN_POINT('',(0.950393761805965,2.31230441281426,-3.50701209342235));
#1679=CARTESIAN_POINT('',(0.691221579505511,2.41882828740749,-3.49286007524644));
#1680=CARTESIAN_POINT('',(0.409999994507459,2.48202032505471,-3.47962346923633));
#1681=CARTESIAN_POINT('',(0.130157101662782,2.49660952671553,-3.46573296620703));
#1682=CARTESIAN_POINT('',(-0.149600921839018,2.51119430383677,-3.45184667581952));
#1683=CARTESIAN_POINT('',(-0.435647092568849,2.47763243990064,-3.43606297729943));
#1684=CARTESIAN_POINT('',(-0.704390375652677,2.39871511411586,-3.42125757334208));
#1685=CARTESIAN_POINT('',(-0.973199687182285,2.31977839886651,-3.40644853179499));
#1686=CARTESIAN_POINT('',(-1.2321196316664,2.19326360038135,-3.39240401977663));
#1687=CARTESIAN_POINT('',(-1.4596209051182,2.02965682156909,-3.37881169858394));
#1688=CARTESIAN_POINT('',(-1.68708054443402,1.86607998380626,-3.36522186486985));
#1689=CARTESIAN_POINT('',(-1.88936437565866,1.66095121077415,-3.35061402256346));
#1690=CARTESIAN_POINT('',(-2.04972776051478,1.43129874861088,-3.33567131964918));
#1691=CARTESIAN_POINT('',(-2.21009742294435,1.20163729648895,-3.32072803178893));
#1692=CARTESIAN_POINT('',(-2.33299967374656,0.941069805760958,-3.30602379229633));
#1693=CARTESIAN_POINT('',(-2.40821941305702,0.671177516440567,-3.29237622643029));
#1694=CARTESIAN_POINT('',(-2.48344189885304,0.401275372588829,-3.27872816225299));
#1695=CARTESIAN_POINT('',(-2.51303311254875,0.114618872013835,-3.26539856222854));
#1696=CARTESIAN_POINT('',(-2.49455558804355,-0.164901237596049,-3.25060164725537));
#1697=CARTESIAN_POINT('',(-2.47608097283953,-0.444377336538533,-3.23580706206843));
#1698=CARTESIAN_POINT('',(-2.40906416247968,-0.724481606691852,-3.22018957035969));
#1699=CARTESIAN_POINT('',(-2.29902680826139,-0.982077255054542,-3.20592970853914));
#1700=CARTESIAN_POINT('',(-2.18894946227135,-1.23976652350146,-3.19166466414088));
#1701=CARTESIAN_POINT('',(-2.03276459276662,-1.48202473430369,-3.17831826034035));
#1702=CARTESIAN_POINT('',(-1.84347840398603,-1.68866437578256,-3.16435151515739));
#1703=CARTESIAN_POINT('',(-1.65425099026787,-1.895239853796,-3.1503891067743));
#1704=CARTESIAN_POINT('',(-1.42677155012187,-2.07190357078511,-3.13467774988709));
#1705=CARTESIAN_POINT('',(-1.17981619052533,-2.20409477032506,-3.12005146541232));
#1706=CARTESIAN_POINT('',(-0.932807154897883,-2.33631470177399,-3.10542200189783));
#1707=CARTESIAN_POINT('',(-0.659481969938581,-2.42767596362595,-3.09161395659421));
#1708=CARTESIAN_POINT('',(-0.382555481597684,-2.47055688125159,-3.0781031418355));
#1709=CARTESIAN_POINT('',(-0.105693623395957,-2.51342779116835,-3.06459548028125));
#1710=CARTESIAN_POINT('',(0.182343824151824,-2.50902313095359,-3.04985791921928));
#1711=CARTESIAN_POINT('',(0.457692762888372,-2.4577463935076,-3.03480738772629));
#1712=CARTESIAN_POINT('',(0.733059524393784,-2.40646633702416,-3.01975588204344));
#1713=CARTESIAN_POINT('',(1.00338571704918,-2.30688339599625,-3.00493067217084));
#1714=CARTESIAN_POINT('',(1.24625953352999,-2.16721876493482,-2.99117765589207));
#1715=CARTESIAN_POINT('',(1.4891567135774,-2.0275406986503,-2.97742331662378));
#1716=CARTESIAN_POINT('',(1.7112686156992,-1.84391959663104,-2.96395450283078));
#1717=CARTESIAN_POINT('',(1.89410875628933,-1.63167154150217,-2.94917511828113));
#1718=CARTESIAN_POINT('',(2.07692097611083,-1.41945589790407,-2.93439799063073));
#1719=CARTESIAN_POINT('',(2.22556862809125,-1.17274061051031,-2.91899094368005));
#1720=CARTESIAN_POINT('',(2.32775172093177,-0.911905656139489,-2.90492350889845));
#1721=CARTESIAN_POINT('',(2.42996161068171,-0.651002299350478,-2.89085238501561));
#1722=CARTESIAN_POINT('',(2.48847864074281,-0.368772706546559,-2.87767529155323));
#1723=CARTESIAN_POINT('',(2.49842467380377,-0.0887364036263447,-2.86366939469066));
#1724=CARTESIAN_POINT('',(2.50836782646067,0.19121879985496,-2.84966755398212));
#1725=CARTESIAN_POINT('',(2.47006955289196,0.476664450088009,-2.8338103106479));
#1726=CARTESIAN_POINT('',(2.38670630240307,0.744065202834719,-2.8190712576707));
#1727=CARTESIAN_POINT('',(2.30332001603561,1.01153984678928,-2.80432813183127));
#1728=CARTESIAN_POINT('',(2.17252053974334,1.26833858231862,-2.79040247176386));
#1729=CARTESIAN_POINT('',(2.00515664028189,1.49309974480389,-2.77679869774275));
#1730=CARTESIAN_POINT('',(1.83782982040196,1.71781111130644,-2.76319793764669));
#1731=CARTESIAN_POINT('',(1.62938345475507,1.91665470103255,-2.74838534861587));
#1732=CARTESIAN_POINT('',(1.39710418332889,2.07318593013866,-2.73346027099405));
#1733=CARTESIAN_POINT('',(1.16480932076376,2.22972766599438,-2.7185341915654));
#1734=CARTESIAN_POINT('',(0.902227224344976,2.34829514648163,-2.70395824450887));
#1735=CARTESIAN_POINT('',(0.631116448998525,2.41902708289996,-2.69035873174007));
#1736=CARTESIAN_POINT('',(0.360007338855745,2.48975858487196,-2.67675930250155));
#1737=CARTESIAN_POINT('',(0.0729138152402785,2.51458749704698,-2.66328258028367));
#1738=CARTESIAN_POINT('',(-0.206250363809489,2.49147763133215,-2.64840525890679));
#1739=CARTESIAN_POINT('',(-0.485378879030189,2.46837071795276,-2.63352983813997));
#1740=CARTESIAN_POINT('',(-0.764339911822677,2.39671679571564,-2.61800315574296));
#1741=CARTESIAN_POINT('',(-1.02007989568825,2.2824191127864,-2.60382444184978));
#1742=CARTESIAN_POINT('',(-1.27590760978437,2.16808222064973,-2.58964086402481));
#1743=CARTESIAN_POINT('',(-1.51553973657912,2.00790014980084,-2.57635572153536));
#1744=CARTESIAN_POINT('',(-1.71900468392258,1.81521979293204,-2.56227689479221));
#1745=CARTESIAN_POINT('',(-1.92240921652037,1.62259664854581,-2.54820224846809));
#1746=CARTESIAN_POINT('',(-2.09527573186651,1.39222230244792,-2.53244684152874));
#1747=CARTESIAN_POINT('',(-2.22335529878069,1.14310595107533,-2.51789200310327));
#1748=CARTESIAN_POINT('',(-2.35146563903927,0.893929745164951,-2.50333366762463));
#1749=CARTESIAN_POINT('',(-2.43828351351524,0.619114885827186,-2.48963837841629));
#1750=CARTESIAN_POINT('',(-2.47656429892635,0.341510282837023,-2.47610132290369));
#1751=CARTESIAN_POINT('',(-2.51483507574221,0.0639782601788443,-2.46256780668392));
#1752=CARTESIAN_POINT('',(-2.50565357144897,-0.223933003863944,-2.44761429466804));
#1753=CARTESIAN_POINT('',(-2.44981728429885,-0.498392690105504,-2.43258027705553));
#1754=CARTESIAN_POINT('',(-2.39397571439544,-0.772878343381858,-2.41754483705248));
#1755=CARTESIAN_POINT('',(-2.28991650773442,-1.04152835696505,-2.40284807129327));
#1756=CARTESIAN_POINT('',(-2.14623540601352,-1.28205833797608,-2.38914447749412));
#1757=CARTESIAN_POINT('',(-2.00254740601714,-1.52259986707556,-2.37544022577152));
#1758=CARTESIAN_POINT('',(-1.81527529455963,-1.74162269062593,-2.36182457872536));
#1759=CARTESIAN_POINT('',(-1.60003178728919,-1.92091079430154,-2.34698262676233));
#1760=CARTESIAN_POINT('',(-1.38481435992556,-2.10017717459465,-2.33214247311939));
#1761=CARTESIAN_POINT('',(-1.13566123687515,-2.24471670344198,-2.3168351599025));
#1762=CARTESIAN_POINT('',(-0.873161445551022,-2.34256037062084,-2.302846498339));
#1763=CARTESIAN_POINT('',(-0.610599779903606,-2.44042710071592,-2.28885453948157));
#1764=CARTESIAN_POINT('',(-0.327441673835409,-2.49425226925371,-2.27572491953718));
#1765=CARTESIAN_POINT('',(-0.0472911104025999,-2.49955267015458,-2.26158746579591));
#1766=CARTESIAN_POINT('',(0.232783044966695,-2.50485162542791,-2.24745386789363));
#1767=CARTESIAN_POINT('',(0.517551508703168,-2.46182750470804,-2.23156288128148));
#1768=CARTESIAN_POINT('',(0.783536053810392,-2.37404112272286,-2.21689513010646));
#1769=CARTESIAN_POINT('',(1.04960227646978,-2.28622778361959,-2.20222287481257));
#1770=CARTESIAN_POINT('',(1.30420824152823,-2.15117940689431,-2.1884108996731));
#1771=CARTESIAN_POINT('',(1.52616658054974,-1.98010493873762,-2.17478318805939));
#1772=CARTESIAN_POINT('',(1.74806799539998,-1.80907434490604,-2.16115897145377));
#1773=CARTESIAN_POINT('',(1.94341780700773,-1.59736740355602,-2.14614972660373));
#1774=CARTESIAN_POINT('',(2.09607441370636,-1.36252414738437,-2.13125252287298));
#1775=CARTESIAN_POINT('',(2.2487453310212,-1.12765887610458,-2.11635392262118));
#1776=CARTESIAN_POINT('',(2.36294480799344,-0.863133851830069,-2.10190724503183));
#1777=CARTESIAN_POINT('',(2.42916893806612,-0.590879234983515,-2.08834770453818));
#1778=CARTESIAN_POINT('',(2.49538989179435,-0.318637676435238,-2.07478881440825));
#1779=CARTESIAN_POINT('',(2.51544998692048,-0.031186984539734,-2.06113978149351));
#1780=CARTESIAN_POINT('',(2.48771402351979,0.24754582845,-2.0461979036968));
#1781=CARTESIAN_POINT('',(2.45998074113522,0.526251698544057,-2.0312574702132));
#1782=CARTESIAN_POINT('',(2.38370807233054,0.803993998595415,-2.01583003826156));
#1783=CARTESIAN_POINT('',(2.26518027182739,1.05780827002062,-2.00173075962181));
#1784=CARTESIAN_POINT('',(2.14661517589236,1.31170240551844,-1.98762704456559));
#1785=CARTESIAN_POINT('',(1.98248064518994,1.54864052765894,-1.97439125712475));
#1786=CARTESIAN_POINT('',(1.78646073670321,1.74887336197274,-1.96018434570226));
#1787=CARTESIAN_POINT('',(1.5904956598224,1.94905018622129,-1.94598140830351));
#1788=CARTESIAN_POINT('',(1.35728822540549,2.11807313691922,-1.93022280955405));
#1789=CARTESIAN_POINT('',(1.10607931639455,2.24200547408889,-1.91574332092063));
#1790=CARTESIAN_POINT('',(0.85480450966235,2.36597032148538,-1.90126003399316));
#1791=CARTESIAN_POINT('',(0.578576327026872,2.44822000412367,-1.88767123247954));
#1792=CARTESIAN_POINT('',(0.300371191640657,2.48188983382268,-1.87409468279497));
#1793=CARTESIAN_POINT('',(0.0222454964096208,2.51555004926172,-1.86052200982968));
#1794=CARTESIAN_POINT('',(-0.265461457780556,2.501594717537,-1.84536339665183));
#1795=CARTESIAN_POINT('',(-0.538957458096369,2.44121380840808,-1.83035628078664));
#1796=CARTESIAN_POINT('',(-0.812487371627427,2.3808254121102,-1.81534730405493));
#1797=CARTESIAN_POINT('',(-1.07938733552969,2.27231753227399,-1.80078006525115));
#1798=CARTESIAN_POINT('',(-1.31750689658226,2.12465893203078,-1.7871179349406));
#1799=CARTESIAN_POINT('',(-1.55562648715372,1.97700031348283,-1.7734558029364));
#1800=CARTESIAN_POINT('',(-1.77149960469287,1.78612936663117,-1.75967118866582));
#1801=CARTESIAN_POINT('',(-1.94718705873145,1.56794851902375,-1.74478169145933));
#1802=CARTESIAN_POINT('',(-2.12285889867365,1.34978706208256,-1.72989351754621));
#1803=CARTESIAN_POINT('',(-2.26325018788966,1.09826303781702,-1.71469325480341));
#1804=CARTESIAN_POINT('',(-2.35672671109293,0.834169772421129,-1.7007806293066));
#1805=CARTESIAN_POINT('',(-2.45022223796617,0.570022817167221,-1.68686517538897));
#1806=CARTESIAN_POINT('',(-2.49933984669975,0.286015598316277,-1.67377009865107));
#1807=CARTESIAN_POINT('',(-2.49999320302391,0.00582965129743132,-1.65948459580324));
#1808=CARTESIAN_POINT('',(-2.50064639306836,-0.274284988171625,-1.64520272862742));
#1809=CARTESIAN_POINT('',(-2.45290786510489,-0.55829980876712,-1.62932212832483));
#1810=CARTESIAN_POINT('',(-2.36072216293102,-0.822794548746556,-1.61472971693868));
#1811=CARTESIAN_POINT('',(-2.26850538258834,-1.08737845669874,-1.60013238607571));
#1812=CARTESIAN_POINT('',(-2.12924511835094,-1.33972018032015,-1.58642795455521));
#1813=CARTESIAN_POINT('',(-1.95450784438871,-1.55881335836687,-1.57276320377156));
#1814=CARTESIAN_POINT('',(-1.7798206569561,-1.7778437357489,-1.55910236983935));
#1815=CARTESIAN_POINT('',(-1.56491077984054,-1.96964716929873,-1.54390940890427));
#1816=CARTESIAN_POINT('',(-1.32756708122498,-2.11838751054848,-1.52904947400048));
#1817=CARTESIAN_POINT('',(-1.09019509286993,-2.2671455806258,-1.51418776789446));
#1818=CARTESIAN_POINT('',(-0.823799411799892,-2.3769448467303,-1.49987030214107));
#1819=CARTESIAN_POINT('',(-0.550475974799003,-2.43864228643093,-1.48634183964368));
#1820=CARTESIAN_POINT('',(-0.277176707941773,-2.50033427019263,-1.47281457347577));
#1821=CARTESIAN_POINT('',(0.0105515574923594,-2.51562026221744,-1.45897307193209));
#1822=CARTESIAN_POINT('',(0.288777736674133,-2.48326547489409,-1.44398180746562));
#1823=CARTESIAN_POINT('',(0.566985888490298,-2.45091278396434,-1.42899151434198));
#1824=CARTESIAN_POINT('',(0.843434051901126,-2.37004083335311,-1.41367075838093));
#1825=CARTESIAN_POINT('',(1.09525288607344,-2.24731420045079,-1.39964829184144));
#1826=CARTESIAN_POINT('',(1.34714215829905,-2.12455323880124,-1.38562190297721));
#1827=CARTESIAN_POINT('',(1.58131922412981,-1.95651189975482,-1.37242047530883));
#1828=CARTESIAN_POINT('',(1.77826361705739,-1.75720758826325,-1.35807138936942));
#1829=CARTESIAN_POINT('',(1.97515669598934,-1.5579552056457,-1.34372604209412));
#1830=CARTESIAN_POINT('',(2.14029049523156,-1.32197707554669,-1.32800698443265));
#1831=CARTESIAN_POINT('',(2.2600408788404,-1.06874469634726,-1.31360582999806));
#1832=CARTESIAN_POINT('',(2.37982503937537,-0.815440890141848,-1.29920061355786));
#1833=CARTESIAN_POINT('',(2.45748274592697,-0.537876708618209,-1.28571106945305));
#1834=CARTESIAN_POINT('',(2.48653204533978,-0.259149353652236,-1.27208119743599));
#1835=CARTESIAN_POINT('',(2.51557250800638,0.0194932129384756,-1.25845547160222));
#1836=CARTESIAN_POINT('',(2.49684760108411,0.306917944162725,-1.2431075629185));
#1837=CARTESIAN_POINT('',(2.43193823094785,0.579375906345992,-1.22813688143428));
#1838=CARTESIAN_POINT('',(2.36701891979869,0.851875596065856,-1.21316390715724));
#1839=CARTESIAN_POINT('',(2.25409123046157,1.11695199134907,-1.1987262404234));
#1840=CARTESIAN_POINT('',(2.10249527694576,1.35259513913838,-1.18509680192497));
#1841=CARTESIAN_POINT('',(1.95090643239812,1.58822723663512,-1.17146800256789));
#1842=CARTESIAN_POINT('',(1.75648959957089,1.80089116996876,-1.157497208268));
#1843=CARTESIAN_POINT('',(1.53543021755438,1.97293031985938,-1.14257447858108));
#1844=CARTESIAN_POINT('',(1.31438332990107,2.1449597460296,-1.1276525923327));
#1845=CARTESIAN_POINT('',(1.0605561374848,2.28116365917256,-1.11256567378927));
#1846=CARTESIAN_POINT('',(0.794941348103922,2.37024645407914,-1.09872544211963));
#1847=CARTESIAN_POINT('',(0.529282360081908,2.45934407247688,-1.08488290741771));
#1848=CARTESIAN_POINT('',(0.244506035047818,2.50373981552889,-1.07179607330011));
#1849=CARTESIAN_POINT('',(-0.0356373467072647,2.499745982999,-1.05735882118784));
#1850=CARTESIAN_POINT('',(-0.315714827405399,2.49575308998011,-1.04292496530134));
#1851=CARTESIAN_POINT('',(-0.598899491783056,2.44331259112533,-1.02708943579881));
#1852=CARTESIAN_POINT('',(-0.861831320519174,2.34675238893501,-1.01257546407938));
#1853=CARTESIAN_POINT('',(-1.12485823993648,2.25015726523882,-0.998056243305605));
#1854=CARTESIAN_POINT('',(-1.37486379525857,2.1067240012567,-0.984452279393425));
#1855=CARTESIAN_POINT('',(-1.59102954324373,1.92837366517116,-0.970736848371804));
#1856=CARTESIAN_POINT('',(-1.80712862081307,1.75007833637138,-0.957025647499955));
#1857=CARTESIAN_POINT('',(-1.99533428679911,1.53202403953818,-0.941666716179459));
#1858=CARTESIAN_POINT('',(-2.14011786648163,1.29224437223232,-0.926852573325386));
#1859=CARTESIAN_POINT('',(-2.2849222569919,1.0524302395999,-0.912036301123663));
#1860=CARTESIAN_POINT('',(-2.39029050551887,0.784236896523525,-0.897846947278655));
#1861=CARTESIAN_POINT('',(-2.44744386851757,0.509920102031432,-0.884339875028644));
#1862=CARTESIAN_POINT('',(-2.50458996440988,0.235638187189941,-0.870834520216172));
#1863=CARTESIAN_POINT('',(-2.51509816674834,-0.0522882865235534,-0.856785470793581));
#1864=CARTESIAN_POINT('',(-2.4781332451588,-0.329932749569881,-0.841759280156748));
#1865=CARTESIAN_POINT('',(-2.44116953255772,-0.607568131873225,-0.82673358097209));
#1866=CARTESIAN_POINT('',(-2.35571926634025,-0.882646957510949,-0.811525896219091));
#1867=CARTESIAN_POINT('',(-2.22882652626334,-1.1324011284986,-0.797576710507637));
#1868=CARTESIAN_POINT('',(-2.10190337334452,-1.38221515897162,-0.783624181544398));
#1869=CARTESIAN_POINT('',(-1.93000291325268,-1.61356446555908,-0.770418006176879));
#1870=CARTESIAN_POINT('',(-1.72746927643304,-1.80716626212973,-0.755937676286737));
#1871=CARTESIAN_POINT('',(-1.5249839930846,-2.00072183764276,-0.74146080347279));
#1872=CARTESIAN_POINT('',(-1.28629869722593,-2.16192141555596,-0.725800685902909));
#1873=CARTESIAN_POINT('',(-1.03111209318696,-2.27745644333401,-0.711479893091973));
#1874=CARTESIAN_POINT('',(-0.775850788909879,-2.39302529143785,-0.697154908185464));
#1875=CARTESIAN_POINT('',(-0.497029887336131,-2.4660684026836,-0.683756473890694));
#1876=CARTESIAN_POINT('',(-0.21786023330118,-2.49048929303982,-0.670058967326585));
#1877=CARTESIAN_POINT('',(0.0612220500455523,-2.51490254048082,-0.656365747620156));
#1878=CARTESIAN_POINT('',(0.348286898681733,-2.4914140351951,-0.640849255569128));
#1879=CARTESIAN_POINT('',(0.619632672852282,-2.42199408561085,-0.62592366566202));
#1880=CARTESIAN_POINT('',(0.891027933639751,-2.35256147558085,-0.61099535370423));
#1881=CARTESIAN_POINT('',(1.15420781661005,-2.23524457583828,-0.59668625632351));
#1882=CARTESIAN_POINT('',(1.38730943853158,-2.07975299537258,-0.58307994627214));
#1883=CARTESIAN_POINT('',(1.6203894822664,-1.92427580874218,-0.569474895755116));
#1884=CARTESIAN_POINT('',(1.82978623261908,-1.72636717639048,-0.555305676506742));
#1885=CARTESIAN_POINT('',(1.99813076792938,-1.50248907957893,-0.540363288856373));
#1886=CARTESIAN_POINT('',(2.16647114550199,-1.2786165120612,-0.525421270249931));
#1887=CARTESIAN_POINT('',(2.2984500057543,-1.02255492060783,-0.510452948158039));
#1888=CARTESIAN_POINT('',(2.38311412011316,-0.755491290828204,-0.496680565754695));
#1889=CARTESIAN_POINT('',(2.46778893336712,-0.488393912561623,-0.482906442953124));
#1890=CARTESIAN_POINT('',(2.50745047179173,-0.202929481033435,-0.469782875076323));
#1891=CARTESIAN_POINT('',(2.49881099538272,0.0770948075710229,-0.455211767555893));
#1892=CARTESIAN_POINT('',(2.49017336093311,0.357059394250849,-0.440643766634419));
#1893=CARTESIAN_POINT('',(2.43304468394559,0.639337350594301,-0.424866238128153));
#1894=CARTESIAN_POINT('',(2.33213589805095,0.90063430593279,-0.41043283123153));
#1895=CARTESIAN_POINT('',(2.23118935386388,1.16202903399504,-0.395994023607969));
#1896=CARTESIAN_POINT('',(2.08362412823363,1.40962636355373,-0.382482516750139));
#1897=CARTESIAN_POINT('',(1.90171264475214,1.62280282745311,-0.368702269126794));
#1898=CARTESIAN_POINT('',(1.719859117865,1.83591137380487,-0.354926411859716));
#1899=CARTESIAN_POINT('',(1.49871997007205,2.02046932778897,-0.339423995025742));
#1900=CARTESIAN_POINT('',(1.25656988334157,2.16125707130803,-0.324663277423566));
#1901=CARTESIAN_POINT('',(1.01437919535706,2.30206842067838,-0.309900084894979));
#1902=CARTESIAN_POINT('',(0.744461993678835,2.40297655244305,-0.295836697895662));
#1903=CARTESIAN_POINT('',(0.469227777525592,2.45557025816782,-0.282340561848898));
#1904=CARTESIAN_POINT('',(0.194038648758043,2.50815534827522,-0.268846636666393));
#1905=CARTESIAN_POINT('',(-0.09400690035036,2.51388396964194,-0.254580074137011));
#1906=CARTESIAN_POINT('',(-0.370994789634694,2.47231932930673,-0.239532676558318));
#1907=CARTESIAN_POINT('',(-0.64798244302137,2.4307547243702,-0.224485291794791));
#1908=CARTESIAN_POINT('',(-0.92161706758114,2.34074892230304,-0.209396028587629));
#1909=CARTESIAN_POINT('',(-1.16923803000636,2.20972451432002,-0.195515690669641));
#1910=CARTESIAN_POINT('',(-1.41690750176661,2.07867443844992,-0.181632633571679));
#1911=CARTESIAN_POINT('',(-1.64536368113994,1.90296410927215,-0.168379822913188));
#1912=CARTESIAN_POINT('',(-1.83557043826016,1.6972569534945,-0.153785834095016));
#1913=CARTESIAN_POINT('',(-2.02573651355643,1.49159379479887,-0.139194966670073));
#1914=CARTESIAN_POINT('',(-2.18295811653596,1.25026575833162,-0.123605260287525));
#1915=CARTESIAN_POINT('',(-2.29424598163266,0.993194530674824,-0.109365897812178));
#1916=CARTESIAN_POINT('',(-2.40556644119803,0.736048010891002,-0.095122364851094));
#1917=CARTESIAN_POINT('',(-2.47397409360813,0.456050164493324,-0.081805923132909));
#1918=CARTESIAN_POINT('',(-2.49376047215901,0.176518292245491,-0.0680259664039113));
#1919=CARTESIAN_POINT('',(-2.51354066862772,-0.102926242695984,-0.0542503151027447));
#1920=CARTESIAN_POINT('',(-2.485296137702,-0.389553825078732,-0.0385907640661421));
#1921=CARTESIAN_POINT('',(-2.41138510738625,-0.659713471043165,-0.023718032649046));
#1922=CARTESIAN_POINT('',(-2.37106409761212,-0.807094852130242,-0.0156044459993309));
#1923=CARTESIAN_POINT('',(-2.31694700469726,-0.951373133035622,-0.0076566814634812));
#1924=CARTESIAN_POINT('',(-2.25038212201986,-1.08893539977971,3.79894276843554E-16));
#1925=CARTESIAN_POINT('',(0.,0.,-10.));
#1926=CARTESIAN_POINT('',(-1.46681599956243,-1.47943523048677,-10.));
#1927=CARTESIAN_POINT('',(-1.33197455335612,-1.64473134542003,-10.));
#1928=CARTESIAN_POINT('',(-1.16847218014333,-1.7894629383771,-9.99999999999999));
#1929=CARTESIAN_POINT('',(-0.989919043113023,-1.90618396683245,-9.99999999999999));
#1930=CARTESIAN_POINT('',(-0.795409653351511,-2.0333356730124,-9.99999999999999));
#1931=CARTESIAN_POINT('',(-0.578060961908368,-2.13064783366782,-10.));
#1932=CARTESIAN_POINT('',(-0.353721682829859,-2.19125597629241,-10.));
#1933=CARTESIAN_POINT('',(-0.113522055520476,-2.25614899605309,-10.));
#1934=CARTESIAN_POINT('',(0.141589775921273,-2.27901404975833,-10.));
#1935=CARTESIAN_POINT('',(0.389611712259976,-2.25921293696063,-10.));
#1936=CARTESIAN_POINT('',(0.632713058450696,-2.23980466506237,-10.));
#1937=CARTESIAN_POINT('',(0.87532958298415,-2.180573781439,-10.));
#1938=CARTESIAN_POINT('',(1.10087798424489,-2.08782215489509,-10.));
#1939=CARTESIAN_POINT('',(1.34565627674526,-1.98716267495577,-10.));
#1940=CARTESIAN_POINT('',(1.57709205854787,-1.84391459251294,-10.));
#1941=CARTESIAN_POINT('',(1.77475765727427,-1.66791159691007,-10.));
#1942=CARTESIAN_POINT('',(1.96129177220609,-1.50182016156845,-10.));
#1943=CARTESIAN_POINT('',(2.1225853072721,-1.30352644119353,-10.));
#1944=CARTESIAN_POINT('',(2.25038212203267,-1.08893539975822,-10.));
#1945=CARTESIAN_POINT('',(-1.46681599956243,-1.47943523048677,-10.));
#1946=CARTESIAN_POINT('',(0.,0.,-10.));
#1947=CARTESIAN_POINT('',(-1.46681599955637,1.47943523049278,-10.0000000000005));
#1948=CARTESIAN_POINT('',(2.24781084103598,1.09423325800358,-10.));
#1949=CARTESIAN_POINT('',(2.23367714094982,1.1178488765622,-10.));
#1950=CARTESIAN_POINT('',(2.21915988776781,1.14123918084023,-10.));
#1951=CARTESIAN_POINT('',(2.20426818201813,1.16438428870122,-10.));
#1952=CARTESIAN_POINT('',(2.04825163717231,1.40686959020085,-10.));
#1953=CARTESIAN_POINT('',(1.84693981438497,1.62620828675812,-10.));
#1954=CARTESIAN_POINT('',(1.6153330599097,1.79795983694161,-10.));
#1955=CARTESIAN_POINT('',(1.39851796834573,1.95874240204276,-10.));
#1956=CARTESIAN_POINT('',(1.15034620475642,2.08338021723239,-10.));
#1957=CARTESIAN_POINT('',(0.892317859353927,2.16263417700257,-10.));
#1958=CARTESIAN_POINT('',(0.636196029389245,2.24130254646648,-10.));
#1959=CARTESIAN_POINT('',(0.362400390738733,2.27753922665313,-10.));
#1960=CARTESIAN_POINT('',(0.0948493725711339,2.26327189277292,-10.));
#1961=CARTESIAN_POINT('',(-0.162846295250848,2.2495301019269,-10.));
#1962=CARTESIAN_POINT('',(-0.421677374916322,2.18727413249635,-10.));
#1963=CARTESIAN_POINT('',(-0.658438664793706,2.08460970026459,-10.));
#1964=CARTESIAN_POINT('',(-0.882880796432071,1.98728710151767,-10.));
#1965=CARTESIAN_POINT('',(-1.0943928043661,1.85100362851815,-10.));
#1966=CARTESIAN_POINT('',(-1.27383042074922,1.68472644876106,-10.));
#1967=CARTESIAN_POINT('',(-1.34271976148558,1.62088963726157,-10.));
#1968=CARTESIAN_POINT('',(-1.40744837221878,1.55221135703038,-10.0000000000005));
#1969=CARTESIAN_POINT('',(-1.46681599955637,1.47943523049278,-10.0000000000005));
#1970=CARTESIAN_POINT('',(0.,0.,-10.));
#1971=CARTESIAN_POINT('',(-2.17152181012797,-1.4256848724713,-0.724602699734776));
#1972=CARTESIAN_POINT('',(-1.63621177369982,-1.07423391422709,-0.354558236126524));
#1973=CARTESIAN_POINT('',(-1.74153700791911,-1.14338384973112,-0.427366547476615));
#1974=CARTESIAN_POINT('',(-1.46681599956243,-1.47943523048677,-10.));
#1975=CARTESIAN_POINT('',(-1.38879188418919,-1.55679381869852,-9.99328700889767));
#1976=CARTESIAN_POINT('',(-1.30435565997933,-1.62819214784155,-9.98681452655003));
#1977=CARTESIAN_POINT('',(-1.21509325853418,-1.6922842996502,-9.9803648936756));
#1978=CARTESIAN_POINT('',(-1.02528937908933,-1.82856720105438,-9.96665066102285));
#1979=CARTESIAN_POINT('',(-0.809296461992261,-1.93387867632814,-9.9525283118291));
#1980=CARTESIAN_POINT('',(-0.585096662508922,-1.9994848519803,-9.93780072979282));
#1981=CARTESIAN_POINT('',(-0.360965591762632,-2.0650709159749,-9.92307766251577));
#1982=CARTESIAN_POINT('',(-0.122445017063656,-2.09280750011402,-9.90750445882288));
#1983=CARTESIAN_POINT('',(0.110801446769654,-2.08038477623048,-9.89354736690529));
#1984=CARTESIAN_POINT('',(0.344133163778356,-2.06795751175652,-9.8795851735753));
#1985=CARTESIAN_POINT('',(0.578574613487504,-2.014974233254,-9.86613121679827));
#1986=CARTESIAN_POINT('',(0.794563258448607,-1.92586266543108,-9.85195011546141));
#1987=CARTESIAN_POINT('',(1.01048071712052,-1.83678046730877,-9.83777368798128));
#1988=CARTESIAN_POINT('',(1.21391560504324,-1.70916048549598,-9.82243585969953));
#1989=CARTESIAN_POINT('',(1.38807111063874,-1.55355604005389,-9.80780457448004));
#1990=CARTESIAN_POINT('',(1.56226562862363,-1.39791673782564,-9.79317001172192));
#1991=CARTESIAN_POINT('',(1.71199264420717,-1.20993689845004,-9.7796289124751));
#1992=CARTESIAN_POINT('',(1.82473456611095,-1.00529674276686,-9.76573075977016));
#1993=CARTESIAN_POINT('',(1.93745785137108,-0.80069041483464,-9.75183490447965));
#1994=CARTESIAN_POINT('',(2.01632322930637,-0.57381074421684,-9.73695104360104));
#1995=CARTESIAN_POINT('',(2.05482547706585,-0.343467664531714,-9.7220169944972));
#1996=CARTESIAN_POINT('',(2.09332580583384,-0.113136065381817,-9.70708368972168));
#1997=CARTESIAN_POINT('',(2.09253500915038,0.127071251526447,-9.69257933952427));
#1998=CARTESIAN_POINT('',(2.05247968773406,0.357218293508145,-9.67894721690817));
#1999=CARTESIAN_POINT('',(2.01241490263048,0.58741971127698,-9.66531187349291));
#2000=CARTESIAN_POINT('',(1.93196631382348,0.813851032807218,-9.65127990356632));
#2001=CARTESIAN_POINT('',(1.81785474649087,1.01768457708585,-9.63664300615146));
#2002=CARTESIAN_POINT('',(1.70377036230561,1.22146956504893,-9.62200959547286));
#2003=CARTESIAN_POINT('',(1.55290148358902,1.40831045036637,-9.60657207848634));
#2004=CARTESIAN_POINT('',(1.37767884205459,1.56277918655608,-9.59263865910054));
#2005=CARTESIAN_POINT('',(1.20238929539396,1.71730690342431,-9.57869991952794));
#2006=CARTESIAN_POINT('',(0.997913332166262,1.84364865904327,-9.56508980802741));
#2007=CARTESIAN_POINT('',(0.781314332462971,1.9312756643384,-9.55074023728777));
#2008=CARTESIAN_POINT('',(0.564809946351573,2.01886439288373,-9.53639693464924));
#2009=CARTESIAN_POINT('',(0.330236111320969,2.07020764934791,-9.52088609672042));
#2010=CARTESIAN_POINT('',(0.0969558042907165,2.0810760076922,-9.50626275773741));
#2011=CARTESIAN_POINT('',(-0.136377260002792,2.09194682395868,-9.4916361116285));
#2012=CARTESIAN_POINT('',(-0.374896143053852,2.06259940352025,-9.47821362218431));
#2013=CARTESIAN_POINT('',(-0.598677347918387,1.99546065129513,-9.46440085221142));
#2014=CARTESIAN_POINT('',(-0.822436385798019,1.92832854960042,-9.45058945048329));
#2015=CARTESIAN_POINT('',(-1.03762219680496,1.82158260627796,-9.43579817746481));
#2016=CARTESIAN_POINT('',(-1.22641557165747,1.68409697564418,-9.42095419183109));
#2017=CARTESIAN_POINT('',(-1.41520737560972,1.54661248899234,-9.40611032971029));
#2018=CARTESIAN_POINT('',(-1.58286077531805,1.37455671749622,-9.39171707469538));
#2019=CARTESIAN_POINT('',(-1.71542733330386,1.18219577140665,-9.37800417290741));
#2020=CARTESIAN_POINT('',(-1.84801551221106,0.989803452239617,-9.36428903461595));
#2021=CARTESIAN_POINT('',(-1.94913174130817,0.771833635103093,-9.35004743862535));
#2022=CARTESIAN_POINT('',(-2.01039813413788,0.54642210792821,-9.33526206730521));
#2023=CARTESIAN_POINT('',(-2.07164816664817,0.321070773697895,-9.32048064420833));
#2024=CARTESIAN_POINT('',(-2.09478075370703,0.0820517533187138,-9.30501619005251));
#2025=CARTESIAN_POINT('',(-2.07785986111642,-0.150917776749596,-9.2911539303395));
#2026=CARTESIAN_POINT('',(-2.06093263407635,-0.383974520521481,-9.27728648119674));
#2027=CARTESIAN_POINT('',(-2.003434448635,-0.617348455061346,-9.26376362539025));
#2028=CARTESIAN_POINT('',(-1.91017279438948,-0.83157541651499,-9.24950333744525));
#2029=CARTESIAN_POINT('',(-1.8169432381919,-1.04572864705173,-9.23524795749174));
#2030=CARTESIAN_POINT('',(-1.68542682050858,-1.24665932187985,-9.21983109790669));
#2031=CARTESIAN_POINT('',(-1.5264880487,-1.41778419195371,-9.20529432337019));
#2032=CARTESIAN_POINT('',(-1.3675074821997,-1.58895406118737,-9.19075372622953));
#2033=CARTESIAN_POINT('',(-1.17666105657152,-1.73503228110885,-9.17729304690251));
#2034=CARTESIAN_POINT('',(-0.969878212953714,-1.84380422762708,-9.16333264363475));
#2035=CARTESIAN_POINT('',(-0.763142511577532,-1.95255137637536,-9.14937542305223));
#2036=CARTESIAN_POINT('',(-0.534797298806768,-2.02701930385475,-9.13437241747533));
#2037=CARTESIAN_POINT('',(-0.303760043734075,-2.0610695314832,-9.11944709142541));
#2038=CARTESIAN_POINT('',(-0.0727237406052207,-2.09511961881436,-9.10452182687238));
#2039=CARTESIAN_POINT('',(0.167441709280795,-2.08969259696583,-9.09023274102649));
#2040=CARTESIAN_POINT('',(0.39677677121747,-2.0452007167024,-9.07660015910628));
#2041=CARTESIAN_POINT('',(0.626155126491773,-2.00070043736568,-9.06296500365908));
#2042=CARTESIAN_POINT('',(0.850977782079907,-1.91590168899302,-9.0488142069064));
#2043=CARTESIAN_POINT('',(1.05256308875101,-1.79788451296982,-9.0341195653223));
#2044=CARTESIAN_POINT('',(1.25410689195857,-1.67989163495545,-9.01942794914977));
#2045=CARTESIAN_POINT('',(1.43800957747478,-1.52544166332451,-9.00410496732975));
#2046=CARTESIAN_POINT('',(1.58907188180067,-1.34726698625338,-8.9902474018294));
#2047=CARTESIAN_POINT('',(1.74019134928073,-1.16902488649477,-8.97638459251817));
#2048=CARTESIAN_POINT('',(1.86256046758332,-0.962152591110649,-8.96269352427265));
#2049=CARTESIAN_POINT('',(1.94599046065175,-0.743907860443997,-8.9482647040625));
#2050=CARTESIAN_POINT('',(2.02938393749925,-0.525758652652382,-8.93384219915896));
#2051=CARTESIAN_POINT('',(2.07619314259662,-0.290242781479949,-8.91826403551436));
#2052=CARTESIAN_POINT('',(2.08255918390583,-0.0567892886666957,-8.90375549665417));
#2053=CARTESIAN_POINT('',(2.08892689360794,0.176725386933589,-8.88924315543988));
#2054=CARTESIAN_POINT('',(2.05497790927397,0.414646035654346,-8.87589167041308));
#2055=CARTESIAN_POINT('',(1.98352957525434,0.637093558175816,-8.86201742142601));
#2056=CARTESIAN_POINT('',(1.91209236415973,0.859506450539018,-8.84814533235259));
#2057=CARTESIAN_POINT('',(1.80121968821203,1.072580310483,-8.83323519288672));
#2058=CARTESIAN_POINT('',(1.66011961338982,1.25868210721223,-8.81839960011387));
#2059=CARTESIAN_POINT('',(1.5190144048102,1.44479067503267,-8.80356346756573));
#2060=CARTESIAN_POINT('',(1.34374124645679,1.60910409818969,-8.78936880162322));
#2061=CARTESIAN_POINT('',(1.14885266399657,1.73793421457941,-8.775641774592));
#2062=CARTESIAN_POINT('',(0.953943976478862,1.86677762131618,-8.76191333145592));
#2063=CARTESIAN_POINT('',(0.734078730351466,1.96366101885896,-8.74754900433701));
#2064=CARTESIAN_POINT('',(0.507538757908639,2.02056481880645,-8.73271362373886));
#2065=CARTESIAN_POINT('',(0.281050209547932,2.07745570171484,-8.71788161073991));
#2066=CARTESIAN_POINT('',(0.0416192187670714,2.09597452900403,-8.7025595457182));
#2067=CARTESIAN_POINT('',(-0.190985719156022,2.0745607325061,-8.68877492096536));
#2068=CARTESIAN_POINT('',(-0.423677026233474,2.05313898479478,-8.67498517780707));
#2069=CARTESIAN_POINT('',(-0.655893113083901,1.99114808210038,-8.66138211751));
#2070=CARTESIAN_POINT('',(-0.868276394538676,1.89377239404977,-8.64704301656313));
#2071=CARTESIAN_POINT('',(-1.08058660654443,1.79643020763745,-8.63270884891516));
#2072=CARTESIAN_POINT('',(-1.27894004157727,1.66106553841582,-8.6172247937601));
#2073=CARTESIAN_POINT('',(-1.4469716786027,1.49884980538394,-8.60280187258919));
#2074=CARTESIAN_POINT('',(-1.61505326558293,1.336585851263,-8.58837466398602));
#2075=CARTESIAN_POINT('',(-1.75742578611748,1.14294564134846,-8.57495184148452));
#2076=CARTESIAN_POINT('',(-1.86218673277113,0.934097612709172,-8.56092329820489));
#2077=CARTESIAN_POINT('',(-1.96691765135878,0.72530944704925,-8.54689877598498));
#2078=CARTESIAN_POINT('',(-2.03696123348272,0.495582885477354,-8.53178151632124));
#2079=CARTESIAN_POINT('',(-2.06654680072528,0.263935784216295,-8.51687965940239));
#2080=CARTESIAN_POINT('',(-2.09613362319298,0.0322788548772631,-8.50197717024333));
#2081=CARTESIAN_POINT('',(-2.08607083944857,-0.207755688329608,-8.48789719334149));
#2082=CARTESIAN_POINT('',(-2.03715811507742,-0.436193296546355,-8.47425161880379));
#2083=CARTESIAN_POINT('',(-1.98823865785172,-0.664662349284145,-8.46060416594771));
#2084=CARTESIAN_POINT('',(-1.8991215146609,-0.887792385432259,-8.44633102574351));
#2085=CARTESIAN_POINT('',(-1.77724216830881,-1.08705476079303,-8.43158636494749));
#2086=CARTESIAN_POINT('',(-1.65538378257669,-1.28628286732114,-8.41684423991525));
#2087=CARTESIAN_POINT('',(-1.49740761902381,-1.46717975885139,-8.40166552775932));
#2088=CARTESIAN_POINT('',(-1.31634696236408,-1.61477814341557,-8.38786732720746));
#2089=CARTESIAN_POINT('',(-1.13522119715891,-1.76242960365232,-8.37406416488872));
#2090=CARTESIAN_POINT('',(-0.92603320369708,-1.88077852819506,-8.36028215031418));
#2091=CARTESIAN_POINT('',(-0.706227071552921,-1.95997987264757,-8.34577576792798));
#2092=CARTESIAN_POINT('',(-0.486513502126092,-2.03914786456534,-8.33127549433484));
#2093=CARTESIAN_POINT('',(-0.250141267072437,-2.08140635324739,-8.31564319932986));
#2094=CARTESIAN_POINT('',(-0.0165993644257513,-2.08326720294792,-8.30126966756472));
#2095=CARTESIAN_POINT('',(0.217011014563509,-2.08512859826437,-8.28689192136578));
#2096=CARTESIAN_POINT('',(0.454241620599673,-2.04659032323801,-8.27356461343422));
#2097=CARTESIAN_POINT('',(0.675271945534296,-1.97085909627048,-8.25962293953622));
#2098=CARTESIAN_POINT('',(0.896256097284406,-1.89514368953901,-8.24568417805071));
#2099=CARTESIAN_POINT('',(1.10713973695844,-1.78018568601476,-8.23066004545824));
#2100=CARTESIAN_POINT('',(1.29048180741735,-1.63552269397359,-8.21584751203165));
#2101=CARTESIAN_POINT('',(1.47383897055121,-1.49084779330986,-8.2010337592409));
#2102=CARTESIAN_POINT('',(1.63475036588549,-1.31242142896568,-8.18702836320359));
#2103=CARTESIAN_POINT('',(1.75979553572817,-1.11507732925075,-8.173275718621));
#2104=CARTESIAN_POINT('',(1.88484577323515,-0.917725231836669,-8.15952251668954));
#2105=CARTESIAN_POINT('',(1.97746054574225,-0.696046566425354,-8.14503331091647));
#2106=CARTESIAN_POINT('',(2.02998065453997,-0.468461652615496,-8.13015688675986));
#2107=CARTESIAN_POINT('',(2.0824909788047,-0.240919138034239,-8.11528323409147));
#2108=CARTESIAN_POINT('',(2.09638790382347,-0.00116308244817645,-8.10013105345533));
#2109=CARTESIAN_POINT('',(2.07048820984036,0.230989936338885,-8.08640744752672));
#2110=CARTESIAN_POINT('',(2.04457936665855,0.463224964361234,-8.07267899366447));
#2111=CARTESIAN_POINT('',(1.97812008145736,0.694192868643297,-8.05898568827326));
#2112=CARTESIAN_POINT('',(1.87666846085364,0.904650908259649,-8.0445694100181));
#2113=CARTESIAN_POINT('',(1.77525011886562,1.11503991248576,-8.03015786065519));
#2114=CARTESIAN_POINT('',(1.63608699835291,1.31074400168381,-8.01461992843739));
#2115=CARTESIAN_POINT('',(1.47065319393515,1.47562087303823,-8.00033078591096));
#2116=CARTESIAN_POINT('',(1.30516539050544,1.64055156161688,-7.98603697928592));
#2117=CARTESIAN_POINT('',(1.10880618137325,1.77916284776796,-7.97260342057686));
#2118=CARTESIAN_POINT('',(0.897971733327968,1.87987354466244,-7.95850203499534));
#2119=CARTESIAN_POINT('',(0.687208775542165,1.98055009232791,-7.94440543094608));
#2120=CARTESIAN_POINT('',(0.456185411310615,2.04614448571383,-7.92918017842108));
#2121=CARTESIAN_POINT('',(0.224012877281361,2.07125469428313,-7.91431754950763));
#2122=CARTESIAN_POINT('',(-0.00818034092679642,2.09636713991311,-7.89945359648719));
#2123=CARTESIAN_POINT('',(-0.24799450705924,2.08167117772511,-7.88556987065531));
#2124=CARTESIAN_POINT('',(-0.475449587324347,2.02835536030817,-7.87189973234105));
#2125=CARTESIAN_POINT('',(-0.702923658322185,1.97503509143453,-7.85822845267641));
#2126=CARTESIAN_POINT('',(-0.924278071307204,1.88163323039279,-7.84383080192668));
#2127=CARTESIAN_POINT('',(-1.12114398695785,1.75593676944417,-7.82904503523095));
#2128=CARTESIAN_POINT('',(-1.31798308109986,1.63025743369827,-7.81426128298535));
#2129=CARTESIAN_POINT('',(-1.49580761805189,1.4688116421248,-7.79925050053516));
#2130=CARTESIAN_POINT('',(-1.63988625827605,1.28493223077918,-7.78549581911446));
#2131=CARTESIAN_POINT('',(-1.78401160437002,1.10099321137622,-7.77173667884851));
#2132=CARTESIAN_POINT('',(-1.89829474602382,0.889571369353378,-7.75785499900106));
#2133=CARTESIAN_POINT('',(-1.97323786574492,0.668288936739339,-7.74327398362579));
#2134=CARTESIAN_POINT('',(-2.04815185085101,0.447092529080074,-7.72869863671309));
#2135=CARTESIAN_POINT('',(-2.08584487585594,0.209949972678264,-7.71303339695752));
#2136=CARTESIAN_POINT('',(-2.08319971993157,-0.0235945895243945,-7.69880886606305));
#2137=CARTESIAN_POINT('',(-2.08055371725039,-0.257213913083956,-7.68457978166829));
#2138=CARTESIAN_POINT('',(-2.03744102909001,-0.493662738364168,-7.67123067747278));
#2139=CARTESIAN_POINT('',(-1.9574559470136,-0.71319281633991,-7.65721682637739));
#2140=CARTESIAN_POINT('',(-1.87749138492605,-0.932666574379016,-7.64320657050327));
#2141=CARTESIAN_POINT('',(-1.75849135075042,-1.14128306335518,-7.62807469208836));
#2142=CARTESIAN_POINT('',(-1.61031856325497,-1.32179873755963,-7.613300886226));
#2143=CARTESIAN_POINT('',(-1.46212673122492,-1.50233761330506,-7.59852518149771));
#2144=CARTESIAN_POINT('',(-1.28061332836233,-1.65978630480533,-7.58469319973277));
#2145=CARTESIAN_POINT('',(-1.08088713603803,-1.78099993737375,-7.57090445195558));
#2146=CARTESIAN_POINT('',(-0.881165728510293,-1.90221066605376,-7.55711603451241));
#2147=CARTESIAN_POINT('',(-0.657756383178441,-1.99052327080055,-7.5425011675303));
#2148=CARTESIAN_POINT('',(-0.429210373235635,-2.03864078083529,-7.52759384064499));
#2149=CARTESIAN_POINT('',(-0.200697424167405,-2.0867513303155,-7.51268867021502));
#2150=CARTESIAN_POINT('',(0.0392963462724682,-2.0960203789823,-7.49772754862712));
#2151=CARTESIAN_POINT('',(0.270910533261678,-2.0656440305013,-7.48404899581691));
#2152=CARTESIAN_POINT('',(0.502599590003178,-2.03525786280449,-7.47036602138696));
#2153=CARTESIAN_POINT('',(0.732230602064401,-1.96435651204922,-7.45657364838813));
#2154=CARTESIAN_POINT('',(0.940683624081972,-1.85886849915796,-7.44208300525847));
#2155=CARTESIAN_POINT('',(1.14907356209118,-1.75341241003842,-7.42759674742312));
#2156=CARTESIAN_POINT('',(1.34205777019339,-1.61050162630668,-7.4120409081226));
#2157=CARTESIAN_POINT('',(1.50371836524306,-1.44191152842624,-7.39788338126251));
#2158=CARTESIAN_POINT('',(1.66543574803534,-1.27326220862422,-7.38372088118064));
#2159=CARTESIAN_POINT('',(1.8002328445869,-1.07425981811022,-7.37024618224178));
#2160=CARTESIAN_POINT('',(1.89685600885105,-0.861519041846114,-7.35606846671464));
#2161=CARTESIAN_POINT('',(1.99344217354217,-0.648859729669293,-7.34189618021091));
#2162=CARTESIAN_POINT('',(2.05456475785997,-0.416624434837316,-7.32657056322013));
#2163=CARTESIAN_POINT('',(2.07519101679581,-0.184010927903048,-7.31176388215867));
#2164=CARTESIAN_POINT('',(2.0958200584265,0.048633960989954,-7.29695520352338));
#2165=CARTESIAN_POINT('',(2.07649584736281,0.288137880467625,-7.28324816705515));
#2166=CARTESIAN_POINT('',(2.01879690980094,0.514525815441711,-7.26954290704443));
#2167=CARTESIAN_POINT('',(1.96109641453666,0.740919862227294,-7.25583727703182));
#2168=CARTESIAN_POINT('',(1.8634455851661,0.960416705171618,-7.24131431627696));
#2169=CARTESIAN_POINT('',(1.73397883001038,1.15481392217691,-7.22649752857579));
#2170=CARTESIAN_POINT('',(1.60452481298035,1.3491920126027,-7.21168219868596));
#2171=CARTESIAN_POINT('',(1.43966777644641,1.52387884645685,-7.19685678228556));
#2172=CARTESIAN_POINT('',(1.25303809860249,1.66438376020329,-7.18313048914041));
#2173=CARTESIAN_POINT('',(1.06635624452616,1.80492795503899,-7.16940035852273));
#2174=CARTESIAN_POINT('',(0.852781569565345,1.91510260939292,-7.15541147004048));
#2175=CARTESIAN_POINT('',(0.630106601514411,1.9857601689292,-7.14075985872771));
#2176=CARTESIAN_POINT('',(0.407509982896226,2.05639286720804,-7.12611340266631));
#2177=CARTESIAN_POINT('',(0.169682538420272,2.08950707526943,-7.11046360928673));
#2178=CARTESIAN_POINT('',(-0.063776406506689,2.08235692131557,-7.09637291400285));
#2179=CARTESIAN_POINT('',(-0.297315709508112,2.07520430623261,-7.08227736861079));
#2180=CARTESIAN_POINT('',(-0.532892650551274,2.02753425005726,-7.06888808119319));
#2181=CARTESIAN_POINT('',(-0.750839814039817,1.94332636256251,-7.0547985120094));
#2182=CARTESIAN_POINT('',(-0.968722403434105,1.85914342445447,-7.04071311732897));
#2183=CARTESIAN_POINT('',(-1.17499601275106,1.73614616407022,-7.02548109733741));
#2184=CARTESIAN_POINT('',(-1.35261989899497,1.58451796664494,-7.01076264109582));
#2185=CARTESIAN_POINT('',(-1.53027466244504,1.43286341096791,-6.99604162627488));
#2186=CARTESIAN_POINT('',(-1.68420111839131,1.24833088987525,-6.98236070209246));
#2187=CARTESIAN_POINT('',(-1.80153825292456,1.04629713801926,-6.96852641562838));
#2188=CARTESIAN_POINT('',(-1.91886490829614,0.844281429422625,-6.95469336467875));
#2189=CARTESIAN_POINT('',(-2.00284372693206,0.619224687512156,-6.93995341864465));
#2190=CARTESIAN_POINT('',(-2.04654158215007,0.389801655086869,-6.92502647919992));
#2191=CARTESIAN_POINT('',(-2.09023498948036,0.160401975017985,-6.91010105912841));
#2192=CARTESIAN_POINT('',(-2.0948720332123,-0.079741767133255,-6.8953457327243));
#2193=CARTESIAN_POINT('',(-2.06003015958349,-0.310730621896493,-6.88169699500428));
#2194=CARTESIAN_POINT('',(-2.02517830958083,-0.541785616362656,-6.86804434920194));
#2195=CARTESIAN_POINT('',(-1.94986255071157,-0.769993015168686,-6.85414529271812));
#2196=CARTESIAN_POINT('',(-1.84037840529358,-0.976363202454315,-6.83958423659031));
#2197=CARTESIAN_POINT('',(-1.73092427114247,-1.18267682053768,-6.82502717186911));
#2198=CARTESIAN_POINT('',(-1.58431725536939,-1.37287173592041,-6.80950124251504));
#2199=CARTESIAN_POINT('',(-1.41263450275303,-1.53125489041162,-6.79545725981087));
#2200=CARTESIAN_POINT('',(-1.24088814210073,-1.6896967254705,-6.78140807384578));
#2201=CARTESIAN_POINT('',(-1.03931907380501,-1.82062857424432,-6.76787838336829));
#2202=CARTESIAN_POINT('',(-0.824753103458209,-1.91312835327738,-6.75362207359385));
#2203=CARTESIAN_POINT('',(-0.610276328784036,-2.00558967989418,-6.73937169020717));
#2204=CARTESIAN_POINT('',(-0.376914089313013,-2.0622194209421,-6.72395468146705));
#2205=CARTESIAN_POINT('',(-0.143944029737752,-2.07835461220665,-6.70922158384989));
#2206=CARTESIAN_POINT('',(0.0890676801573607,-2.09449268811602,-6.69448585225381));
#2207=CARTESIAN_POINT('',(0.32817105620965,-2.07054691144243,-6.68092929824989));
#2208=CARTESIAN_POINT('',(0.55340754817218,-2.00848646084653,-6.66717941140597));
#2209=CARTESIAN_POINT('',(0.778637069719285,-1.94642793084139,-6.65342995008112));
#2210=CARTESIAN_POINT('',(0.996195249478366,-1.84456534847211,-6.63878223825516));
#2211=CARTESIAN_POINT('',(1.18805251765781,-1.71137634466084,-6.62394565778846));
#2212=CARTESIAN_POINT('',(1.37989861367222,-1.57819509666486,-6.6091099412803));
#2213=CARTESIAN_POINT('',(1.5513832196626,-1.40998656929766,-6.59448101630807));
#2214=CARTESIAN_POINT('',(1.68826180108385,-1.22067598845021,-6.5807687668442));
#2215=CARTESIAN_POINT('',(1.82517168530309,-1.03132211411734,-6.56705338152247));
#2216=CARTESIAN_POINT('',(1.93119701566818,-0.815675543471902,-6.55295098898063));
#2217=CARTESIAN_POINT('',(1.99754326187184,-0.591691384699999,-6.53823398689979));
#2218=CARTESIAN_POINT('',(2.06386872500991,-0.367777389316802,-6.52352159494292));
#2219=CARTESIAN_POINT('',(2.09239190024346,-0.129350723472847,-6.50793359100066));
#2220=CARTESIAN_POINT('',(2.08073915610165,0.103934316003728,-6.49395851402708));
#2221=CARTESIAN_POINT('',(2.06908218168081,0.33730404461442,-6.4799783637013));
#2222=CARTESIAN_POINT('',(2.01687341571571,0.571919086541273,-6.46653497236826));
#2223=CARTESIAN_POINT('',(1.92847533910842,0.788200890781298,-6.45236736514548));
#2224=CARTESIAN_POINT('',(1.84010605728432,1.00441224340178,-6.43820437287807));
#2225=CARTESIAN_POINT('',(1.71315742209356,1.20826818272735,-6.42288115447731));
#2226=CARTESIAN_POINT('',(1.55812908306972,1.382935840258,-6.40823558059585));
#2227=CARTESIAN_POINT('',(1.40306711118795,1.55764139132828,-6.39358682940818));
#2228=CARTESIAN_POINT('',(1.21558486105979,1.70798687714373,-6.38002816293801));
#2229=CARTESIAN_POINT('',(1.01131896673978,1.82140377876246,-6.3661399861375));
#2230=CARTESIAN_POINT('',(0.807084594656735,1.93480317792705,-6.35225395255527));
#2231=CARTESIAN_POINT('',(0.580464065174096,2.01441806551494,-6.33739086622871));
#2232=CARTESIAN_POINT('',(0.350248188925437,2.05368059442851,-6.32245672594335));
#2233=CARTESIAN_POINT('',(0.120045560539366,2.0929408639645,-6.30752344504893));
#2234=CARTESIAN_POINT('',(-0.120160031556087,2.09294316637493,-6.29298213377407));
#2235=CARTESIAN_POINT('',(-0.350437402975498,2.05364831565036,-6.27934876746686));
#2236=CARTESIAN_POINT('',(-0.580770957225623,2.01434387780947,-6.26571207490529));
#2237=CARTESIAN_POINT('',(-0.807469023732468,1.93464259447646,-6.25169998573755));
#2238=CARTESIAN_POINT('',(-1.01167964823912,1.82120346669903,-6.23707365471434));
#2239=CARTESIAN_POINT('',(-1.21584052763901,1.70779197235905,-6.22245088662229));
#2240=CARTESIAN_POINT('',(-1.40317726149581,1.55754115785856,-6.20699718374471));
#2241=CARTESIAN_POINT('',(-1.55822292125717,1.38283010722451,-6.19304909255095));
#2242=CARTESIAN_POINT('',(-1.71332766909905,1.2080524740067,-6.17909568572347));
#2243=CARTESIAN_POINT('',(-1.84034420766395,1.00399445093089,-6.16549833206934));
#2244=CARTESIAN_POINT('',(-1.92868595970022,0.7876853728698,-6.1511623970133));
#2245=CARTESIAN_POINT('',(-2.01698928140116,0.571470393354548,-6.13683269836053));
#2246=CARTESIAN_POINT('',(-2.06910644479432,0.337066273937832,-6.12133460390371));
#2247=CARTESIAN_POINT('',(-2.08074466018344,0.103824067035905,-6.10669359588664));
#2248=CARTESIAN_POINT('',(-2.09238543088464,-0.129469351036126,-6.09204937325776));
#2249=CARTESIAN_POINT('',(-2.06382632677566,-0.368081416894826,-6.07861050822239));
#2250=CARTESIAN_POINT('',(-1.99742739742763,-0.59208240117679,-6.06480757604118));
#2251=CARTESIAN_POINT('',(-1.93103438893559,-0.81606341107686,-6.05100587468063));
#2252=CARTESIAN_POINT('',(-1.82499848813863,-1.03160261837782,-6.0362353265269));
#2253=CARTESIAN_POINT('',(-1.68813628924699,-1.22084955940737,-6.02139129882457));
#2254=CARTESIAN_POINT('',(-1.55127625176103,-1.41009351174161,-6.00654750554756));
#2255=CARTESIAN_POINT('',(-1.37977722345388,-1.5783120293773,-5.99211981441588));
#2256=CARTESIAN_POINT('',(-1.18785585567772,-1.71151285239402,-5.97840810798721));
#2257=CARTESIAN_POINT('',(-0.995901282192343,-1.8447367214522,-5.96469402919665));
#2258=CARTESIAN_POINT('',(-0.778263911868482,-1.94657339047638,-5.95047311781146));
#2259=CARTESIAN_POINT('',(-0.553053787993337,-2.00858390050403,-5.93569711442391));
#2260=CARTESIAN_POINT('',(-0.327905334181621,-2.07057742998028,-5.92092515720023));
#2261=CARTESIAN_POINT('',(-0.0889654685722567,-2.09449840768655,-5.90543954535404));
#2262=CARTESIAN_POINT('',(0.14405766379626,-2.07834673894404,-5.89156229602487));
#2263=CARTESIAN_POINT('',(0.377167853334944,-2.06218903595695,-5.87767986217155));
#2264=CARTESIAN_POINT('',(0.610730822956518,-2.00546174834866,-5.86416962977864));
#2265=CARTESIAN_POINT('',(0.825264999099505,-1.91290759291689,-5.84992289747848));
#2266=CARTESIAN_POINT('',(1.03972565973529,-1.82038515348394,-5.83568104717787));
#2267=CARTESIAN_POINT('',(1.24108996138823,-1.689531966289,-5.82027690609393));
#2268=CARTESIAN_POINT('',(1.41273778289117,-1.53115960453818,-5.80572261237339));
#2269=CARTESIAN_POINT('',(1.58442964985544,-1.37274660385775,-5.79116458396762));
#2270=CARTESIAN_POINT('',(1.7311361780048,-1.1823854870866,-5.77769299122673));
#2271=CARTESIAN_POINT('',(1.84059026611132,-0.975963754487852,-5.76374368783843));
#2272=CARTESIAN_POINT('',(1.95002054952683,-0.769586915649125,-5.74979741822314));
#2273=CARTESIAN_POINT('',(2.02524275731569,-0.541486469292184,-5.73481448718893));
#2274=CARTESIAN_POINT('',(2.06005558744051,-0.310561997728032,-5.71988665194186));
#2275=CARTESIAN_POINT('',(2.09486799924456,-0.0796403010174084,-5.70495899607186));
#2276=CARTESIAN_POINT('',(2.09023416877627,0.160538612743075,-5.69063333391136));
#2277=CARTESIAN_POINT('',(2.04650023767202,0.390018659792249,-5.67700174509793));
#2278=CARTESIAN_POINT('',(2.00275768324645,0.619543955007612,-5.66336746844997));
#2279=CARTESIAN_POINT('',(1.91870096146299,0.84464780032801,-5.6492372870653));
#2280=CARTESIAN_POINT('',(1.80134892214321,1.04662306417892,-5.63455200971236));
#2281=CARTESIAN_POINT('',(1.68402170551729,1.24855560554993,-5.61986983863815));
#2282=CARTESIAN_POINT('',(1.53018054068492,1.4329657793552,-5.60452498802858));
#2283=CARTESIAN_POINT('',(1.35250624712281,1.58461497824284,-5.5906556312614));
#2284=CARTESIAN_POINT('',(1.17476443779641,1.73632180342724,-5.57678100417513));
#2285=CARTESIAN_POINT('',(0.968296436507251,1.85937398160585,-5.56310452977815));
#2286=CARTESIAN_POINT('',(0.750327313174609,1.94352429902028,-5.54868918310918));
#2287=CARTESIAN_POINT('',(0.532453821880678,2.02763769622193,-5.53428016104696));
#2288=CARTESIAN_POINT('',(0.297093055454136,2.07522382572193,-5.51871261690444));
#2289=CARTESIAN_POINT('',(0.0636631898058744,2.08236038572614,-5.50418302472367));
#2290=CARTESIAN_POINT('',(-0.169826495012864,2.08949877455846,-5.48964970916265));
#2291=CARTESIAN_POINT('',(-0.407855988814629,2.05633622894997,-5.47628922103701));
#2292=CARTESIAN_POINT('',(-0.630537612230793,1.9856233523355,-5.46242594412568));
#2293=CARTESIAN_POINT('',(-0.853186685001954,1.91492081222617,-5.44856469368874));
#2294=CARTESIAN_POINT('',(-1.06662744409685,1.80475125679161,-5.43367458253458));
#2295=CARTESIAN_POINT('',(-1.25319458934986,1.66426593397871,-5.41883654244344));
#2296=CARTESIAN_POINT('',(-1.43976707527397,1.52377658963294,-5.40399807759856));
#2297=CARTESIAN_POINT('',(-1.60465633996792,1.34904936713751,-5.38976991676697));
#2298=CARTESIAN_POINT('',(-1.73412918006208,1.15458813636508,-5.37604614826173));
#2299=CARTESIAN_POINT('',(-1.86361673210759,0.960104809034297,-5.36232082032971));
#2300=CARTESIAN_POINT('',(-1.96122688407435,0.740558039396801,-5.34797767994975));
#2301=CARTESIAN_POINT('',(-2.01887859442781,0.514205210727174,-5.33315025206045));
#2302=CARTESIAN_POINT('',(-2.07651682075609,0.287905323197072,-5.31832629212396));
#2303=CARTESIAN_POINT('',(-2.09582560837275,0.0485386633038108,-5.30297774492412));
#2304=CARTESIAN_POINT('',(-2.0751800245103,-0.184134851810268,-5.28918103335786));
#2305=CARTESIAN_POINT('',(-2.05452674370174,-0.416895110681339,-5.27537917819545));
#2306=CARTESIAN_POINT('',(-1.99330280467056,-0.649315692372182,-5.26179058691609));
#2307=CARTESIAN_POINT('',(-1.89662831473122,-0.862020193230754,-5.24746488856371));
#2308=CARTESIAN_POINT('',(-1.79998719419941,-1.07465127427426,-5.23314413505321));
#2309=CARTESIAN_POINT('',(-1.66527741200972,-1.2734507694251,-5.21767067897091));
#2310=CARTESIAN_POINT('',(-1.50361818177764,-1.44201599894228,-5.20322687534874));
#2311=CARTESIAN_POINT('',(-1.34191178646234,-1.61063040841079,-5.18877885765726));
#2312=CARTESIAN_POINT('',(-1.14874429938037,-1.75364089031794,-5.17535284547283));
#2313=CARTESIAN_POINT('',(-0.940244040018422,-1.85909088615581,-5.16133632645801));
#2314=CARTESIAN_POINT('',(-0.731801530140838,-1.96451167491786,-5.14732368967695));
#2315=CARTESIAN_POINT('',(-0.502305308618798,-2.03531400865062,-5.13222557091695));
#2316=CARTESIAN_POINT('',(-0.270756558127131,-2.06566421860111,-5.1173186088339));
#2317=CARTESIAN_POINT('',(-0.0391998349148974,-2.09601547357448,-5.10241113347214));
#2318=CARTESIAN_POINT('',(0.20086343666026,-2.08674566903627,-5.08829610753788));
#2319=CARTESIAN_POINT('',(0.42946062814689,-2.03858807674563,-5.0746536035851));
#2320=CARTESIAN_POINT('',(0.658091338717092,-1.99042342313307,-5.06100909923928));
#2321=CARTESIAN_POINT('',(0.881516866496425,-1.90204275178762,-5.04675708121378));
#2322=CARTESIAN_POINT('',(1.08118190361197,-1.78082100983781,-5.0320203785772));
#2323=CARTESIAN_POINT('',(1.28081142017128,-1.65962083332463,-5.0172862976108));
#2324=CARTESIAN_POINT('',(1.46222730290403,-1.50224397920419,-5.00208105552603));
#2325=CARTESIAN_POINT('',(1.61042231249054,-1.32167233201365,-4.98827384092633));
#2326=CARTESIAN_POINT('',(1.75867127107291,-1.14103494941762,-4.97446159994035));
#2327=CARTESIAN_POINT('',(1.87771128044952,-0.932237343912273,-4.9606957974135));
#2328=CARTESIAN_POINT('',(1.95763823298452,-0.712692308457886,-4.94620251004461));
#2329=CARTESIAN_POINT('',(2.03753119839629,-0.493240629548914,-4.93171538561737));
#2330=CARTESIAN_POINT('',(2.08056933311375,-0.257008803179712,-4.91609135840338));
#2331=CARTESIAN_POINT('',(2.08320105973725,-0.0234759981127227,-4.90169326669141));
#2332=CARTESIAN_POINT('',(2.08583354490032,0.21012411784937,-4.88729102503382));
#2333=CARTESIAN_POINT('',(2.04807943692094,0.447479304677819,-4.87396317427919));
#2334=CARTESIAN_POINT('',(1.9730789462867,0.668757990231107,-4.8600334059813));
#2335=CARTESIAN_POINT('',(1.89809346523946,0.88999239205166,-4.84610642539943));
#2336=CARTESIAN_POINT('',(1.78383137332207,1.10125623397982,-4.83110139004646));
#2337=CARTESIAN_POINT('',(1.63977421255966,1.28507521554271,-4.81628382765694));
#2338=CARTESIAN_POINT('',(1.4957063322594,1.46890787538801,-4.80146516266745));
#2339=CARTESIAN_POINT('',(1.31781479123274,1.63040564096812,-4.78742832924271));
#2340=CARTESIAN_POINT('',(1.12088561844032,1.75610170780381,-4.77368083938438));
#2341=CARTESIAN_POINT('',(0.923946323849667,1.88180423518675,-4.75993264293028));
#2342=CARTESIAN_POINT('',(0.702572056529185,1.97515173788303,-4.74546489519855));
#2343=CARTESIAN_POINT('',(0.475159978262967,2.028423223303,-4.73059480609822));
#2344=CARTESIAN_POINT('',(0.247791863682725,2.08168441018968,-4.71572759170857));
#2345=CARTESIAN_POINT('',(0.00808523919547906,2.0963725484568,-4.70054466847837));
#2346=CARTESIAN_POINT('',(-0.224151270146062,2.0712397219708,-4.68681177432813));
#2347=CARTESIAN_POINT('',(-0.456470808455842,2.04609791002142,-4.67307397040708));
#2348=CARTESIAN_POINT('',(-0.687658647637478,1.98040125087827,-4.65939676059209));
#2349=CARTESIAN_POINT('',(-0.898451812474871,1.87964414675715,-4.64499351539867));
#2350=CARTESIAN_POINT('',(-1.10917501770917,1.77892048265301,-4.63059505046138));
#2351=CARTESIAN_POINT('',(-1.30533742625112,1.6404035938476,-4.61506522074802));
#2352=CARTESIAN_POINT('',(-1.4707583342746,1.47551607918707,-4.60075186247359));
#2353=CARTESIAN_POINT('',(-1.63623247209047,1.31057550637157,-4.58643389839027));
#2354=CARTESIAN_POINT('',(-1.77549109418708,1.11467607372409,-4.57300577052603));
#2355=CARTESIAN_POINT('',(-1.87689740438099,0.904175818746374,-4.55891712796288));
#2356=CARTESIAN_POINT('',(-1.97827018441085,0.693745166025827,-4.54483314383268));
#2357=CARTESIAN_POINT('',(-2.04462740823514,0.462937648345636,-4.52962586349554));
#2358=CARTESIAN_POINT('',(-2.07050392637192,0.23084901701325,-4.5147553638491));
#2359=CARTESIAN_POINT('',(-2.09638254405876,-0.00125844535732726,-4.49988365765089));
#2360=CARTESIAN_POINT('',(-2.0824789398171,-0.241116675120218,-4.48596755908547));
#2361=CARTESIAN_POINT('',(-2.02991504693783,-0.468745858641068,-4.47230240040563));
#2362=CARTESIAN_POINT('',(-1.97734626853432,-0.696396199040433,-4.45863597162459));
#2363=CARTESIAN_POINT('',(-1.88467495725619,-0.918060225321296,-4.44425971675075));
#2364=CARTESIAN_POINT('',(-1.75962825522671,-1.11534128462349,-4.42948029948998));
#2365=CARTESIAN_POINT('',(-1.63459937223064,-1.31259423156662,-4.41470298828178));
#2366=CARTESIAN_POINT('',(-1.47374307379463,-1.49094905338048,-4.39966206627414));
#2367=CARTESIAN_POINT('',(-1.29034107214632,-1.63563372895953,-4.38590103319087));
#2368=CARTESIAN_POINT('',(-1.10687835938723,-1.78036629914872,-4.37213544482687));
#2369=CARTESIAN_POINT('',(-0.895832928748569,-1.8953481146138,-4.35827138419879));
#2370=CARTESIAN_POINT('',(-0.674797098595655,-1.97102172831876,-4.34370288232158));
#2371=CARTESIAN_POINT('',(-0.453848530776713,-2.04666546697519,-4.32914013191676));
#2372=CARTESIAN_POINT('',(-0.216831702089683,-2.08514053898497,-4.31347729650994));
#2373=CARTESIAN_POINT('',(0.0167186428241687,-2.08326624912897,-4.29922801769755));
#2374=CARTESIAN_POINT('',(0.250342713283111,-2.08139136761022,-4.28497424077213));
#2375=CARTESIAN_POINT('',(0.486931694033032,-2.03906011697733,-4.27163053293001));
#2376=CARTESIAN_POINT('',(0.706724305864224,-1.95980063610524,-4.25762931471644));
#2377=CARTESIAN_POINT('',(0.926462213216228,-1.8805608822321,-4.24363158128492));
#2378=CARTESIAN_POINT('',(1.13547196805749,-1.76224922056018,-4.22851763423235));
#2379=CARTESIAN_POINT('',(1.31647585254093,-1.61467306519134,-4.21373605004817));
#2380=CARTESIAN_POINT('',(1.49750157569983,-1.46707910430539,-4.1989526824204));
#2381=CARTESIAN_POINT('',(1.65554691783295,-1.28608906313357,-4.1850924387553));
#2382=CARTESIAN_POINT('',(1.77741928085632,-1.08676514381811,-4.1713105661158));
#2383=CARTESIAN_POINT('',(1.89929007979223,-0.887443782589101,-4.15752887035031));
#2384=CARTESIAN_POINT('',(1.98834099228436,-0.66432463018754,-4.1429354979963));
#2385=CARTESIAN_POINT('',(2.03721295709507,-0.435937088605405,-4.12803268889041));
#2386=CARTESIAN_POINT('',(2.08607750010592,-0.207584230437932,-4.11313214295661));
#2387=CARTESIAN_POINT('',(2.09613862754594,0.0323750826487132,-4.09813711058658));
#2388=CARTESIAN_POINT('',(2.06652740570276,0.264087597696674,-4.08445195157609));
#2389=CARTESIAN_POINT('',(2.03690644396089,0.495876328999249,-4.07076229116194));
#2390=CARTESIAN_POINT('',(1.96676312421993,0.725742239207689,-4.05698744154432));
#2391=CARTESIAN_POINT('',(1.86196283508706,0.934543834462913,-4.04250927342244));
#2392=CARTESIAN_POINT('',(1.75719474461811,1.14328127786847,-4.0280355535485));
#2393=CARTESIAN_POINT('',(1.6149214996248,1.33673574517989,-4.01247923808924));
#2394=CARTESIAN_POINT('',(1.44686689479274,1.4989509553453,-3.99830048593263));
#2395=CARTESIAN_POINT('',(1.27875391722629,1.66122250996725,-3.98411680887358));
#2396=CARTESIAN_POINT('',(1.08019833621161,1.79667579367852,-3.97065016254206));
#2397=CARTESIAN_POINT('',(0.867777971507842,1.89400083683812,-3.95648570019082));
#2398=CARTESIAN_POINT('',(0.655437507075348,1.99128927193823,-3.94232656569214));
#2399=CARTESIAN_POINT('',(0.423403527066046,2.05317843036334,-3.92701752000355));
#2400=CARTESIAN_POINT('',(0.190859475252012,2.07457235074709,-3.91220004161108));
#2401=CARTESIAN_POINT('',(-0.0417141509945214,2.09596899196179,-3.89738067876485));
#2402=CARTESIAN_POINT('',(-0.281277538182882,2.07743615918186,-3.88364508903168));
#2403=CARTESIAN_POINT('',(-0.507854026701762,2.02048560136928,-3.86994654125493));
#2404=CARTESIAN_POINT('',(-0.734438851616341,1.96353294818314,-3.85624748946951));
#2405=CARTESIAN_POINT('',(-0.954259262595316,1.86660643589399,-3.8417459648449));
#2406=CARTESIAN_POINT('',(-1.14908390544879,1.73778133147308,-3.826933719428));
#2407=CARTESIAN_POINT('',(-1.34388808673927,1.60896975697811,-3.81212302967514));
#2408=CARTESIAN_POINT('',(-1.51911631856399,1.44469211939004,-3.79726493605455));
#2409=CARTESIAN_POINT('',(-1.66023639535197,1.25852806457642,-3.78353482586599));
#2410=CARTESIAN_POINT('',(-1.80139707180358,1.07231045113263,-3.76980076558139));
#2411=CARTESIAN_POINT('',(-1.91227755239202,0.859098350100977,-3.75583070001513));
#2412=CARTESIAN_POINT('',(-1.98367015709991,0.636655704136059,-3.7411908300012));
#2413=CARTESIAN_POINT('',(-2.05503718002893,0.414292765006395,-3.72655620582356));
#2414=CARTESIAN_POINT('',(-2.08893563499453,0.176576427618308,-3.71090032792363));
#2415=CARTESIAN_POINT('',(-2.08255606817597,-0.0569034329476311,-3.69678803816359));
#2416=CARTESIAN_POINT('',(-2.07617432989037,-0.29046276502567,-3.68267094488429));
#2417=CARTESIAN_POINT('',(-2.0292826746703,-0.526195248038679,-3.66928955136982));
#2418=CARTESIAN_POINT('',(-1.94579495989909,-0.744419070019756,-3.65521313459584));
#2419=CARTESIAN_POINT('',(-1.86233146901618,-0.962579574547453,-3.64114080208204));
#2420=CARTESIAN_POINT('',(-1.74001483591489,-1.16925933456923,-3.62592531728212));
#2421=CARTESIAN_POINT('',(-1.58897389938501,-1.3473825458462,-3.61119617321073));
#2422=CARTESIAN_POINT('',(-1.43790785937524,-1.5255353617625,-3.59646458110915));
#2423=CARTESIAN_POINT('',(-1.25388697342635,-1.68006859233576,-3.5827596782026));
#2424=CARTESIAN_POINT('',(-1.05224267872435,-1.79807205719036,-3.56893380515864));
#2425=CARTESIAN_POINT('',(-0.850614135446798,-1.9160663042158,-3.55510901212142));
#2426=CARTESIAN_POINT('',(-0.625833312075735,-2.00078872979082,-3.54039036486523));
#2427=CARTESIAN_POINT('',(-0.396554355462887,-2.04524385366176,-3.52546593140889));
#2428=CARTESIAN_POINT('',(-0.16730044009195,-2.08969412226151,-3.51054312795974));
#2429=CARTESIAN_POINT('',(0.0728238823130646,-2.09512384726459,-3.49575182964814));
#2430=CARTESIAN_POINT('',(0.303925837600103,-2.06104509000091,-3.48209903798681));
#2431=CARTESIAN_POINT('',(0.535095521463656,-2.02695634534567,-3.46844224512981));
#2432=CARTESIAN_POINT('',(0.763552577174862,-1.952393794699,-3.45456192576628));
#2433=CARTESIAN_POINT('',(0.970284566914649,-1.84359042007302,-3.44001258457462));
#2434=CARTESIAN_POINT('',(1.1769588460405,-1.73481741863484,-3.42546730492861));
#2435=CARTESIAN_POINT('',(1.36763585621913,-1.5888390690469,-3.40993310327174));
#2436=CARTESIAN_POINT('',(1.52658400818219,-1.41768086808709,-3.39587095955993));
#2437=CARTESIAN_POINT('',(1.68559061114136,-1.24645972605364,-3.38180364468822));
#2438=CARTESIAN_POINT('',(1.81718730897687,-1.04532429148748,-3.36828429383776));
#2439=CARTESIAN_POINT('',(1.91039501219723,-0.831064783966766,-3.35404153747114));
#2440=CARTESIAN_POINT('',(2.00356440838634,-0.616893334035351,-3.33980463467342));
#2441=CARTESIAN_POINT('',(2.06096422585023,-0.383717865132941,-3.32440256744595));
#2442=CARTESIAN_POINT('',(2.07786820732803,-0.150802820773294,-3.30965559235336));
#2443=CARTESIAN_POINT('',(2.09477508720744,0.0821521598191862,-3.29490608870522));
#2444=CARTESIAN_POINT('',(2.0716194339371,0.321330483915193,-3.28132593365828));
#2445=CARTESIAN_POINT('',(2.01030356366201,0.546769933066571,-3.26758430905648));
#2446=CARTESIAN_POINT('',(1.9489889796534,0.772204653014777,-3.25384297272248));
#2447=CARTESIAN_POINT('',(1.847844258038,0.990100218459255,-3.23921650527634));
#2448=CARTESIAN_POINT('',(1.71528861114742,1.18239703917327,-3.22438246620328));
#2449=CARTESIAN_POINT('',(1.58274161583434,1.37468130915191,-3.20954939531106));
#2450=CARTESIAN_POINT('',(1.41510217646716,1.54671830325035,-3.19488634049116));
#2451=CARTESIAN_POINT('',(1.22624529778562,1.68422096158326,-3.18117266972479));
#2452=CARTESIAN_POINT('',(1.03734351467189,1.82175631387384,-3.16745573826385));
#2453=CARTESIAN_POINT('',(0.822045662872999,1.92849434626582,-3.15337315549137));
#2454=CARTESIAN_POINT('',(0.598279579839541,1.99557994631255,-3.13866692034493));
#2455=CARTESIAN_POINT('',(0.374585086160122,2.0626440837019,-3.12396539015583));
#2456=CARTESIAN_POINT('',(0.136254846625879,2.09195352104278,-3.10836377484289));
#2457=CARTESIAN_POINT('',(-0.0970661926811217,2.08107086184401,-3.09437019196949));
#2458=CARTESIAN_POINT('',(-0.330471299677031,2.07018428152432,-3.08037156708112));
#2459=CARTESIAN_POINT('',(-0.565257294094782,2.01875061672601,-3.06693836827998));
#2460=CARTESIAN_POINT('',(-0.781829848874593,1.93106702762657,-3.05278422329062));
#2461=CARTESIAN_POINT('',(-0.998332769268672,1.8434116313555,-3.03863462927122));
#2462=CARTESIAN_POINT('',(-1.20260759407468,1.71713571121212,-3.0233263214757));
#2463=CARTESIAN_POINT('',(-1.37778554053358,1.56268511929767,-3.00866699757462));
#2464=CARTESIAN_POINT('',(-1.55300023626228,1.40820212634994,-2.99400459840373));
#2465=CARTESIAN_POINT('',(-1.70396249321057,1.22121953793189,-2.98042733478262));
#2466=CARTESIAN_POINT('',(-1.81805312626044,1.01733013711009,-2.96654892198998));
#2467=CARTESIAN_POINT('',(-1.93212741212268,0.813469950065095,-2.9526724977306));
#2468=CARTESIAN_POINT('',(-2.01249096571304,0.587111015863303,-2.93783028235239));
#2469=CARTESIAN_POINT('',(-2.05251335289666,0.357024808603946,-2.92289644626261));
#2470=CARTESIAN_POINT('',(-2.0925331301652,0.1269536055836,-2.90796358402889));
#2471=CARTESIAN_POINT('',(-2.09332848851605,-0.113247670652442,-2.8933853597371));
#2472=CARTESIAN_POINT('',(-2.05479451295451,-0.343652858724947,-2.8797503517415));
#2473=CARTESIAN_POINT('',(-2.0162508436731,-0.574116008202079,-2.86611191368332));
#2474=CARTESIAN_POINT('',(-1.93729774409534,-0.801078334521658,-2.85211955707879));
#2475=CARTESIAN_POINT('',(-1.82453228507922,-1.00566381981325,-2.83750397764619));
#2476=CARTESIAN_POINT('',(-1.71179489722854,-1.21019837680594,-2.82289203652937));
#2477=CARTESIAN_POINT('',(-1.56216370933945,-1.39802895630585,-2.80742322021931));
#2478=CARTESIAN_POINT('',(-1.3879661521218,-1.55364981200462,-2.79345995492135));
#2479=CARTESIAN_POINT('',(-1.21370239450952,-1.70932980838381,-2.7794913831559));
#2480=CARTESIAN_POINT('',(-1.01006462177624,-1.83701969206069,-2.76590645188156));
#2481=CARTESIAN_POINT('',(-0.794047895566303,-1.92607521071336,-2.75158415869963));
#2482=CARTESIAN_POINT('',(-0.578124654003253,-2.01509218918508,-2.73726806371607));
#2483=CARTESIAN_POINT('',(-0.343892744017604,-2.06798271691149,-2.72178305327164));
#2484=CARTESIAN_POINT('',(-0.110691109686286,-2.08039064985743,-2.70712494206588));
#2485=CARTESIAN_POINT('',(0.122560161645555,-2.09280122383363,-2.69246371087911));
#2486=CARTESIAN_POINT('',(0.361262738904027,-2.06503072266061,-2.67900731946069));
#2487=CARTESIAN_POINT('',(0.585481047628609,-1.99937233166949,-2.66521401132246));
#2488=CARTESIAN_POINT('',(0.809681586927818,-1.93371914414228,-2.65142179631155));
#2489=CARTESIAN_POINT('',(1.02557186308413,-1.82839444451855,-2.63667206876192));
#2490=CARTESIAN_POINT('',(1.21527033546308,-1.69215714090661,-2.62182839229389));
#2491=CARTESIAN_POINT('',(1.40496440575697,-1.55592299877611,-2.6069850602837));
#2492=CARTESIAN_POINT('',(1.57374619065997,-1.384982535348,-2.59252288338706));
#2493=CARTESIAN_POINT('',(1.7075798065955,-1.193502820225,-2.57881200325847));
#2494=CARTESIAN_POINT('',(1.84143789152058,-1.00198809659452,-2.56509861635025));
#2495=CARTESIAN_POINT('',(1.94399389014555,-0.784685554300716,-2.55089828086349));
#2496=CARTESIAN_POINT('',(2.00674783985105,-0.559679269788451,-2.53613186715163));
#2497=CARTESIAN_POINT('',(2.06948417976109,-0.334736125758447,-2.52136959713951));
#2498=CARTESIAN_POINT('',(2.09419325286504,-0.0958779436184438,-2.50586384291551));
#2499=CARTESIAN_POINT('',(2.07881095195965,0.137196223673919,-2.49197109778902));
#2500=CARTESIAN_POINT('',(2.06342292101315,0.370357213124449,-2.47807317749392));
#2501=CARTESIAN_POINT('',(2.00746716857441,0.60410657368796,-2.46457523127793));
#2502=CARTESIAN_POINT('',(1.91562155561403,0.818945561954311,-2.4503420592101));
#2503=CARTESIAN_POINT('',(1.82380723943222,1.03371134293263,-2.43611373715546));
#2504=CARTESIAN_POINT('',(1.69361868381548,1.23550712857224,-2.42072265428054));
#2505=CARTESIAN_POINT('',(1.53581440264713,1.40767606301998,-2.40615140382902));
#2506=CARTESIAN_POINT('',(1.37797065248992,1.57988805925098,-2.39157650891033));
#2507=CARTESIAN_POINT('',(1.18809696457679,1.7272212222887,-2.37809278807685));
#2508=CARTESIAN_POINT('',(0.982038604430646,1.83735624122969,-2.36415440624109));
#2509=CARTESIAN_POINT('',(0.776022874662155,1.9474684748906,-2.35021890804705));
#2510=CARTESIAN_POINT('',(0.548169656698779,2.02344416424727,-2.33525618779227));
#2511=CARTESIAN_POINT('',(0.317360436181518,2.05901921587062,-2.32032626984325));
#2512=CARTESIAN_POINT('',(0.0865558052166656,2.09459356009778,-2.30539664876989));
#2513=CARTESIAN_POINT('',(-0.153633968518998,2.09075292262188,-2.29103426378169));
#2514=CARTESIAN_POINT('',(-0.383256496766552,2.0477773891378,-2.2774032964511));
#2515=CARTESIAN_POINT('',(-0.612926204801718,2.00479302561183,-2.26376952841036));
#2516=CARTESIAN_POINT('',(-0.838308777480056,1.92147924926088,-2.24965985267908));
#2517=CARTESIAN_POINT('',(-1.04067180588072,1.8047936087605,-2.23498415967304));
#2518=CARTESIAN_POINT('',(-1.24299089792898,1.68813330263796,-2.22031165300209));
#2519=CARTESIAN_POINT('',(-1.42790657563525,1.53490254210561,-2.20494583427365));
#2520=CARTESIAN_POINT('',(-1.58014097719057,1.35773055868276,-2.19106420047386));
#2521=CARTESIAN_POINT('',(-1.73243340321536,1.18049104577749,-2.1771772756595));
#2522=CARTESIAN_POINT('',(-1.85616723921026,0.974429689505199,-2.16351509622007));
#2523=CARTESIAN_POINT('',(-1.94103694351849,0.756738634981846,-2.14911326608085));
#2524=CARTESIAN_POINT('',(-2.02586936548459,0.539143209781559,-2.13471776250966));
#2525=CARTESIAN_POINT('',(-2.07423191994669,0.303940052130865,-2.11916121736027));
#2526=CARTESIAN_POINT('',(-2.08213890246887,0.0705362928109704,-2.10461115995378));
#2527=CARTESIAN_POINT('',(-2.09004786416281,-0.162925889064995,-2.0900574605685));
#2528=CARTESIAN_POINT('',(-2.05767210162411,-0.401061542467163,-2.07668663031032));
#2529=CARTESIAN_POINT('',(-1.98769545009152,-0.623974819574674,-2.06283414545606));
#2530=CARTESIAN_POINT('',(-1.91772835631327,-0.846857650093304,-2.04898355264214));
#2531=CARTESIAN_POINT('',(-1.808263122117,-1.06066300999285,-2.03411360550026));
#2532=CARTESIAN_POINT('',(-1.66839404999154,-1.24769350071666,-2.01927354231166));
#2533=CARTESIAN_POINT('',(-1.52852205335022,-1.43472790205223,-2.00443316883288));
#2534=CARTESIAN_POINT('',(-1.35434263397889,-1.60019118395743,-1.99017127319683));
#2535=CARTESIAN_POINT('',(-1.16031085817395,-1.73030531704131,-1.97645042183151));
#2536=CARTESIAN_POINT('',(-0.96625501966273,-1.86043558613256,-1.96272786888501));
#2537=CARTESIAN_POINT('',(-0.747029122362615,-1.9587714319774,-1.94840584550718));
#2538=CARTESIAN_POINT('',(-0.520865879300304,-2.0171704225371,-1.93358662681756));
#2539=CARTESIAN_POINT('',(-0.29475708725247,-2.07555535296821,-1.9187709759999));
#2540=CARTESIAN_POINT('',(-0.0554572994347607,-2.0956538499325,-1.90339678301785));
#2541=CARTESIAN_POINT('',(0.177282234743034,-2.07577667079633,-1.88958749512096));
#2542=CARTESIAN_POINT('',(0.410108787678839,-2.05589205980099,-1.87577304408285));
#2543=CARTESIAN_POINT('',(0.642731218609548,-1.99543578156342,-1.86219862139175));
#2544=CARTESIAN_POINT('',(0.855754547229123,-1.89946359077358,-1.84788636710659));
#2545=CARTESIAN_POINT('',(1.06870420460465,-1.80352459067105,-1.83357906252148));
#2546=CARTESIAN_POINT('',(1.26794764267971,-1.66947114088352,-1.81811658426631));
#2547=CARTESIAN_POINT('',(1.43704465577898,-1.50837012535878,-1.80365248252022));
#2548=CARTESIAN_POINT('',(1.60619004679611,-1.34722301953619,-1.78918424265772));
#2549=CARTESIAN_POINT('',(1.74983685343058,-1.15453043148981,-1.77575364441021));
#2550=CARTESIAN_POINT('',(1.85597473639519,-0.946380238403465,-1.7617490058942));
#2551=CARTESIAN_POINT('',(1.96208426489152,-0.738285652117262,-1.74774810868212));
#2552=CARTESIAN_POINT('',(2.03364460817388,-0.5090222424294,-1.73266930713669));
#2553=CARTESIAN_POINT('',(2.06475913334258,-0.277574312673487,-1.7177576963145));
#2554=CARTESIAN_POINT('',(2.0958744813511,-0.0461202621566443,-1.702845691147));
#2555=CARTESIAN_POINT('',(2.08739771597464,0.193969120950929,-1.68869527362953));
#2556=CARTESIAN_POINT('',(2.03999576045404,0.422723402601911,-1.67505549651898));
#2557=CARTESIAN_POINT('',(1.99258643314558,0.651513259326045,-1.66141359819756));
#2558=CARTESIAN_POINT('',(1.90494320527507,0.875231842597214,-1.64718263196948));
#2559=CARTESIAN_POINT('',(1.78438037433106,1.07529738095093,-1.6324541424506));
#2560=CARTESIAN_POINT('',(1.66383969934733,1.27532615304687,-1.61772835960197));
#2561=CARTESIAN_POINT('',(1.50706379814623,1.45725907020009,-1.602497311346));
#2562=CARTESIAN_POINT('',(1.32698311926445,1.6060490587043,-1.58868061540795));
#2563=CARTESIAN_POINT('',(1.14683617798051,1.75489379590291,-1.57485883548493));
#2564=CARTESIAN_POINT('',(0.938431358877807,1.87462353731341,-1.56110898387915));
#2565=CARTESIAN_POINT('',(0.719149917019314,1.95527521710599,-1.54662887168961));
#2566=CARTESIAN_POINT('',(0.499962505497412,2.03589231255559,-1.53215496873425));
#2567=CARTESIAN_POINT('',(0.263873609849472,2.07970965083471,-1.51653962776951));
#2568=CARTESIAN_POINT('',(0.0303523934397229,2.08311221733018,-1.50211758412386));
#2569=CARTESIAN_POINT('',(-0.203234934566326,2.08651574711758,-1.48769145749021));
#2570=CARTESIAN_POINT('',(-0.440712005539343,2.04954622586472,-1.47436154048118));
#2571=CARTESIAN_POINT('',(-0.662236617533706,1.97527730715849,-1.46044353255534));
#2572=CARTESIAN_POINT('',(-0.883718873581801,1.90102258881718,-1.4465281857803));
#2573=CARTESIAN_POINT('',(-1.09536065776989,1.78745766418193,-1.43154242361231));
#2574=CARTESIAN_POINT('',(-1.27965458981669,1.64400787970699,-1.41672028608792));
#2575=CARTESIAN_POINT('',(-1.4639607806486,1.50054855330053,-1.40189716263091));
#2576=CARTESIAN_POINT('',(-1.62604313137202,1.32319376043019,-1.38782846050797));
#2577=CARTESIAN_POINT('',(-1.75238871955263,1.12668165573177,-1.37408581319104));
#2578=CARTESIAN_POINT('',(-1.87874216779357,0.930157325857783,-1.360342310933));
#2579=CARTESIAN_POINT('',(-1.97282140499654,0.709089873853063,-1.34589599137796));
#2580=CARTESIAN_POINT('',(-2.0268436999694,0.481853083078374,-1.33103252834275));
#2581=CARTESIAN_POINT('',(-2.08085517338273,0.254661811592671,-1.31617204270512));
#2582=CARTESIAN_POINT('',(-2.09633433620713,0.0150071726730674,-1.30095902904327));
#2583=CARTESIAN_POINT('',(-2.07196863385031,-0.217310280746797,-1.28721637580145));
#2584=CARTESIAN_POINT('',(-2.04759412815947,-0.449711670517558,-1.27346875733577));
#2585=CARTESIAN_POINT('',(-1.98266086611127,-0.681116811805216,-1.25980738029302));
#2586=CARTESIAN_POINT('',(-1.88259944691191,-0.892242736179316,-1.24541724639775));
#2587=CARTESIAN_POINT('',(-1.78257157968857,-1.10329786711466,-1.23103193771315));
#2588=CARTESIAN_POINT('',(-1.64470242376126,-1.2999165133465,-1.215510777195));
#2589=CARTESIAN_POINT('',(-1.48036297637765,-1.46587967990148,-1.20117365746921));
#2590=CARTESIAN_POINT('',(-1.31597143042869,-1.63189545977005,-1.18683199261819));
#2591=CARTESIAN_POINT('',(-1.12053401101325,-1.77179984107768,-1.17340787243406));
#2592=CARTESIAN_POINT('',(-0.910370289132708,-1.87390066824317,-1.15933186472596));
#2593=CARTESIAN_POINT('',(-0.700274236063991,-1.97596862084021,-1.1452603892307));
#2594=CARTESIAN_POINT('',(-0.469685049218797,-2.04308800733644,-1.13007129767997));
#2595=CARTESIAN_POINT('',(-0.237682793183398,-2.06973057850585,-1.11519341204432));
#2596=CARTESIAN_POINT('',(-0.00566356252109968,-2.09637509899986,-1.10031443785651));
#2597=CARTESIAN_POINT('',(0.234236102686538,-2.08326399062646,-1.08636542721753));
#2598=CARTESIAN_POINT('',(0.462036911658232,-2.03145260098362,-1.07270493390721));
#2599=CARTESIAN_POINT('',(0.689861030155325,-1.97963590978408,-1.05904304279844));
#2600=CARTESIAN_POINT('',(0.91183226787112,-1.88769618948351,-1.04468815366266));
#2601=CARTESIAN_POINT('',(1.10952635274084,-1.76330061258748,-1.02991537529365));
#2602=CARTESIAN_POINT('',(1.30719104154681,-1.63892353265514,-1.01514479355858));
#2603=CARTESIAN_POINT('',(1.48607423297589,-1.47865843113798,-1.00007427382837));
#2604=CARTESIAN_POINT('',(1.63136335880444,-1.29573584087501,-0.986306442281464));
#2605=CARTESIAN_POINT('',(1.77670153842608,-1.11275149067754,-0.972533962318122));
#2606=CARTESIAN_POINT('',(1.8923807728267,-0.902084838001507,-0.958687293556098));
#2607=CARTESIAN_POINT('',(1.9687840748055,-0.681298058539994,-0.944131417113595));
#2608=CARTESIAN_POINT('',(2.04515676118481,-0.460599750642387,-0.929581373362505));
#2609=CARTESIAN_POINT('',(2.08441348397512,-0.223711144808806,-0.913922488286604));
#2610=CARTESIAN_POINT('',(2.08331008377386,0.00984238913829738,-0.899647916642124));
#2611=CARTESIAN_POINT('',(2.08220634022574,0.243468598321993,-0.885368903155749));
#2612=CARTESIAN_POINT('',(2.04065701927643,0.480195104056335,-0.872030144926085));
#2613=CARTESIAN_POINT('',(1.96212404173674,0.700247829426449,-0.858041449867442));
#2614=CARTESIAN_POINT('',(1.88360999185367,0.920247518702001,-0.844056126299667));
#2615=CARTESIAN_POINT('',(1.7659880099563,1.1296483187545,-0.828960326501783));
#2616=CARTESIAN_POINT('',(1.61901007511334,1.31113849552946,-0.81417144590956));
#2617=CARTESIAN_POINT('',(1.47201556747861,1.49264913659325,-0.799380897767449));
#2618=CARTESIAN_POINT('',(1.29155086949785,1.65128938389736,-0.785491770102859));
#2619=CARTESIAN_POINT('',(1.09263140096777,1.77381915633951,-0.771716491031529));
#2620=CARTESIAN_POINT('',(0.893712278966944,1.89634871532767,-0.757941235957535));
#2621=CARTESIAN_POINT('',(0.67088575594001,1.9861370039412,-0.743369368511979));
#2622=CARTESIAN_POINT('',(0.442659143195559,2.03576291859419,-0.728471402012703));
#2623=CARTESIAN_POINT('',(0.214468825750959,2.0853809411463,-0.713575804764561));
#2624=CARTESIAN_POINT('',(-0.025453463630307,2.09623402084915,-0.69854732547456));
#2625=CARTESIAN_POINT('',(-0.25726177332763,2.06738824553157,-0.684855110298589));
#2626=CARTESIAN_POINT('',(-0.489147597379264,2.03853282447846,-0.671158316584343));
#2627=CARTESIAN_POINT('',(-0.719245862794651,1.96914834037636,-0.657400761133962));
#2628=CARTESIAN_POINT('',(-0.928393748714298,1.86503695006995,-0.642935177768022));
#2629=CARTESIAN_POINT('',(-1.13747643274649,1.7609580165064,-0.628474104050049));
#2630=CARTESIAN_POINT('',(-1.3313991258013,1.61932381165073,-0.612918739444339));
#2631=CARTESIAN_POINT('',(-1.49416715620298,1.45180655980819,-0.598718230960873));
#2632=CARTESIAN_POINT('',(-1.65699105829575,1.28423180605864,-0.584512848016363));
#2633=CARTESIAN_POINT('',(-1.7930990308569,1.08612526839149,-0.571053842999589));
#2634=CARTESIAN_POINT('',(-1.89112489865727,0.874027685749321,-0.55690256140133));
#2635=CARTESIAN_POINT('',(-1.9891145903818,0.662008376917994,-0.542756502280032));
#2636=CARTESIAN_POINT('',(-2.05176970201475,0.430178199213393,-0.527464283867062));
#2637=CARTESIAN_POINT('',(-2.07393107074496,0.197706073696347,-0.51263651991438));
#2638=CARTESIAN_POINT('',(-2.09609508603249,-0.0347938141313645,-0.497806985198908));
#2639=CARTESIAN_POINT('',(-2.07835381906414,-0.274414035600376,-0.484042107781542));
#2640=CARTESIAN_POINT('',(-2.02215226380995,-0.501176615322468,-0.470349988214685));
#2641=CARTESIAN_POINT('',(-1.96594407172207,-0.727965973405433,-0.45665625174737));
#2642=CARTESIAN_POINT('',(-1.86973300261152,-0.948123028899732,-0.442175025081805));
#2643=CARTESIAN_POINT('',(-1.74153700791911,-1.14338384973112,-0.427366547476615));
#2644=CARTESIAN_POINT('',(2.6,0.,-10.7985478909617));
#2645=CARTESIAN_POINT('',(2.6,0.680678408277788,-10.7652145576284));
#2646=CARTESIAN_POINT('',(2.03661605803115,2.03661605803115,-10.6985478909617));
#2647=CARTESIAN_POINT('',(0.,2.88169197098442,-10.5985478909617));
#2648=CARTESIAN_POINT('',(-2.03661605803115,2.03661605803115,-10.4985478909617));
#2649=CARTESIAN_POINT('',(-2.88169197098442,4.44089209850063E-16,-10.3985478909617));
#2650=CARTESIAN_POINT('',(-2.03661605803115,-2.03661605803115,-10.2985478909617));
#2651=CARTESIAN_POINT('',(-2.22044604925031E-16,-2.88169197098442,-10.1985478909617));
#2652=CARTESIAN_POINT('',(2.03661605803115,-2.03661605803115,-10.0985478909617));
#2653=CARTESIAN_POINT('',(2.88169197098442,-6.66133814775094E-16,-9.99854789096171));
#2654=CARTESIAN_POINT('',(2.03661605803115,2.03661605803115,-9.89854789096171));
#2655=CARTESIAN_POINT('',(0.,2.88169197098442,-9.79854789096171));
#2656=CARTESIAN_POINT('',(-2.03661605803115,2.03661605803116,-9.69854789096171));
#2657=CARTESIAN_POINT('',(-2.88169197098443,1.11022302462516E-15,-9.59854789096171));
#2658=CARTESIAN_POINT('',(-2.03661605803115,-2.03661605803116,-9.49854789096171));
#2659=CARTESIAN_POINT('',(-1.11022302462516E-15,-2.88169197098442,-9.39854789096171));
#2660=CARTESIAN_POINT('',(2.03661605803115,-2.03661605803116,-9.29854789096171));
#2661=CARTESIAN_POINT('',(2.88169197098443,-1.33226762955019E-15,-9.19854789096171));
#2662=CARTESIAN_POINT('',(2.03661605803115,2.03661605803116,-9.09854789096171));
#2663=CARTESIAN_POINT('',(1.33226762955019E-15,2.88169197098442,-8.99854789096171));
#2664=CARTESIAN_POINT('',(-2.03661605803115,2.03661605803116,-8.89854789096171));
#2665=CARTESIAN_POINT('',(-2.88169197098443,1.55431223447522E-15,-8.79854789096171));
#2666=CARTESIAN_POINT('',(-2.03661605803115,-2.03661605803116,-8.69854789096171));
#2667=CARTESIAN_POINT('',(-9.76996261670138E-15,-2.88169197098442,-8.59854789096171));
#2668=CARTESIAN_POINT('',(2.03661605803115,-2.03661605803116,-8.49854789096171));
#2669=CARTESIAN_POINT('',(2.88169197098442,-1.99840144432528E-15,-8.39854789096171));
#2670=CARTESIAN_POINT('',(2.03661605803115,2.03661605803115,-8.29854789096171));
#2671=CARTESIAN_POINT('',(-5.99520433297585E-15,2.88169197098442,-8.19854789096171));
#2672=CARTESIAN_POINT('',(-2.03661605803115,2.03661605803116,-8.09854789096171));
#2673=CARTESIAN_POINT('',(-2.88169197098443,2.22044604925031E-15,-7.99854789096171));
#2674=CARTESIAN_POINT('',(-2.03661605803115,-2.03661605803116,-7.89854789096171));
#2675=CARTESIAN_POINT('',(-1.02140518265514E-14,-2.88169197098442,-7.79854789096171));
#2676=CARTESIAN_POINT('',(2.03661605803115,-2.03661605803116,-7.69854789096171));
#2677=CARTESIAN_POINT('',(2.88169197098442,-3.10862446895044E-15,-7.59854789096171));
#2678=CARTESIAN_POINT('',(2.03661605803115,2.03661605803115,-7.49854789096171));
#2679=CARTESIAN_POINT('',(-5.10702591327572E-15,2.88169197098442,-7.39854789096171));
#2680=CARTESIAN_POINT('',(-2.03661605803115,2.03661605803116,-7.29854789096171));
#2681=CARTESIAN_POINT('',(-2.88169197098443,3.10862446895044E-15,-7.19854789096171));
#2682=CARTESIAN_POINT('',(-2.03661605803115,-2.03661605803115,-7.09854789096171));
#2683=CARTESIAN_POINT('',(-1.13242748511766E-14,-2.88169197098442,-6.99854789096171));
#2684=CARTESIAN_POINT('',(2.03661605803115,-2.03661605803116,-6.89854789096171));
#2685=CARTESIAN_POINT('',(2.88169197098442,-2.22044604925031E-16,-6.79854789096171));
#2686=CARTESIAN_POINT('',(2.03661605803117,2.03661605803114,-6.69854789096171));
#2687=CARTESIAN_POINT('',(-7.32747196252603E-15,2.88169197098443,-6.59854789096171));
#2688=CARTESIAN_POINT('',(-2.03661605803115,2.03661605803116,-6.49854789096171));
#2689=CARTESIAN_POINT('',(-2.88169197098443,1.97619698383278E-14,-6.39854789096171));
#2690=CARTESIAN_POINT('',(-2.03661605803115,-2.03661605803116,-6.29854789096171));
#2691=CARTESIAN_POINT('',(-1.55431223447522E-14,-2.88169197098442,-6.19854789096171));
#2692=CARTESIAN_POINT('',(2.03661605803116,-2.03661605803115,-6.09854789096171));
#2693=CARTESIAN_POINT('',(2.88169197098442,-3.99680288865056E-15,-5.99854789096171));
#2694=CARTESIAN_POINT('',(2.03661605803117,2.03661605803114,-5.89854789096171));
#2695=CARTESIAN_POINT('',(-7.32747196252603E-15,2.88169197098442,-5.79854789096171));
#2696=CARTESIAN_POINT('',(-2.03661605803114,2.03661605803116,-5.69854789096171));
#2697=CARTESIAN_POINT('',(-2.88169197098443,-1.15463194561016E-14,-5.59854789096171));
#2698=CARTESIAN_POINT('',(-2.03661605803115,-2.03661605803115,-5.49854789096171));
#2699=CARTESIAN_POINT('',(-1.55431223447522E-14,-2.88169197098443,-5.39854789096171));
#2700=CARTESIAN_POINT('',(2.03661605803116,-2.03661605803115,-5.29854789096171));
#2701=CARTESIAN_POINT('',(2.88169197098442,-4.66293670342566E-15,-5.19854789096171));
#2702=CARTESIAN_POINT('',(2.03661605803117,2.03661605803114,-5.09854789096171));
#2703=CARTESIAN_POINT('',(-6.21724893790088E-15,2.88169197098443,-4.99854789096171));
#2704=CARTESIAN_POINT('',(-2.03661605803115,2.03661605803116,-4.89854789096171));
#2705=CARTESIAN_POINT('',(-2.88169197098443,2.1094237467878E-14,-4.79854789096171));
#2706=CARTESIAN_POINT('',(-2.03661605803115,-2.03661605803116,-4.69854789096171));
#2707=CARTESIAN_POINT('',(-1.70974345792274E-14,-2.88169197098442,-4.59854789096171));
#2708=CARTESIAN_POINT('',(2.03661605803116,-2.03661605803115,-4.49854789096171));
#2709=CARTESIAN_POINT('',(2.88169197098442,-5.32907051820075E-15,-4.39854789096171));
#2710=CARTESIAN_POINT('',(2.03661605803117,2.03661605803114,-4.29854789096171));
#2711=CARTESIAN_POINT('',(-5.99520433297585E-15,2.88169197098442,-4.19854789096171));
#2712=CARTESIAN_POINT('',(-2.03661605803114,2.03661605803117,-4.09854789096171));
#2713=CARTESIAN_POINT('',(-2.88169197098443,-1.04360964314765E-14,-3.99854789096171));
#2714=CARTESIAN_POINT('',(-2.03661605803115,-2.03661605803115,-3.89854789096171));
#2715=CARTESIAN_POINT('',(-1.70974345792274E-14,-2.88169197098443,-3.79854789096171));
#2716=CARTESIAN_POINT('',(2.03661605803116,-2.03661605803115,-3.69854789096171));
#2717=CARTESIAN_POINT('',(2.88169197098442,-6.21724893790088E-15,-3.59854789096171));
#2718=CARTESIAN_POINT('',(2.03661605803117,2.03661605803114,-3.49854789096171));
#2719=CARTESIAN_POINT('',(-4.66293670342566E-15,2.88169197098443,-3.39854789096171));
#2720=CARTESIAN_POINT('',(-2.03661605803114,2.03661605803116,-3.29854789096171));
#2721=CARTESIAN_POINT('',(-2.88169197098443,2.26485497023532E-14,-3.19854789096171));
#2722=CARTESIAN_POINT('',(-2.03661605803115,-2.03661605803116,-3.09854789096171));
#2723=CARTESIAN_POINT('',(-1.84297022087776E-14,-2.88169197098442,-2.99854789096171));
#2724=CARTESIAN_POINT('',(2.03661605803116,-2.03661605803115,-2.89854789096171));
#2725=CARTESIAN_POINT('',(2.88169197098442,-7.32747196252603E-15,-2.79854789096171));
#2726=CARTESIAN_POINT('',(2.03661605803116,2.03661605803114,-2.69854789096171));
#2727=CARTESIAN_POINT('',(3.44169137633799E-14,2.88169197098443,-2.5985478909617));
#2728=CARTESIAN_POINT('',(-2.03661605803118,2.03661605803114,-2.49854789096171));
#2729=CARTESIAN_POINT('',(-2.88169197098442,-1.55431223447522E-15,-2.39854789096171));
#2730=CARTESIAN_POINT('',(-2.03661605803115,-2.03661605803115,-2.29854789096171));
#2731=CARTESIAN_POINT('',(-1.24344978758018E-14,-2.88169197098442,-2.19854789096171));
#2732=CARTESIAN_POINT('',(2.03661605803114,-2.03661605803117,-2.0985478909617));
#2733=CARTESIAN_POINT('',(2.88169197098443,-3.97459842815806E-14,-1.99854789096171));
#2734=CARTESIAN_POINT('',(2.03661605803114,2.03661605803117,-1.89854789096171));
#2735=CARTESIAN_POINT('',(3.77475828372553E-15,2.88169197098442,-1.79854789096171));
#2736=CARTESIAN_POINT('',(-2.03661605803114,2.03661605803116,-1.69854789096171));
#2737=CARTESIAN_POINT('',(-2.88169197098442,1.68753899743024E-14,-1.5985478909617));
#2738=CARTESIAN_POINT('',(-2.03661605803119,-2.03661605803113,-1.49854789096171));
#2739=CARTESIAN_POINT('',(1.88737914186277E-14,-2.88169197098443,-1.39854789096171));
#2740=CARTESIAN_POINT('',(2.03661605803115,-2.03661605803115,-1.29854789096171));
#2741=CARTESIAN_POINT('',(2.88169197098442,-8.21565038222616E-15,-1.19854789096171));
#2742=CARTESIAN_POINT('',(2.03661605803116,2.03661605803114,-1.09854789096171));
#2743=CARTESIAN_POINT('',(3.59712259978551E-14,2.88169197098443,-0.998547890961707));
#2744=CARTESIAN_POINT('',(-2.03661605803118,2.03661605803114,-0.898547890961707));
#2745=CARTESIAN_POINT('',(-2.80829766661534,0.176878806453881,-0.807232827219396));
#2746=CARTESIAN_POINT('',(-2.44597389210005,-1.00398642577967,-0.74925109681042));
#2747=CARTESIAN_POINT('',(-2.17152181012797,-1.4256848724713,-0.724602699734776));
#2748=CARTESIAN_POINT('',(1.95906418797094,0.,-10.4285034273535));
#2749=CARTESIAN_POINT('',(1.95906418797094,0.512881805070029,-10.3951700940201));
#2750=CARTESIAN_POINT('',(1.53456214766745,1.53456214766745,-10.3285034273535));
#2751=CARTESIAN_POINT('',(-2.22044604925031E-16,2.17131520812268,-10.2285034273535));
#2752=CARTESIAN_POINT('',(-1.53456214766745,1.53456214766745,-10.1285034273535));
#2753=CARTESIAN_POINT('',(-2.17131520812268,4.44089209850063E-16,-10.0285034273535));
#2754=CARTESIAN_POINT('',(-1.53456214766745,-1.53456214766745,-9.92850342735345));
#2755=CARTESIAN_POINT('',(0.,-2.17131520812268,-9.82850342735346));
#2756=CARTESIAN_POINT('',(1.53456214766745,-1.53456214766745,-9.72850342735346));
#2757=CARTESIAN_POINT('',(2.17131520812268,-6.66133814775094E-16,-9.62850342735346));
#2758=CARTESIAN_POINT('',(1.53456214766745,1.53456214766745,-9.52850342735345));
#2759=CARTESIAN_POINT('',(-2.22044604925031E-16,2.17131520812268,-9.42850342735346));
#2760=CARTESIAN_POINT('',(-1.53456214766745,1.53456214766745,-9.32850342735346));
#2761=CARTESIAN_POINT('',(-2.17131520812268,1.11022302462516E-15,-9.22850342735346));
#2762=CARTESIAN_POINT('',(-1.53456214766745,-1.53456214766745,-9.12850342735346));
#2763=CARTESIAN_POINT('',(-8.88178419700125E-16,-2.17131520812268,-9.02850342735345));
#2764=CARTESIAN_POINT('',(1.53456214766745,-1.53456214766745,-8.92850342735345));
#2765=CARTESIAN_POINT('',(2.17131520812268,-1.33226762955019E-15,-8.82850342735346));
#2766=CARTESIAN_POINT('',(1.53456214766745,1.53456214766745,-8.72850342735346));
#2767=CARTESIAN_POINT('',(8.88178419700125E-16,2.17131520812268,-8.62850342735346));
#2768=CARTESIAN_POINT('',(-1.53456214766745,1.53456214766745,-8.52850342735345));
#2769=CARTESIAN_POINT('',(-2.17131520812268,1.55431223447522E-15,-8.42850342735345));
#2770=CARTESIAN_POINT('',(-1.53456214766745,-1.53456214766745,-8.32850342735346));
#2771=CARTESIAN_POINT('',(-7.32747196252603E-15,-2.17131520812268,-8.22850342735346));
#2772=CARTESIAN_POINT('',(1.53456214766745,-1.53456214766745,-8.12850342735346));
#2773=CARTESIAN_POINT('',(2.17131520812268,-1.99840144432528E-15,-8.02850342735345));
#2774=CARTESIAN_POINT('',(1.53456214766745,1.53456214766745,-7.92850342735345));
#2775=CARTESIAN_POINT('',(-4.21884749357559E-15,2.17131520812268,-7.82850342735346));
#2776=CARTESIAN_POINT('',(-1.53456214766744,1.53456214766745,-7.72850342735346));
#2777=CARTESIAN_POINT('',(-2.17131520812268,2.22044604925031E-15,-7.62850342735346));
#2778=CARTESIAN_POINT('',(-1.53456214766745,-1.53456214766745,-7.52850342735345));
#2779=CARTESIAN_POINT('',(-7.32747196252603E-15,-2.17131520812268,-7.42850342735345));
#2780=CARTESIAN_POINT('',(1.53456214766745,-1.53456214766745,-7.32850342735346));
#2781=CARTESIAN_POINT('',(2.17131520812268,-3.10862446895044E-15,-7.22850342735346));
#2782=CARTESIAN_POINT('',(1.53456214766745,1.53456214766745,-7.12850342735346));
#2783=CARTESIAN_POINT('',(-3.77475828372553E-15,2.17131520812268,-7.02850342735345));
#2784=CARTESIAN_POINT('',(-1.53456214766744,1.53456214766745,-6.92850342735346));
#2785=CARTESIAN_POINT('',(-2.17131520812268,3.10862446895044E-15,-6.82850342735346));
#2786=CARTESIAN_POINT('',(-1.53456214766745,-1.53456214766745,-6.72850342735346));
#2787=CARTESIAN_POINT('',(-8.43769498715119E-15,-2.17131520812268,-6.62850342735346));
#2788=CARTESIAN_POINT('',(1.53456214766745,-1.53456214766745,-6.52850342735345));
#2789=CARTESIAN_POINT('',(2.17131520812268,-2.22044604925031E-16,-6.42850342735346));
#2790=CARTESIAN_POINT('',(1.53456214766746,1.53456214766744,-6.32850342735345));
#2791=CARTESIAN_POINT('',(-5.10702591327572E-15,2.17131520812268,-6.22850342735345));
#2792=CARTESIAN_POINT('',(-1.53456214766744,1.53456214766745,-6.12850342735346));
#2793=CARTESIAN_POINT('',(-2.17131520812268,1.97619698383278E-14,-6.02850342735345));
#2794=CARTESIAN_POINT('',(-1.53456214766745,-1.53456214766745,-5.92850342735346));
#2795=CARTESIAN_POINT('',(-1.17683640610267E-14,-2.17131520812268,-5.82850342735345));
#2796=CARTESIAN_POINT('',(1.53456214766746,-1.53456214766744,-5.72850342735346));
#2797=CARTESIAN_POINT('',(2.17131520812267,-3.99680288865056E-15,-5.62850342735346));
#2798=CARTESIAN_POINT('',(1.53456214766746,1.53456214766744,-5.52850342735345));
#2799=CARTESIAN_POINT('',(-5.55111512312578E-15,2.17131520812268,-5.42850342735345));
#2800=CARTESIAN_POINT('',(-1.53456214766744,1.53456214766746,-5.32850342735345));
#2801=CARTESIAN_POINT('',(-2.17131520812268,-1.15463194561016E-14,-5.22850342735346));
#2802=CARTESIAN_POINT('',(-1.53456214766745,-1.53456214766745,-5.12850342735345));
#2803=CARTESIAN_POINT('',(-1.13242748511766E-14,-2.17131520812268,-5.02850342735345));
#2804=CARTESIAN_POINT('',(1.53456214766746,-1.53456214766744,-4.92850342735346));
#2805=CARTESIAN_POINT('',(2.17131520812267,-4.66293670342566E-15,-4.82850342735345));
#2806=CARTESIAN_POINT('',(1.53456214766746,1.53456214766744,-4.72850342735346));
#2807=CARTESIAN_POINT('',(-4.66293670342566E-15,2.17131520812268,-4.62850342735346));
#2808=CARTESIAN_POINT('',(-1.53456214766744,1.53456214766745,-4.52850342735345));
#2809=CARTESIAN_POINT('',(-2.17131520812268,2.1094237467878E-14,-4.42850342735345));
#2810=CARTESIAN_POINT('',(-1.53456214766745,-1.53456214766745,-4.32850342735345));
#2811=CARTESIAN_POINT('',(-1.28785870856518E-14,-2.17131520812268,-4.22850342735346));
#2812=CARTESIAN_POINT('',(1.53456214766746,-1.53456214766744,-4.12850342735345));
#2813=CARTESIAN_POINT('',(2.17131520812267,-5.32907051820075E-15,-4.02850342735345));
#2814=CARTESIAN_POINT('',(1.53456214766746,1.53456214766744,-3.92850342735346));
#2815=CARTESIAN_POINT('',(-4.44089209850063E-15,2.17131520812268,-3.82850342735345));
#2816=CARTESIAN_POINT('',(-1.53456214766744,1.53456214766746,-3.72850342735346));
#2817=CARTESIAN_POINT('',(-2.17131520812268,-1.04360964314765E-14,-3.62850342735345));
#2818=CARTESIAN_POINT('',(-1.53456214766745,-1.53456214766745,-3.52850342735346));
#2819=CARTESIAN_POINT('',(-1.28785870856518E-14,-2.17131520812268,-3.42850342735345));
#2820=CARTESIAN_POINT('',(1.53456214766746,-1.53456214766744,-3.32850342735345));
#2821=CARTESIAN_POINT('',(2.17131520812267,-6.21724893790088E-15,-3.22850342735346));
#2822=CARTESIAN_POINT('',(1.53456214766746,1.53456214766744,-3.12850342735345));
#2823=CARTESIAN_POINT('',(-3.33066907387547E-15,2.17131520812268,-3.02850342735346));
#2824=CARTESIAN_POINT('',(-1.53456214766744,1.53456214766745,-2.92850342735345));
#2825=CARTESIAN_POINT('',(-2.17131520812268,2.26485497023532E-14,-2.82850342735345));
#2826=CARTESIAN_POINT('',(-1.53456214766745,-1.53456214766745,-2.72850342735346));
#2827=CARTESIAN_POINT('',(-1.3988810110277E-14,-2.17131520812268,-2.62850342735345));
#2828=CARTESIAN_POINT('',(1.53456214766745,-1.53456214766744,-2.52850342735346));
#2829=CARTESIAN_POINT('',(2.17131520812268,-7.32747196252603E-15,-2.42850342735345));
#2830=CARTESIAN_POINT('',(1.53456214766746,1.53456214766744,-2.32850342735346));
#2831=CARTESIAN_POINT('',(2.59792187762287E-14,2.17131520812268,-2.22850342735345));
#2832=CARTESIAN_POINT('',(-1.53456214766747,1.53456214766744,-2.12850342735345));
#2833=CARTESIAN_POINT('',(-2.17131520812267,-1.55431223447522E-15,-2.02850342735345));
#2834=CARTESIAN_POINT('',(-1.53456214766745,-1.53456214766745,-1.92850342735345));
#2835=CARTESIAN_POINT('',(-9.32587340685131E-15,-2.17131520812268,-1.82850342735346));
#2836=CARTESIAN_POINT('',(1.53456214766744,-1.53456214766746,-1.72850342735345));
#2837=CARTESIAN_POINT('',(2.17131520812268,-3.97459842815806E-14,-1.62850342735345));
#2838=CARTESIAN_POINT('',(1.53456214766744,1.53456214766746,-1.52850342735345));
#2839=CARTESIAN_POINT('',(2.66453525910038E-15,2.17131520812267,-1.42850342735345));
#2840=CARTESIAN_POINT('',(-1.53456214766744,1.53456214766745,-1.32850342735346));
#2841=CARTESIAN_POINT('',(-2.17131520812267,1.68753899743024E-14,-1.22850342735345));
#2842=CARTESIAN_POINT('',(-1.53456214766747,-1.53456214766743,-1.12850342735345));
#2843=CARTESIAN_POINT('',(1.4210854715202E-14,-2.17131520812268,-1.02850342735345));
#2844=CARTESIAN_POINT('',(1.53456214766745,-1.53456214766745,-0.928503427353455));
#2845=CARTESIAN_POINT('',(2.17131520812268,-8.21565038222616E-15,-0.828503427353454));
#2846=CARTESIAN_POINT('',(1.53456214766746,1.53456214766744,-0.728503427353454));
#2847=CARTESIAN_POINT('',(2.73114864057789E-14,2.17131520812268,-0.628503427353454));
#2848=CARTESIAN_POINT('',(-1.53456214766747,1.53456214766744,-0.528503427353455));
#2849=CARTESIAN_POINT('',(-2.11601361070325,0.133275744359556,-0.437188363611144));
#2850=CARTESIAN_POINT('',(-1.84300763720196,-0.756489943059187,-0.379206633202168));
#2851=CARTESIAN_POINT('',(-1.63621177369982,-1.07423391422709,-0.354558236126524));
#2852=CARTESIAN_POINT('',(-2.17152181012797,-1.4256848724713,0.0724930821886378));
#2853=CARTESIAN_POINT('',(-2.17152181012797,-1.4256848724713,-0.724602699734776));
#2854=CARTESIAN_POINT('',(-2.17152181012797,-1.4256848724713,0.0724930821886378));
#2855=CARTESIAN_POINT('',(-1.63621177369982,-1.07423391422709,-0.297551381419615));
#2856=CARTESIAN_POINT('',(-2.17152181012797,-1.4256848724713,0.0724930821886378));
#2857=CARTESIAN_POINT('',(-1.74153700791911,-1.14338384973112,-0.224743070069523));
#2858=CARTESIAN_POINT('',(-1.74153700791911,-1.14338384973112,-10.4));
#2859=CARTESIAN_POINT('',(-2.17152181012797,-1.4256848724713,-0.326054808773069));
#2860=CARTESIAN_POINT('',(-2.17152181012797,-1.4256848724713,0.0724930821886378));
#2861=CARTESIAN_POINT('',(-2.44597389210005,-1.00398642577967,0.0478446851129934));
#2862=CARTESIAN_POINT('',(-2.80829766661534,0.176878806453881,-0.0101370452959824));
#2863=CARTESIAN_POINT('',(-2.03661605803118,2.03661605803114,-0.101452109038293));
#2864=CARTESIAN_POINT('',(3.59712259978551E-14,2.88169197098443,-0.201452109038293));
#2865=CARTESIAN_POINT('',(2.03661605803116,2.03661605803114,-0.301452109038292));
#2866=CARTESIAN_POINT('',(2.88169197098442,-8.21565038222616E-15,-0.401452109038292));
#2867=CARTESIAN_POINT('',(2.03661605803115,-2.03661605803115,-0.501452109038294));
#2868=CARTESIAN_POINT('',(1.88737914186277E-14,-2.88169197098443,-0.601452109038293));
#2869=CARTESIAN_POINT('',(-2.03661605803119,-2.03661605803113,-0.701452109038293));
#2870=CARTESIAN_POINT('',(-2.88169197098442,1.68753899743024E-14,-0.801452109038291));
#2871=CARTESIAN_POINT('',(-2.03661605803114,2.03661605803116,-0.901452109038296));
#2872=CARTESIAN_POINT('',(3.77475828372553E-15,2.88169197098442,-1.00145210903829));
#2873=CARTESIAN_POINT('',(2.03661605803114,2.03661605803117,-1.10145210903829));
#2874=CARTESIAN_POINT('',(2.88169197098443,-3.97459842815806E-14,-1.20145210903829));
#2875=CARTESIAN_POINT('',(2.03661605803114,-2.03661605803117,-1.30145210903829));
#2876=CARTESIAN_POINT('',(-1.24344978758018E-14,-2.88169197098442,-1.4014521090383));
#2877=CARTESIAN_POINT('',(-2.03661605803115,-2.03661605803115,-1.50145210903829));
#2878=CARTESIAN_POINT('',(-2.88169197098442,-1.55431223447522E-15,-1.60145210903829));
#2879=CARTESIAN_POINT('',(-2.03661605803118,2.03661605803114,-1.70145210903829));
#2880=CARTESIAN_POINT('',(3.44169137633799E-14,2.88169197098443,-1.80145210903829));
#2881=CARTESIAN_POINT('',(2.03661605803116,2.03661605803114,-1.9014521090383));
#2882=CARTESIAN_POINT('',(2.88169197098442,-7.32747196252603E-15,-2.00145210903829));
#2883=CARTESIAN_POINT('',(2.03661605803116,-2.03661605803115,-2.10145210903829));
#2884=CARTESIAN_POINT('',(-1.84297022087776E-14,-2.88169197098442,-2.20145210903829));
#2885=CARTESIAN_POINT('',(-2.03661605803115,-2.03661605803116,-2.30145210903829));
#2886=CARTESIAN_POINT('',(-2.88169197098443,2.26485497023532E-14,-2.40145210903829));
#2887=CARTESIAN_POINT('',(-2.03661605803114,2.03661605803116,-2.50145210903829));
#2888=CARTESIAN_POINT('',(-4.66293670342566E-15,2.88169197098443,-2.60145210903829));
#2889=CARTESIAN_POINT('',(2.03661605803117,2.03661605803114,-2.70145210903829));
#2890=CARTESIAN_POINT('',(2.88169197098442,-6.21724893790088E-15,-2.80145210903829));
#2891=CARTESIAN_POINT('',(2.03661605803116,-2.03661605803115,-2.90145210903829));
#2892=CARTESIAN_POINT('',(-1.70974345792274E-14,-2.88169197098443,-3.00145210903829));
#2893=CARTESIAN_POINT('',(-2.03661605803115,-2.03661605803115,-3.10145210903829));
#2894=CARTESIAN_POINT('',(-2.88169197098443,-1.04360964314765E-14,-3.20145210903829));
#2895=CARTESIAN_POINT('',(-2.03661605803114,2.03661605803117,-3.30145210903829));
#2896=CARTESIAN_POINT('',(-5.99520433297585E-15,2.88169197098442,-3.40145210903829));
#2897=CARTESIAN_POINT('',(2.03661605803117,2.03661605803114,-3.50145210903829));
#2898=CARTESIAN_POINT('',(2.88169197098442,-5.32907051820075E-15,-3.60145210903829));
#2899=CARTESIAN_POINT('',(2.03661605803116,-2.03661605803115,-3.70145210903829));
#2900=CARTESIAN_POINT('',(-1.70974345792274E-14,-2.88169197098442,-3.80145210903829));
#2901=CARTESIAN_POINT('',(-2.03661605803115,-2.03661605803116,-3.90145210903829));
#2902=CARTESIAN_POINT('',(-2.88169197098443,2.1094237467878E-14,-4.00145210903829));
#2903=CARTESIAN_POINT('',(-2.03661605803115,2.03661605803116,-4.10145210903829));
#2904=CARTESIAN_POINT('',(-6.21724893790088E-15,2.88169197098443,-4.20145210903829));
#2905=CARTESIAN_POINT('',(2.03661605803117,2.03661605803114,-4.30145210903829));
#2906=CARTESIAN_POINT('',(2.88169197098442,-4.66293670342566E-15,-4.40145210903829));
#2907=CARTESIAN_POINT('',(2.03661605803116,-2.03661605803115,-4.50145210903829));
#2908=CARTESIAN_POINT('',(-1.55431223447522E-14,-2.88169197098443,-4.60145210903829));
#2909=CARTESIAN_POINT('',(-2.03661605803115,-2.03661605803115,-4.70145210903829));
#2910=CARTESIAN_POINT('',(-2.88169197098443,-1.15463194561016E-14,-4.80145210903829));
#2911=CARTESIAN_POINT('',(-2.03661605803114,2.03661605803116,-4.90145210903829));
#2912=CARTESIAN_POINT('',(-7.32747196252603E-15,2.88169197098442,-5.00145210903829));
#2913=CARTESIAN_POINT('',(2.03661605803117,2.03661605803114,-5.10145210903829));
#2914=CARTESIAN_POINT('',(2.88169197098442,-3.99680288865056E-15,-5.20145210903829));
#2915=CARTESIAN_POINT('',(2.03661605803116,-2.03661605803115,-5.30145210903829));
#2916=CARTESIAN_POINT('',(-1.55431223447522E-14,-2.88169197098442,-5.40145210903829));
#2917=CARTESIAN_POINT('',(-2.03661605803115,-2.03661605803116,-5.50145210903829));
#2918=CARTESIAN_POINT('',(-2.88169197098443,1.97619698383278E-14,-5.60145210903829));
#2919=CARTESIAN_POINT('',(-2.03661605803115,2.03661605803116,-5.70145210903829));
#2920=CARTESIAN_POINT('',(-7.32747196252603E-15,2.88169197098443,-5.80145210903829));
#2921=CARTESIAN_POINT('',(2.03661605803117,2.03661605803114,-5.90145210903829));
#2922=CARTESIAN_POINT('',(2.88169197098442,-2.22044604925031E-16,-6.0014521090383));
#2923=CARTESIAN_POINT('',(2.03661605803115,-2.03661605803116,-6.10145210903829));
#2924=CARTESIAN_POINT('',(-1.13242748511766E-14,-2.88169197098442,-6.20145210903829));
#2925=CARTESIAN_POINT('',(-2.03661605803115,-2.03661605803115,-6.30145210903829));
#2926=CARTESIAN_POINT('',(-2.88169197098443,3.10862446895044E-15,-6.40145210903829));
#2927=CARTESIAN_POINT('',(-2.03661605803115,2.03661605803116,-6.50145210903829));
#2928=CARTESIAN_POINT('',(-5.10702591327572E-15,2.88169197098442,-6.60145210903829));
#2929=CARTESIAN_POINT('',(2.03661605803115,2.03661605803115,-6.70145210903829));
#2930=CARTESIAN_POINT('',(2.88169197098442,-3.10862446895044E-15,-6.80145210903829));
#2931=CARTESIAN_POINT('',(2.03661605803115,-2.03661605803116,-6.90145210903829));
#2932=CARTESIAN_POINT('',(-1.02140518265514E-14,-2.88169197098442,-7.00145210903829));
#2933=CARTESIAN_POINT('',(-2.03661605803115,-2.03661605803116,-7.10145210903829));
#2934=CARTESIAN_POINT('',(-2.88169197098443,2.22044604925031E-15,-7.20145210903829));
#2935=CARTESIAN_POINT('',(-2.03661605803115,2.03661605803116,-7.30145210903829));
#2936=CARTESIAN_POINT('',(-5.99520433297585E-15,2.88169197098442,-7.40145210903829));
#2937=CARTESIAN_POINT('',(2.03661605803115,2.03661605803115,-7.50145210903829));
#2938=CARTESIAN_POINT('',(2.88169197098442,-1.99840144432528E-15,-7.60145210903829));
#2939=CARTESIAN_POINT('',(2.03661605803115,-2.03661605803116,-7.70145210903829));
#2940=CARTESIAN_POINT('',(-9.76996261670138E-15,-2.88169197098442,-7.80145210903829));
#2941=CARTESIAN_POINT('',(-2.03661605803115,-2.03661605803116,-7.90145210903829));
#2942=CARTESIAN_POINT('',(-2.88169197098443,1.55431223447522E-15,-8.00145210903829));
#2943=CARTESIAN_POINT('',(-2.03661605803115,2.03661605803116,-8.10145210903829));
#2944=CARTESIAN_POINT('',(1.33226762955019E-15,2.88169197098442,-8.20145210903829));
#2945=CARTESIAN_POINT('',(2.03661605803115,2.03661605803116,-8.30145210903829));
#2946=CARTESIAN_POINT('',(2.88169197098443,-1.33226762955019E-15,-8.40145210903829));
#2947=CARTESIAN_POINT('',(2.03661605803115,-2.03661605803116,-8.50145210903829));
#2948=CARTESIAN_POINT('',(-1.11022302462516E-15,-2.88169197098442,-8.60145210903829));
#2949=CARTESIAN_POINT('',(-2.03661605803115,-2.03661605803116,-8.70145210903829));
#2950=CARTESIAN_POINT('',(-2.88169197098443,1.11022302462516E-15,-8.80145210903829));
#2951=CARTESIAN_POINT('',(-2.03661605803115,2.03661605803116,-8.90145210903829));
#2952=CARTESIAN_POINT('',(0.,2.88169197098442,-9.00145210903829));
#2953=CARTESIAN_POINT('',(2.03661605803115,2.03661605803115,-9.10145210903829));
#2954=CARTESIAN_POINT('',(2.88169197098442,-6.66133814775094E-16,-9.20145210903829));
#2955=CARTESIAN_POINT('',(2.03661605803115,-2.03661605803115,-9.30145210903829));
#2956=CARTESIAN_POINT('',(-2.22044604925031E-16,-2.88169197098442,-9.40145210903829));
#2957=CARTESIAN_POINT('',(-2.03661605803115,-2.03661605803115,-9.5014521090383));
#2958=CARTESIAN_POINT('',(-2.88169197098442,4.44089209850063E-16,-9.60145210903829));
#2959=CARTESIAN_POINT('',(-2.03661605803115,2.03661605803115,-9.70145210903829));
#2960=CARTESIAN_POINT('',(0.,2.88169197098442,-9.80145210903829));
#2961=CARTESIAN_POINT('',(2.03661605803115,2.03661605803115,-9.90145210903829));
#2962=CARTESIAN_POINT('',(2.6,0.680678408277788,-9.96811877570496));
#2963=CARTESIAN_POINT('',(2.6,0.,-10.0014521090383));
#2964=CARTESIAN_POINT('',(2.6,0.,-10.0014521090383));
#2965=CARTESIAN_POINT('',(2.6,0.680678408277788,-9.96811877570496));
#2966=CARTESIAN_POINT('',(2.03661605803115,2.03661605803115,-9.90145210903829));
#2967=CARTESIAN_POINT('',(0.,2.88169197098442,-9.80145210903829));
#2968=CARTESIAN_POINT('',(-2.03661605803115,2.03661605803115,-9.70145210903829));
#2969=CARTESIAN_POINT('',(-2.88169197098442,4.44089209850063E-16,-9.60145210903829));
#2970=CARTESIAN_POINT('',(-2.03661605803115,-2.03661605803115,-9.5014521090383));
#2971=CARTESIAN_POINT('',(-2.22044604925031E-16,-2.88169197098442,-9.40145210903829));
#2972=CARTESIAN_POINT('',(2.03661605803115,-2.03661605803115,-9.30145210903829));
#2973=CARTESIAN_POINT('',(2.88169197098442,-6.66133814775094E-16,-9.20145210903829));
#2974=CARTESIAN_POINT('',(2.03661605803115,2.03661605803115,-9.10145210903829));
#2975=CARTESIAN_POINT('',(0.,2.88169197098442,-9.00145210903829));
#2976=CARTESIAN_POINT('',(-2.03661605803115,2.03661605803116,-8.90145210903829));
#2977=CARTESIAN_POINT('',(-2.88169197098443,1.11022302462516E-15,-8.80145210903829));
#2978=CARTESIAN_POINT('',(-2.03661605803115,-2.03661605803116,-8.70145210903829));
#2979=CARTESIAN_POINT('',(-1.11022302462516E-15,-2.88169197098442,-8.60145210903829));
#2980=CARTESIAN_POINT('',(2.03661605803115,-2.03661605803116,-8.50145210903829));
#2981=CARTESIAN_POINT('',(2.88169197098443,-1.33226762955019E-15,-8.40145210903829));
#2982=CARTESIAN_POINT('',(2.03661605803115,2.03661605803116,-8.30145210903829));
#2983=CARTESIAN_POINT('',(1.33226762955019E-15,2.88169197098442,-8.20145210903829));
#2984=CARTESIAN_POINT('',(-2.03661605803115,2.03661605803116,-8.10145210903829));
#2985=CARTESIAN_POINT('',(-2.88169197098443,1.55431223447522E-15,-8.00145210903829));
#2986=CARTESIAN_POINT('',(-2.03661605803115,-2.03661605803116,-7.90145210903829));
#2987=CARTESIAN_POINT('',(-9.76996261670138E-15,-2.88169197098442,-7.80145210903829));
#2988=CARTESIAN_POINT('',(2.03661605803115,-2.03661605803116,-7.70145210903829));
#2989=CARTESIAN_POINT('',(2.88169197098442,-1.99840144432528E-15,-7.60145210903829));
#2990=CARTESIAN_POINT('',(2.03661605803115,2.03661605803115,-7.50145210903829));
#2991=CARTESIAN_POINT('',(-5.99520433297585E-15,2.88169197098442,-7.40145210903829));
#2992=CARTESIAN_POINT('',(-2.03661605803115,2.03661605803116,-7.30145210903829));
#2993=CARTESIAN_POINT('',(-2.88169197098443,2.22044604925031E-15,-7.20145210903829));
#2994=CARTESIAN_POINT('',(-2.03661605803115,-2.03661605803116,-7.10145210903829));
#2995=CARTESIAN_POINT('',(-1.02140518265514E-14,-2.88169197098442,-7.00145210903829));
#2996=CARTESIAN_POINT('',(2.03661605803115,-2.03661605803116,-6.90145210903829));
#2997=CARTESIAN_POINT('',(2.88169197098442,-3.10862446895044E-15,-6.80145210903829));
#2998=CARTESIAN_POINT('',(2.03661605803115,2.03661605803115,-6.70145210903829));
#2999=CARTESIAN_POINT('',(-5.10702591327572E-15,2.88169197098442,-6.60145210903829));
#3000=CARTESIAN_POINT('',(-2.03661605803115,2.03661605803116,-6.50145210903829));
#3001=CARTESIAN_POINT('',(-2.88169197098443,3.10862446895044E-15,-6.40145210903829));
#3002=CARTESIAN_POINT('',(-2.03661605803115,-2.03661605803115,-6.30145210903829));
#3003=CARTESIAN_POINT('',(-1.13242748511766E-14,-2.88169197098442,-6.20145210903829));
#3004=CARTESIAN_POINT('',(2.03661605803115,-2.03661605803116,-6.10145210903829));
#3005=CARTESIAN_POINT('',(2.88169197098442,-2.22044604925031E-16,-6.0014521090383));
#3006=CARTESIAN_POINT('',(2.03661605803117,2.03661605803114,-5.90145210903829));
#3007=CARTESIAN_POINT('',(-7.32747196252603E-15,2.88169197098443,-5.80145210903829));
#3008=CARTESIAN_POINT('',(-2.03661605803115,2.03661605803116,-5.70145210903829));
#3009=CARTESIAN_POINT('',(-2.88169197098443,1.97619698383278E-14,-5.60145210903829));
#3010=CARTESIAN_POINT('',(-2.03661605803115,-2.03661605803116,-5.50145210903829));
#3011=CARTESIAN_POINT('',(-1.55431223447522E-14,-2.88169197098442,-5.40145210903829));
#3012=CARTESIAN_POINT('',(2.03661605803116,-2.03661605803115,-5.30145210903829));
#3013=CARTESIAN_POINT('',(2.88169197098442,-3.99680288865056E-15,-5.20145210903829));
#3014=CARTESIAN_POINT('',(2.03661605803117,2.03661605803114,-5.10145210903829));
#3015=CARTESIAN_POINT('',(-7.32747196252603E-15,2.88169197098442,-5.00145210903829));
#3016=CARTESIAN_POINT('',(-2.03661605803114,2.03661605803116,-4.90145210903829));
#3017=CARTESIAN_POINT('',(-2.88169197098443,-1.15463194561016E-14,-4.80145210903829));
#3018=CARTESIAN_POINT('',(-2.03661605803115,-2.03661605803115,-4.70145210903829));
#3019=CARTESIAN_POINT('',(-1.55431223447522E-14,-2.88169197098443,-4.60145210903829));
#3020=CARTESIAN_POINT('',(2.03661605803116,-2.03661605803115,-4.50145210903829));
#3021=CARTESIAN_POINT('',(2.88169197098442,-4.66293670342566E-15,-4.40145210903829));
#3022=CARTESIAN_POINT('',(2.03661605803117,2.03661605803114,-4.30145210903829));
#3023=CARTESIAN_POINT('',(-6.21724893790088E-15,2.88169197098443,-4.20145210903829));
#3024=CARTESIAN_POINT('',(-2.03661605803115,2.03661605803116,-4.10145210903829));
#3025=CARTESIAN_POINT('',(-2.88169197098443,2.1094237467878E-14,-4.00145210903829));
#3026=CARTESIAN_POINT('',(-2.03661605803115,-2.03661605803116,-3.90145210903829));
#3027=CARTESIAN_POINT('',(-1.70974345792274E-14,-2.88169197098442,-3.80145210903829));
#3028=CARTESIAN_POINT('',(2.03661605803116,-2.03661605803115,-3.70145210903829));
#3029=CARTESIAN_POINT('',(2.88169197098442,-5.32907051820075E-15,-3.60145210903829));
#3030=CARTESIAN_POINT('',(2.03661605803117,2.03661605803114,-3.50145210903829));
#3031=CARTESIAN_POINT('',(-5.99520433297585E-15,2.88169197098442,-3.40145210903829));
#3032=CARTESIAN_POINT('',(-2.03661605803114,2.03661605803117,-3.30145210903829));
#3033=CARTESIAN_POINT('',(-2.88169197098443,-1.04360964314765E-14,-3.20145210903829));
#3034=CARTESIAN_POINT('',(-2.03661605803115,-2.03661605803115,-3.10145210903829));
#3035=CARTESIAN_POINT('',(-1.70974345792274E-14,-2.88169197098443,-3.00145210903829));
#3036=CARTESIAN_POINT('',(2.03661605803116,-2.03661605803115,-2.90145210903829));
#3037=CARTESIAN_POINT('',(2.88169197098442,-6.21724893790088E-15,-2.80145210903829));
#3038=CARTESIAN_POINT('',(2.03661605803117,2.03661605803114,-2.70145210903829));
#3039=CARTESIAN_POINT('',(-4.66293670342566E-15,2.88169197098443,-2.60145210903829));
#3040=CARTESIAN_POINT('',(-2.03661605803114,2.03661605803116,-2.50145210903829));
#3041=CARTESIAN_POINT('',(-2.88169197098443,2.26485497023532E-14,-2.40145210903829));
#3042=CARTESIAN_POINT('',(-2.03661605803115,-2.03661605803116,-2.30145210903829));
#3043=CARTESIAN_POINT('',(-1.84297022087776E-14,-2.88169197098442,-2.20145210903829));
#3044=CARTESIAN_POINT('',(2.03661605803116,-2.03661605803115,-2.10145210903829));
#3045=CARTESIAN_POINT('',(2.88169197098442,-7.32747196252603E-15,-2.00145210903829));
#3046=CARTESIAN_POINT('',(2.03661605803116,2.03661605803114,-1.9014521090383));
#3047=CARTESIAN_POINT('',(3.44169137633799E-14,2.88169197098443,-1.80145210903829));
#3048=CARTESIAN_POINT('',(-2.03661605803118,2.03661605803114,-1.70145210903829));
#3049=CARTESIAN_POINT('',(-2.88169197098442,-1.55431223447522E-15,-1.60145210903829));
#3050=CARTESIAN_POINT('',(-2.03661605803115,-2.03661605803115,-1.50145210903829));
#3051=CARTESIAN_POINT('',(-1.24344978758018E-14,-2.88169197098442,-1.4014521090383));
#3052=CARTESIAN_POINT('',(2.03661605803114,-2.03661605803117,-1.30145210903829));
#3053=CARTESIAN_POINT('',(2.88169197098443,-3.97459842815806E-14,-1.20145210903829));
#3054=CARTESIAN_POINT('',(2.03661605803114,2.03661605803117,-1.10145210903829));
#3055=CARTESIAN_POINT('',(3.77475828372553E-15,2.88169197098442,-1.00145210903829));
#3056=CARTESIAN_POINT('',(-2.03661605803114,2.03661605803116,-0.901452109038296));
#3057=CARTESIAN_POINT('',(-2.88169197098442,1.68753899743024E-14,-0.801452109038291));
#3058=CARTESIAN_POINT('',(-2.03661605803119,-2.03661605803113,-0.701452109038293));
#3059=CARTESIAN_POINT('',(1.88737914186277E-14,-2.88169197098443,-0.601452109038293));
#3060=CARTESIAN_POINT('',(2.03661605803115,-2.03661605803115,-0.501452109038294));
#3061=CARTESIAN_POINT('',(2.88169197098442,-8.21565038222616E-15,-0.401452109038292));
#3062=CARTESIAN_POINT('',(2.03661605803116,2.03661605803114,-0.301452109038292));
#3063=CARTESIAN_POINT('',(3.59712259978551E-14,2.88169197098443,-0.201452109038293));
#3064=CARTESIAN_POINT('',(-2.03661605803118,2.03661605803114,-0.101452109038293));
#3065=CARTESIAN_POINT('',(-2.80829766661534,0.176878806453881,-0.0101370452959824));
#3066=CARTESIAN_POINT('',(-2.44597389210005,-1.00398642577967,0.0478446851129934));
#3067=CARTESIAN_POINT('',(-2.17152181012797,-1.4256848724713,0.0724930821886378));
#3068=CARTESIAN_POINT('',(2.6,0.,-10.7985478909617));
#3069=CARTESIAN_POINT('',(2.6,0.680678408277788,-10.7652145576284));
#3070=CARTESIAN_POINT('',(2.03661605803115,2.03661605803115,-10.6985478909617));
#3071=CARTESIAN_POINT('',(0.,2.88169197098442,-10.5985478909617));
#3072=CARTESIAN_POINT('',(-2.03661605803115,2.03661605803115,-10.4985478909617));
#3073=CARTESIAN_POINT('',(-2.88169197098442,4.44089209850063E-16,-10.3985478909617));
#3074=CARTESIAN_POINT('',(-2.03661605803115,-2.03661605803115,-10.2985478909617));
#3075=CARTESIAN_POINT('',(-2.22044604925031E-16,-2.88169197098442,-10.1985478909617));
#3076=CARTESIAN_POINT('',(2.03661605803115,-2.03661605803115,-10.0985478909617));
#3077=CARTESIAN_POINT('',(2.88169197098442,-6.66133814775094E-16,-9.99854789096171));
#3078=CARTESIAN_POINT('',(2.03661605803115,2.03661605803115,-9.89854789096171));
#3079=CARTESIAN_POINT('',(0.,2.88169197098442,-9.79854789096171));
#3080=CARTESIAN_POINT('',(-2.03661605803115,2.03661605803116,-9.69854789096171));
#3081=CARTESIAN_POINT('',(-2.88169197098443,1.11022302462516E-15,-9.59854789096171));
#3082=CARTESIAN_POINT('',(-2.03661605803115,-2.03661605803116,-9.49854789096171));
#3083=CARTESIAN_POINT('',(-1.11022302462516E-15,-2.88169197098442,-9.39854789096171));
#3084=CARTESIAN_POINT('',(2.03661605803115,-2.03661605803116,-9.29854789096171));
#3085=CARTESIAN_POINT('',(2.88169197098443,-1.33226762955019E-15,-9.19854789096171));
#3086=CARTESIAN_POINT('',(2.03661605803115,2.03661605803116,-9.09854789096171));
#3087=CARTESIAN_POINT('',(1.33226762955019E-15,2.88169197098442,-8.99854789096171));
#3088=CARTESIAN_POINT('',(-2.03661605803115,2.03661605803116,-8.89854789096171));
#3089=CARTESIAN_POINT('',(-2.88169197098443,1.55431223447522E-15,-8.79854789096171));
#3090=CARTESIAN_POINT('',(-2.03661605803115,-2.03661605803116,-8.69854789096171));
#3091=CARTESIAN_POINT('',(-9.76996261670138E-15,-2.88169197098442,-8.59854789096171));
#3092=CARTESIAN_POINT('',(2.03661605803115,-2.03661605803116,-8.49854789096171));
#3093=CARTESIAN_POINT('',(2.88169197098442,-1.99840144432528E-15,-8.39854789096171));
#3094=CARTESIAN_POINT('',(2.03661605803115,2.03661605803115,-8.29854789096171));
#3095=CARTESIAN_POINT('',(-5.99520433297585E-15,2.88169197098442,-8.19854789096171));
#3096=CARTESIAN_POINT('',(-2.03661605803115,2.03661605803116,-8.09854789096171));
#3097=CARTESIAN_POINT('',(-2.88169197098443,2.22044604925031E-15,-7.99854789096171));
#3098=CARTESIAN_POINT('',(-2.03661605803115,-2.03661605803116,-7.89854789096171));
#3099=CARTESIAN_POINT('',(-1.02140518265514E-14,-2.88169197098442,-7.79854789096171));
#3100=CARTESIAN_POINT('',(2.03661605803115,-2.03661605803116,-7.69854789096171));
#3101=CARTESIAN_POINT('',(2.88169197098442,-3.10862446895044E-15,-7.59854789096171));
#3102=CARTESIAN_POINT('',(2.03661605803115,2.03661605803115,-7.49854789096171));
#3103=CARTESIAN_POINT('',(-5.10702591327572E-15,2.88169197098442,-7.39854789096171));
#3104=CARTESIAN_POINT('',(-2.03661605803115,2.03661605803116,-7.29854789096171));
#3105=CARTESIAN_POINT('',(-2.88169197098443,3.10862446895044E-15,-7.19854789096171));
#3106=CARTESIAN_POINT('',(-2.03661605803115,-2.03661605803115,-7.09854789096171));
#3107=CARTESIAN_POINT('',(-1.13242748511766E-14,-2.88169197098442,-6.99854789096171));
#3108=CARTESIAN_POINT('',(2.03661605803115,-2.03661605803116,-6.89854789096171));
#3109=CARTESIAN_POINT('',(2.88169197098442,-2.22044604925031E-16,-6.79854789096171));
#3110=CARTESIAN_POINT('',(2.03661605803117,2.03661605803114,-6.69854789096171));
#3111=CARTESIAN_POINT('',(-7.32747196252603E-15,2.88169197098443,-6.59854789096171));
#3112=CARTESIAN_POINT('',(-2.03661605803115,2.03661605803116,-6.49854789096171));
#3113=CARTESIAN_POINT('',(-2.88169197098443,1.97619698383278E-14,-6.39854789096171));
#3114=CARTESIAN_POINT('',(-2.03661605803115,-2.03661605803116,-6.29854789096171));
#3115=CARTESIAN_POINT('',(-1.55431223447522E-14,-2.88169197098442,-6.19854789096171));
#3116=CARTESIAN_POINT('',(2.03661605803116,-2.03661605803115,-6.09854789096171));
#3117=CARTESIAN_POINT('',(2.88169197098442,-3.99680288865056E-15,-5.99854789096171));
#3118=CARTESIAN_POINT('',(2.03661605803117,2.03661605803114,-5.89854789096171));
#3119=CARTESIAN_POINT('',(-7.32747196252603E-15,2.88169197098442,-5.79854789096171));
#3120=CARTESIAN_POINT('',(-2.03661605803114,2.03661605803116,-5.69854789096171));
#3121=CARTESIAN_POINT('',(-2.88169197098443,-1.15463194561016E-14,-5.59854789096171));
#3122=CARTESIAN_POINT('',(-2.03661605803115,-2.03661605803115,-5.49854789096171));
#3123=CARTESIAN_POINT('',(-1.55431223447522E-14,-2.88169197098443,-5.39854789096171));
#3124=CARTESIAN_POINT('',(2.03661605803116,-2.03661605803115,-5.29854789096171));
#3125=CARTESIAN_POINT('',(2.88169197098442,-4.66293670342566E-15,-5.19854789096171));
#3126=CARTESIAN_POINT('',(2.03661605803117,2.03661605803114,-5.09854789096171));
#3127=CARTESIAN_POINT('',(-6.21724893790088E-15,2.88169197098443,-4.99854789096171));
#3128=CARTESIAN_POINT('',(-2.03661605803115,2.03661605803116,-4.89854789096171));
#3129=CARTESIAN_POINT('',(-2.88169197098443,2.1094237467878E-14,-4.79854789096171));
#3130=CARTESIAN_POINT('',(-2.03661605803115,-2.03661605803116,-4.69854789096171));
#3131=CARTESIAN_POINT('',(-1.70974345792274E-14,-2.88169197098442,-4.59854789096171));
#3132=CARTESIAN_POINT('',(2.03661605803116,-2.03661605803115,-4.49854789096171));
#3133=CARTESIAN_POINT('',(2.88169197098442,-5.32907051820075E-15,-4.39854789096171));
#3134=CARTESIAN_POINT('',(2.03661605803117,2.03661605803114,-4.29854789096171));
#3135=CARTESIAN_POINT('',(-5.99520433297585E-15,2.88169197098442,-4.19854789096171));
#3136=CARTESIAN_POINT('',(-2.03661605803114,2.03661605803117,-4.09854789096171));
#3137=CARTESIAN_POINT('',(-2.88169197098443,-1.04360964314765E-14,-3.99854789096171));
#3138=CARTESIAN_POINT('',(-2.03661605803115,-2.03661605803115,-3.89854789096171));
#3139=CARTESIAN_POINT('',(-1.70974345792274E-14,-2.88169197098443,-3.79854789096171));
#3140=CARTESIAN_POINT('',(2.03661605803116,-2.03661605803115,-3.69854789096171));
#3141=CARTESIAN_POINT('',(2.88169197098442,-6.21724893790088E-15,-3.59854789096171));
#3142=CARTESIAN_POINT('',(2.03661605803117,2.03661605803114,-3.49854789096171));
#3143=CARTESIAN_POINT('',(-4.66293670342566E-15,2.88169197098443,-3.39854789096171));
#3144=CARTESIAN_POINT('',(-2.03661605803114,2.03661605803116,-3.29854789096171));
#3145=CARTESIAN_POINT('',(-2.88169197098443,2.26485497023532E-14,-3.19854789096171));
#3146=CARTESIAN_POINT('',(-2.03661605803115,-2.03661605803116,-3.09854789096171));
#3147=CARTESIAN_POINT('',(-1.84297022087776E-14,-2.88169197098442,-2.99854789096171));
#3148=CARTESIAN_POINT('',(2.03661605803116,-2.03661605803115,-2.89854789096171));
#3149=CARTESIAN_POINT('',(2.88169197098442,-7.32747196252603E-15,-2.79854789096171));
#3150=CARTESIAN_POINT('',(2.03661605803116,2.03661605803114,-2.69854789096171));
#3151=CARTESIAN_POINT('',(3.44169137633799E-14,2.88169197098443,-2.5985478909617));
#3152=CARTESIAN_POINT('',(-2.03661605803118,2.03661605803114,-2.49854789096171));
#3153=CARTESIAN_POINT('',(-2.88169197098442,-1.55431223447522E-15,-2.39854789096171));
#3154=CARTESIAN_POINT('',(-2.03661605803115,-2.03661605803115,-2.29854789096171));
#3155=CARTESIAN_POINT('',(-1.24344978758018E-14,-2.88169197098442,-2.19854789096171));
#3156=CARTESIAN_POINT('',(2.03661605803114,-2.03661605803117,-2.0985478909617));
#3157=CARTESIAN_POINT('',(2.88169197098443,-3.97459842815806E-14,-1.99854789096171));
#3158=CARTESIAN_POINT('',(2.03661605803114,2.03661605803117,-1.89854789096171));
#3159=CARTESIAN_POINT('',(3.77475828372553E-15,2.88169197098442,-1.79854789096171));
#3160=CARTESIAN_POINT('',(-2.03661605803114,2.03661605803116,-1.69854789096171));
#3161=CARTESIAN_POINT('',(-2.88169197098442,1.68753899743024E-14,-1.5985478909617));
#3162=CARTESIAN_POINT('',(-2.03661605803119,-2.03661605803113,-1.49854789096171));
#3163=CARTESIAN_POINT('',(1.88737914186277E-14,-2.88169197098443,-1.39854789096171));
#3164=CARTESIAN_POINT('',(2.03661605803115,-2.03661605803115,-1.29854789096171));
#3165=CARTESIAN_POINT('',(2.88169197098442,-8.21565038222616E-15,-1.19854789096171));
#3166=CARTESIAN_POINT('',(2.03661605803116,2.03661605803114,-1.09854789096171));
#3167=CARTESIAN_POINT('',(3.59712259978551E-14,2.88169197098443,-0.998547890961707));
#3168=CARTESIAN_POINT('',(-2.03661605803118,2.03661605803114,-0.898547890961707));
#3169=CARTESIAN_POINT('',(-2.80829766661534,0.176878806453881,-0.807232827219396));
#3170=CARTESIAN_POINT('',(-2.44597389210005,-1.00398642577967,-0.74925109681042));
#3171=CARTESIAN_POINT('',(-2.17152181012797,-1.4256848724713,-0.724602699734776));
#3172=CARTESIAN_POINT('',(-1.74153700791911,-1.14338384973112,-0.224743070069523));
#3173=CARTESIAN_POINT('',(-1.88248964671435,-0.9286928368368,-0.239837305690518));
#3174=CARTESIAN_POINT('',(-1.98469306418527,-0.683513318459931,-0.255815757710933));
#3175=CARTESIAN_POINT('',(-2.03797604213931,-0.432355674698472,-0.272200982471503));
#3176=CARTESIAN_POINT('',(-2.08643914555399,-0.203917262838347,-0.287104031672869));
#3177=CARTESIAN_POINT('',(-2.09607850470031,0.036060718414061,-0.302081062161227));
#3178=CARTESIAN_POINT('',(-2.066059811054,0.26772118878654,-0.315762647589365));
#3179=CARTESIAN_POINT('',(-2.0360313334122,0.499457164276818,-0.329448692257864));
#3180=CARTESIAN_POINT('',(-1.96548426003878,0.729198306898477,-0.343232844979617));
#3181=CARTESIAN_POINT('',(-1.86031761004303,0.937814569913429,-0.357717670105663));
#3182=CARTESIAN_POINT('',(-1.75518301438002,1.14636724760825,-0.372198080320669));
#3183=CARTESIAN_POINT('',(-1.61257009149096,1.33957155385806,-0.387754318137324));
#3184=CARTESIAN_POINT('',(-1.44423010375923,1.50149165338119,-0.401921701798394));
#3185=CARTESIAN_POINT('',(-1.27583128823548,1.66346833721365,-0.416094036368103));
#3186=CARTESIAN_POINT('',(-1.07703750180721,1.79857238608708,-0.429564919903563));
#3187=CARTESIAN_POINT('',(-0.86444622192746,1.89552380812617,-0.443736430973745));
#3188=CARTESIAN_POINT('',(-0.651935683041341,1.99243840855077,-0.457902559782314));
#3189=CARTESIAN_POINT('',(-0.419794192838719,2.05391944154338,-0.473220462010371));
#3190=CARTESIAN_POINT('',(-0.187212848457705,2.0749046067591,-0.488032254789759));
#3191=CARTESIAN_POINT('',(0.0453990343431929,2.09589252737116,-0.502845992388704));
#3192=CARTESIAN_POINT('',(0.284931083658872,2.07693825998886,-0.516566283970476));
#3193=CARTESIAN_POINT('',(0.511407474163449,2.01958910997944,-0.530268371061967));
#3194=CARTESIAN_POINT('',(0.737891017301763,1.96223814875489,-0.543970890896184));
#3195=CARTESIAN_POINT('',(0.957539423244538,1.86492580076227,-0.558483831931066));
#3196=CARTESIAN_POINT('',(1.15213672070572,1.73575884113527,-0.573298536693297));
#3197=CARTESIAN_POINT('',(1.34671426652597,1.60660499196479,-0.588111737761833));
#3198=CARTESIAN_POINT('',(1.52165443797868,1.44201860581058,-0.602952473178537));
#3199=CARTESIAN_POINT('',(1.66244713105953,1.25560635320539,-0.61668049825796));
#3200=CARTESIAN_POINT('',(1.80327972374209,1.06914127275472,-0.630412413757554));
#3201=CARTESIAN_POINT('',(1.91378449947506,0.855735805489328,-0.644392479239667));
#3202=CARTESIAN_POINT('',(1.98478578518336,0.633169143840601,-0.659038620122627));
#3203=CARTESIAN_POINT('',(2.05576187349213,0.410681468100948,-0.673679563287548));
#3204=CARTESIAN_POINT('',(2.08924276003842,0.172905653950027,-0.689332371781441));
#3205=CARTESIAN_POINT('',(2.08245284544004,-0.0605633907278483,-0.70343309592429));
#3206=CARTESIAN_POINT('',(2.07566060573645,-0.294112383405917,-0.717538648650294));
#3207=CARTESIAN_POINT('',(2.02835438274912,-0.52976236785548,-0.73092419460459));
#3208=CARTESIAN_POINT('',(1.94448305601316,-0.747839168976534,-0.74500760623653));
#3209=CARTESIAN_POINT('',(1.86063634151354,-0.965851974951923,-0.759086885058496));
#3210=CARTESIAN_POINT('',(1.73795710610292,-1.17231573152582,-0.774311207060915));
#3211=CARTESIAN_POINT('',(1.5866032507349,-1.35017328611375,-0.789034723455693));
#3212=CARTESIAN_POINT('',(1.43522362364967,-1.5280611253257,-0.803760746891339));
#3213=CARTESIAN_POINT('',(1.25093003849757,-1.68227146125282,-0.817452778091371));
#3214=CARTESIAN_POINT('',(1.0490780825058,-1.79992026339606,-0.831283100529486));
#3215=CARTESIAN_POINT('',(0.847243097433036,-1.91755917409048,-0.845112260168457));
#3216=CARTESIAN_POINT('',(0.62231504229462,-2.00188573754579,-0.859842255720831));
#3217=CARTESIAN_POINT('',(0.39295905833125,-2.04593767164427,-0.874768068509138));
#3218=CARTESIAN_POINT('',(0.163627217731731,-2.08998496857631,-0.889692310118344));
#3219=CARTESIAN_POINT('',(-0.07650776664457,-2.09499259940286,-0.904464485274171));
#3220=CARTESIAN_POINT('',(-0.307549809600529,-2.06050743565571,-0.918115065315356));
#3221=CARTESIAN_POINT('',(-0.53865873958036,-2.02601228840104,-0.931769597220286));
#3222=CARTESIAN_POINT('',(-0.766983164944533,-1.95104854782881,-0.945659870614584));
#3223=CARTESIAN_POINT('',(-0.973522773859116,-1.84188251160475,-0.96021546839087));
#3224=CARTESIAN_POINT('',(-1.18000527882692,-1.73274665754069,-0.974767041844241));
#3225=CARTESIAN_POINT('',(-1.37042582357554,-1.58643335109344,-0.990296994408865));
#3226=CARTESIAN_POINT('',(-1.52907333223754,-1.41499559095347,-1.00434940287056));
#3227=CARTESIAN_POINT('',(-1.68777941943931,-1.24349452963888,-1.01840700000226));
#3228=CARTESIAN_POINT('',(-1.81902226635891,-1.0421279013744,-1.03193181018758));
#3229=CARTESIAN_POINT('',(-1.91185312495191,-0.827704902963253,-1.04618177963668));
#3230=CARTESIAN_POINT('',(-2.00464559371876,-0.613370578315924,-1.06042585606854));
#3231=CARTESIAN_POINT('',(-2.06163541605208,-0.380095343825094,-1.07583591682628));
#3232=CARTESIAN_POINT('',(-2.07813003692348,-0.147150696274952,-1.09057556930929));
#3233=CARTESIAN_POINT('',(-2.09462755045574,0.0858348027666378,-1.10531780668443));
#3234=CARTESIAN_POINT('',(-2.07105112520864,0.324973547382944,-1.11888527663179));
#3235=CARTESIAN_POINT('',(-2.00933868079678,0.550305227697884,-1.13263126988038));
#3236=CARTESIAN_POINT('',(-1.94762785849095,0.775630985189975,-1.14637690181677));
#3237=CARTESIAN_POINT('',(-1.84610073477327,0.993347184841334,-1.16101468850361));
#3238=CARTESIAN_POINT('',(-1.71320764550932,1.1854101995285,-1.17585012552231));
#3239=CARTESIAN_POINT('',(-1.58032273306942,1.37746139670516,-1.19068464972638));
#3240=CARTESIAN_POINT('',(-1.41238003128764,1.54920447576996,-1.2053295495787));
#3241=CARTESIAN_POINT('',(-1.22328129999939,1.6863749994736,-1.21904241403328));
#3242=CARTESIAN_POINT('',(-1.03413851767666,1.82357747740257,-1.23275847293481));
#3243=CARTESIAN_POINT('',(-0.818654676984316,1.92993613813065,-1.2468515857829));
#3244=CARTESIAN_POINT('',(-0.594772164965193,1.99662811999641,-1.26156357726081));
#3245=CARTESIAN_POINT('',(-0.370960484090243,2.06329900209274,-1.27627091421175));
#3246=CARTESIAN_POINT('',(-0.13257858406303,2.09218979415289,-1.29186543119564));
#3247=CARTESIAN_POINT('',(0.100723605945854,2.08089705006832,-1.30584909465915));
#3248=CARTESIAN_POINT('',(0.334110201492811,2.06960022042356,-1.31983781722065));
#3249=CARTESIAN_POINT('',(0.568805491797948,2.01775373950753,-1.33327639678783));
#3250=CARTESIAN_POINT('',(0.785223521055129,1.92968956046292,-1.34743770610441));
#3251=CARTESIAN_POINT('',(1.00157147059413,1.84165389804822,-1.36159442975607));
#3252=CARTESIAN_POINT('',(1.20562350766274,1.71501958542187,-1.3769107145121));
#3253=CARTESIAN_POINT('',(1.38052995612011,1.56026113776918,-1.3915627832819));
#3254=CARTESIAN_POINT('',(1.55547376628054,1.40546963222058,-1.40621798187479));
#3255=CARTESIAN_POINT('',(1.7061078027718,1.21822071518415,-1.41978521620686));
#3256=CARTESIAN_POINT('',(1.81983982787131,1.01413055307051,-1.43366880163859));
#3257=CARTESIAN_POINT('',(1.93355488803084,0.810070834249763,-1.44755031611279));
#3258=CARTESIAN_POINT('',(2.01351988053213,0.583572294508121,-1.46240365690806));
#3259=CARTESIAN_POINT('',(2.05313769431205,0.353416731314159,-1.47733770386646));
#3260=CARTESIAN_POINT('',(2.09275308609404,0.123275238464872,-1.49227083784589));
#3261=CARTESIAN_POINT('',(2.09312614595331,-0.11692865835904,-1.50682941386297));
#3262=CARTESIAN_POINT('',(2.05418695252608,-0.347266096602317,-1.52046349784937));
#3263=CARTESIAN_POINT('',(2.01523812005937,-0.577660552761576,-1.53410095682795));
#3264=CARTESIAN_POINT('',(1.93588650180782,-0.804482469634245,-1.54810380222926));
#3265=CARTESIAN_POINT('',(1.82276215977907,-1.00886861714265,-1.56272512959938));
#3266=CARTESIAN_POINT('',(1.70966565739008,-1.21320446569137,-1.57734285869455));
#3267=CARTESIAN_POINT('',(1.55970432262276,-1.40077232061033,-1.59280376231581));
#3268=CARTESIAN_POINT('',(1.38523309228176,-1.5560870984059,-1.60675888468202));
#3269=CARTESIAN_POINT('',(1.21069545080442,-1.711460995581,-1.62071931895858));
#3270=CARTESIAN_POINT('',(1.00683360654959,-1.83879250058604,-1.63431082305026));
#3271=CARTESIAN_POINT('',(0.790660900058931,-1.92746805911169,-1.64864038095376));
#3272=CARTESIAN_POINT('',(0.57458201726761,-2.01610513049862,-1.66296371951462));
#3273=CARTESIAN_POINT('',(0.34025809498965,-2.0685839077121,-1.67845573921067));
#3274=CARTESIAN_POINT('',(0.107034547958154,-2.08058198187939,-1.69310481311485));
#3275=CARTESIAN_POINT('',(-0.126239477750966,-2.09258265289818,-1.70775705765033));
#3276=CARTESIAN_POINT('',(-0.364894189822582,-2.06439218353692,-1.72120397496148));
#3277=CARTESIAN_POINT('',(-0.588997078374964,-1.99833936543409,-1.73500238097526));
#3278=CARTESIAN_POINT('',(-0.813081021936144,-1.93229213123991,-1.74879962051287));
#3279=CARTESIAN_POINT('',(-1.02878464301245,-1.82658857137499,-1.76356044658843));
#3280=CARTESIAN_POINT('',(-1.21824292738242,-1.69001832761083,-1.7784043587168));
#3281=CARTESIAN_POINT('',(-1.40769756171907,-1.55345071495852,-1.79324798486784));
#3282=CARTESIAN_POINT('',(-1.57617963596836,-1.38221258800463,-1.80769179380201));
#3283=CARTESIAN_POINT('',(-1.70967647170172,-1.19049743380124,-1.82140306771983));
#3284=CARTESIAN_POINT('',(-1.84319701902462,-0.998748227322227,-1.83511677702196));
#3285=CARTESIAN_POINT('',(-1.94537011149798,-0.781267091985066,-1.84932805529404));
#3286=CARTESIAN_POINT('',(-2.0077282624722,-0.5561519593134,-1.86409960277072));
#3287=CARTESIAN_POINT('',(-2.07006913984283,-0.331099184962231,-1.87886705843499));
#3288=CARTESIAN_POINT('',(-2.09435858730619,-0.0921971915416621,-1.89436221500446));
#3289=CARTESIAN_POINT('',(-2.07856657860763,0.140850119180475,-1.90824664541187));
#3290=CARTESIAN_POINT('',(-2.06276867744316,0.373984386752786,-1.92213625651126));
#3291=CARTESIAN_POINT('',(-2.00640200180628,0.607634822754291,-1.93564070279399));
#3292=CARTESIAN_POINT('',(-1.9141789588247,0.822311796930207,-1.94988109590874));
#3293=CARTESIAN_POINT('',(-1.82198744038091,1.0369153882273,-1.96411662123994));
#3294=CARTESIAN_POINT('',(-1.69144479276701,1.23848167452739,-1.97951469952159));
#3295=CARTESIAN_POINT('',(-1.53333779968425,1.4103733441317,-1.99407699024134));
#3296=CARTESIAN_POINT('',(-1.37519071291074,1.5823086030252,-2.00864297375145));
#3297=CARTESIAN_POINT('',(-1.1850572045567,1.72930829000206,-2.02212008706354));
#3298=CARTESIAN_POINT('',(-0.97880506651359,1.83908086269884,-2.03606426210238));
#3299=CARTESIAN_POINT('',(-0.772596765823495,1.94883010405434,-2.05000547341086));
#3300=CARTESIAN_POINT('',(-0.54461159176152,2.02440466251446,-2.06497897249804));
#3301=CARTESIAN_POINT('',(-0.313740692656535,2.05957387717682,-2.0799078341707));
#3302=CARTESIAN_POINT('',(-0.0828734178324127,2.09474253974227,-2.0948364614856));
#3303=CARTESIAN_POINT('',(0.157310896914297,2.09047952532209,-2.10917927527386));
#3304=CARTESIAN_POINT('',(0.386857865329316,2.04710008788301,-2.12281052700691));
#3305=CARTESIAN_POINT('',(0.6164509878765,2.00371192830614,-2.13644451952367));
#3306=CARTESIAN_POINT('',(0.841685444276762,1.92000241774572,-2.15056510050573));
#3307=CARTESIAN_POINT('',(1.04384226029486,1.80296176149143,-2.16524592423508));
#3308=CARTESIAN_POINT('',(1.24595578571452,1.68594616875046,-2.17992360415924));
#3309=CARTESIAN_POINT('',(1.4306025285498,1.53239016796041,-2.1952783712346));
#3310=CARTESIAN_POINT('',(1.58252551921646,1.35495046359875,-2.2091534068377));
#3311=CARTESIAN_POINT('',(1.73450633031267,1.17744322739163,-2.22303372314596));
#3312=CARTESIAN_POINT('',(1.85787735674933,0.971165039455895,-2.2367034770962));
#3313=CARTESIAN_POINT('',(1.94236410291428,0.753325606552806,-2.25111250978718));
#3314=CARTESIAN_POINT('',(2.02681375432879,0.535581818230301,-2.26551521604831));
#3315=CARTESIAN_POINT('',(2.0747629232157,0.300294421971634,-2.28107766501906));
#3316=CARTESIAN_POINT('',(2.08225966629572,0.0668764524764653,-2.29561689762112));
#3317=CARTESIAN_POINT('',(2.08975830976397,-0.166600687349024,-2.31015981584856));
#3318=CARTESIAN_POINT('',(2.0569635410759,-0.404680144625621,-2.32352497416799));
#3319=CARTESIAN_POINT('',(1.98659475289117,-0.627470370267033,-2.3373831830561));
#3320=CARTESIAN_POINT('',(1.91623593613685,-0.850229025985368,-2.35123942820191));
#3321=CARTESIAN_POINT('',(1.80639550014443,-1.06384052145893,-2.36612012920432));
#3322=CARTESIAN_POINT('',(1.66619808684704,-1.25062452925131,-2.3809591675756));
#3323=CARTESIAN_POINT('',(1.52599716679257,-1.43741320907097,-2.39579857711567));
#3324=CARTESIAN_POINT('',(1.35152580898483,-1.60257105276998,-2.41004248100949));
#3325=CARTESIAN_POINT('',(1.15726508587145,-1.73234387429307,-2.42376484297059));
#3326=CARTESIAN_POINT('',(0.962981343828978,-1.86213207324979,-2.43748883096331));
#3327=CARTESIAN_POINT('',(0.743584283171988,-1.96008161786563,-2.4518220901074));
#3328=CARTESIAN_POINT('',(0.517319781440954,-2.01808275883514,-2.46664571178102));
#3329=CARTESIAN_POINT('',(0.291108927593097,-2.07607014758807,-2.48146581873661));
#3330=CARTESIAN_POINT('',(0.0517732140569483,-2.09574815411507,-2.49682646127288));
#3331=CARTESIAN_POINT('',(-0.180931483322036,-2.07546177418922,-2.51062899112771));
#3332=CARTESIAN_POINT('',(-0.413723065199658,-2.05516781997729,-2.52443667440616));
#3333=CARTESIAN_POINT('',(-0.64623834021427,-1.99430267436251,-2.53801860412169));
#3334=CARTESIAN_POINT('',(-0.859092190091222,-1.89795637112713,-2.55233802218232));
#3335=CARTESIAN_POINT('',(-1.07187249033382,-1.80164335944545,-2.56665249230349));
#3336=CARTESIAN_POINT('',(-1.27087979150748,-1.66724023163669,-2.5821208630164));
#3337=CARTESIAN_POINT('',(-1.43969385401904,-1.5058417528006,-2.5965742284762));
#3338=CARTESIAN_POINT('',(-1.60855672551473,-1.34439660903818,-2.61103177281822));
#3339=CARTESIAN_POINT('',(-1.75186489180663,-1.15145086582524,-2.62445975703915));
#3340=CARTESIAN_POINT('',(-1.85763661837553,-0.943113976064455,-2.63847070369066));
#3341=CARTESIAN_POINT('',(-1.96337953257903,-0.734833837562147,-2.65247783374082));
#3342=CARTESIAN_POINT('',(-2.03453632690802,-0.505446147436504,-2.66756694327852));
#3343=CARTESIAN_POINT('',(-2.06524389370305,-0.273944222972548,-2.68247613514277));
#3344=CARTESIAN_POINT('',(-2.09595240313311,-0.0424351920575004,-2.69738578467684));
#3345=CARTESIAN_POINT('',(-2.08705333564606,0.197640612184612,-2.71151731549709));
#3346=CARTESIAN_POINT('',(-2.03924893949535,0.426311553379512,-2.72515850157359));
#3347=CARTESIAN_POINT('',(-1.99143733464318,0.655016977188571,-2.73880174468345));
#3348=CARTESIAN_POINT('',(-1.90340129595815,0.878579811210153,-2.7530439118718));
#3349=CARTESIAN_POINT('',(-1.78248743114873,1.07843235094955,-2.7677768062697));
#3350=CARTESIAN_POINT('',(-1.66159540960739,1.27824878703278,-2.78250703914849));
#3351=CARTESIAN_POINT('',(-1.50449929544684,1.4599066259718,-2.79772443750895));
#3352=CARTESIAN_POINT('',(-1.32415693127404,1.60837999214635,-2.81153602624387));
#3353=CARTESIAN_POINT('',(-1.14374857311183,1.75690769025672,-2.82535266915363));
#3354=CARTESIAN_POINT('',(-0.935134296259008,1.87627031661334,-2.83911098176228));
#3355=CARTESIAN_POINT('',(-0.7157121797464,1.95653618763887,-2.85359811935688));
#3356=CARTESIAN_POINT('',(-0.496383749662401,2.03676778763049,-2.86807907139369));
#3357=CARTESIAN_POINT('',(-0.260218429356792,2.08017025381649,-2.88369908948859));
#3358=CARTESIAN_POINT('',(-0.0266907320408171,2.08316235147453,-2.89810845415615));
#3359=CARTESIAN_POINT('',(0.206903719732063,2.08615530443093,-2.91252193777544));
#3360=CARTESIAN_POINT('',(0.444316222655528,2.04876793743171,-2.92585056677081));
#3361=CARTESIAN_POINT('',(0.665710181362518,1.97410935163381,-2.9397748186796));
#3362=CARTESIAN_POINT('',(0.887060752950313,1.89946539686279,-2.95369634181845));
#3363=CARTESIAN_POINT('',(1.09850156370032,1.78552907325748,-2.96869238848543));
#3364=CARTESIAN_POINT('',(1.2825428279746,1.64175566762801,-2.9835121459273));
#3365=CARTESIAN_POINT('',(1.46659710749241,1.49797209446413,-2.99833295140997));
#3366=CARTESIAN_POINT('',(1.62836838784698,1.32033124293627,-3.01238463168204));
#3367=CARTESIAN_POINT('',(1.75436827617283,1.12359678236285,-3.02612981849433));
#3368=CARTESIAN_POINT('',(1.88037527853268,0.926851214036388,-3.03987578136863));
#3369=CARTESIAN_POINT('',(1.97406498998258,0.705620081486755,-3.05433350734422));
#3370=CARTESIAN_POINT('',(2.0276875483264,0.478289644608654,-3.06920053464068));
#3371=CARTESIAN_POINT('',(2.08129956474769,0.251003899739395,-3.08406463915511));
#3372=CARTESIAN_POINT('',(2.09635752925654,0.0113212605542575,-3.09926171270761));
#3373=CARTESIAN_POINT('',(2.07158330020616,-0.220953407044909,-3.11299911039433));
#3374=CARTESIAN_POINT('',(2.04680016853537,-0.453311542557071,-3.12674144461558));
#3375=CARTESIAN_POINT('',(1.98146030010271,-0.684601298704027,-3.14041121959372));
#3376=CARTESIAN_POINT('',(1.88102828163168,-0.895550323253561,-3.15480834470201));
#3377=CARTESIAN_POINT('',(1.7806297621503,-1.10642898598723,-3.16920066766501));
#3378=CARTESIAN_POINT('',(1.64241549987596,-1.30280494438822,-3.18472649614837));
#3379=CARTESIAN_POINT('',(1.477783985583,-1.46847957756729,-3.19905103779029));
#3380=CARTESIAN_POINT('',(1.31309985921558,-1.63420715617527,-3.21338015719398));
#3381=CARTESIAN_POINT('',(1.11741613800499,-1.77376786663234,-3.22680621744035));
#3382=CARTESIAN_POINT('',(0.907072920535152,-1.87549899882927,-3.24088893940452));
#3383=CARTESIAN_POINT('',(0.696798406921476,-1.977196902852,-3.25496706156597));
#3384=CARTESIAN_POINT('',(0.466092649222397,-2.04391051960414,-3.27016586523594));
#3385=CARTESIAN_POINT('',(0.234044090360051,-2.07014519817937,-3.28503987786333));
#3386=CARTESIAN_POINT('',(0.00197756799685914,-2.09638190765138,-3.2999150419279));
#3387=CARTESIAN_POINT('',(-0.237900359751827,-2.08284877678603,-3.31384646171401));
#3388=CARTESIAN_POINT('',(-0.46561008630094,-2.03063660592254,-3.32750939991418));
#3389=CARTESIAN_POINT('',(-0.693341977823227,-1.9784193527932,-3.34117366804726));
#3390=CARTESIAN_POINT('',(-0.9151499239713,-1.88608992948366,-3.35553993032287));
#3391=CARTESIAN_POINT('',(-1.11262433572882,-1.76134745729563,-3.37031627959283));
#3392=CARTESIAN_POINT('',(-1.31007003411915,-1.63662312303432,-3.38509048033762));
#3393=CARTESIAN_POINT('',(-1.4886721061707,-1.47604299615141,-3.4001453085604));
#3394=CARTESIAN_POINT('',(-1.63363955858932,-1.29286486934632,-3.41390946406866));
#3395=CARTESIAN_POINT('',(-1.77865545136119,-1.10962553422845,-3.42767821882001));
#3396=CARTESIAN_POINT('',(-1.89396346536121,-0.898756886845919,-3.44153412011372));
#3397=CARTESIAN_POINT('',(-1.96997830745272,-0.677837182473407,-3.45609673320439));
#3398=CARTESIAN_POINT('',(-2.04596292823236,-0.457005309412521,-3.47065355661952));
#3399=CARTESIAN_POINT('',(-2.08480346986763,-0.220048114152501,-3.48631473932682));
#3400=CARTESIAN_POINT('',(-2.08328956666101,0.0135040445476109,-3.50057577456774));
#3401=CARTESIAN_POINT('',(-2.08177518873204,0.247129439390575,-3.5148412817143));
#3402=CARTESIAN_POINT('',(-2.03980942766286,0.483783040147279,-3.52818261967597));
#3403=CARTESIAN_POINT('',(-1.96088947361829,0.703697555794236,-3.54217796931642));
#3404=CARTESIAN_POINT('',(-1.88198887358514,0.923558140491803,-3.55616988679374));
#3405=CARTESIAN_POINT('',(-1.76399947323058,1.1327509847775,-3.57127537650955));
#3406=CARTESIAN_POINT('',(-1.61670278714169,1.31398244882725,-3.58606043144527));
#3407=CARTESIAN_POINT('',(-1.46938887267516,1.49523511039466,-3.60084721569696));
#3408=CARTESIAN_POINT('',(-1.28864418203499,1.65355878683244,-3.61472088710529));
#3409=CARTESIAN_POINT('',(-1.08950907172254,1.77573865205781,-3.62849964189612));
#3410=CARTESIAN_POINT('',(-0.890375483648144,1.89791758331004,-3.64227829135874));
#3411=CARTESIAN_POINT('',(-0.667392831644053,1.98731333385766,-3.65686161108423));
#3412=CARTESIAN_POINT('',(-0.439080217698856,2.03653783176333,-3.67176219636743));
#3413=CARTESIAN_POINT('',(-0.21080304203074,2.08575468913016,-3.68666046880833));
#3414=CARTESIAN_POINT('',(0.0291392818876511,2.09618606860046,-3.70167119724291));
#3415=CARTESIAN_POINT('',(0.260896896164209,2.06693265186596,-3.71535959875651));
#3416=CARTESIAN_POINT('',(0.492731339721102,2.03766953741792,-3.72905253807154));
#3417=CARTESIAN_POINT('',(0.722706192323777,1.96788087180522,-3.74281927379458));
#3418=CARTESIAN_POINT('',(0.931669962150093,1.8634024952772,-3.7572915718727));
#3419=CARTESIAN_POINT('',(1.14056908690497,1.75895644019954,-3.77175939279795));
#3420=CARTESIAN_POINT('',(1.33424270193677,1.61698175841004,-3.78731544299276));
#3421=CARTESIAN_POINT('',(1.49671657803533,1.44917813356813,-3.80150429997239));
#3422=CARTESIAN_POINT('',(1.65924658111582,1.28131654057006,-3.81569805852598));
#3423=CARTESIAN_POINT('',(1.79500611714526,1.08297060859109,-3.82916108101417));
#3424=CARTESIAN_POINT('',(1.8926589257895,0.870700848975764,-3.8433193720061));
#3425=CARTESIAN_POINT('',(1.99027532332298,0.658510236881498,-3.85747238389641));
#3426=CARTESIAN_POINT('',(2.05252264078259,0.426571224367455,-3.87277359432679));
#3427=CARTESIAN_POINT('',(2.07427536838166,0.194060490319122,-3.8875959446204));
#3428=CARTESIAN_POINT('',(2.09603078341898,-0.0384789692412445,-3.90242012613959));
#3429=CARTESIAN_POINT('',(2.07786798351129,-0.278069251561764,-3.91616931828121));
#3430=CARTESIAN_POINT('',(2.02126750684806,-0.504733041852812,-3.92986482506915));
#3431=CARTESIAN_POINT('',(1.9646646894054,-0.731406206092114,-3.94356089825093));
#3432=CARTESIAN_POINT('',(1.86807716600729,-0.951377069279434,-3.95805239782666));
#3433=CARTESIAN_POINT('',(1.73955251313839,-1.14640081638652,-3.97286240858104));
#3434=CARTESIAN_POINT('',(1.6110417544129,-1.34140348047297,-3.98767081830085));
#3435=CARTESIAN_POINT('',(1.44703558301031,-1.51688416613411,-4.00254406773975));
#3436=CARTESIAN_POINT('',(1.26108990150239,-1.65829130073895,-4.01627610760445));
#3437=CARTESIAN_POINT('',(1.0750900299971,-1.79973964550898,-4.03001214938625));
#3438=CARTESIAN_POINT('',(0.862048244016391,-1.91094968652291,-4.04397348028957));
#3439=CARTESIAN_POINT('',(0.639715045154401,-1.98268566312991,-4.05860781068177));
#3440=CARTESIAN_POINT('',(0.417462182318062,-2.05439571925681,-4.07323685322697));
#3441=CARTESIAN_POINT('',(0.179798646895144,-2.08866068414228,-4.08889510222384));
#3442=CARTESIAN_POINT('',(-0.0536901048713761,-2.08264138785742,-4.10301767087151));
#3443=CARTESIAN_POINT('',(-0.287257901968584,-2.07662005379874,-4.11714502057651));
#3444=CARTESIAN_POINT('',(-0.523062197055877,-2.03009248482818,-4.13052286514301));
#3445=CARTESIAN_POINT('',(-0.741414528404424,-1.94694177489945,-4.14459315822377));
#3446=CARTESIAN_POINT('',(-0.959704153006871,-1.86381494431482,-4.1586594105769));
#3447=CARTESIAN_POINT('',(-1.16657303570287,-1.74181696226319,-4.17386707729624));
#3448=CARTESIAN_POINT('',(-1.34492903238886,-1.59105112287926,-4.18860104310277));
#3449=CARTESIAN_POINT('',(-1.52331403247177,-1.44026076667749,-4.20333740487617));
#3450=CARTESIAN_POINT('',(-1.67813033837345,-1.25647976384969,-4.21705379791994));
#3451=CARTESIAN_POINT('',(-1.7964448707613,-1.05501829562012,-4.23087582313263));
#3452=CARTESIAN_POINT('',(-1.91475078029257,-0.853571510061518,-4.2446968409852));
#3453=CARTESIAN_POINT('',(-1.99982053618361,-0.628920517187597,-4.25940551355245));
#3454=CARTESIAN_POINT('',(-2.04462952264817,-0.399709760818163,-4.2743286523967));
#3455=CARTESIAN_POINT('',(-2.08943346017008,-0.170524831231546,-4.28925010974627));
#3456=CARTESIAN_POINT('',(-2.09523373290848,0.0695895283072442,-4.30405813302094));
#3457=CARTESIAN_POINT('',(-2.06151185528964,0.300743492494957,-4.31771296611003));
#3458=CARTESIAN_POINT('',(-2.02777999057556,0.531965915404921,-4.33137184322418));
#3459=CARTESIAN_POINT('',(-1.95356985174481,0.760538823510384,-4.34524346858644));
#3460=CARTESIAN_POINT('',(-1.84508514811084,0.96743918361754,-4.35978728316314));
#3461=CARTESIAN_POINT('',(-1.73663098214997,1.17428130274371,-4.37432700375939));
#3462=CARTESIAN_POINT('',(-1.59094705789616,1.36518299902837,-4.38986463979668));
#3463=CARTESIAN_POINT('',(-1.42003472907122,1.52439468183585,-4.40393545168286));
#3464=CARTESIAN_POINT('',(-1.24905978425354,1.6836646939496,-4.41801141859712));
#3465=CARTESIAN_POINT('',(-1.04812785125739,1.81557170350027,-4.43152606462992));
#3466=CARTESIAN_POINT('',(-0.834012437332818,1.90911001048969,-4.44576249691339));
#3467=CARTESIAN_POINT('',(-0.619984521326763,2.00261009320084,-4.45999311150177));
#3468=CARTESIAN_POINT('',(-0.38689722116345,2.0603697201003,-4.47538809200447));
#3469=CARTESIAN_POINT('',(-0.154008743644019,2.07763304860579,-4.49014137015013));
#3470=CARTESIAN_POINT('',(0.0789188620347311,2.09489927756507,-4.50489712702992));
#3471=CARTESIAN_POINT('',(0.318131313616655,2.07211308598592,-4.51848863555293));
#3472=CARTESIAN_POINT('',(0.543664800595836,2.01114553485591,-4.53222648367504));
#3473=CARTESIAN_POINT('',(0.769194606425482,1.9501789788361,-4.54596410756849));
#3474=CARTESIAN_POINT('',(0.98724709160789,1.84937024000969,-4.56058062600039));
#3475=CARTESIAN_POINT('',(1.17974869448145,1.71711117742768,-4.57541335456766));
#3476=CARTESIAN_POINT('',(1.3722371045574,1.5848611790146,-4.59024506659697));
#3477=CARTESIAN_POINT('',(1.5445316969899,1.41748839776684,-4.6049240203328));
#3478=CARTESIAN_POINT('',(1.68232559217384,1.22884432687575,-4.6186384923688));
#3479=CARTESIAN_POINT('',(1.82015282861331,1.04015461078272,-4.63235628282261));
#3480=CARTESIAN_POINT('',(1.92722365092654,0.825020598187408,-4.64642965675569));
#3481=CARTESIAN_POINT('',(1.99465465047958,0.601357300693993,-4.66113079590866));
#3482=CARTESIAN_POINT('',(2.06206386693229,0.377766256023178,-4.67582718596418));
#3483=CARTESIAN_POINT('',(2.09174076667695,0.139481958729997,-4.69143474853288));
#3484=CARTESIAN_POINT('',(2.08121815573973,-0.093855026488193,-4.70543716220944));
#3485=CARTESIAN_POINT('',(2.0706917676136,-0.327275770183985,-4.71944460218241));
#3486=CARTESIAN_POINT('',(2.01962066155832,-0.562140779462885,-4.7328731655972));
#3487=CARTESIAN_POINT('',(1.9322714342673,-0.778848433324727,-4.74702102969152));
#3488=CARTESIAN_POINT('',(1.84495010960895,-0.995486862600945,-4.76116437442525));
#3489=CARTESIAN_POINT('',(1.71898915107654,-1.19995677186334,-4.77646561025274));
#3490=CARTESIAN_POINT('',(1.56480921690227,-1.37537263767877,-4.79113117869906));
#3491=CARTESIAN_POINT('',(1.41059745995508,-1.55082470936818,-4.805799774122));
#3492=CARTESIAN_POINT('',(1.2238491716531,-1.70207472228198,-4.81938607620278));
#3493=CARTESIAN_POINT('',(1.02013654554467,-1.81647989425206,-4.83325999861252));
#3494=CARTESIAN_POINT('',(0.816452053511325,-1.93086926610331,-4.84713200494085));
#3495=CARTESIAN_POINT('',(0.590216256317018,-2.01158252890507,-4.86196443202393));
#3496=CARTESIAN_POINT('',(0.360191514835474,-2.05196000214875,-4.87689799180662));
#3497=CARTESIAN_POINT('',(0.130182594863893,-2.09233469815817,-4.89183052443255));
#3498=CARTESIAN_POINT('',(-0.110015775514847,-2.09350079261049,-4.90642597969108));
#3499=CARTESIAN_POINT('',(-0.340479855374353,-2.05532266222655,-4.92006189293032));
#3500=CARTESIAN_POINT('',(-0.571002718059164,-2.01713479401982,-4.93370128418448));
#3501=CARTESIAN_POINT('',(-0.798087731998536,-1.93853176911021,-4.94768446850726));
#3502=CARTESIAN_POINT('',(-1.00284770174356,-1.82608166982899,-4.96229495973853));
#3503=CARTESIAN_POINT('',(-1.2075561920521,-1.71365984202951,-4.97690177769392));
#3504=CARTESIAN_POINT('',(-1.39561695609262,-1.5643188633955,-4.99237728348565));
#3505=CARTESIAN_POINT('',(-1.5515061211167,-1.39036201541728,-5.00634781570668));
#3506=CARTESIAN_POINT('',(-1.7074544331371,-1.21633916525702,-5.02032364858486));
#3507=CARTESIAN_POINT('',(-1.83545861025839,-1.01289864975766,-5.03390288921914));
#3508=CARTESIAN_POINT('',(-1.9248474760529,-0.797019429945441,-5.04821880448126));
#3509=CARTESIAN_POINT('',(-2.01419776534296,-0.581233374596282,-5.06252854159173));
#3510=CARTESIAN_POINT('',(-2.06744965212719,-0.347082827463917,-5.0780073203384));
#3511=CARTESIAN_POINT('',(-2.08021737758313,-0.113901008682788,-5.09267323429371));
#3512=CARTESIAN_POINT('',(-2.09298778007705,0.119329701859749,-5.10734222328449));
#3513=CARTESIAN_POINT('',(-2.06558604583157,0.358073677452596,-5.12080719385609));
#3514=CARTESIAN_POINT('',(-2.00027409897147,0.582392742710332,-5.13459607768631));
#3515=CARTESIAN_POINT('',(-1.93496702458854,0.806695073058473,-5.14838393282231));
#3516=CARTESIAN_POINT('',(-1.82997520643118,1.02274867393796,-5.16312389584211));
#3517=CARTESIAN_POINT('',(-1.69403054125974,1.21265753741814,-5.17796727471645));
#3518=CARTESIAN_POINT('',(-1.55808949909171,1.40256133971803,-5.19281025800621));
#3519=CARTESIAN_POINT('',(-1.38741078710062,1.57160581562079,-5.20728856484991));
#3520=CARTESIAN_POINT('',(-1.19613825447796,1.70573475486436,-5.2209991865767));
#3521=CARTESIAN_POINT('',(-1.00482988100554,1.83988882733064,-5.23471237741431));
#3522=CARTESIAN_POINT('',(-0.787684686754297,1.94278072878956,-5.24890313283743));
#3523=CARTESIAN_POINT('',(-0.562774532417892,2.00588200137486,-5.26366498900097));
#3524=CARTESIAN_POINT('',(-0.337928203651633,2.06896536692207,-5.27842265600779));
#3525=CARTESIAN_POINT('',(-0.0991090752900695,2.09404277074842,-5.29393747000317));
#3526=CARTESIAN_POINT('',(0.13398806968543,2.07902019589992,-5.30783763378296));
#3527=CARTESIAN_POINT('',(0.367171901054044,2.06399203431277,-5.32174296688845));
#3528=CARTESIAN_POINT('',(0.601007492359076,2.00839718986902,-5.33523528675493));
#3529=CARTESIAN_POINT('',(0.815988155472638,1.91688317534119,-5.34946211962328));
#3530=CARTESIAN_POINT('',(1.03089578680652,1.82540024933663,-5.36368411944801));
#3531=CARTESIAN_POINT('',(1.23289255458182,1.69552288714722,-5.37906898297789));
#3532=CARTESIAN_POINT('',(1.40530447690113,1.53798475446911,-5.39364796886041));
#3533=CARTESIAN_POINT('',(1.57775899102666,1.38040770433374,-5.40823055626498));
#3534=CARTESIAN_POINT('',(1.72538452981759,1.19076261368081,-5.42172035477288));
#3535=CARTESIAN_POINT('',(1.83583746591916,0.984874903987959,-5.43565369360534));
#3536=CARTESIAN_POINT('',(1.94626810209008,0.779028762059722,-5.44958421936193));
#3537=CARTESIAN_POINT('',(2.02259576696465,0.551291967231927,-5.46453744629268));
#3538=CARTESIAN_POINT('',(2.05852702346051,0.320537472786849,-5.47946819308359));
#3539=CARTESIAN_POINT('',(2.09445743367218,0.0897884132722787,-5.49439858821257));
#3540=CARTESIAN_POINT('',(2.09098761127819,-0.15040554491776,-5.50877818191687));
#3541=CARTESIAN_POINT('',(2.04836677941754,-0.380093823623038,-5.52240898748581));
#3542=CARTESIAN_POINT('',(2.00573702685526,-0.609830176955566,-5.53604264603401));
#3543=CARTESIAN_POINT('',(1.92277088975739,-0.835342208598093,-5.55014277490267));
#3544=CARTESIAN_POINT('',(1.80639722117153,-1.0378857630402,-5.56481391341625));
#3545=CARTESIAN_POINT('',(1.69004912175899,-1.24038481539426,-5.5794818284439));
#3546=CARTESIAN_POINT('',(1.53710427071378,-1.42553613392123,-5.59485713239287));
#3547=CARTESIAN_POINT('',(1.3601677763487,-1.57804353487489,-5.60874467316207));
#3548=CARTESIAN_POINT('',(1.18316377233738,-1.73060912461951,-5.62263751268532));
#3549=CARTESIAN_POINT('',(0.977293326530172,-1.85466115205143,-5.63629311356318));
#3550=CARTESIAN_POINT('',(0.75973311165118,-1.93986684513103,-5.65068861177665));
#3551=CARTESIAN_POINT('',(0.542268486991941,-2.02503510107658,-5.66507778498792));
#3552=CARTESIAN_POINT('',(0.307139869589576,-2.07376045978281,-5.68062905982517));
#3553=CARTESIAN_POINT('',(0.0737491649391629,-2.08202757869548,-5.69518848400206));
#3554=CARTESIAN_POINT('',(-0.159699298199011,-2.09029674351776,-5.70975151128013));
#3555=CARTESIAN_POINT('',(-0.397883660557383,-2.05828891628275,-5.72312762678036));
#3556=CARTESIAN_POINT('',(-0.620904395620443,-1.98865670976089,-5.73697512975976));
#3557=CARTESIAN_POINT('',(-0.843895675531399,-1.91903369981545,-5.75082080384954));
#3558=CARTESIAN_POINT('',(-1.05787069597991,-1.80989814470703,-5.76568127972195));
#3559=CARTESIAN_POINT('',(-1.24511711142477,-1.67031768134538,-5.78052214465582));
#3560=CARTESIAN_POINT('',(-1.43236676928148,-1.53073480096898,-5.7953632665783));
#3561=CARTESIAN_POINT('',(-1.59809777636852,-1.35681211710186,-5.80964100628563));
#3562=CARTESIAN_POINT('',(-1.72851122027056,-1.1629818309744,-5.82336061236244));
#3563=CARTESIAN_POINT('',(-1.85894146655699,-0.969126571877313,-5.83708198606449));
#3564=CARTESIAN_POINT('',(-1.95761620709998,-0.750051503062099,-5.85139416308614));
#3565=CARTESIAN_POINT('',(-2.01636433166433,-0.523977728314499,-5.86620945767486));
#3566=CARTESIAN_POINT('',(-2.07509812364235,-0.297959108040672,-5.88102113782498));
#3567=CARTESIAN_POINT('',(-2.09556572037322,-0.0586914539168542,-5.89640702453028));
#3568=CARTESIAN_POINT('',(-2.07604783294444,0.174078066121192,-5.9102223606118));
#3569=CARTESIAN_POINT('',(-2.05652264093167,0.406934700326372,-5.92404286709318));
#3570=CARTESIAN_POINT('',(-1.99642547925817,0.639650588027267,-5.9376107708413));
#3571=CARTESIAN_POINT('',(-1.90078198723144,0.852822147223143,-5.95191672760183));
#3572=CARTESIAN_POINT('',(-1.80517158681081,1.06591995138227,-5.9662177346572));
#3573=CARTESIAN_POINT('',(-1.67142546507764,1.26537020472677,-5.98167495275259));
#3574=CARTESIAN_POINT('',(-1.51058599926626,1.43471520400341,-5.99614834441912));
#3575=CARTESIAN_POINT('',(-1.3497009518917,1.60410819529335,-6.01062583781412));
#3576=CARTESIAN_POINT('',(-1.15723112221196,1.74805191958126,-6.02405905034726));
#3577=CARTESIAN_POINT('',(-0.949245370803798,1.85451098777692,-6.03805818574786));
#3578=CARTESIAN_POINT('',(-0.741314215215833,1.96094211069217,-6.052053646405));
#3579=CARTESIAN_POINT('',(-0.512160492175674,2.03285656503645,-6.06712335863314));
#3580=CARTESIAN_POINT('',(-0.280760543144864,2.06432829152506,-6.0820369875851));
#3581=CARTESIAN_POINT('',(-0.0493553377024735,2.09580073291594,-6.09695095531057));
#3582=CARTESIAN_POINT('',(0.190745355484141,2.0876947298985,-6.11111802637413));
#3583=CARTESIAN_POINT('',(0.419572220829068,2.04064620384974,-6.12475664797999));
#3584=CARTESIAN_POINT('',(0.648435615823811,1.99359016702999,-6.13839744683925));
#3585=CARTESIAN_POINT('',(0.872290365173167,1.90629202363612,-6.15261859743421));
#3586=CARTESIAN_POINT('',(1.07254239459568,1.78603767865427,-6.1673431615491));
#3587=CARTESIAN_POINT('',(1.27275707740693,1.66580576087223,-6.18206497956162));
#3588=CARTESIAN_POINT('',(1.45493103479637,1.50931136579172,-6.19730783526158));
#3589=CARTESIAN_POINT('',(1.60399860817515,1.32946088424969,-6.21112912494145));
#3590=CARTESIAN_POINT('',(1.75312127923198,1.14954392719118,-6.2249555231835));
#3591=CARTESIAN_POINT('',(1.8731730028598,0.941323555594798,-6.23869800917343));
#3592=CARTESIAN_POINT('',(1.95416318663574,0.722166198167322,-6.2531719362842));
#3593=CARTESIAN_POINT('',(2.03511851996252,0.503103145160289,-6.26763963519747));
#3594=CARTESIAN_POINT('',(2.07929998018455,0.267081933543427,-6.28325077368707));
#3595=CARTESIAN_POINT('',(2.08306289752658,0.0335669886340088,-6.29768380717576));
#3596=CARTESIAN_POINT('',(2.08682687098414,-0.200013495520045,-6.31212089149774));
#3597=CARTESIAN_POINT('',(2.05022428307707,-0.437546622623681,-6.3254522882585));
#3598=CARTESIAN_POINT('',(1.9762976564305,-0.659185369198304,-6.33936484974225));
#3599=CARTESIAN_POINT('',(1.90238485266374,-0.880782673522723,-6.35327480984035));
#3600=CARTESIAN_POINT('',(1.78914628074193,-1.09260036798589,-6.36825150340903));
#3601=CARTESIAN_POINT('',(1.64598097149484,-1.27711566400798,-6.38307562552499));
#3602=CARTESIAN_POINT('',(1.50280666669543,-1.46164255373953,-6.39790067908983));
#3603=CARTESIAN_POINT('',(1.32570346022027,-1.62399758282466,-6.41198441849451));
#3604=CARTESIAN_POINT('',(1.12938706684946,-1.75064634664199,-6.42572491045854));
#3605=CARTESIAN_POINT('',(0.933057472322957,-1.87730362686501,-6.43946632639214));
#3606=CARTESIAN_POINT('',(0.712134284153537,-1.97172460409719,-6.45390264048566));
#3607=CARTESIAN_POINT('',(0.484980280613935,-2.02609770376293,-6.46876290767591));
#3608=CARTESIAN_POINT('',(0.257872520659604,-2.08045973425519,-6.48362014964087));
#3609=CARTESIAN_POINT('',(0.0182430605449895,-2.09630863203524,-6.49884699783578));
#3610=CARTESIAN_POINT('',(-0.21411135999877,-2.07230164389677,-6.51259437590631));
#3611=CARTESIAN_POINT('',(-0.446550100851648,-2.04828594373701,-6.52634674283467));
#3612=CARTESIAN_POINT('',(-0.678055924424967,-1.98370983058837,-6.54000080992511));
#3613=CARTESIAN_POINT('',(-0.88933659879989,-1.88397404223436,-6.55438478909113));
#3614=CARTESIAN_POINT('',(-1.10054612412286,-1.78427184004154,-6.56876392443278));
#3615=CARTESIAN_POINT('',(-1.29737734409432,-1.64670601241267,-6.58428089067983));
#3616=CARTESIAN_POINT('',(-1.46359340697364,-1.4826233900897,-6.59862891266689));
#3617=CARTESIAN_POINT('',(-1.62986178432496,-1.31848912476904,-6.61298145051832));
#3618=CARTESIAN_POINT('',(-1.77006751172779,-1.12326846237791,-6.62640422843445));
#3619=CARTESIAN_POINT('',(-1.87249264564094,-0.913262870042551,-6.64047436819612));
#3620=CARTESIAN_POINT('',(-1.97488522378431,-0.703324027863694,-6.65454003577197));
#3621=CARTESIAN_POINT('',(-2.04236068795172,-0.472837762109828,-6.66972055172085));
#3622=CARTESIAN_POINT('',(-2.06936129676229,-0.240876734534336,-6.68460172534995));
#3623=CARTESIAN_POINT('',(-2.09636378033392,-0.00889960097008659,-6.6994839322389));
#3624=CARTESIAN_POINT('',(-2.08362320654034,0.231018534242992,-6.71344850476669));
#3625=CARTESIAN_POINT('',(-2.03216380637206,0.458898727225534,-6.72710692627751));
#3626=CARTESIAN_POINT('',(-1.9806989163498,0.686803231198475,-6.74076680491256));
#3627=CARTESIAN_POINT('',(-1.88910156795331,0.908917264358154,-6.75511171787376));
#3628=CARTESIAN_POINT('',(-1.76501085722281,1.10680370963572,-6.76988129492542));
#3629=CARTESIAN_POINT('',(-1.6409389550102,1.30466016112306,-6.78464863334171));
#3630=CARTESIAN_POINT('',(-1.48095081902012,1.48378970580666,-6.79973279524929));
#3631=CARTESIAN_POINT('',(-1.29825303770996,1.62936086483463,-6.8135039593729));
#3632=CARTESIAN_POINT('',(-1.11549302535191,1.77498160873277,-6.82727981427035));
#3633=CARTESIAN_POINT('',(-0.905004262211332,1.89098645151926,-6.84111843211643));
#3634=CARTESIAN_POINT('',(-0.684334753642174,1.9677306021749,-6.85566836946034));
#3635=CARTESIAN_POINT('',(-0.463754271530122,2.04444379132669,-6.87021243680717));
#3636=CARTESIAN_POINT('',(-0.226926464932075,2.08406579627484,-6.88586893721706));
#3637=CARTESIAN_POINT('',(0.00662766980916389,2.08332279106496,-6.90015552050848));
#3638=CARTESIAN_POINT('',(0.240253984674136,2.08257955622862,-6.91444651908183));
#3639=CARTESIAN_POINT('',(0.477043880796817,2.04139595195994,-6.92778311820294));
#3640=CARTESIAN_POINT('',(0.697217378016811,1.96320292012037,-6.94176599806673));
#3641=CARTESIAN_POINT('',(0.917338636560001,1.88502844047064,-6.95574556033257));
#3642=CARTESIAN_POINT('',(1.12692148613256,1.76772932903255,-6.9708328041758));
#3643=CARTESIAN_POINT('',(1.30863834399856,1.62103160437867,-6.98562493184459));
#3644=CARTESIAN_POINT('',(1.49037501999934,1.47431788079484,-7.0004186727505));
#3645=CARTESIAN_POINT('',(1.64929278409494,1.29409945710178,-7.01432150786004));
#3646=CARTESIAN_POINT('',(1.77212943887211,1.09536981410874,-7.02809380253617));
#3647=CARTESIAN_POINT('',(1.89496651512271,0.89663948924052,-7.04186614446738));
#3648=CARTESIAN_POINT('',(1.98509920353472,0.673950604974641,-7.0564279568091));
#3649=CARTESIAN_POINT('',(2.03507741264493,0.445800069897009,-7.07132354958751));
#3650=CARTESIAN_POINT('',(2.08504750668982,0.217686580094329,-7.08621672373767));
#3651=CARTESIAN_POINT('',(2.09627077672376,-0.0222175209801724,-7.10126067114528));
#3652=CARTESIAN_POINT('',(2.06778295343356,-0.254069744887853,-7.11495634047275));
#3653=CARTESIAN_POINT('',(2.03928553346504,-0.486000072734434,-7.12865662345328));
#3654=CARTESIAN_POINT('',(1.97025607742258,-0.716206089716298,-7.14240617431185));
#3655=CARTESIAN_POINT('',(1.86646714749986,-0.925515080958538,-7.15686583835652));
#3656=CARTESIAN_POINT('',(1.76271078900329,-1.13475838607844,-7.17132096461589));
#3657=CARTESIAN_POINT('',(1.62137584747125,-1.32889927524697,-7.18687538763652));
#3658=CARTESIAN_POINT('',(1.45411044381254,-1.49192513048513,-7.20108624981643));
#3659=CARTESIAN_POINT('',(1.28678795203289,-1.65500662687524,-7.21530196220087));
#3660=CARTESIAN_POINT('',(1.0888921056255,-1.7914201495244,-7.22875753763471));
#3661=CARTESIAN_POINT('',(0.876946234642113,-1.88977328781121,-7.24290268383456));
#3662=CARTESIAN_POINT('',(0.665077856458301,-1.98809046568985,-7.25704265820929));
#3663=CARTESIAN_POINT('',(0.433343809058811,-2.05110344373674,-7.27232692399384));
#3664=CARTESIAN_POINT('',(0.200906156686669,-2.07362351789884,-7.28715932214912));
#3665=CARTESIAN_POINT('',(-0.0315583978078185,-2.09614619851383,-7.30199343699267));
#3666=CARTESIAN_POINT('',(-0.27120427371747,-2.07877505188882,-7.31577224825964));
#3667=CARTESIAN_POINT('',(-0.498052995039235,-2.02292387200068,-7.3294614608513));
#3668=CARTESIAN_POINT('',(-0.724913303762695,-1.9670698392419,-7.34315137268607));
#3669=CARTESIAN_POINT('',(-0.945204245591185,-1.87120822206197,-7.3576214243607));
#3670=CARTESIAN_POINT('',(-1.14065235134963,-1.74332727596924,-7.37242642072781));
#3671=CARTESIAN_POINT('',(-1.33607805040502,-1.6154609904964,-7.38722971980982));
#3672=CARTESIAN_POINT('',(-1.51209735783953,-1.45203677493682,-7.40213511094374));
#3673=CARTESIAN_POINT('',(-1.6541173867128,-1.26655969016552,-7.41587159154086));
#3674=CARTESIAN_POINT('',(-1.79617991791604,-1.08102709767239,-7.42961218305413));
#3675=CARTESIAN_POINT('',(-1.90809401914576,-0.868351361774603,-7.44355497296252));
#3676=CARTESIAN_POINT('',(-1.98056392447573,-0.646254066790371,-7.45817734918462));
#3677=CARTESIAN_POINT('',(-2.05300718124544,-0.424238441198701,-7.47279434848134));
#3678=CARTESIAN_POINT('',(-2.08805586087264,-0.186689689558173,-7.48845663981553));
#3679=CARTESIAN_POINT('',(-2.08280724570861,0.0468161831153092,-7.50260158918125));
#3680=CARTESIAN_POINT('',(-2.07755687481609,0.280400166471548,-7.51675127021234));
#3681=CARTESIAN_POINT('',(-2.03180849646945,0.516356138999731,-7.53012182944113));
#3682=CARTESIAN_POINT('',(-1.9493793486318,0.734981586779999,-7.54417908087926));
#3683=CARTESIAN_POINT('',(-1.86697333262622,0.953545682389624,-7.55823238747521));
#3684=CARTESIAN_POINT('',(-1.74565794039289,1.16081749679778,-7.57342314691579));
#3685=CARTESIAN_POINT('',(-1.59548172984532,1.33967004426746,-7.58816705545534));
#3686=CARTESIAN_POINT('',(-1.44528225682194,1.51855029621205,-7.60291324784407));
#3687=CARTESIAN_POINT('',(-1.26201585773872,1.67397084889719,-7.61665479865921));
#3688=CARTESIAN_POINT('',(-1.06094707912176,1.79294982447385,-7.6304687792021));
#3689=CARTESIAN_POINT('',(-0.859890703606047,1.91192146072964,-7.64428190761768));
#3690=CARTESIAN_POINT('',(-0.635519218761014,1.99773351815866,-7.65896921037481));
#3691=CARTESIAN_POINT('',(-0.406456153571813,2.04329909044207,-7.6738893200974));
#3692=CARTESIAN_POINT('',(-0.177420586944552,2.08885919266984,-7.68880763869072));
#3693=CARTESIAN_POINT('',(0.0626705713821249,2.09545201921555,-7.70365122130812));
#3694=CARTESIAN_POINT('',(0.293933933141732,2.06249378683321,-7.71731073633625));
#3695=CARTESIAN_POINT('',(0.52526728742034,2.02952557954742,-7.73097438545574));
#3696=CARTESIAN_POINT('',(0.754086163571963,1.95606988082464,-7.74482755800717));
#3697=CARTESIAN_POINT('',(0.961345022893574,1.84826770916324,-7.75935944771509));
#3698=CARTESIAN_POINT('',(1.16854451428927,1.74049641671908,-7.77388717485955));
#3699=CARTESIAN_POINT('',(1.35992534320189,1.59544340345059,-7.78943121440073));
#3700=CARTESIAN_POINT('',(1.51969943576187,1.42505838572419,-7.80352094990978));
#3701=CARTESIAN_POINT('',(1.67953156781971,1.25461147397785,-7.81761580365271));
#3702=CARTESIAN_POINT('',(1.8121012689683,1.05411650304068,-7.83112066524376));
#3703=CARTESIAN_POINT('',(1.90634600315276,0.840311069807654,-7.84534359963145));
#3704=CARTESIAN_POINT('',(2.00055272151111,0.626591880015609,-7.85956079686465));
#3705=CARTESIAN_POINT('',(2.05908156782862,0.393695003446697,-7.87494040520696));
#3706=CARTESIAN_POINT('',(2.07711342397816,0.160865166233996,-7.88970677353824));
#3707=CARTESIAN_POINT('',(2.09514817554807,-0.0720020570495947,-7.90447551294232));
#3708=CARTESIAN_POINT('',(2.07315244882964,-0.311285562728485,-7.91809197183972));
#3709=CARTESIAN_POINT('',(2.01293045618165,-0.537018394800525,-7.93182192937148));
#3710=CARTESIAN_POINT('',(1.95270884759481,-0.762749787278667,-7.94555179934149));
#3711=CARTESIAN_POINT('',(1.85261961136057,-0.981136202258178,-7.96014700340388));
#3712=CARTESIAN_POINT('',(1.72099600531326,-1.17407432791693,-7.97497667024746));
#3713=CARTESIAN_POINT('',(1.58938233280284,-1.36699789267701,-7.98980521790698));
#3714=CARTESIAN_POINT('',(1.42258124912037,-1.53984212568313,-8.00451803954558));
#3715=CARTESIAN_POINT('',(1.23439388616978,-1.67825787993515,-8.01823452078732));
#3716=CARTESIAN_POINT('',(1.04615932054459,-1.81670835274482,-8.0319544425077));
#3717=CARTESIAN_POINT('',(0.831377508516029,-1.92449017617461,-8.04600823379379));
#3718=CARTESIAN_POINT('',(0.607935862018195,-1.99265947051923,-8.06069834231054));
#3719=CARTESIAN_POINT('',(0.384567880293964,-2.06080629064871,-8.07538360775736));
#3720=CARTESIAN_POINT('',(0.146383700973135,-2.09126896488774,-8.09100298436607));
#3721=CARTESIAN_POINT('',(-0.0869855016931723,-2.08151658659569,-8.10502467253479));
#3722=CARTESIAN_POINT('',(-0.320437763584716,-2.07176073730157,-8.11905135121015));
#3723=CARTESIAN_POINT('',(-0.555469854099144,-2.02146558687101,-8.13247028013376));
#3724=CARTESIAN_POINT('',(-0.77246472385921,-1.93483229975388,-8.14660473992119));
#3725=CARTESIAN_POINT('',(-0.989391303691803,-1.84822627678774,-8.16073475148716));
#3726=CARTESIAN_POINT('',(-1.19427691525344,-1.7229400365471,-8.17602064737859));
#3727=CARTESIAN_POINT('',(-1.37020033172981,-1.56934025268751,-8.190699183147));
#3728=CARTESIAN_POINT('',(-1.54615877424626,-1.41570988738348,-8.20538064138584));
#3729=CARTESIAN_POINT('',(-1.69802306164268,-1.22946429145675,-8.21898699448294));
#3730=CARTESIAN_POINT('',(-1.81310012665403,-1.02613142847537,-8.23285147400625));
#3731=CARTESIAN_POINT('',(-1.92816257617003,-0.822824390018757,-8.24671419265534));
#3732=CARTESIAN_POINT('',(-2.00962325862106,-0.596853788831907,-8.26152561951416));
#3733=CARTESIAN_POINT('',(-2.05075996222682,-0.366962334722817,-8.27645830470554));
#3734=CARTESIAN_POINT('',(-2.0918935234078,-0.137088441977165,-8.29138984919199));
#3735=CARTESIAN_POINT('',(-2.09385260276949,0.103101813975021,-8.30602208721496));
#3736=CARTESIAN_POINT('',(-2.05643593326885,0.33369002103515,-8.31966023410139));
#3737=CARTESIAN_POINT('',(-2.0190094437908,0.564338745800804,-8.33330196030944));
#3738=CARTESIAN_POINT('',(-1.94115588477904,0.791684367052028,-8.3472656412043));
#3739=CARTESIAN_POINT('',(-1.8293812533574,0.996815934685171,-8.36186511980927));
#3740=CARTESIAN_POINT('',(-1.71763531261467,1.20189484847491,-8.3764608509722));
#3741=CARTESIAN_POINT('',(-1.56891624753458,1.39044651705348,-8.39194984421975));
#3742=CARTESIAN_POINT('',(-1.395475681439,1.54690833609821,-8.4059362925));
#3743=CARTESIAN_POINT('',(-1.22196957699564,1.70342927769623,-8.41992802586857));
#3744=CARTESIAN_POINT('',(-1.01895269285171,1.83210468436239,-8.43349534747311));
#3745=CARTESIAN_POINT('',(-0.803369383881724,1.92220587108126,-8.4477976230229));
#3746=CARTESIAN_POINT('',(-0.58787848508199,2.0122684357656,-8.46209376787674));
#3747=CARTESIAN_POINT('',(-0.35390380607677,2.06629288334902,-8.47755897484669));
#3748=CARTESIAN_POINT('',(-0.120766187221783,2.0798301146492,-8.49224116896308));
#3749=CARTESIAN_POINT('',(0.112418710064652,2.09337009119086,-8.50692634051019));
#3750=CARTESIAN_POINT('',(0.351249281847612,2.06675736950517,-8.52041046751067));
#3751=CARTESIAN_POINT('',(0.575782068225751,2.00218700117833,-8.53419005117663));
#3752=CARTESIAN_POINT('',(0.80030033937905,1.93762080709004,-8.54796874404282));
#3753=CARTESIAN_POINT('',(1.01670158778692,1.83334188312524,-8.56268775817194));
#3754=CARTESIAN_POINT('',(1.20705899059688,1.69802425512624,-8.57753021841217));
#3755=CARTESIAN_POINT('',(1.39740992624286,1.56271122438104,-8.59237217439766));
#3756=CARTESIAN_POINT('',(1.56701495023135,1.39259374140807,-8.60688498141773));
#3757=CARTESIAN_POINT('',(1.70177451455885,1.20176590040481,-8.62059532672786));
#3758=CARTESIAN_POINT('',(1.83656063026345,1.01090046101665,-8.63430837335681));
#3759=CARTESIAN_POINT('',(1.94017022244043,0.794093587833857,-8.64847872420319));
#3760=CARTESIAN_POINT('',(2.00401393205921,0.569390848091501,-8.66323067599978));
#3761=CARTESIAN_POINT('',(2.06783909230547,0.344753394261458,-8.67797834171319));
#3762=CARTESIAN_POINT('',(2.09370415151832,0.106019657087536,-8.69351175382353));
#3763=CARTESIAN_POINT('',(2.07945114753793,-0.127124752825609,-8.70742816110005));
#3764=CARTESIAN_POINT('',(2.06519286509551,-0.360355505513794,-8.72134972218326));
#3765=CARTESIAN_POINT('',(2.01037047955408,-0.594373609733883,-8.73483026187577));
#3766=CARTESIAN_POINT('',(1.91956652764267,-0.809655558698673,-8.74904353904502));
#3767=CARTESIAN_POINT('',(1.82879319357592,-1.02486491754888,-8.76325202369253));
#3768=CARTESIAN_POINT('',(1.69958251179599,-1.22729001994912,-8.77862334249655));
#3769=CARTESIAN_POINT('',(1.54261490420694,-1.40022035233615,-8.79321846697603));
#3770=CARTESIAN_POINT('',(1.38560956810772,-1.57319225001111,-8.8078170995188));
#3771=CARTESIAN_POINT('',(1.19645500469621,-1.72144196279032,-8.82132075181751));
#3772=CARTESIAN_POINT('',(0.990933978538981,-1.83257404433073,-8.83524344124162));
#3773=CARTESIAN_POINT('',(0.785452238874172,-1.94368488235284,-8.84916346926586));
#3774=CARTESIAN_POINT('',(0.557966284259982,-2.02076484610645,-8.86409629773587));
#3775=CARTESIAN_POINT('',(0.327330661998235,-2.05745775545783,-8.8790285108711));
#3776=CARTESIAN_POINT('',(0.096702276231079,-2.09414951352114,-8.89396025548859));
#3777=CARTESIAN_POINT('',(-0.143498724821368,-2.09147287602981,-8.90837672677938));
#3778=CARTESIAN_POINT('',(-0.373325808201229,-2.04961108962376,-8.92200746456803));
#3779=CARTESIAN_POINT('',(-0.603202862290138,-2.00774020131762,-8.93564116605279));
#3780=CARTESIAN_POINT('',(-0.828990002158693,-1.92551834870115,-8.94972096216995));
#3781=CARTESIAN_POINT('',(-1.03191809707431,-1.809812923677,-8.96438220407552));
#3782=CARTESIAN_POINT('',(-1.23480048349114,-1.69413356069854,-8.97904014361254));
#3783=CARTESIAN_POINT('',(-1.42045439024378,-1.54180144994098,-8.99443504023961));
#3784=CARTESIAN_POINT('',(-1.57354450246914,-1.36537008775165,-9.00833557633018));
#3785=CARTESIAN_POINT('',(-1.72669310930595,-1.18887131243007,-9.02224142371386));
#3786=CARTESIAN_POINT('',(-1.85142472868655,-0.983410950688364,-9.03588317963697));
#3787=CARTESIAN_POINT('',(-1.93734842263214,-0.766132408335871,-9.05026510959958));
#3788=CARTESIAN_POINT('',(-2.02323437962681,-0.548949292859424,-9.06464072314166));
#3789=CARTESIAN_POINT('',(-2.07273542028505,-0.313981955831849,-9.0801804540882));
#3790=CARTESIAN_POINT('',(-2.08177281018832,-0.080620993161986,-9.09475948722442));
#3791=CARTESIAN_POINT('',(-2.09081238099058,0.152796284073921,-9.10934203856657));
#3792=CARTESIAN_POINT('',(-2.0595918271513,0.391082869856023,-9.12273040337341));
#3793=CARTESIAN_POINT('',(-1.99069695888495,0.614331665848348,-9.13656738898081));
#3794=CARTESIAN_POINT('',(-1.92181052131569,0.837553142781602,-9.15040268134984));
#3795=CARTESIAN_POINT('',(-1.81338103938366,1.05188938345079,-9.16524280636025));
#3796=CARTESIAN_POINT('',(-1.67441901768243,1.23959619675167,-9.18008508129773));
#3797=CARTESIAN_POINT('',(-1.53545565282052,1.42730482436415,-9.19492749969571));
#3798=CARTESIAN_POINT('',(-1.36208350017345,1.59360716546829,-9.20923926738273));
#3799=CARTESIAN_POINT('',(-1.16868574821991,1.72465979244762,-9.22295646603757));
#3800=CARTESIAN_POINT('',(-0.97526109570323,1.85573064812624,-9.23667557267926));
#3801=CARTESIAN_POINT('',(-0.756510411715506,1.95512951363649,-9.2509667470877));
#3802=CARTESIAN_POINT('',(-0.530629804745576,2.01462398181235,-9.26577346677629));
#3803=CARTESIAN_POINT('',(-0.304805851945047,2.07410352790294,-9.28057647272239));
#3804=CARTESIAN_POINT('',(-0.0656087954843986,2.09536045481414,-9.29598672188975));
#3805=CARTESIAN_POINT('',(0.167222986893351,2.07661124200758,-9.30981535814112));
#3806=CARTESIAN_POINT('',(0.400142018779733,2.05785500327187,-9.32364917642436));
#3807=CARTESIAN_POINT('',(0.633055874353177,1.99852650962009,-9.33720336392935));
#3808=CARTESIAN_POINT('',(0.846542749199508,1.90358691725792,-9.35149582715815));
#3809=CARTESIAN_POINT('',(1.05995576147841,1.80868017226423,-9.36578334545518));
#3810=CARTESIAN_POINT('',(1.25984684484663,1.67559249227322,-9.38122904193683));
#3811=CARTESIAN_POINT('',(1.42972096611974,1.51531374204004,-9.39572188084837));
#3812=CARTESIAN_POINT('',(1.59964223062408,1.35499051146975,-9.41021874179252));
#3813=CARTESIAN_POINT('',(1.74421986841424,1.16299875849999,-9.42365853378455));
#3814=CARTESIAN_POINT('',(1.85136510551045,0.955366434346566,-9.43764601042352));
#3815=CARTESIAN_POINT('',(1.95848329472276,0.747786525168807,-9.45162995604559));
#3816=CARTESIAN_POINT('',(2.03115465459205,0.518869239306926,-9.466680104654));
#3817=CARTESIAN_POINT('',(2.06339020169371,0.287573735469972,-9.48159772166873));
#3818=CARTESIAN_POINT('',(2.09562622420693,0.0562748204746432,-9.49651555868928));
#3819=CARTESIAN_POINT('',(2.08831333273577,-0.183848148098274,-9.51071846337534));
#3820=CARTESIAN_POINT('',(2.04202116912443,-0.412828442122744,-9.52435487138877));
#3821=CARTESIAN_POINT('',(1.99572121058533,-0.641847293101777,-9.53799357557518));
#3822=CARTESIAN_POINT('',(1.90916192259881,-0.865991515722248,-9.55219378982778));
#3823=CARTESIAN_POINT('',(1.78956839440203,-1.06664086717841,-9.56690977739337));
#3824=CARTESIAN_POINT('',(1.66999786342106,-1.26725163480394,-9.5816229351508));
#3825=CARTESIAN_POINT('',(1.51410682070912,-1.44993974801534,-9.59689047964571));
#3826=CARTESIAN_POINT('',(1.33475017373928,-1.5995998723058,-9.61072194242701));
#3827=CARTESIAN_POINT('',(1.15532666439321,-1.74931578840385,-9.62455856144023));
#3828=CARTESIAN_POINT('',(0.947502585544967,-1.87005524548129,-9.6382854914722));
#3829=CARTESIAN_POINT('',(0.728612475940494,-1.95176884842486,-9.65274613724538));
#3830=CARTESIAN_POINT('',(0.509817170187816,-2.03344706025679,-9.66720051994473));
#3831=CARTESIAN_POINT('',(0.273942584574605,-2.07840705941321,-9.6828023701087));
#3832=CARTESIAN_POINT('',(0.0404428797130423,-2.0829407459787,-9.69725846924982));
#3833=CARTESIAN_POINT('',(-0.193121115055743,-2.08747568081252,-9.71171854861556));
#3834=CARTESIAN_POINT('',(-0.43077217257698,-2.05165827412718,-9.72505419075009));
#3835=CARTESIAN_POINT('',(-0.652653269918061,-1.97846442652959,-9.73895521582532));
#3836=CARTESIAN_POINT('',(-0.874494904639093,-1.90528359680973,-9.75285376853639));
#3837=CARTESIAN_POINT('',(-1.08668721370739,-1.79274401994989,-9.76781094310809));
#3838=CARTESIAN_POINT('',(-1.27167457096368,-1.65018834177861,-9.7826389833734));
#3839=CARTESIAN_POINT('',(-1.45667209677046,-1.50762482747932,-9.79746783871969));
#3840=CARTESIAN_POINT('',(-1.61960908058536,-1.33106117743492,-9.81158402058905));
#3841=CARTESIAN_POINT('',(-1.74690533156115,-1.1351649837539,-9.82532013735015));
#3842=CARTESIAN_POINT('',(-1.87421150691146,-0.939253517453497,-9.83905732501763));
#3843=CARTESIAN_POINT('',(-1.96936273927746,-0.718640686209385,-9.85347226710054));
#3844=CARTESIAN_POINT('',(-2.02448579870433,-0.491665565829313,-9.86832549177339));
#3845=CARTESIAN_POINT('',(-2.0795972526583,-0.264738232231008,-9.88317558928497));
#3846=CARTESIAN_POINT('',(-2.09623688071592,-0.0251645025431745,-9.89843151333625));
#3847=CARTESIAN_POINT('',(-2.07299737532562,0.207267121538561,-9.91218934757718));
#3848=CARTESIAN_POINT('',(-2.0497493655106,0.439783803250183,-9.92595221645476));
#3849=CARTESIAN_POINT('',(-1.98593776418296,0.671503052496399,-9.93959084761166));
#3850=CARTESIAN_POINT('',(-1.88689936306299,0.883113000385757,-9.95396161141002));
#3851=CARTESIAN_POINT('',(-1.78789458306266,1.09465111186324,-9.96832749668487));
#3852=CARTESIAN_POINT('',(-1.65097868322937,1.2919355015505,-9.98383519265478));
#3853=CARTESIAN_POINT('',(-1.48744670939289,1.45869121629427,-9.99820609602047));
#3854=CARTESIAN_POINT('',(-1.48061861649558,1.46565391285271,-9.99880613686201));
#3855=CARTESIAN_POINT('',(-1.47374137745088,1.47256892442593,-9.99940415857427));
#3856=CARTESIAN_POINT('',(-1.46681599955637,1.47943523049278,-10.0000000000005));
#3857=CARTESIAN_POINT('',(1.95906418797094,0.,-10.3714965726465));
#3858=CARTESIAN_POINT('',(1.95906418797094,0.512881805070029,-10.3381632393132));
#3859=CARTESIAN_POINT('',(1.53456214766745,1.53456214766745,-10.2714965726465));
#3860=CARTESIAN_POINT('',(-2.22044604925031E-16,2.17131520812268,-10.1714965726465));
#3861=CARTESIAN_POINT('',(-1.53456214766745,1.53456214766745,-10.0714965726465));
#3862=CARTESIAN_POINT('',(-2.17131520812268,4.44089209850063E-16,-9.97149657264655));
#3863=CARTESIAN_POINT('',(-1.53456214766745,-1.53456214766745,-9.87149657264655));
#3864=CARTESIAN_POINT('',(0.,-2.17131520812268,-9.77149657264655));
#3865=CARTESIAN_POINT('',(1.53456214766745,-1.53456214766745,-9.67149657264654));
#3866=CARTESIAN_POINT('',(2.17131520812268,-6.66133814775094E-16,-9.57149657264655));
#3867=CARTESIAN_POINT('',(1.53456214766745,1.53456214766745,-9.47149657264655));
#3868=CARTESIAN_POINT('',(-2.22044604925031E-16,2.17131520812268,-9.37149657264655));
#3869=CARTESIAN_POINT('',(-1.53456214766745,1.53456214766745,-9.27149657264655));
#3870=CARTESIAN_POINT('',(-2.17131520812268,1.11022302462516E-15,-9.17149657264654));
#3871=CARTESIAN_POINT('',(-1.53456214766745,-1.53456214766745,-9.07149657264655));
#3872=CARTESIAN_POINT('',(-8.88178419700125E-16,-2.17131520812268,-8.97149657264655));
#3873=CARTESIAN_POINT('',(1.53456214766745,-1.53456214766745,-8.87149657264655));
#3874=CARTESIAN_POINT('',(2.17131520812268,-1.33226762955019E-15,-8.77149657264655));
#3875=CARTESIAN_POINT('',(1.53456214766745,1.53456214766745,-8.67149657264654));
#3876=CARTESIAN_POINT('',(8.88178419700125E-16,2.17131520812268,-8.57149657264655));
#3877=CARTESIAN_POINT('',(-1.53456214766745,1.53456214766745,-8.47149657264655));
#3878=CARTESIAN_POINT('',(-2.17131520812268,1.55431223447522E-15,-8.37149657264655));
#3879=CARTESIAN_POINT('',(-1.53456214766745,-1.53456214766745,-8.27149657264654));
#3880=CARTESIAN_POINT('',(-7.32747196252603E-15,-2.17131520812268,-8.17149657264654));
#3881=CARTESIAN_POINT('',(1.53456214766745,-1.53456214766745,-8.07149657264655));
#3882=CARTESIAN_POINT('',(2.17131520812268,-1.99840144432528E-15,-7.97149657264655));
#3883=CARTESIAN_POINT('',(1.53456214766745,1.53456214766745,-7.87149657264654));
#3884=CARTESIAN_POINT('',(-4.21884749357559E-15,2.17131520812268,-7.77149657264655));
#3885=CARTESIAN_POINT('',(-1.53456214766744,1.53456214766745,-7.67149657264654));
#3886=CARTESIAN_POINT('',(-2.17131520812268,2.22044604925031E-15,-7.57149657264655));
#3887=CARTESIAN_POINT('',(-1.53456214766745,-1.53456214766745,-7.47149657264655));
#3888=CARTESIAN_POINT('',(-7.32747196252603E-15,-2.17131520812268,-7.37149657264655));
#3889=CARTESIAN_POINT('',(1.53456214766745,-1.53456214766745,-7.27149657264655));
#3890=CARTESIAN_POINT('',(2.17131520812268,-3.10862446895044E-15,-7.17149657264654));
#3891=CARTESIAN_POINT('',(1.53456214766745,1.53456214766745,-7.07149657264655));
#3892=CARTESIAN_POINT('',(-3.77475828372553E-15,2.17131520812268,-6.97149657264655));
#3893=CARTESIAN_POINT('',(-1.53456214766744,1.53456214766745,-6.87149657264655));
#3894=CARTESIAN_POINT('',(-2.17131520812268,3.10862446895044E-15,-6.77149657264655));
#3895=CARTESIAN_POINT('',(-1.53456214766745,-1.53456214766745,-6.67149657264654));
#3896=CARTESIAN_POINT('',(-8.43769498715119E-15,-2.17131520812268,-6.57149657264655));
#3897=CARTESIAN_POINT('',(1.53456214766745,-1.53456214766745,-6.47149657264655));
#3898=CARTESIAN_POINT('',(2.17131520812268,-2.22044604925031E-16,-6.37149657264655));
#3899=CARTESIAN_POINT('',(1.53456214766746,1.53456214766744,-6.27149657264654));
#3900=CARTESIAN_POINT('',(-5.10702591327572E-15,2.17131520812268,-6.17149657264655));
#3901=CARTESIAN_POINT('',(-1.53456214766744,1.53456214766745,-6.07149657264655));
#3902=CARTESIAN_POINT('',(-2.17131520812268,1.97619698383278E-14,-5.97149657264655));
#3903=CARTESIAN_POINT('',(-1.53456214766745,-1.53456214766745,-5.87149657264655));
#3904=CARTESIAN_POINT('',(-1.17683640610267E-14,-2.17131520812268,-5.77149657264655));
#3905=CARTESIAN_POINT('',(1.53456214766746,-1.53456214766744,-5.67149657264655));
#3906=CARTESIAN_POINT('',(2.17131520812267,-3.99680288865056E-15,-5.57149657264655));
#3907=CARTESIAN_POINT('',(1.53456214766746,1.53456214766744,-5.47149657264655));
#3908=CARTESIAN_POINT('',(-5.55111512312578E-15,2.17131520812268,-5.37149657264655));
#3909=CARTESIAN_POINT('',(-1.53456214766744,1.53456214766746,-5.27149657264654));
#3910=CARTESIAN_POINT('',(-2.17131520812268,-1.15463194561016E-14,-5.17149657264655));
#3911=CARTESIAN_POINT('',(-1.53456214766745,-1.53456214766745,-5.07149657264655));
#3912=CARTESIAN_POINT('',(-1.13242748511766E-14,-2.17131520812268,-4.97149657264655));
#3913=CARTESIAN_POINT('',(1.53456214766746,-1.53456214766744,-4.87149657264655));
#3914=CARTESIAN_POINT('',(2.17131520812267,-4.66293670342566E-15,-4.77149657264655));
#3915=CARTESIAN_POINT('',(1.53456214766746,1.53456214766744,-4.67149657264655));
#3916=CARTESIAN_POINT('',(-4.66293670342566E-15,2.17131520812268,-4.57149657264655));
#3917=CARTESIAN_POINT('',(-1.53456214766744,1.53456214766745,-4.47149657264655));
#3918=CARTESIAN_POINT('',(-2.17131520812268,2.1094237467878E-14,-4.37149657264655));
#3919=CARTESIAN_POINT('',(-1.53456214766745,-1.53456214766745,-4.27149657264654));
#3920=CARTESIAN_POINT('',(-1.28785870856518E-14,-2.17131520812268,-4.17149657264655));
#3921=CARTESIAN_POINT('',(1.53456214766746,-1.53456214766744,-4.07149657264655));
#3922=CARTESIAN_POINT('',(2.17131520812267,-5.32907051820075E-15,-3.97149657264655));
#3923=CARTESIAN_POINT('',(1.53456214766746,1.53456214766744,-3.87149657264655));
#3924=CARTESIAN_POINT('',(-4.44089209850063E-15,2.17131520812268,-3.77149657264654));
#3925=CARTESIAN_POINT('',(-1.53456214766744,1.53456214766746,-3.67149657264655));
#3926=CARTESIAN_POINT('',(-2.17131520812268,-1.04360964314765E-14,-3.57149657264655));
#3927=CARTESIAN_POINT('',(-1.53456214766745,-1.53456214766745,-3.47149657264655));
#3928=CARTESIAN_POINT('',(-1.28785870856518E-14,-2.17131520812268,-3.37149657264655));
#3929=CARTESIAN_POINT('',(1.53456214766746,-1.53456214766744,-3.27149657264654));
#3930=CARTESIAN_POINT('',(2.17131520812267,-6.21724893790088E-15,-3.17149657264655));
#3931=CARTESIAN_POINT('',(1.53456214766746,1.53456214766744,-3.07149657264655));
#3932=CARTESIAN_POINT('',(-3.33066907387547E-15,2.17131520812268,-2.97149657264655));
#3933=CARTESIAN_POINT('',(-1.53456214766744,1.53456214766745,-2.87149657264655));
#3934=CARTESIAN_POINT('',(-2.17131520812268,2.26485497023532E-14,-2.77149657264654));
#3935=CARTESIAN_POINT('',(-1.53456214766745,-1.53456214766745,-2.67149657264655));
#3936=CARTESIAN_POINT('',(-1.3988810110277E-14,-2.17131520812268,-2.57149657264655));
#3937=CARTESIAN_POINT('',(1.53456214766745,-1.53456214766744,-2.47149657264655));
#3938=CARTESIAN_POINT('',(2.17131520812268,-7.32747196252603E-15,-2.37149657264655));
#3939=CARTESIAN_POINT('',(1.53456214766746,1.53456214766744,-2.27149657264655));
#3940=CARTESIAN_POINT('',(2.59792187762287E-14,2.17131520812268,-2.17149657264654));
#3941=CARTESIAN_POINT('',(-1.53456214766747,1.53456214766744,-2.07149657264655));
#3942=CARTESIAN_POINT('',(-2.17131520812267,-1.55431223447522E-15,-1.97149657264655));
#3943=CARTESIAN_POINT('',(-1.53456214766745,-1.53456214766745,-1.87149657264655));
#3944=CARTESIAN_POINT('',(-9.32587340685131E-15,-2.17131520812268,-1.77149657264655));
#3945=CARTESIAN_POINT('',(1.53456214766744,-1.53456214766746,-1.67149657264654));
#3946=CARTESIAN_POINT('',(2.17131520812268,-3.97459842815806E-14,-1.57149657264655));
#3947=CARTESIAN_POINT('',(1.53456214766744,1.53456214766746,-1.47149657264655));
#3948=CARTESIAN_POINT('',(2.66453525910038E-15,2.17131520812267,-1.37149657264655));
#3949=CARTESIAN_POINT('',(-1.53456214766744,1.53456214766745,-1.27149657264655));
#3950=CARTESIAN_POINT('',(-2.17131520812267,1.68753899743024E-14,-1.17149657264654));
#3951=CARTESIAN_POINT('',(-1.53456214766747,-1.53456214766743,-1.07149657264655));
#3952=CARTESIAN_POINT('',(1.4210854715202E-14,-2.17131520812268,-0.971496572646546));
#3953=CARTESIAN_POINT('',(1.53456214766745,-1.53456214766745,-0.871496572646546));
#3954=CARTESIAN_POINT('',(2.17131520812268,-8.21565038222616E-15,-0.771496572646544));
#3955=CARTESIAN_POINT('',(1.53456214766746,1.53456214766744,-0.671496572646545));
#3956=CARTESIAN_POINT('',(2.73114864057789E-14,2.17131520812268,-0.571496572646545));
#3957=CARTESIAN_POINT('',(-1.53456214766747,1.53456214766744,-0.471496572646545));
#3958=CARTESIAN_POINT('',(-2.11601361070325,0.133275744359556,-0.380181508904235));
#3959=CARTESIAN_POINT('',(-1.84300763720196,-0.756489943059187,-0.322199778495259));
#3960=CARTESIAN_POINT('',(-1.63621177369982,-1.07423391422709,-0.297551381419615));
#3961=CARTESIAN_POINT('',(2.6,0.,-10.0014521090383));
#3962=CARTESIAN_POINT('',(2.6,0.680678408277788,-9.96811877570496));
#3963=CARTESIAN_POINT('',(2.03661605803115,2.03661605803115,-9.90145210903829));
#3964=CARTESIAN_POINT('',(0.,2.88169197098442,-9.80145210903829));
#3965=CARTESIAN_POINT('',(-2.03661605803115,2.03661605803115,-9.70145210903829));
#3966=CARTESIAN_POINT('',(-2.88169197098442,4.44089209850063E-16,-9.60145210903829));
#3967=CARTESIAN_POINT('',(-2.03661605803115,-2.03661605803115,-9.5014521090383));
#3968=CARTESIAN_POINT('',(-2.22044604925031E-16,-2.88169197098442,-9.40145210903829));
#3969=CARTESIAN_POINT('',(2.03661605803115,-2.03661605803115,-9.30145210903829));
#3970=CARTESIAN_POINT('',(2.88169197098442,-6.66133814775094E-16,-9.20145210903829));
#3971=CARTESIAN_POINT('',(2.03661605803115,2.03661605803115,-9.10145210903829));
#3972=CARTESIAN_POINT('',(0.,2.88169197098442,-9.00145210903829));
#3973=CARTESIAN_POINT('',(-2.03661605803115,2.03661605803116,-8.90145210903829));
#3974=CARTESIAN_POINT('',(-2.88169197098443,1.11022302462516E-15,-8.80145210903829));
#3975=CARTESIAN_POINT('',(-2.03661605803115,-2.03661605803116,-8.70145210903829));
#3976=CARTESIAN_POINT('',(-1.11022302462516E-15,-2.88169197098442,-8.60145210903829));
#3977=CARTESIAN_POINT('',(2.03661605803115,-2.03661605803116,-8.50145210903829));
#3978=CARTESIAN_POINT('',(2.88169197098443,-1.33226762955019E-15,-8.40145210903829));
#3979=CARTESIAN_POINT('',(2.03661605803115,2.03661605803116,-8.30145210903829));
#3980=CARTESIAN_POINT('',(1.33226762955019E-15,2.88169197098442,-8.20145210903829));
#3981=CARTESIAN_POINT('',(-2.03661605803115,2.03661605803116,-8.10145210903829));
#3982=CARTESIAN_POINT('',(-2.88169197098443,1.55431223447522E-15,-8.00145210903829));
#3983=CARTESIAN_POINT('',(-2.03661605803115,-2.03661605803116,-7.90145210903829));
#3984=CARTESIAN_POINT('',(-9.76996261670138E-15,-2.88169197098442,-7.80145210903829));
#3985=CARTESIAN_POINT('',(2.03661605803115,-2.03661605803116,-7.70145210903829));
#3986=CARTESIAN_POINT('',(2.88169197098442,-1.99840144432528E-15,-7.60145210903829));
#3987=CARTESIAN_POINT('',(2.03661605803115,2.03661605803115,-7.50145210903829));
#3988=CARTESIAN_POINT('',(-5.99520433297585E-15,2.88169197098442,-7.40145210903829));
#3989=CARTESIAN_POINT('',(-2.03661605803115,2.03661605803116,-7.30145210903829));
#3990=CARTESIAN_POINT('',(-2.88169197098443,2.22044604925031E-15,-7.20145210903829));
#3991=CARTESIAN_POINT('',(-2.03661605803115,-2.03661605803116,-7.10145210903829));
#3992=CARTESIAN_POINT('',(-1.02140518265514E-14,-2.88169197098442,-7.00145210903829));
#3993=CARTESIAN_POINT('',(2.03661605803115,-2.03661605803116,-6.90145210903829));
#3994=CARTESIAN_POINT('',(2.88169197098442,-3.10862446895044E-15,-6.80145210903829));
#3995=CARTESIAN_POINT('',(2.03661605803115,2.03661605803115,-6.70145210903829));
#3996=CARTESIAN_POINT('',(-5.10702591327572E-15,2.88169197098442,-6.60145210903829));
#3997=CARTESIAN_POINT('',(-2.03661605803115,2.03661605803116,-6.50145210903829));
#3998=CARTESIAN_POINT('',(-2.88169197098443,3.10862446895044E-15,-6.40145210903829));
#3999=CARTESIAN_POINT('',(-2.03661605803115,-2.03661605803115,-6.30145210903829));
#4000=CARTESIAN_POINT('',(-1.13242748511766E-14,-2.88169197098442,-6.20145210903829));
#4001=CARTESIAN_POINT('',(2.03661605803115,-2.03661605803116,-6.10145210903829));
#4002=CARTESIAN_POINT('',(2.88169197098442,-2.22044604925031E-16,-6.0014521090383));
#4003=CARTESIAN_POINT('',(2.03661605803117,2.03661605803114,-5.90145210903829));
#4004=CARTESIAN_POINT('',(-7.32747196252603E-15,2.88169197098443,-5.80145210903829));
#4005=CARTESIAN_POINT('',(-2.03661605803115,2.03661605803116,-5.70145210903829));
#4006=CARTESIAN_POINT('',(-2.88169197098443,1.97619698383278E-14,-5.60145210903829));
#4007=CARTESIAN_POINT('',(-2.03661605803115,-2.03661605803116,-5.50145210903829));
#4008=CARTESIAN_POINT('',(-1.55431223447522E-14,-2.88169197098442,-5.40145210903829));
#4009=CARTESIAN_POINT('',(2.03661605803116,-2.03661605803115,-5.30145210903829));
#4010=CARTESIAN_POINT('',(2.88169197098442,-3.99680288865056E-15,-5.20145210903829));
#4011=CARTESIAN_POINT('',(2.03661605803117,2.03661605803114,-5.10145210903829));
#4012=CARTESIAN_POINT('',(-7.32747196252603E-15,2.88169197098442,-5.00145210903829));
#4013=CARTESIAN_POINT('',(-2.03661605803114,2.03661605803116,-4.90145210903829));
#4014=CARTESIAN_POINT('',(-2.88169197098443,-1.15463194561016E-14,-4.80145210903829));
#4015=CARTESIAN_POINT('',(-2.03661605803115,-2.03661605803115,-4.70145210903829));
#4016=CARTESIAN_POINT('',(-1.55431223447522E-14,-2.88169197098443,-4.60145210903829));
#4017=CARTESIAN_POINT('',(2.03661605803116,-2.03661605803115,-4.50145210903829));
#4018=CARTESIAN_POINT('',(2.88169197098442,-4.66293670342566E-15,-4.40145210903829));
#4019=CARTESIAN_POINT('',(2.03661605803117,2.03661605803114,-4.30145210903829));
#4020=CARTESIAN_POINT('',(-6.21724893790088E-15,2.88169197098443,-4.20145210903829));
#4021=CARTESIAN_POINT('',(-2.03661605803115,2.03661605803116,-4.10145210903829));
#4022=CARTESIAN_POINT('',(-2.88169197098443,2.1094237467878E-14,-4.00145210903829));
#4023=CARTESIAN_POINT('',(-2.03661605803115,-2.03661605803116,-3.90145210903829));
#4024=CARTESIAN_POINT('',(-1.70974345792274E-14,-2.88169197098442,-3.80145210903829));
#4025=CARTESIAN_POINT('',(2.03661605803116,-2.03661605803115,-3.70145210903829));
#4026=CARTESIAN_POINT('',(2.88169197098442,-5.32907051820075E-15,-3.60145210903829));
#4027=CARTESIAN_POINT('',(2.03661605803117,2.03661605803114,-3.50145210903829));
#4028=CARTESIAN_POINT('',(-5.99520433297585E-15,2.88169197098442,-3.40145210903829));
#4029=CARTESIAN_POINT('',(-2.03661605803114,2.03661605803117,-3.30145210903829));
#4030=CARTESIAN_POINT('',(-2.88169197098443,-1.04360964314765E-14,-3.20145210903829));
#4031=CARTESIAN_POINT('',(-2.03661605803115,-2.03661605803115,-3.10145210903829));
#4032=CARTESIAN_POINT('',(-1.70974345792274E-14,-2.88169197098443,-3.00145210903829));
#4033=CARTESIAN_POINT('',(2.03661605803116,-2.03661605803115,-2.90145210903829));
#4034=CARTESIAN_POINT('',(2.88169197098442,-6.21724893790088E-15,-2.80145210903829));
#4035=CARTESIAN_POINT('',(2.03661605803117,2.03661605803114,-2.70145210903829));
#4036=CARTESIAN_POINT('',(-4.66293670342566E-15,2.88169197098443,-2.60145210903829));
#4037=CARTESIAN_POINT('',(-2.03661605803114,2.03661605803116,-2.50145210903829));
#4038=CARTESIAN_POINT('',(-2.88169197098443,2.26485497023532E-14,-2.40145210903829));
#4039=CARTESIAN_POINT('',(-2.03661605803115,-2.03661605803116,-2.30145210903829));
#4040=CARTESIAN_POINT('',(-1.84297022087776E-14,-2.88169197098442,-2.20145210903829));
#4041=CARTESIAN_POINT('',(2.03661605803116,-2.03661605803115,-2.10145210903829));
#4042=CARTESIAN_POINT('',(2.88169197098442,-7.32747196252603E-15,-2.00145210903829));
#4043=CARTESIAN_POINT('',(2.03661605803116,2.03661605803114,-1.9014521090383));
#4044=CARTESIAN_POINT('',(3.44169137633799E-14,2.88169197098443,-1.80145210903829));
#4045=CARTESIAN_POINT('',(-2.03661605803118,2.03661605803114,-1.70145210903829));
#4046=CARTESIAN_POINT('',(-2.88169197098442,-1.55431223447522E-15,-1.60145210903829));
#4047=CARTESIAN_POINT('',(-2.03661605803115,-2.03661605803115,-1.50145210903829));
#4048=CARTESIAN_POINT('',(-1.24344978758018E-14,-2.88169197098442,-1.4014521090383));
#4049=CARTESIAN_POINT('',(2.03661605803114,-2.03661605803117,-1.30145210903829));
#4050=CARTESIAN_POINT('',(2.88169197098443,-3.97459842815806E-14,-1.20145210903829));
#4051=CARTESIAN_POINT('',(2.03661605803114,2.03661605803117,-1.10145210903829));
#4052=CARTESIAN_POINT('',(3.77475828372553E-15,2.88169197098442,-1.00145210903829));
#4053=CARTESIAN_POINT('',(-2.03661605803114,2.03661605803116,-0.901452109038296));
#4054=CARTESIAN_POINT('',(-2.88169197098442,1.68753899743024E-14,-0.801452109038291));
#4055=CARTESIAN_POINT('',(-2.03661605803119,-2.03661605803113,-0.701452109038293));
#4056=CARTESIAN_POINT('',(1.88737914186277E-14,-2.88169197098443,-0.601452109038293));
#4057=CARTESIAN_POINT('',(2.03661605803115,-2.03661605803115,-0.501452109038294));
#4058=CARTESIAN_POINT('',(2.88169197098442,-8.21565038222616E-15,-0.401452109038292));
#4059=CARTESIAN_POINT('',(2.03661605803116,2.03661605803114,-0.301452109038292));
#4060=CARTESIAN_POINT('',(3.59712259978551E-14,2.88169197098443,-0.201452109038293));
#4061=CARTESIAN_POINT('',(-2.03661605803118,2.03661605803114,-0.101452109038293));
#4062=CARTESIAN_POINT('',(-2.80829766661534,0.176878806453881,-0.0101370452959824));
#4063=CARTESIAN_POINT('',(-2.44597389210005,-1.00398642577967,0.0478446851129934));
#4064=CARTESIAN_POINT('',(-2.17152181012797,-1.4256848724713,0.0724930821886378));
#4065=CARTESIAN_POINT('',(0.,0.,-10.4));
#4066=MECHANICAL_DESIGN_GEOMETRIC_PRESENTATION_REPRESENTATION('',(#361,
#362,#363,#364,#365,#366,#367,#368,#369,#370,#371,#372,#373),#4067);
#4067=(
GEOMETRIC_REPRESENTATION_CONTEXT(3)
GLOBAL_UNCERTAINTY_ASSIGNED_CONTEXT((#4068))
GLOBAL_UNIT_ASSIGNED_CONTEXT((#4074,#4070,#4069))
REPRESENTATION_CONTEXT('M5x10','TOP_LEVEL_ASSEMBLY_PART')
);
#4068=UNCERTAINTY_MEASURE_WITH_UNIT(LENGTH_MEASURE(0.0508),#4074,
'DISTANCE_ACCURACY_VALUE','Maximum Tolerance applied to model');
#4069=(
NAMED_UNIT(*)
SI_UNIT($,.STERADIAN.)
SOLID_ANGLE_UNIT()
);
#4070=(
CONVERSION_BASED_UNIT('DEGREE',#4072)
NAMED_UNIT(#4071)
PLANE_ANGLE_UNIT()
);
#4071=DIMENSIONAL_EXPONENTS(0.,0.,0.,0.,0.,0.,0.);
#4072=PLANE_ANGLE_MEASURE_WITH_UNIT(PLANE_ANGLE_MEASURE(0.0174532925),#4073);
#4073=(
NAMED_UNIT(*)
PLANE_ANGLE_UNIT()
SI_UNIT($,.RADIAN.)
);
#4074=(
LENGTH_UNIT()
NAMED_UNIT(*)
SI_UNIT(.MILLI.,.METRE.)
);
ENDSEC;
END-ISO-10303-21;
