ISO-10303-21;
HEADER;
FILE_DESCRIPTION (( 'STEP AP214' ),
    '1' );
FILE_NAME ('TORNILLO ALLEN CABEZA PLANA M3x0.5x6.STEP',
    '2025-06-17T20:06:29',
    ( '' ),
    ( '' ),
    'SwSTEP 2.0',
    'SolidWorks 2022',
    '' );
FILE_SCHEMA (( 'AUTOMOTIVE_DESIGN' ));
ENDSEC;

DATA;
#1 = CARTESIAN_POINT ( 'NONE',  ( 2.144935656544769920, 0.9504914617993146519, -0.7647158420677235835 ) ) ;
#2 = CARTESIAN_POINT ( 'NONE',  ( 4.187487166478435441, -1.499999999999998002, -1.836970198721027469E-16 ) ) ;
#3 = CARTESIAN_POINT ( 'NONE',  ( 6.895354521573934470, -0.2565787383341360250, 1.154450484845886082 ) ) ;
#4 = ORIENTED_EDGE ( 'NONE', *, *, #2131, .T. ) ;
#5 = CARTESIAN_POINT ( 'NONE',  ( 2.177846861068707174, 1.078009239234753336, -0.4717165407075700201 ) ) ;
#6 = CARTESIAN_POINT ( 'NONE',  ( 4.067701458232495071, -0.5740937499999996252, -0.9943595433077451196 ) ) ;
#7 = CARTESIAN_POINT ( 'NONE',  ( 2.445387070988930489, 1.488085925150619104, 0.1484898023583089421 ) ) ;
#8 = CARTESIAN_POINT ( 'NONE',  ( 0.3999999999999998002, 3.000000000000000000, 0.3926990727206966514 ) ) ;
#9 = CARTESIAN_POINT ( 'NONE',  ( 2.916666666666666519, 0.7499999999999991118, -1.299038105676656008 ) ) ;
#10 = CARTESIAN_POINT ( 'NONE',  ( 6.124999999999999112, -3.086876771570124656E-16, 1.732050807568874973 ) ) ;
#11 = CARTESIAN_POINT ( 'NONE',  ( 0.9999999999999995559, 1.359077177855892549, 2.359433474564085920 ) ) ;
#12 =( NAMED_UNIT ( * ) SI_UNIT ( $, .STERADIAN. ) SOLID_ANGLE_UNIT ( ) );
#13 = CARTESIAN_POINT ( 'NONE',  ( 2.210172996350506569, 0.9824166311432547261, -0.7216049879485734175 ) ) ;
#14 = CARTESIAN_POINT ( 'NONE',  ( 4.333325999892436720, 0.5876249999999980655, 1.017796355797660368 ) ) ;
#15 = EDGE_CURVE ( 'NONE', #649, #341, #1367, .T. ) ;
#16 = CARTESIAN_POINT ( 'NONE',  ( 3.744785708245939926, 1.148187499999999250, 0.6629063622051638571 ) ) ;
#17 = CARTESIAN_POINT ( 'NONE',  ( 1.778599149015375191, 1.380410554599010631, 0.5759571947410114801 ) ) ;
#18 = CARTESIAN_POINT ( 'NONE',  ( 1.278716660926762394, 0.6735753140545635009, -0.8333333333333338144 ) ) ;
#19 = CARTESIAN_POINT ( 'NONE',  ( 2.979153833145101959, 1.499999999999997558, 0.8660254037844383745 ) ) ;
#20 = CARTESIAN_POINT ( 'NONE',  ( 1.741723281817761704, 1.332717679416007162, 0.6931479495556772674 ) ) ;
#21 = CARTESIAN_POINT ( 'NONE',  ( 6.597218429469903889, 0.7243126746249264336, 1.291175519199485588 ) ) ;
#22 = CARTESIAN_POINT ( 'NONE',  ( 2.203008187715289168, 1.148309142421798157, -0.002086683730783682033 ) ) ;
#23 = CARTESIAN_POINT ( 'NONE',  ( 5.958325999892436720, -1.175249999999998352, 0.6785309038651060609 ) ) ;
#24 = LINE ( 'NONE', #1951, #3465 ) ;
#25 = DIRECTION ( 'NONE',  ( -1.000000000000000000, 0.000000000000000000, 0.000000000000000000 ) ) ;
#26 = CARTESIAN_POINT ( 'NONE',  ( 2.750000000000000000, -1.499999999999997780, -1.836970198721027222E-16 ) ) ;
#27 = CARTESIAN_POINT ( 'NONE',  ( 3.333333333333332593, -0.7499999999999985567, -1.299038105676656230 ) ) ;
#28 = CARTESIAN_POINT ( 'NONE',  ( 2.102298825955618788, -0.5453440739982737817, -1.185793394346792873 ) ) ;
#29 = CARTESIAN_POINT ( 'NONE',  ( 0.9999999999999995559, -2.700000000000000178, 0.000000000000000000 ) ) ;
#30 = CARTESIAN_POINT ( 'NONE',  ( 5.062487166478434553, -3.103330358653938747E-16, 1.732050807568874973 ) ) ;
#31 = CARTESIAN_POINT ( 'NONE',  ( 5.520827833252663908, -0.5876249999999987317, -1.017796355797659924 ) ) ;
#32 = CARTESIAN_POINT ( 'NONE',  ( 3.494785708245939482, -1.148187499999999472, -0.6629063622051637461 ) ) ;
#33 = CARTESIAN_POINT ( 'NONE',  ( 1.890990067519562556, -0.3334967330243754913, 1.376514156428723545 ) ) ;
#34 = DIRECTION ( 'NONE',  ( 0.000000000000000000, 0.000000000000000000, -1.000000000000000000 ) ) ;
#35 = CARTESIAN_POINT ( 'NONE',  ( 2.005644035911827938, 1.493073844207843948, 0.1061919077461273009 ) ) ;
#36 = CARTESIAN_POINT ( 'NONE',  ( 6.937494499919330870, -1.175249999999997907, -1.439266150697924440E-16 ) ) ;
#37 = CARTESIAN_POINT ( 'NONE',  ( 0.3999999999999999112, -0.3926990816987241395, 2.999999999999999556 ) ) ;
#38 = CARTESIAN_POINT ( 'NONE',  ( 1.783153227334924429, 0.2291895507155062017, 1.493114812328790286 ) ) ;
#39 = CARTESIAN_POINT ( 'NONE',  ( 1.403001319482316323, -1.461613795401716542, 0.9672242898682260615 ) ) ;
#40 = CARTESIAN_POINT ( 'NONE',  ( 5.249992666559103682, 1.175249999999997907, 0.000000000000000000 ) ) ;
#41 = CARTESIAN_POINT ( 'NONE',  ( 1.940276724864465452, 1.875685154787867459, 0.07837819269411666623 ) ) ;
#42 = FACE_OUTER_BOUND ( 'NONE', #2326, .T. ) ;
#43 = CARTESIAN_POINT ( 'NONE',  ( 3.708333333333332593, -1.499999999999998446, 0.8660254037844368202 ) ) ;
#44 = CARTESIAN_POINT ( 'NONE',  ( 2.999999999999999112, 1.499999999999997780, 0.000000000000000000 ) ) ;
#45 = PRESENTATION_LAYER_ASSIGNMENT (  '', '', ( #1960 ) ) ;
#46 = CARTESIAN_POINT ( 'NONE',  ( 2.249538143296044623, 1.175730741759975384, -0.008557492089084118431 ) ) ;
#47 = ORIENTED_EDGE ( 'NONE', *, *, #3476, .F. ) ;
#48 = CARTESIAN_POINT ( 'NONE',  ( 2.245431248783551048, 1.177207956698421043, -0.08606121809198039041 ) ) ;
#49 = CARTESIAN_POINT ( 'NONE',  ( 5.854153833145101515, 0.7499999999999992228, -1.299038105676656230 ) ) ;
#50 = CARTESIAN_POINT ( 'NONE',  ( 5.229161166585997833, 1.175249999999997463, 0.6785309038651070601 ) ) ;
#51 = AXIS2_PLACEMENT_3D ( 'NONE', #138, #2340, #681 ) ;
#52 = CARTESIAN_POINT ( 'NONE',  ( 3.661452374912606889, 1.148187499999999917, -0.6629063622051631910 ) ) ;
#53 = CARTESIAN_POINT ( 'NONE',  ( 2.294244237030719002, 1.101466516633201387, 0.8313068614276941659 ) ) ;
#54 = CARTESIAN_POINT ( 'NONE',  ( 2.021221350205741452, -0.8122019423058076670, -1.035478951878362253 ) ) ;
#55 = CARTESIAN_POINT ( 'NONE',  ( 2.729153833145101515, -1.499999999999997558, -0.8660254037844379305 ) ) ;
#56 = CARTESIAN_POINT ( 'NONE',  ( 5.020827833252663908, -0.5876249999999987317, -1.017796355797659924 ) ) ;
#57 = CARTESIAN_POINT ( 'NONE',  ( 0.3999999999999998002, 2.621359165062774998, -1.510856941112697749 ) ) ;
#58 = CARTESIAN_POINT ( 'NONE',  ( 2.187494499919330870, 1.175249999999997907, 0.000000000000000000 ) ) ;
#59 = CARTESIAN_POINT ( 'NONE',  ( 2.147812563895557858, 0.7911250053532916660, -0.9074167679546921716 ) ) ;
#60 = CARTESIAN_POINT ( 'NONE',  ( 7.208325999892436720, 1.175249999999998129, -0.6785309038651062830 ) ) ;
#61 = CARTESIAN_POINT ( 'NONE',  ( 1.602730961461302117, -1.039595381381051453, 1.842721537521999409 ) ) ;
#62 = CARTESIAN_POINT ( 'NONE',  ( -999.3333333333332575, 0.000000000000000000, 0.000000000000000000 ) ) ;
#63 = EDGE_CURVE ( 'NONE', #1358, #1358, #843, .T. ) ;
#64 = CARTESIAN_POINT ( 'NONE',  ( 2.166666666666665630, -0.7499999999999995559, 1.299038105676655785 ) ) ;
#65 = CARTESIAN_POINT ( 'NONE',  ( 4.208333333333333037, -1.499999999999998224, 0.8660254037844368202 ) ) ;
#66 = CARTESIAN_POINT ( 'NONE',  ( 2.242679477817626221, 1.175543214925579338, -0.1380675613525313983 ) ) ;
#67 = CARTESIAN_POINT ( 'NONE',  ( 1.543507948999040424, -0.6263237878291192384, -1.530207323887585735 ) ) ;
#68 = ORIENTED_EDGE ( 'NONE', *, *, #238, .T. ) ;
#69 = SURFACE_STYLE_FILL_AREA ( #2531 ) ;
#70 = CARTESIAN_POINT ( 'NONE',  ( 5.729153833145101515, -1.499999999999997558, -0.8660254037844379305 ) ) ;
#71 = CARTESIAN_POINT ( 'NONE',  ( 5.734368124899160257, 1.148187499999999917, 0.000000000000000000 ) ) ;
#72 = CARTESIAN_POINT ( 'NONE',  ( 4.145827833252663908, 1.175249999999997907, -0.6785309038651063940 ) ) ;
#73 =( BOUNDED_CURVE ( )  B_SPLINE_CURVE ( 2, ( #3511, #2970, #480, #1592, #769, #2700, #206, #1313, #1874, #2986, #2930, #1288, #690, #3205, #3221, #3183, #711, #1019, #416, #2072, #2347, #3506, #2365, #729, #3446, #1001, #1270, #2112, #2386, #3238, #1251, #984, #1797, #2910, #3487, #2657, #1549, #1586, #2623, #1835, #2129, #2677, #165, #397, #964, #747, #2694, #1530, #146, #201, #2639, #1853, #3466, #2052, #2947, #1232, #1816, #2093, #455, #2965, #475, #1307, #2423, #435, #1567, #183, #2405, #3522, #3165, #669, #1775, #2891, #127, #1513, #3572, #2786, #2714, #3590, #2164, #3271, #1870, #3321, #2767, #2513, #289, #781, #1903, #2495, #764, #219, #1104, #2981, #2183, #529, #1604, #1324, #3018, #1885, #2441, #3057, #2220, #799, #2998, #1054, #836, #253, #1360, #1637, #271, #1937, #2732, #493, #3538 ),
 .UNSPECIFIED., .F., .F. ) 
 B_SPLINE_CURVE_WITH_KNOTS ( ( 3, 2, 2, 2, 2, 2, 2, 2, 2, 2, 2, 2, 2, 2, 2, 2, 2, 2, 2, 2, 2, 2, 2, 2, 2, 2, 2, 2, 2, 2, 2, 2, 2, 2, 2, 2, 2, 2, 2, 2, 2, 2, 2, 2, 2, 2, 2, 2, 2, 2, 2, 2, 2, 2, 2, 2, 3 ),
 ( 0.07037334425878102873, 0.08333333333333332871, 0.1000000000000000056, 0.1166666666666666685, 0.1333333333333333315, 0.1499999999999999944, 0.1666666666666666574, 0.1833333333333333204, 0.2000000000000000111, 0.2166666666666666741, 0.2333333333333333370, 0.2500000000000000000, 0.2666666666666666630, 0.2833333333333333259, 0.2999999999999999889, 0.3166666666666666519, 0.3333333333333333703, 0.3499999999999999778, 0.3666666666666666963, 0.3833333333333334147, 0.4000000000000000222, 0.4166666666666667407, 0.4333333333333333481, 0.4500000000000000666, 0.4666666666666666741, 0.4833333333333333925, 0.5000000000000000000, 0.5166666666666667185, 0.5333333333333333259, 0.5500000000000000444, 0.5666666666666666519, 0.5833333333333333703, 0.5999999999999999778, 0.6166666666666666963, 0.6333333333333333037, 0.6500000000000000222, 0.6666666666666666297, 0.6833333333333333481, 0.6999999999999999556, 0.7166666666666666741, 0.7333333333333332815, 0.7500000000000000000, 0.7666666666666667185, 0.7833333333333333259, 0.8000000000000000444, 0.8166666666666666519, 0.8333333333333333703, 0.8499999999999999778, 0.8666666666666666963, 0.8833333333333333037, 0.9000000000000000222, 0.9166666666666666297, 0.9333333333333333481, 0.9499999999999999556, 0.9666666666666666741, 0.9833333333333332815, 1.000000000000000000 ),
 .UNSPECIFIED. ) 
 CURVE ( )  GEOMETRIC_REPRESENTATION_ITEM ( )  RATIONAL_B_SPLINE_CURVE ( ( 0.9536612407319451368, 0.8958214418067261819, 1.000000000000000000, 0.8660254037844387076, 1.000000000000000000, 0.8660254037844387076, 1.000000000000000000, 0.8660254037844387076, 1.000000000000000000, 0.8660254037844387076, 1.000000000000000000, 0.8660254037844387076, 1.000000000000000000, 0.8660254037844387076, 1.000000000000000000, 0.8660254037844387076, 1.000000000000000000, 0.8660254037844387076, 1.000000000000000000, 0.8660254037844387076, 1.000000000000000000, 0.8660254037844387076, 1.000000000000000000, 0.8660254037844387076, 1.000000000000000000, 0.8660254037844387076, 1.000000000000000000, 0.8660254037844387076, 1.000000000000000000, 0.8660254037844387076, 1.000000000000000000, 0.8660254037844387076, 1.000000000000000000, 0.8660254037844387076, 1.000000000000000000, 0.8660254037844387076, 1.000000000000000000, 0.8660254037844387076, 1.000000000000000000, 0.8660254037844387076, 1.000000000000000000, 0.8660254037844387076, 1.000000000000000000, 0.8660254037844387076, 1.000000000000000000, 0.8660254037844387076, 1.000000000000000000, 0.8660254037844387076, 1.000000000000000000, 0.8660254037844387076, 1.000000000000000000, 0.8660254037844387076, 1.000000000000000000, 0.8660254037844387076, 1.000000000000000000, 0.8660254037844387076, 1.000000000000000000, 0.8660254037844387076, 1.000000000000000000, 0.8660254037844387076, 1.000000000000000000, 0.8660254037844387076, 1.000000000000000000, 0.8660254037844387076, 1.000000000000000000, 0.8660254037844387076, 1.000000000000000000, 0.8660254037844387076, 1.000000000000000000, 0.8660254037844387076, 1.000000000000000000, 0.8660254037844387076, 1.000000000000000000, 0.8660254037844387076, 1.000000000000000000, 0.8660254037844387076, 1.000000000000000000, 0.8660254037844387076, 1.000000000000000000, 0.8660254037844387076, 1.000000000000000000, 0.8660254037844387076, 1.000000000000000000, 0.8660254037844387076, 1.000000000000000000, 0.8660254037844387076, 1.000000000000000000, 0.8660254037844387076, 1.000000000000000000, 0.8660254037844387076, 1.000000000000000000, 0.8660254037844387076, 1.000000000000000000, 0.8660254037844387076, 1.000000000000000000, 0.8660254037844387076, 1.000000000000000000, 0.8660254037844387076, 1.000000000000000000, 0.8660254037844387076, 1.000000000000000000, 0.8660254037844387076, 1.000000000000000000, 0.8660254037844387076, 1.000000000000000000, 0.8660254037844387076, 1.000000000000000000, 0.8660254037844387076, 1.000000000000000000, 0.8660254037844387076, 1.000000000000000000, 0.8660254037844387076, 1.000000000000000000 ) ) 
 REPRESENTATION_ITEM ( '' )  );
#74 = CARTESIAN_POINT ( 'NONE',  ( 3.369785708245939482, -0.5740937500000005134, 0.9943595433077446755 ) ) ;
#75 = CARTESIAN_POINT ( 'NONE',  ( 2.252287175686677578, 1.172175582673982808, 0.04315391608014322589 ) ) ;
#76 = CARTESIAN_POINT ( 'NONE',  ( 3.062487166478435441, -3.134301442606458067E-16, 1.732050807568874973 ) ) ;
#77 = CARTESIAN_POINT ( 'NONE',  ( 6.145827833252663908, 1.175249999999998129, -0.6785309038651062830 ) ) ;
#78 = CARTESIAN_POINT ( 'NONE',  ( 1.779213111387477619, 1.406344093378076865, 0.5278527484402193437 ) ) ;
#79 = CARTESIAN_POINT ( 'NONE',  ( 5.208325999892437608, 1.175249999999998129, -0.6785309038651062830 ) ) ;
#80 = CARTESIAN_POINT ( 'NONE',  ( 1.459204192140856948, -1.700201951769434006, -0.2087557093676062070 ) ) ;
#81 = CARTESIAN_POINT ( 'NONE',  ( 6.666659333225769757, 0.5876249999999990647, -1.017796355797659702 ) ) ;
#82 = CARTESIAN_POINT ( 'NONE',  ( 1.771504257947900562, -0.9705484201052267945, -1.744760322842159761 ) ) ;
#83 = CARTESIAN_POINT ( 'NONE',  ( 0.5999999999999996447, 3.000000000000000000, -0.3926990727206927656 ) ) ;
#84 = CARTESIAN_POINT ( 'NONE',  ( 2.999999999999999112, 1.499999999999997780, 0.000000000000000000 ) ) ;
#85 = CARTESIAN_POINT ( 'NONE',  ( 3.374999999999999556, 1.112838942894782035E-16, -1.732050807568874973 ) ) ;
#86 = CARTESIAN_POINT ( 'NONE',  ( 1.971271720912376901, -1.221815474264864143, 0.6788654305549570722 ) ) ;
#87 = CARTESIAN_POINT ( 'NONE',  ( 2.131214001288193494, 0.8085005044866301338, -0.9274090084974205839 ) ) ;
#88 = EDGE_LOOP ( 'NONE', ( #633, #3216 ) ) ;
#89 = CARTESIAN_POINT ( 'NONE',  ( 2.207394679026768003, 0.9523138475328553065, -0.7659703071010821596 ) ) ;
#90 = CARTESIAN_POINT ( 'NONE',  ( 6.604153833145101515, -0.7499999999999996669, 1.299038105676656008 ) ) ;
#91 = CARTESIAN_POINT ( 'NONE',  ( 6.276034791565826332, 1.148187499999999250, 0.6629063622051638571 ) ) ;
#92 = CARTESIAN_POINT ( 'NONE',  ( 4.979161166585997833, -1.175249999999997463, -0.6785309038651067270 ) ) ;
#93 = CARTESIAN_POINT ( 'NONE',  ( 1.474999999999987432, 1.788494631853044137, -0.5813785230853645292 ) ) ;
#94 = CARTESIAN_POINT ( 'NONE',  ( 5.187494499919330870, 1.175249999999997907, 0.000000000000000000 ) ) ;
#95 = CARTESIAN_POINT ( 'NONE',  ( 1.746027276882724300, 1.432824685194760139, 0.4438906760601687429 ) ) ;
#96 = DIRECTION ( 'NONE',  ( 1.000000000000000000, -0.000000000000000000, -0.000000000000000000 ) ) ;
#97 = CARTESIAN_POINT ( 'NONE',  ( 2.255968632118690032, 1.112568659100978685, 0.4058117175396368514 ) ) ;
#98 = CARTESIAN_POINT ( 'NONE',  ( 6.791659333225770645, 1.175249999999997463, 0.6785309038651070601 ) ) ;
#99 = CARTESIAN_POINT ( 'NONE',  ( -1.491579823009927877E-16, -1.033245267385743293, 2.494474737780473905 ) ) ;
#100 = CARTESIAN_POINT ( 'NONE',  ( -1.624208816162410984E-16, -2.629726223912284944, -0.7067192952352504554 ) ) ;
#101 = CARTESIAN_POINT ( 'NONE',  ( 4.166666666666666075, -0.7499999999999995559, 1.299038105676655785 ) ) ;
#102 = CARTESIAN_POINT ( 'NONE',  ( 2.246346582938808289, 1.177368936297790825, -0.06876332646274770088 ) ) ;
#103 = CARTESIAN_POINT ( 'NONE',  ( 1.955544963425791760, -1.358105147658332568, -0.1084733895844214036 ) ) ;
#104 = EDGE_LOOP ( 'NONE', ( #1094 ) ) ;
#105 = CARTESIAN_POINT ( 'NONE',  ( 1.849399939798670234, 0.6705735296134369694, 1.323699745210542789 ) ) ;
#106 = CARTESIAN_POINT ( 'NONE',  ( 5.187487166478434553, -1.499999999999998002, -1.836970198721027469E-16 ) ) ;
#107 = CARTESIAN_POINT ( 'NONE',  ( 5.604161166585997833, 0.5876249999999990647, -1.017796355797659702 ) ) ;
#108 = AXIS2_PLACEMENT_3D ( 'NONE', #2411, #225, #1331 ) ;
#109 = CARTESIAN_POINT ( 'NONE',  ( 1.850000000000001865, -0.4978224422680798678, -1.537452492503654344 ) ) ;
#110 = CARTESIAN_POINT ( 'NONE',  ( 2.229161166585997833, 1.175249999999997463, 0.6785309038651070601 ) ) ;
#111 = CARTESIAN_POINT ( 'NONE',  ( -8.164656124110223655E-18, 0.000000000000000000, 0.000000000000000000 ) ) ;
#112 = CARTESIAN_POINT ( 'NONE',  ( 5.541659333225769757, -1.175249999999997907, -0.6785309038651068381 ) ) ;
#113 = CARTESIAN_POINT ( 'NONE',  ( 2.056444562121209962, -0.5334317692780350395, -1.159398701239106266 ) ) ;
#114 = CARTESIAN_POINT ( 'NONE',  ( 3.666659333225769757, 0.5876249999999990647, -1.017796355797659702 ) ) ;
#115 = CARTESIAN_POINT ( 'NONE',  ( -1.468951892709182435E-16, -2.494474737780473017, 1.033245267385745958 ) ) ;
#116 = CARTESIAN_POINT ( 'NONE',  ( 0.9999999999999995559, 2.700000000000000178, 0.3534291654486241829 ) ) ;
#117 = CARTESIAN_POINT ( 'NONE',  ( 5.645827833252663908, 1.175249999999998129, -0.6785309038651062830 ) ) ;
#118 = CARTESIAN_POINT ( 'NONE',  ( 2.209170166981645256, 1.139723493846164670, 0.4072379839164469995 ) ) ;
#119 = CARTESIAN_POINT ( 'NONE',  ( 1.765099362973724606, 1.542067668682110204, 0.06470844297501869569 ) ) ;
#120 = CARTESIAN_POINT ( 'NONE',  ( 2.150486978992028231, 1.009170148206559814, -0.6751992127060942872 ) ) ;
#121 = ORIENTED_EDGE ( 'NONE', *, *, #1306, .T. ) ;
#122 = CARTESIAN_POINT ( 'NONE',  ( 1.811938707955170980, 1.211567969860510630, 0.8843659052722908642 ) ) ;
#123 = CARTESIAN_POINT ( 'NONE',  ( 3.062487166478434997, -3.134301442606457574E-16, 1.732050807568874973 ) ) ;
#124 = CARTESIAN_POINT ( 'NONE',  ( 2.206550455603020655, 0.9419297432433919592, -0.7804480573561098922 ) ) ;
#125 = CARTESIAN_POINT ( 'NONE',  ( 3.145827833252664352, 1.175249999999997907, -0.6785309038651063940 ) ) ;
#126 = CARTESIAN_POINT ( 'NONE',  ( 2.187039981476423645, 1.175705435988138037, -0.008558985219216219686 ) ) ;
#127 = CARTESIAN_POINT ( 'NONE',  ( 3.916659333225770201, -0.5876249999999995088, 1.017796355797659480 ) ) ;
#128 = EDGE_CURVE ( 'NONE', #2274, #2766, #1495, .T. ) ;
#129 = CARTESIAN_POINT ( 'NONE',  ( 1.997656249997694422, 1.501007068059159844, -0.04421518235262111851 ) ) ;
#130 = CARTESIAN_POINT ( 'NONE',  ( 3.145827833252664352, 1.175249999999998129, -0.6785309038651062830 ) ) ;
#131 = DIRECTION ( 'NONE',  ( 0.000000000000000000, 0.000000000000000000, -1.000000000000000000 ) ) ;
#132 = CARTESIAN_POINT ( 'NONE',  ( 6.083325999892436720, -0.5876249999999987317, -1.017796355797659924 ) ) ;
#133 = CARTESIAN_POINT ( 'NONE',  ( 1.447757193671629805, -1.660931563144667944, 0.3904001092289189900 ) ) ;
#134 = CARTESIAN_POINT ( 'NONE',  ( 2.374992666559103238, -2.456104049991578786E-16, 1.357061807730212788 ) ) ;
#135 = CARTESIAN_POINT ( 'NONE',  ( -1.528626232656455464E-16, 1.359077177855227525, -2.359433474564244460 ) ) ;
#136 = CARTESIAN_POINT ( 'NONE',  ( 0.5999999999999996447, -0.7852436613724831371, -2.921918026569192417 ) ) ;
#137 = CARTESIAN_POINT ( 'NONE',  ( 7.145827833252663908, 1.175249999999998129, -0.6785309038651062830 ) ) ;
#138 = CARTESIAN_POINT ( 'NONE',  ( 6.999999999999999112, 1.083987938338183302E-17, 0.000000000000000000 ) ) ;
#139 = CARTESIAN_POINT ( 'NONE',  ( 1.634056115513611074, -0.05665586413475733746, -1.635006315128805898 ) ) ;
#140 = CARTESIAN_POINT ( 'NONE',  ( 0.3999999999999998002, -1.510856932817896903, -2.621359168498592407 ) ) ;
#141 = ORIENTED_EDGE ( 'NONE', *, *, #2869, .F. ) ;
#142 = CARTESIAN_POINT ( 'NONE',  ( 1.876319829040375087, 0.5167282046985917088, 1.419133634359379004 ) ) ;
#143 = CARTESIAN_POINT ( 'NONE',  ( 3.145820499811768034, -1.499999999999998668, 0.8660254037844369313 ) ) ;
#144 = CARTESIAN_POINT ( 'NONE',  ( 2.395827833252664352, -1.175249999999998129, 0.6785309038651060609 ) ) ;
#145 = CARTESIAN_POINT ( 'NONE',  ( -8.164656124110223655E-18, -0.5773502691896259531, 1.000000000000000000 ) ) ;
#146 = CARTESIAN_POINT ( 'NONE',  ( 4.916659333225769757, -0.5876249999999995088, 1.017796355797659480 ) ) ;
#147 = CARTESIAN_POINT ( 'NONE',  ( 2.248172414211626169, 1.176802877396576852, -0.03429873326910739401 ) ) ;
#148 = CARTESIAN_POINT ( 'NONE',  ( 1.671874999999903189, -0.9675527123326329582, 1.448357378839630671 ) ) ;
#149 = CARTESIAN_POINT ( 'NONE',  ( 3.479161166585997833, -1.175249999999997907, -0.6785309038651068381 ) ) ;
#150 = CARTESIAN_POINT ( 'NONE',  ( 6.999992666559102794, -1.175249999999997907, -1.439266150697924440E-16 ) ) ;
#151 = CARTESIAN_POINT ( 'NONE',  ( 1.522590371985700131, -1.253969721522715686, -1.077582090016724559 ) ) ;
#152 = CARTESIAN_POINT ( 'NONE',  ( 3.958325999892436720, -1.175249999999998352, 0.6785309038651060609 ) ) ;
#153 = CARTESIAN_POINT ( 'NONE',  ( 0.08933168628693828606, -0.1948455906043679575, 1.000000000000000222 ) ) ;
#154 = CARTESIAN_POINT ( 'NONE',  ( 0.9999999999999995559, -0.7067192952351722957, 2.629726223912287608 ) ) ;
#155 = CARTESIAN_POINT ( 'NONE',  ( 6.395827833252664796, -1.175249999999998352, 0.6785309038651060609 ) ) ;
#156 = CARTESIAN_POINT ( 'NONE',  ( 2.186926290650597515, 1.175808508589915702, -0.01070075455092439100 ) ) ;
#157 = CARTESIAN_POINT ( 'NONE',  ( 5.276034791565828108, 1.148187499999999250, 0.6629063622051638571 ) ) ;
#158 = CARTESIAN_POINT ( 'NONE',  ( 1.568395292774244831, -1.275737695202395106, -1.096800255928563006 ) ) ;
#159 = CARTESIAN_POINT ( 'NONE',  ( 7.000999999999999446, -1.154700538379251462, 1.936245650268003365E-16 ) ) ;
#160 = ORIENTED_EDGE ( 'NONE', *, *, #3087, .T. ) ;
#161 = CARTESIAN_POINT ( 'NONE',  ( 1.837800424431132784, 0.9758067752429974151, 1.152732603868503070 ) ) ;
#162 = CARTESIAN_POINT ( 'NONE',  ( 4.812487166478435441, 1.135099210751618821E-16, -1.732050807568874973 ) ) ;
#163 = CARTESIAN_POINT ( 'NONE',  ( 2.687494499919331314, 1.175249999999997907, 0.000000000000000000 ) ) ;
#164 = CARTESIAN_POINT ( 'NONE',  ( 1.824516707823713224, -0.004914394280719280167, 1.454936422532458362 ) ) ;
#165 = CARTESIAN_POINT ( 'NONE',  ( 5.166659333225770645, 0.5876249999999990647, -1.017796355797659702 ) ) ;
#166 = CARTESIAN_POINT ( 'NONE',  ( 1.997070312497720934, 1.501037445166039097, -0.05527966255396464523 ) ) ;
#167 = CARTESIAN_POINT ( 'NONE',  ( 4.729161166585997833, 1.175249999999997463, 0.6785309038651070601 ) ) ;
#168 = CARTESIAN_POINT ( 'NONE',  ( 3.791659333225769757, 1.175249999999997463, 0.6785309038651070601 ) ) ;
#169 = CARTESIAN_POINT ( 'NONE',  ( 1.869241740876831592, -0.4921169830923612931, 1.319680393379257799 ) ) ;
#170 = CARTESIAN_POINT ( 'NONE',  ( 2.027473881549213264, -1.331130760572126093, -0.2690013151613204756 ) ) ;
#171 = CARTESIAN_POINT ( 'NONE',  ( 3.208325999892436720, 1.175249999999998129, -0.6785309038651062830 ) ) ;
#172 = DIRECTION ( 'NONE',  ( -1.000000000000000000, 0.000000000000000000, 0.000000000000000000 ) ) ;
#173 = CARTESIAN_POINT ( 'NONE',  ( 0.9999999999999992228, 3.000000000000000000, 0.3926990727206933762 ) ) ;
#174 = CARTESIAN_POINT ( 'NONE',  ( 5.770827833252663908, 0.5876249999999980655, 1.017796355797660368 ) ) ;
#175 = CARTESIAN_POINT ( 'NONE',  ( 2.333333333333333037, -0.7499999999999985567, -1.299038105676656230 ) ) ;
#176 = CARTESIAN_POINT ( 'NONE',  ( 5.067701458232494183, -0.5740937499999996252, -0.9943595433077451196 ) ) ;
#177 = EDGE_CURVE ( 'NONE', #3320, #871, #2491, .T. ) ;
#178 = EDGE_LOOP ( 'NONE', ( #270, #2399, #2219, #2873 ) ) ;
#179 = CARTESIAN_POINT ( 'NONE',  ( 2.338659367619524421, 1.025987333912683042, -1.108538654400239354 ) ) ;
#180 = CARTESIAN_POINT ( 'NONE',  ( -8.164656124110223655E-18, 0.5773502691896263972, -1.000000000000000000 ) ) ;
#181 = CARTESIAN_POINT ( 'NONE',  ( 2.812494499919331314, -2.449329096986389003E-16, 1.357061807730213010 ) ) ;
#182 = CARTESIAN_POINT ( 'NONE',  ( 1.843147256482907670, -0.3389638334791298391, 1.401410532645889440 ) ) ;
#183 = CARTESIAN_POINT ( 'NONE',  ( 4.208325999892436720, 1.175249999999997907, -0.6785309038651063940 ) ) ;
#184 = CARTESIAN_POINT ( 'NONE',  ( 2.188386347564813317, 1.174210942802561330, 0.01678365792657942474 ) ) ;
#185 = CARTESIAN_POINT ( 'NONE',  ( 2.437494499919330870, -1.175249999999997907, -1.439266150697924440E-16 ) ) ;
#186 = CARTESIAN_POINT ( 'NONE',  ( 3.583325999892436720, -0.5876249999999987317, -1.017796355797659924 ) ) ;
#187 = CARTESIAN_POINT ( 'NONE',  ( 2.194543920289097283, 0.9505481156447680435, -0.7199908142395349264 ) ) ;
#188 = CARTESIAN_POINT ( 'NONE',  ( 2.130398567659713471, -0.09993975590207163084, -1.281440885078793723 ) ) ;
#189 = CARTESIAN_POINT ( 'NONE',  ( 3.041659333225770201, -1.175249999999997907, -0.6785309038651068381 ) ) ;
#190 = CARTESIAN_POINT ( 'NONE',  ( 4.729153833145101515, -1.499999999999997558, -0.8660254037844379305 ) ) ;
#191 = CARTESIAN_POINT ( 'NONE',  ( 0.9999999999999995559, -2.359223251648661090, 1.359771239536273102 ) ) ;
#192 = CARTESIAN_POINT ( 'NONE',  ( 4.104161166585996945, 0.5876249999999990647, -1.017796355797659702 ) ) ;
#193 = CARTESIAN_POINT ( 'NONE',  ( 1.796416017923430308, 0.5056295363823196665, 1.385406829088325242 ) ) ;
#194 = CARTESIAN_POINT ( 'NONE',  ( 5.484368124899161145, -1.148187499999999917, -1.406124146696001694E-16 ) ) ;
#195 = CARTESIAN_POINT ( 'NONE',  ( 1.399788294602256400, -0.2882511683883312026, 1.778314563081934141 ) ) ;
#196 = CARTESIAN_POINT ( 'NONE',  ( 1.278568165539553325, 0.3857161549062531058, 1.000000000000000000 ) ) ;
#197 = CARTESIAN_POINT ( 'NONE',  ( 5.041666666666666963, 1.499999999999997335, 0.8660254037844380415 ) ) ;
#198 = CARTESIAN_POINT ( 'NONE',  ( 3.229153833145101959, -1.499999999999997558, -0.8660254037844379305 ) ) ;
#199 = CARTESIAN_POINT ( 'NONE',  ( 3.187494499919330870, 1.175249999999997907, 0.000000000000000000 ) ) ;
#200 = CARTESIAN_POINT ( 'NONE',  ( 0.5999999999999994227, 0.7852436530778423851, -2.921918030004946765 ) ) ;
#201 = CARTESIAN_POINT ( 'NONE',  ( 4.874992666559101906, -2.417390195050930128E-16, 1.357061807730213010 ) ) ;
#202 = CARTESIAN_POINT ( 'NONE',  ( 2.185674324163358939, 1.176701916839575590, -0.03430263942543613359 ) ) ;
#203 = CARTESIAN_POINT ( 'NONE',  ( 6.661452374912604668, 1.148187499999999917, -0.6629063622051631910 ) ) ;
#204 = CARTESIAN_POINT ( 'NONE',  ( 3.083325999892436720, -0.5876249999999987317, -1.017796355797659924 ) ) ;
#205 = CARTESIAN_POINT ( 'NONE',  ( 2.179040830386439254, 0.7919417869556580891, -0.9082132960798124932 ) ) ;
#206 = CARTESIAN_POINT ( 'NONE',  ( 6.666659333225769757, 0.5876249999999990647, -1.017796355797659702 ) ) ;
#207 = CARTESIAN_POINT ( 'NONE',  ( 5.229153833145101515, -1.499999999999997558, -0.8660254037844379305 ) ) ;
#208 = CARTESIAN_POINT ( 'NONE',  ( 6.636391768802756275, -1.452939902720294718, 0.2944956653624453136 ) ) ;
#209 = CARTESIAN_POINT ( 'NONE',  ( 2.437494499919330870, -1.175249999999997907, -1.439266150697924440E-16 ) ) ;
#210 = CARTESIAN_POINT ( 'NONE',  ( 1.908818675754781813, -1.219539340102087088, 0.6781365577129286892 ) ) ;
#211 = CARTESIAN_POINT ( 'NONE',  ( 2.984368124899161590, -1.148187499999999917, -1.406124146696001694E-16 ) ) ;
#212 =( BOUNDED_SURFACE ( )  B_SPLINE_SURFACE ( 2, 3, ( 
 ( #2008, #3366, #2251, #866, #884, #1469, #2595, #936, #1988, #2045, #2837, #3156, #1450, #3121, #629, #1736, #2578, #83, #1187, #2305, #3400, #919, #2937, #2900, #424, #736, #136, #1784, #2061, #2338, #2374, #3212, #3247, #1843 ),
 ( #1824, #2101, #2955, #972, #698, #406, #1520, #991, #3474, #1258, #1296, #3437, #719, #463, #388, #2919, #173, #954, #1557, #1027, #3454, #2665, #678, #1575, #444, #3174, #2393, #2631, #2083, #1539, #3193, #1805, #1241, #2684 ),
 ( #1278, #3495, #2647, #191, #1009, #2355, #2119, #154, #3229, #2413, #3513, #2139, #1767, #2883, #1503, #2611, #116, #1222, #3560, #2464, #1045, #552, #3311, #3005, #2721, #1908, #259, #3026, #805, #1643, #536, #1366, #1315, #1626 ) ),
 .UNSPECIFIED., .F., .T., .T. ) 
 B_SPLINE_SURFACE_WITH_KNOTS ( ( 3, 3 ),
 ( 4, 2, 2, 2, 2, 2, 2, 2, 2, 2, 2, 2, 2, 2, 2, 2, 4 ),
 ( 0.000000000000000000, 1.000000000000000000 ),
 ( 0.000000000000000000, 0.3926990816987241395, 0.7853981633974482790, 1.178097245096172418, 1.570796326794896558, 1.963495408493620697, 2.356194490192344837, 2.748893571891068976, 3.141592653589793116, 3.534291735288517255, 3.926990816987241395, 4.319689898685965090, 4.712388980384689674, 5.105088062083414258, 5.497787143782137953, 5.890486225480861648, 6.283185307179586232 ),
 .UNSPECIFIED. ) 
 GEOMETRIC_REPRESENTATION_ITEM ( )  RATIONAL_B_SPLINE_SURFACE ( (
 ( 1.000000000000000000, 1.000000000000000000, 1.000000000000000000, 1.000000000000000000, 1.000000000000000000, 1.000000000000000000, 1.000000000000000000, 1.000000000000000000, 1.000000000000000000, 1.000000000000000000, 1.000000000000000000, 1.000000000000000000, 1.000000000000000000, 1.000000000000000000, 1.000000000000000000, 1.000000000000000000, 1.000000000000000000, 1.000000000000000000, 1.000000000000000000, 1.000000000000000000, 1.000000000000000000, 1.000000000000000000, 1.000000000000000000, 1.000000000000000000, 1.000000000000000000, 1.000000000000000000, 1.000000000000000000, 1.000000000000000000, 1.000000000000000000, 1.000000000000000000, 1.000000000000000000, 1.000000000000000000, 1.000000000000000000, 1.000000000000000000),
 ( 0.7071067811865479058, 0.7071067811865479058, 0.7071067811865475727, 0.7071067811865475727, 0.7071067811865475727, 0.7071067811865475727, 0.7071067811865475727, 0.7071067811865475727, 0.7071067811865479058, 0.7071067811865479058, 0.7071067811865475727, 0.7071067811865475727, 0.7071067811865476838, 0.7071067811865476838, 0.7071067811865475727, 0.7071067811865475727, 0.7071067811865479058, 0.7071067811865479058, 0.7071067811865475727, 0.7071067811865475727, 0.7071067811865476838, 0.7071067811865476838, 0.7071067811865475727, 0.7071067811865475727, 0.7071067811865479058, 0.7071067811865479058, 0.7071067811865475727, 0.7071067811865475727, 0.7071067811865476838, 0.7071067811865476838, 0.7071067811865475727, 0.7071067811865475727, 0.7071067811865479058, 0.7071067811865479058),
 ( 1.000000000000000000, 1.000000000000000000, 1.000000000000000000, 1.000000000000000000, 1.000000000000000000, 1.000000000000000000, 1.000000000000000000, 1.000000000000000000, 1.000000000000000000, 1.000000000000000000, 1.000000000000000000, 1.000000000000000000, 1.000000000000000000, 1.000000000000000000, 1.000000000000000000, 1.000000000000000000, 1.000000000000000000, 1.000000000000000000, 1.000000000000000000, 1.000000000000000000, 1.000000000000000000, 1.000000000000000000, 1.000000000000000000, 1.000000000000000000, 1.000000000000000000, 1.000000000000000000, 1.000000000000000000, 1.000000000000000000, 1.000000000000000000, 1.000000000000000000, 1.000000000000000000, 1.000000000000000000, 1.000000000000000000, 1.000000000000000000) ) ) 
 REPRESENTATION_ITEM ( '' )  SURFACE ( )  );
#213 = CARTESIAN_POINT ( 'NONE',  ( 2.305942944085975554, -0.1251918617246066401, -1.614186203400566288 ) ) ;
#214 = CARTESIAN_POINT ( 'NONE',  ( -1.084202172485504434E-16, 1.843640166273106118, -2.399000520846255924 ) ) ;
#215 = LINE ( 'NONE', #2215, #2023 ) ;
#216 = CARTESIAN_POINT ( 'NONE',  ( 4.416666666666666075, 0.7499999999999991118, -1.299038105676656008 ) ) ;
#217 = CARTESIAN_POINT ( 'NONE',  ( 7.000999999999999446, -0.5773502691896258421, -1.000000000000000000 ) ) ;
#218 = FACE_OUTER_BOUND ( 'NONE', #88, .T. ) ;
#219 = CARTESIAN_POINT ( 'NONE',  ( 3.208325999892436275, 1.175249999999997907, -0.6785309038651063940 ) ) ;
#220 = CARTESIAN_POINT ( 'NONE',  ( 2.191262268709890826, 1.169994729778869313, 0.07084859907598729800 ) ) ;
#221 = CARTESIAN_POINT ( 'NONE',  ( 6.286452374912606444, 0.5740937499999990701, 0.9943595433077454526 ) ) ;
#222 = AXIS2_PLACEMENT_3D ( 'NONE', #111, #3168, #947 ) ;
#223 = CARTESIAN_POINT ( 'NONE',  ( 2.235240218051135486, 1.147116705097069200, 0.01640829655886882898 ) ) ;
#224 = CARTESIAN_POINT ( 'NONE',  ( 1.652697542704119504, 0.3214302453292836037, -1.590689772990725670 ) ) ;
#225 = DIRECTION ( 'NONE',  ( -1.000000000000000000, -1.548554197625976421E-18, -0.000000000000000000 ) ) ;
#226 = CARTESIAN_POINT ( 'NONE',  ( 6.270820499811768478, -0.7499999999999986677, -1.299038105676656452 ) ) ;
#227 = CARTESIAN_POINT ( 'NONE',  ( 4.770827833252663908, 0.5876249999999980655, 1.017796355797660368 ) ) ;
#228 = CARTESIAN_POINT ( 'NONE',  ( 1.543507948999040424, -0.6263237878291192384, -1.530207323887585735 ) ) ;
#229 = CARTESIAN_POINT ( 'NONE',  ( 3.776034791565828108, 1.148187499999999250, 0.6629063622051638571 ) ) ;
#230 = CARTESIAN_POINT ( 'NONE',  ( 2.390405997610094868, 1.286505526716592573, -0.8584507822530749177 ) ) ;
#231 = CARTESIAN_POINT ( 'NONE',  ( 1.626303258728256651E-16, -0.3926990727206928211, 3.000000000000000000 ) ) ;
#232 = CARTESIAN_POINT ( 'NONE',  ( 6.833333333333333037, -0.7499999999999985567, -1.299038105676656230 ) ) ;
#233 = CARTESIAN_POINT ( 'NONE',  ( 5.208333333333333037, -1.499999999999998224, 0.8660254037844368202 ) ) ;
#234 = CARTESIAN_POINT ( 'NONE',  ( 2.271668093368520047, 1.139550930496048053, 0.4072220916604325502 ) ) ;
#235 = CARTESIAN_POINT ( 'NONE',  ( 1.278716660926763060, 1.058475493514314358, 0.1666666666666666852 ) ) ;
#236 = CARTESIAN_POINT ( 'NONE',  ( 2.169084096871178868, 1.144400189355231801, -0.3465990499804569858 ) ) ;
#237 = CARTESIAN_POINT ( 'NONE',  ( 6.578119041579272519, 9.136918931521785674E-17, -1.325812724410326382 ) ) ;
#238 = EDGE_CURVE ( 'NONE', #392, #377, #2783, .T. ) ;
#239 = CARTESIAN_POINT ( 'NONE',  ( 1.928566663220533162, -0.9063393672987439809, 1.053578770152226785 ) ) ;
#240 = CARTESIAN_POINT ( 'NONE',  ( 1.736999026784503908, 1.488097507686422238, -0.4789634252789081170 ) ) ;
#241 = CARTESIAN_POINT ( 'NONE',  ( 5.395820499811768478, 1.499999999999997780, -0.8660254037844371533 ) ) ;
#242 = CARTESIAN_POINT ( 'NONE',  ( 6.883476610481655378, 0.008603135124554156521, 1.194345125875617919 ) ) ;
#243 = ORIENTED_EDGE ( 'NONE', *, *, #510, .T. ) ;
#244 = CARTESIAN_POINT ( 'NONE',  ( 3.270827833252664352, 0.5876249999999980655, 1.017796355797660368 ) ) ;
#245 = CARTESIAN_POINT ( 'NONE',  ( 2.138257759483476406, 0.8836766558043056552, -0.8490599548169703858 ) ) ;
#246 = CARTESIAN_POINT ( 'NONE',  ( 3.401034791565828108, -0.5740937500000005134, 0.9943595433077446755 ) ) ;
#247 = CARTESIAN_POINT ( 'NONE',  ( 2.357508289435295890, 0.8501112004218470686, -1.325198564648920829 ) ) ;
#248 = CARTESIAN_POINT ( 'NONE',  ( -5.421010862427522170E-17, -2.399000520846089390, -1.843640166273119219 ) ) ;
#249 = CARTESIAN_POINT ( 'NONE',  ( 6.666666666666666075, -0.7499999999999995559, 1.299038105676655785 ) ) ;
#250 = CARTESIAN_POINT ( 'NONE',  ( 6.375000000000000000, 1.159295568823561263E-16, -1.732050807568874973 ) ) ;
#251 = CARTESIAN_POINT ( 'NONE',  ( 0.9999999999999995559, -1.033245267385741295, 2.494474737780474793 ) ) ;
#252 = CARTESIAN_POINT ( 'NONE',  ( 0.5999999999999996447, -3.000000000000000000, 0.000000000000000000 ) ) ;
#253 = CARTESIAN_POINT ( 'NONE',  ( 2.541659333225769757, -1.175249999999997463, -0.6785309038651067270 ) ) ;
#254 = CARTESIAN_POINT ( 'NONE',  ( 2.210172996350506569, 0.9824166311432547261, -0.7216049879485734175 ) ) ;
#255 = CARTESIAN_POINT ( 'NONE',  ( 1.334374999999969003, -0.9676178893597526809, -1.727187611704157577 ) ) ;
#256 = CARTESIAN_POINT ( 'NONE',  ( 7.036452374912605556, -0.5740937499999996252, -0.9943595433077451196 ) ) ;
#257 = CARTESIAN_POINT ( 'NONE',  ( 2.188439075325990135, 0.8884640091596200939, -0.8043844833453285270 ) ) ;
#258 = CARTESIAN_POINT ( 'NONE',  ( 5.937487166478435441, 1.499999999999998002, 0.000000000000000000 ) ) ;
#259 = CARTESIAN_POINT ( 'NONE',  ( 0.9999999999999995559, -0.7067192952352030488, -2.629726223912293825 ) ) ;
#260 = ORIENTED_EDGE ( 'NONE', *, *, #2111, .F. ) ;
#261 = CARTESIAN_POINT ( 'NONE',  ( 4.145827833252664796, 1.175249999999998129, -0.6785309038651062830 ) ) ;
#262 = CARTESIAN_POINT ( 'NONE',  ( 2.049322088834867994, -0.3977223956255054316, -1.233637759041587012 ) ) ;
#263 = CARTESIAN_POINT ( 'NONE',  ( 3.567701458232494627, -0.5740937499999996252, -0.9943595433077451196 ) ) ;
#264 = CARTESIAN_POINT ( 'NONE',  ( 2.446515942169258384, 1.486188835554572263, 0.1696957192515308188 ) ) ;
#265 = CARTESIAN_POINT ( 'NONE',  ( 0.3999999999999998002, -2.921918026569203963, 0.7852436613724593784 ) ) ;
#266 = CARTESIAN_POINT ( 'NONE',  ( 4.999999999999999112, 1.499999999999997780, 0.000000000000000000 ) ) ;
#267 = CARTESIAN_POINT ( 'NONE',  ( 6.458333333333333037, 1.499999999999997780, -0.8660254037844371533 ) ) ;
#268 = CARTESIAN_POINT ( 'NONE',  ( 0.9999999999999995559, 2.158640642206650195, -1.659836930199790173 ) ) ;
#269 = DIRECTION ( 'NONE',  ( 1.000000000000000000, 0.000000000000000000, 0.000000000000000000 ) ) ;
#270 = ORIENTED_EDGE ( 'NONE', *, *, #1145, .F. ) ;
#271 = CARTESIAN_POINT ( 'NONE',  ( 2.416659333225769757, -0.5876249999999995088, 1.017796355797659480 ) ) ;
#272 = CARTESIAN_POINT ( 'NONE',  ( 2.624992666559103682, 8.716101336663381235E-17, -1.357061807730212788 ) ) ;
#273 = CARTESIAN_POINT ( 'NONE',  ( 1.599710116103834290, 0.5049084158949118661, -1.532706600960609400 ) ) ;
#274 = CARTESIAN_POINT ( 'NONE',  ( 2.494785708245939482, -1.148187499999999472, -0.6629063622051637461 ) ) ;
#275 = CARTESIAN_POINT ( 'NONE',  ( 1.553813615917945645, -1.254594649011715468, -1.078698426692859647 ) ) ;
#276 = CARTESIAN_POINT ( 'NONE',  ( 1.849399939798670234, 0.6705735296134369694, 1.323699745210542789 ) ) ;
#277 = CARTESIAN_POINT ( 'NONE',  ( 2.007901650278003380, 1.489317693339382354, 0.1486038247899184594 ) ) ;
#278 = CARTESIAN_POINT ( 'NONE',  ( 6.730189597832034742, 0.1226704375784997414, -1.341690856179134750 ) ) ;
#279 = VERTEX_POINT ( 'NONE', #2056 ) ;
#280 = CARTESIAN_POINT ( 'NONE',  ( 1.746135065337897752, 1.248193282595211340, 0.8318735055789349131 ) ) ;
#281 = CARTESIAN_POINT ( 'NONE',  ( 2.202231528507772484, 1.149052347535684859, -0.01671525290426864249 ) ) ;
#282 = CARTESIAN_POINT ( 'NONE',  ( 4.651034791565828108, 0.5740937499999999583, -0.9943595433077447865 ) ) ;
#283 = CARTESIAN_POINT ( 'NONE',  ( 2.315312981290052363, 0.06676941166444128051, -1.611006906175173947 ) ) ;
#284 = CARTESIAN_POINT ( 'NONE',  ( -1.626303258728256651E-16, -2.921918026569188420, -0.7852436613725130021 ) ) ;
#285 = CARTESIAN_POINT ( 'NONE',  ( 3.916666666666665630, 0.7499999999999991118, -1.299038105676656008 ) ) ;
#286 = ADVANCED_FACE ( 'NONE', ( #1498 ), #672, .T. ) ;
#287 = CARTESIAN_POINT ( 'NONE',  ( -8.164656124110223655E-18, 1.154700538379251684, 1.282649081845866000E-16 ) ) ;
#288 = CARTESIAN_POINT ( 'NONE',  ( 0.9999999999999995559, 2.359433474563825239, -1.359077177856383933 ) ) ;
#289 = CARTESIAN_POINT ( 'NONE',  ( 3.416659333225770201, -0.5876249999999995088, 1.017796355797659480 ) ) ;
#290 = CARTESIAN_POINT ( 'NONE',  ( 4.749992666559102794, 1.175249999999997907, 0.000000000000000000 ) ) ;
#291 = CARTESIAN_POINT ( 'NONE',  ( 1.843147256482907670, -0.3389638334791298391, 1.401410532645889440 ) ) ;
#292 = CARTESIAN_POINT ( 'NONE',  ( 3.411452374912606444, -1.148187499999999917, 0.6629063622051628579 ) ) ;
#293 = CARTESIAN_POINT ( 'NONE',  ( 2.250102284145529818, 1.175125539675649700, 0.002063104410593061787 ) ) ;
#294 = CARTESIAN_POINT ( 'NONE',  ( 2.169084096871178868, 1.144400189355231801, -0.3465990499804569858 ) ) ;
#295 = CARTESIAN_POINT ( 'NONE',  ( 3.854153833145101515, 0.7499999999999992228, -1.299038105676656230 ) ) ;
#296 = CARTESIAN_POINT ( 'NONE',  ( 6.229161166585996945, 1.175249999999997463, 0.6785309038651070601 ) ) ;
#297 = VERTEX_POINT ( 'NONE', #1778 ) ;
#298 = CARTESIAN_POINT ( 'NONE',  ( 6.672028155739238464, 0.1528062445014259363, 1.407338094276549434 ) ) ;
#299 = CARTESIAN_POINT ( 'NONE',  ( 1.374899766089181297, -1.048300524031214209, 1.429290524125256923 ) ) ;
#300 = CARTESIAN_POINT ( 'NONE',  ( 5.041659333225770645, -1.175249999999997907, -0.6785309038651068381 ) ) ;
#301 = CARTESIAN_POINT ( 'NONE',  ( 2.174674373721817933, -1.691389569077891952, 0.2630465857095636850 ) ) ;
#302 = CARTESIAN_POINT ( 'NONE',  ( -1.628397701294101085E-16, 2.629726223912211225, -0.7067192952354026669 ) ) ;
#303 = CARTESIAN_POINT ( 'NONE',  ( 4.499999999999999112, 1.499999999999997780, 0.000000000000000000 ) ) ;
#304 = CARTESIAN_POINT ( 'NONE',  ( 2.248172414211626169, 1.176802877396576852, -0.03429873326910739401 ) ) ;
#305 = ORIENTED_EDGE ( 'NONE', *, *, #1418, .F. ) ;
#306 = EDGE_CURVE ( 'NONE', #571, #649, #2444, .T. ) ;
#307 = CARTESIAN_POINT ( 'NONE',  ( 2.249424449582472896, 1.175840133750158278, -0.01069894859980845964 ) ) ;
#308 = CARTESIAN_POINT ( 'NONE',  ( 6.687487166478434553, -1.499999999999998002, -1.836970198721027469E-16 ) ) ;
#309 = CARTESIAN_POINT ( 'NONE',  ( 2.453119041579272963, -1.148187499999999917, -1.406124146696001694E-16 ) ) ;
#310 = CARTESIAN_POINT ( 'NONE',  ( 1.591377700680757235, -0.6158086069844419530, -1.507044120269350307 ) ) ;
#311 = FACE_OUTER_BOUND ( 'NONE', #1415, .T. ) ;
#312 = CARTESIAN_POINT ( 'NONE',  ( 3.020820499811768034, 0.7499999999999980016, 1.299038105676656896 ) ) ;
#313 = CARTESIAN_POINT ( 'NONE',  ( 5.562494499919330870, 9.170989416121780431E-17, -1.357061807730212788 ) ) ;
#314 = CARTESIAN_POINT ( 'NONE',  ( 1.806013395672434241, 1.259622981746299830, 0.8185312627957007647 ) ) ;
#315 = CARTESIAN_POINT ( 'NONE',  ( 1.751502549445610013, 1.148554538999608798, 0.9813774982030353256 ) ) ;
#316 = CARTESIAN_POINT ( 'NONE',  ( 2.203550601592342950, 1.147688016799800703, 0.008121734599777103228 ) ) ;
#317 = CARTESIAN_POINT ( 'NONE',  ( 6.374992666559103682, -2.394161882086540145E-16, 1.357061807730212788 ) ) ;
#318 = CARTESIAN_POINT ( 'NONE',  ( 1.855890639192552705, 1.016489804278401188, -1.648769700323798659 ) ) ;
#319 = CARTESIAN_POINT ( 'NONE',  ( -1.630173283965463819E-16, 2.159100468761509184, 1.659276149645809273 ) ) ;
#320 = CARTESIAN_POINT ( 'NONE',  ( 3.333333333333332593, -0.7499999999999985567, -1.299038105676656230 ) ) ;
#321 = CARTESIAN_POINT ( 'NONE',  ( 3.166666666666666075, -0.7499999999999995559, 1.299038105676655785 ) ) ;
#322 = CARTESIAN_POINT ( 'NONE',  ( 2.250267845704556180, 1.174931955079223211, 0.005178757398882307371 ) ) ;
#323 = ORIENTED_EDGE ( 'NONE', *, *, #63, .F. ) ;
#324 = CARTESIAN_POINT ( 'NONE',  ( 2.249929888219709628, 1.175320695677016580, -0.001181588976372243815 ) ) ;
#325 = CARTESIAN_POINT ( 'NONE',  ( 7.020820499811767590, 0.7499999999999980016, 1.299038105676656896 ) ) ;
#326 = CARTESIAN_POINT ( 'NONE',  ( 5.645827833252663908, 1.175249999999997907, -0.6785309038651063940 ) ) ;
#327 = CARTESIAN_POINT ( 'NONE',  ( 4.494785708245939482, -1.148187499999999472, -0.6629063622051637461 ) ) ;
#328 = CARTESIAN_POINT ( 'NONE',  ( 1.413319596625063346, -0.8624727440684959445, 1.527110346492243531 ) ) ;
#329 = CARTESIAN_POINT ( 'NONE',  ( 2.146783855494354132, 0.9708259367120825045, -0.7354003253042499244 ) ) ;
#330 = CARTESIAN_POINT ( 'NONE',  ( 2.854153833145101515, 0.7499999999999992228, -1.299038105676656230 ) ) ;
#331 = CARTESIAN_POINT ( 'NONE',  ( 5.729161166585997833, 1.175249999999997463, 0.6785309038651070601 ) ) ;
#332 = CARTESIAN_POINT ( 'NONE',  ( 1.899399703716724508, -0.9532427145583860506, -1.171625055400206783 ) ) ;
#333 = CARTESIAN_POINT ( 'NONE',  ( 2.203387758166902355, 1.147880913612578713, 0.005057397185633493754 ) ) ;
#334 = CARTESIAN_POINT ( 'NONE',  ( 4.791659333225769757, 1.175249999999997463, 0.6785309038651070601 ) ) ;
#335 = CARTESIAN_POINT ( 'NONE',  ( 1.827761873314349472, 0.3870401407554706630, -1.918138914246467985 ) ) ;
#336 = FACE_OUTER_BOUND ( 'NONE', #1348, .T. ) ;
#337 = VECTOR ( 'NONE', #3211, 1000.000000000000000 ) ;
#338 = CARTESIAN_POINT ( 'NONE',  ( 2.541666666666666075, 1.499999999999997335, 0.8660254037844380415 ) ) ;
#339 = CONICAL_SURFACE ( 'NONE', #2260, 1732.050807568901064, 1.047197551196603627 ) ;
#340 = CARTESIAN_POINT ( 'NONE',  ( 2.249083260256501848, 1.176149804837272717, -0.01712675503731178606 ) ) ;
#341 = VERTEX_POINT ( 'NONE', #2109 ) ;
#342 = CARTESIAN_POINT ( 'NONE',  ( 2.248855654986226416, 1.176331577809402118, -0.02141654538741478639 ) ) ;
#343 = CARTESIAN_POINT ( 'NONE',  ( 6.062487166478435441, -3.087844816677678593E-16, 1.732050807568874973 ) ) ;
#344 = CARTESIAN_POINT ( 'NONE',  ( 6.109368124899161145, 9.064330311555186376E-17, -1.325812724410326382 ) ) ;
#345 = CARTESIAN_POINT ( 'NONE',  ( 4.479161166585996945, -1.175249999999997463, -0.6785309038651067270 ) ) ;
#346 = CARTESIAN_POINT ( 'NONE',  ( 3.536452374912606444, -0.5740937499999996252, -0.9943595433077451196 ) ) ;
#347 = CARTESIAN_POINT ( 'NONE',  ( 1.563278232186510852, -1.112682616491955434, -1.215472632494519756 ) ) ;
#348 = DIRECTION ( 'NONE',  ( 1.000000000000000000, -0.000000000000000000, -0.000000000000000000 ) ) ;
#349 = CARTESIAN_POINT ( 'NONE',  ( 3.354153833145101959, 0.7499999999999992228, -1.299038105676656230 ) ) ;
#350 = CARTESIAN_POINT ( 'NONE',  ( 7.104161166585996945, 0.5876249999999990647, -1.017796355797659702 ) ) ;
#351 = CARTESIAN_POINT ( 'NONE',  ( 1.799671288777718425, 1.302248504252782269, 0.7488383896140076157 ) ) ;
#352 = CARTESIAN_POINT ( 'NONE',  ( 1.977890030148306000, 1.336183776602352768, -0.6873831803423141595 ) ) ;
#353 = CARTESIAN_POINT ( 'NONE',  ( 2.198666310838942373, 1.150032124238871578, -0.08401288152889097027 ) ) ;
#354 = CARTESIAN_POINT ( 'NONE',  ( 4.666659333225769757, 0.5876249999999990647, -1.017796355797659702 ) ) ;
#355 = CARTESIAN_POINT ( 'NONE',  ( 1.715246552705204541, -1.908311558212539616, -0.7104595087779762563 ) ) ;
#356 = CARTESIAN_POINT ( 'NONE',  ( -1.626303258728256651E-16, 2.700000000000000178, 0.3534291654486271250 ) ) ;
#357 = CARTESIAN_POINT ( 'NONE',  ( 3.374999999999999556, 1.112838942894782035E-16, -1.732050807568874529 ) ) ;
#358 = CARTESIAN_POINT ( 'NONE',  ( 3.541666666666666519, 1.499999999999997335, 0.8660254037844381525 ) ) ;
#359 = CARTESIAN_POINT ( 'NONE',  ( 2.256975760537678788, 1.164325814837531281, 0.1312312205806424881 ) ) ;
#360 = CARTESIAN_POINT ( 'NONE',  ( 2.144093790312005421, 0.9400741106849321849, -0.7791276489871867827 ) ) ;
#361 = ORIENTED_EDGE ( 'NONE', *, *, #948, .T. ) ;
#362 = CARTESIAN_POINT ( 'NONE',  ( 2.231574953055641242, 1.145355187317425694, -0.3468034870855017382 ) ) ;
#363 = CARTESIAN_POINT ( 'NONE',  ( 6.770820499811767590, -0.7499999999999986677, -1.299038105676656452 ) ) ;
#364 = CARTESIAN_POINT ( 'NONE',  ( 6.776034791565828996, 1.148187499999999250, 0.6629063622051638571 ) ) ;
#365 = CARTESIAN_POINT ( 'NONE',  ( 6.312494499919330870, -2.395129700069479699E-16, 1.357061807730213010 ) ) ;
#366 = CARTESIAN_POINT ( 'NONE',  ( 2.249765449818757368, 1.175498080286044189, -0.004277245796298852210 ) ) ;
#367 = CARTESIAN_POINT ( 'NONE',  ( 1.793750000000078115, -1.410846376428012139, -0.8665183100150821716 ) ) ;
#368 = CARTESIAN_POINT ( 'NONE',  ( 5.604161166585997833, 0.5876249999999990647, -1.017796355797659702 ) ) ;
#369 = DIRECTION ( 'NONE',  ( 0.000000000000000000, 0.000000000000000000, -1.000000000000000000 ) ) ;
#370 = CARTESIAN_POINT ( 'NONE',  ( 1.335358617227771383, 0.1312905410684360452, 1.780761159237391089 ) ) ;
#371 = CARTESIAN_POINT ( 'NONE',  ( 6.916659333225770645, -0.5876249999999995088, 1.017796355797659480 ) ) ;
#372 = CARTESIAN_POINT ( 'NONE',  ( 1.912148069032942210, 1.805832707655725011, -0.5816370980802042512 ) ) ;
#373 = CARTESIAN_POINT ( 'NONE',  ( -1.621246827080180646E-16, -1.359771239536274212, 2.359223251648660646 ) ) ;
#374 = CARTESIAN_POINT ( 'NONE',  ( 5.854161166585997833, -0.5876249999999995088, 1.017796355797659480 ) ) ;
#375 = CARTESIAN_POINT ( 'NONE',  ( 2.193670534269955841, 0.8101340676913679761, -0.9290020647476591176 ) ) ;
#376 = CARTESIAN_POINT ( 'NONE',  ( 2.021221350205741452, -0.8122019423058076670, -1.035478951878362253 ) ) ;
#377 = VERTEX_POINT ( 'NONE', #1851 ) ;
#378 =( NAMED_UNIT ( * ) PLANE_ANGLE_UNIT ( ) SI_UNIT ( $, .RADIAN. ) );
#379 = CARTESIAN_POINT ( 'NONE',  ( 6.312487166478435441, 1.158327523716008558E-16, -1.732050807568874973 ) ) ;
#380 = CARTESIAN_POINT ( 'NONE',  ( 4.020827833252663908, -0.5876249999999987317, -1.017796355797659924 ) ) ;
#381 = CARTESIAN_POINT ( 'NONE',  ( 1.934374999999896039, 1.049853498617082437, -1.135641933886406330 ) ) ;
#382 = CARTESIAN_POINT ( 'NONE',  ( 2.395827833252664796, -1.175249999999998352, 0.6785309038651060609 ) ) ;
#383 = CARTESIAN_POINT ( 'NONE',  ( 6.520827833252663908, -0.5876249999999987317, -1.017796355797659924 ) ) ;
#384 = CARTESIAN_POINT ( 'NONE',  ( 5.999992666559102794, -1.175249999999997907, -1.439266150697924440E-16 ) ) ;
#385 = CARTESIAN_POINT ( 'NONE',  ( 1.981636225086569336, -1.302750119561855158, -0.2631146265432289244 ) ) ;
#386 = CARTESIAN_POINT ( 'NONE',  ( 3.166659333225770201, 0.5876249999999990647, -1.017796355797659702 ) ) ;
#387 = CARTESIAN_POINT ( 'NONE',  ( -8.164656124110223655E-18, -0.5773502691896259531, 1.000000000000000000 ) ) ;
#388 = CARTESIAN_POINT ( 'NONE',  ( 0.9999999999999996669, 2.621359168498456516, 1.510856932818063658 ) ) ;
#389 = CARTESIAN_POINT ( 'NONE',  ( 6.145827833252663908, 1.175249999999998129, -0.6785309038651062830 ) ) ;
#390 = FACE_OUTER_BOUND ( 'NONE', #3441, .T. ) ;
#391 = CARTESIAN_POINT ( 'NONE',  ( 2.119486879213928976, 0.6689529830836076219, -1.044341863604206555 ) ) ;
#392 = VERTEX_POINT ( 'NONE', #2963 ) ;
#393 = EDGE_CURVE ( 'NONE', #3589, #2805, #2079, .T. ) ;
#394 = CARTESIAN_POINT ( 'NONE',  ( 2.056011699598430553, -1.453995774711876576, 0.4084237676107869697 ) ) ;
#395 = CARTESIAN_POINT ( 'NONE',  ( 3.770820499811768034, -0.7499999999999986677, -1.299038105676656452 ) ) ;
#396 = CARTESIAN_POINT ( 'NONE',  ( 4.937494499919330870, -1.175249999999997907, -1.439266150697924440E-16 ) ) ;
#397 = CARTESIAN_POINT ( 'NONE',  ( 5.124992666559101906, 9.103239886069875206E-17, -1.357061807730213010 ) ) ;
#398 = CARTESIAN_POINT ( 'NONE',  ( 1.840624999999926015, -0.6795134212339017932, -1.473717586408249680 ) ) ;
#399 = CARTESIAN_POINT ( 'NONE',  ( 4.395827833252664796, -1.175249999999998352, 0.6785309038651060609 ) ) ;
#400 = DIRECTION ( 'NONE',  ( -1.000000000000000000, 0.000000000000000000, -0.000000000000000000 ) ) ;
#401 = CARTESIAN_POINT ( 'NONE',  ( 6.749992666559102794, 1.175249999999997907, 0.000000000000000000 ) ) ;
#402 = CARTESIAN_POINT ( 'NONE',  ( 1.588253569683250266, -0.05593022110896508220, -1.605974232488718068 ) ) ;
#403 = CARTESIAN_POINT ( 'NONE',  ( 2.055574961440882475, -1.138973143950518629, -0.7024840956749437426 ) ) ;
#404 = CARTESIAN_POINT ( 'NONE',  ( 4.041659333225769757, -1.175249999999997907, -0.6785309038651068381 ) ) ;
#405 = CARTESIAN_POINT ( 'NONE',  ( -1.533282097098784511E-16, 1.659735976201901053, 2.158539688206230434 ) ) ;
#406 = CARTESIAN_POINT ( 'NONE',  ( 0.9999999999999996669, -1.843640166273180947, 2.399000520846181317 ) ) ;
#407 = CARTESIAN_POINT ( 'NONE',  ( 5.520827833252663908, -0.5876249999999987317, -1.017796355797659924 ) ) ;
#408 = CARTESIAN_POINT ( 'NONE',  ( 2.204654938249260621, 1.147340376618672497, 0.3224210299635718591 ) ) ;
#409 = CARTESIAN_POINT ( 'NONE',  ( 1.736999026784503908, 1.488097507686422238, -0.4789634252789081170 ) ) ;
#410 = CARTESIAN_POINT ( 'NONE',  ( 7.000999999999999446, 0.5773502691896260641, -1.000000000000000000 ) ) ;
#411 = EDGE_LOOP ( 'NONE', ( #1473, #3006, #450, #941 ) ) ;
#412 = CARTESIAN_POINT ( 'NONE',  ( 1.989899705389991391, -1.333223616542508871, 0.3736570652069020615 ) ) ;
#413 = CARTESIAN_POINT ( 'NONE',  ( 4.354153833145100627, 0.7499999999999992228, -1.299038105676656230 ) ) ;
#414 = CARTESIAN_POINT ( 'NONE',  ( 2.270827833252664352, 0.5876249999999980655, 1.017796355797660368 ) ) ;
#415 = CARTESIAN_POINT ( 'NONE',  ( 0.5999999999999994227, -2.999999999999998224, -0.3926990816987251942 ) ) ;
#416 = CARTESIAN_POINT ( 'NONE',  ( 6.166659333225769757, 0.5876249999999990647, -1.017796355797659702 ) ) ;
#417 = CARTESIAN_POINT ( 'NONE',  ( 1.962499999999146816, 1.361530574879110222, -0.6938453186031647846 ) ) ;
#418 = CARTESIAN_POINT ( 'NONE',  ( 3.562494499919331314, 8.861278576596584762E-17, -1.357061807730212788 ) ) ;
#419 = CARTESIAN_POINT ( 'NONE',  ( 6.604161166585997833, 0.5876249999999990647, -1.017796355797659702 ) ) ;
#420 = CARTESIAN_POINT ( 'NONE',  ( 5.333325999892436720, 0.5876249999999980655, 1.017796355797660368 ) ) ;
#421 = CARTESIAN_POINT ( 'NONE',  ( 1.972152877044618391, -1.331518483358393290, -0.1065251442373241486 ) ) ;
#422 = CARTESIAN_POINT ( 'NONE',  ( 2.458325999892437164, -1.175249999999998352, 0.6785309038651060609 ) ) ;
#423 = CARTESIAN_POINT ( 'NONE',  ( -1.496625506736721602E-16, -0.7074133569153875367, 2.629516000996888536 ) ) ;
#424 = CARTESIAN_POINT ( 'NONE',  ( 0.5999999999999996447, 0.3926990727206886578, -3.000000000000000444 ) ) ;
#425 = CARTESIAN_POINT ( 'NONE',  ( 6.604161166585997833, 0.5876249999999990647, -1.017796355797659702 ) ) ;
#426 = CARTESIAN_POINT ( 'NONE',  ( 2.187039981476423645, 1.175705435988138037, -0.008558985219216219686 ) ) ;
#427 = CARTESIAN_POINT ( 'NONE',  ( 6.859368124899161145, -2.329257430798163130E-16, 1.325812724410326382 ) ) ;
#428 = CARTESIAN_POINT ( 'NONE',  ( 1.877500000519594758, 0.1688648234032085194, 1.454238038104590514 ) ) ;
#429 = DIRECTION ( 'NONE',  ( 0.000000000000000000, 0.5000000000000002220, -0.8660254037844384856 ) ) ;
#430 = ORIENTED_EDGE ( 'NONE', *, *, #3565, .F. ) ;
#431 = CARTESIAN_POINT ( 'NONE',  ( 2.325990243232732180, 0.8883949955909044016, -1.221532488998513966 ) ) ;
#432 = CARTESIAN_POINT ( 'NONE',  ( 3.187487166478435441, -1.499999999999998002, -1.836970198721027469E-16 ) ) ;
#433 = CARTESIAN_POINT ( 'NONE',  ( 0.08919135541306542903, -0.9647478702598041300, -0.3290076722161516809 ) ) ;
#434 = CARTESIAN_POINT ( 'NONE',  ( 1.815047736973168790, 0.1691704290582317083, 1.451846312102460956 ) ) ;
#435 = CARTESIAN_POINT ( 'NONE',  ( 4.291659333225769757, 1.175249999999997463, 0.6785309038651070601 ) ) ;
#436 = CARTESIAN_POINT ( 'NONE',  ( 1.615624999999926592, 0.2095827286511743881, 1.769096446258888511 ) ) ;
#437 = CARTESIAN_POINT ( 'NONE',  ( 3.812494499919330870, -2.433843555010128849E-16, 1.357061807730212788 ) ) ;
#438 = EDGE_CURVE ( 'NONE', #377, #3589, #1964, .T. ) ;
#439 = CARTESIAN_POINT ( 'NONE',  ( 5.291659333225770645, 1.175249999999997463, 0.6785309038651070601 ) ) ;
#440 = B_SPLINE_CURVE_WITH_KNOTS ( 'NONE', 3,
 ( #2610, #3494, #1842, #115, #1783, #461, #1221, #1277, #2899, #99, #423, #2882, #3453, #2337, #3473, #1008, #1823, #405, #1257, #990, #2630, #3418, #2082, #1574, #2664, #3192, #3436, #1203, #2320, #659, #935, #1538, #135, #718, #1240, #2044, #2918, #1804, #953, #2118, #3155, #697, #2354, #1766, #971, #2646, #2936, #2100, #443 ),
 .UNSPECIFIED., .T., .F.,
 ( 4, 3, 3, 3, 3, 3, 3, 3, 3, 3, 3, 3, 3, 3, 3, 3, 4 ),
 ( 0.000000000000000000, 0.06250000000000000000, 0.1250000000000000000, 0.1875000000000000000, 0.2500000000000000000, 0.3125000000000000000, 0.3750000000000000000, 0.4375000000000000000, 0.5000000000000000000, 0.5625000000000000000, 0.6250000000000000000, 0.6875000000000000000, 0.7500000000000000000, 0.8125000000000000000, 0.8750000000000000000, 0.9375000000000000000, 1.000000000000000000 ),
 .UNSPECIFIED. ) ;
#441 = CARTESIAN_POINT ( 'NONE',  ( 1.475856624819235074, -1.673706083815546197, -0.2060900299129041768 ) ) ;
#442 = CARTESIAN_POINT ( 'NONE',  ( 3.874992666559103238, -2.432875737027189788E-16, 1.357061807730212788 ) ) ;
#443 = CARTESIAN_POINT ( 'NONE',  ( -1.465769222633900160E-16, -2.700000000000000178, 3.306546357697853733E-16 ) ) ;
#444 = CARTESIAN_POINT ( 'NONE',  ( 0.9999999999999992228, 0.3926990727206887688, -3.000000000000000000 ) ) ;
#445 = CARTESIAN_POINT ( 'NONE',  ( 6.104161166585996945, 0.5876249999999990647, -1.017796355797659702 ) ) ;
#446 = FACE_OUTER_BOUND ( 'NONE', #1077, .T. ) ;
#447 = CARTESIAN_POINT ( 'NONE',  ( 6.817701458232494183, 0.5740937499999990701, 0.9943595433077454526 ) ) ;
#448 = CARTESIAN_POINT ( 'NONE',  ( 1.362361477276473831, 0.5540889358842771006, 1.728820425100082936 ) ) ;
#449 = CARTESIAN_POINT ( 'NONE',  ( 1.337345146053449785, -0.2868588066889116717, 1.776071374194495567 ) ) ;
#450 = ORIENTED_EDGE ( 'NONE', *, *, #1531, .F. ) ;
#451 = CARTESIAN_POINT ( 'NONE',  ( 1.811953230863137421, 1.211397655753153835, 0.8845817400589237600 ) ) ;
#452 = CARTESIAN_POINT ( 'NONE',  ( 2.520820499811768478, 0.7499999999999980016, 1.299038105676656896 ) ) ;
#453 = CARTESIAN_POINT ( 'NONE',  ( 3.812494499919330870, -2.433843555010128849E-16, 1.357061807730213010 ) ) ;
#454 = FACE_BOUND ( 'NONE', #1454, .T. ) ;
#455 = CARTESIAN_POINT ( 'NONE',  ( 4.499992666559103682, -1.175249999999997907, -1.439266150697924440E-16 ) ) ;
#456 = CARTESIAN_POINT ( 'NONE',  ( 1.399999999999951505, 0.5991507590889160184, -1.838128896551910252 ) ) ;
#457 = CARTESIAN_POINT ( 'NONE',  ( 3.270827833252664352, 0.5876249999999980655, 1.017796355797660368 ) ) ;
#458 = CARTESIAN_POINT ( 'NONE',  ( 4.666659333225769757, 0.5876249999999990647, -1.017796355797659702 ) ) ;
#459 = CARTESIAN_POINT ( 'NONE',  ( 2.199984566385811746, 1.005057903853160184, -0.6304843743694655833 ) ) ;
#460 = CARTESIAN_POINT ( 'NONE',  ( 4.124992666559103682, 8.948384466307276139E-17, -1.357061807730212788 ) ) ;
#461 = CARTESIAN_POINT ( 'NONE',  ( -1.474154029020645818E-16, -2.158539688207222085, 1.659735976200838792 ) ) ;
#462 = AXIS2_PLACEMENT_3D ( 'NONE', #2693, #710, #983 ) ;
#463 = CARTESIAN_POINT ( 'NONE',  ( 0.9999999999999995559, 2.399000520846169771, 1.843640166273116110 ) ) ;
#464 = EDGE_CURVE ( 'NONE', #2255, #2255, #2579, .T. ) ;
#465 = CARTESIAN_POINT ( 'NONE',  ( 4.729161166585997833, 1.175249999999997463, 0.6785309038651070601 ) ) ;
#466 = CARTESIAN_POINT ( 'NONE',  ( 1.243693608804994799, 0.5773502691896261751, -1.000000000000000000 ) ) ;
#467 = CARTESIAN_POINT ( 'NONE',  ( 6.192701458232494183, 1.148187499999999917, -0.6629063622051631910 ) ) ;
#468 =( BOUNDED_SURFACE ( )  B_SPLINE_SURFACE ( 1, 2, ( 
 ( #3282, #1866, #1373, #543, #232, #3534, #2746, #1083, #249, #1633, #3568, #2196, #3301, #2145, #2455, #525, #3318, #3251, #1649, #2708, #1320, #2419, #2762, #796, #3518, #3033, #2488, #1898, #1600, #2978, #3551, #1302, #2436, #1338, #487, #3052, #3013, #813, #506, #2179, #1067, #777, #1050, #2160, #1881, #1582, #1916, #197, #266, #3586, #3267, #1100, #1033, #2995, #1617, #2728, #1430, #1393, #630, #1989, #303, #2306, #1188, #1687, #611, #3401, #3351, #2854, #2288, #2030, #921, #2801, #2542, #2009, #285, #3335, #3122, #2509, #1703, #43, #1118, #851, #1151, #1412, #2236, #2580, #1737, #357, #320, #2527, #577, #1470, #3367, #885, #2272, #3385, #84, #2252, #9, #1953, #560, #3105, #26, #1719, #1133, #2838, #1667, #338, #2781, #1451, #867, #1972, #3070, #3086, #2561, #594, #64, #1170, #903, #2819, #1825 ),
 ( #2356, #137, #2632, #2668, #1205, #973, #2102, #1753, #679, #1540, #3420, #2920, #2394, #1223, #425, #3157, #2938, #2085, #937, #155, #2884, #2339, #1785, #3438, #955, #389, #445, #1505, #2612, #2063, #2901, #3175, #374, #1521, #174, #1558, #1242, #117, #1010, #645, #407, #3194, #3475, #992, #3456, #1279, #1487, #3496, #3142, #700, #1806, #2648, #1260, #2375, #3581, #2757, #1028, #1350, #227, #465, #1078, #772, #483, #3278, #1628, #790, #2173, #3008, #1893, #2741, #2685, #2989, #1062, #261, #192, #2191, #3248, #756, #2956, #3296, #1334, #1576, #3562, #3028, #2451, #2140, #2414, #501, #1844, #1861, #1877, #1297, #1368, #3546, #244, #1046, #2722, #1612, #1316, #3514, #1595, #2431, #2482, #2466, #2120, #520, #807, #2703, #1645, #3230, #1911, #737, #2972, #538, #209, #3529, #3262, #2156, #2231, #3346, #58 ) ),
 .UNSPECIFIED., .F., .F., .F. ) 
 B_SPLINE_SURFACE_WITH_KNOTS ( ( 2, 2 ),
 ( 3, 2, 2, 2, 2, 2, 2, 2, 2, 2, 2, 2, 2, 2, 2, 2, 2, 2, 2, 2, 2, 2, 2, 2, 2, 2, 2, 2, 2, 2, 2, 2, 2, 2, 2, 2, 2, 2, 2, 2, 2, 2, 2, 2, 2, 2, 2, 2, 2, 2, 2, 2, 2, 2, 2, 2, 2, 2, 2, 2, 3 ),
 ( 0.000000000000000000, 1.000000000000000000 ),
 ( 0.000000000000000000, 0.01666666666666666644, 0.03333333333333333287, 0.05000000000000000278, 0.06666666666666666574, 0.08333333333333332871, 0.1000000000000000056, 0.1166666666666666685, 0.1333333333333333315, 0.1499999999999999944, 0.1666666666666666574, 0.1833333333333333204, 0.2000000000000000111, 0.2166666666666666741, 0.2333333333333333370, 0.2500000000000000000, 0.2666666666666666630, 0.2833333333333333259, 0.2999999999999999889, 0.3166666666666666519, 0.3333333333333333148, 0.3499999999999999778, 0.3666666666666666408, 0.3833333333333333592, 0.4000000000000000222, 0.4166666666666666852, 0.4333333333333333481, 0.4500000000000000111, 0.4666666666666666741, 0.4833333333333333370, 0.5000000000000000000, 0.5166666666666667185, 0.5333333333333333259, 0.5500000000000000444, 0.5666666666666666519, 0.5833333333333333703, 0.5999999999999999778, 0.6166666666666666963, 0.6333333333333333037, 0.6500000000000000222, 0.6666666666666666297, 0.6833333333333333481, 0.6999999999999999556, 0.7166666666666666741, 0.7333333333333332815, 0.7500000000000000000, 0.7666666666666667185, 0.7833333333333333259, 0.8000000000000000444, 0.8166666666666666519, 0.8333333333333333703, 0.8499999999999999778, 0.8666666666666666963, 0.8833333333333333037, 0.9000000000000000222, 0.9166666666666666297, 0.9333333333333333481, 0.9499999999999999556, 0.9666666666666666741, 0.9833333333333332815, 1.000000000000000000 ),
 .UNSPECIFIED. ) 
 GEOMETRIC_REPRESENTATION_ITEM ( )  RATIONAL_B_SPLINE_SURFACE ( (
 ( 1.000000000000000000, 0.8660254037844387076, 1.000000000000000000, 0.8660254037844387076, 1.000000000000000000, 0.8660254037844387076, 1.000000000000000000, 0.8660254037844387076, 1.000000000000000000, 0.8660254037844387076, 1.000000000000000000, 0.8660254037844387076, 1.000000000000000000, 0.8660254037844387076, 1.000000000000000000, 0.8660254037844387076, 1.000000000000000000, 0.8660254037844387076, 1.000000000000000000, 0.8660254037844387076, 1.000000000000000000, 0.8660254037844387076, 1.000000000000000000, 0.8660254037844387076, 1.000000000000000000, 0.8660254037844387076, 1.000000000000000000, 0.8660254037844387076, 1.000000000000000000, 0.8660254037844387076, 1.000000000000000000, 0.8660254037844387076, 1.000000000000000000, 0.8660254037844387076, 1.000000000000000000, 0.8660254037844387076, 1.000000000000000000, 0.8660254037844387076, 1.000000000000000000, 0.8660254037844387076, 1.000000000000000000, 0.8660254037844387076, 1.000000000000000000, 0.8660254037844387076, 1.000000000000000000, 0.8660254037844387076, 1.000000000000000000, 0.8660254037844387076, 1.000000000000000000, 0.8660254037844387076, 1.000000000000000000, 0.8660254037844387076, 1.000000000000000000, 0.8660254037844387076, 1.000000000000000000, 0.8660254037844387076, 1.000000000000000000, 0.8660254037844387076, 1.000000000000000000, 0.8660254037844387076, 1.000000000000000000, 0.8660254037844387076, 1.000000000000000000, 0.8660254037844387076, 1.000000000000000000, 0.8660254037844387076, 1.000000000000000000, 0.8660254037844387076, 1.000000000000000000, 0.8660254037844387076, 1.000000000000000000, 0.8660254037844387076, 1.000000000000000000, 0.8660254037844387076, 1.000000000000000000, 0.8660254037844387076, 1.000000000000000000, 0.8660254037844387076, 1.000000000000000000, 0.8660254037844387076, 1.000000000000000000, 0.8660254037844387076, 1.000000000000000000, 0.8660254037844387076, 1.000000000000000000, 0.8660254037844387076, 1.000000000000000000, 0.8660254037844387076, 1.000000000000000000, 0.8660254037844387076, 1.000000000000000000, 0.8660254037844387076, 1.000000000000000000, 0.8660254037844387076, 1.000000000000000000, 0.8660254037844387076, 1.000000000000000000, 0.8660254037844387076, 1.000000000000000000, 0.8660254037844387076, 1.000000000000000000, 0.8660254037844387076, 1.000000000000000000, 0.8660254037844387076, 1.000000000000000000, 0.8660254037844387076, 1.000000000000000000, 0.8660254037844387076, 1.000000000000000000, 0.8660254037844387076, 1.000000000000000000, 0.8660254037844387076, 1.000000000000000000, 0.8660254037844387076, 1.000000000000000000, 0.8660254037844387076, 1.000000000000000000, 0.8660254037844387076, 1.000000000000000000, 0.8660254037844387076, 1.000000000000000000),
 ( 1.000000000000000000, 0.8660254037844387076, 1.000000000000000000, 0.8660254037844387076, 1.000000000000000000, 0.8660254037844387076, 1.000000000000000000, 0.8660254037844387076, 1.000000000000000000, 0.8660254037844387076, 1.000000000000000000, 0.8660254037844387076, 1.000000000000000000, 0.8660254037844387076, 1.000000000000000000, 0.8660254037844387076, 1.000000000000000000, 0.8660254037844387076, 1.000000000000000000, 0.8660254037844387076, 1.000000000000000000, 0.8660254037844387076, 1.000000000000000000, 0.8660254037844387076, 1.000000000000000000, 0.8660254037844387076, 1.000000000000000000, 0.8660254037844387076, 1.000000000000000000, 0.8660254037844387076, 1.000000000000000000, 0.8660254037844387076, 1.000000000000000000, 0.8660254037844387076, 1.000000000000000000, 0.8660254037844387076, 1.000000000000000000, 0.8660254037844387076, 1.000000000000000000, 0.8660254037844387076, 1.000000000000000000, 0.8660254037844387076, 1.000000000000000000, 0.8660254037844387076, 1.000000000000000000, 0.8660254037844387076, 1.000000000000000000, 0.8660254037844387076, 1.000000000000000000, 0.8660254037844387076, 1.000000000000000000, 0.8660254037844387076, 1.000000000000000000, 0.8660254037844387076, 1.000000000000000000, 0.8660254037844387076, 1.000000000000000000, 0.8660254037844387076, 1.000000000000000000, 0.8660254037844387076, 1.000000000000000000, 0.8660254037844387076, 1.000000000000000000, 0.8660254037844387076, 1.000000000000000000, 0.8660254037844387076, 1.000000000000000000, 0.8660254037844387076, 1.000000000000000000, 0.8660254037844387076, 1.000000000000000000, 0.8660254037844387076, 1.000000000000000000, 0.8660254037844387076, 1.000000000000000000, 0.8660254037844387076, 1.000000000000000000, 0.8660254037844387076, 1.000000000000000000, 0.8660254037844387076, 1.000000000000000000, 0.8660254037844387076, 1.000000000000000000, 0.8660254037844387076, 1.000000000000000000, 0.8660254037844387076, 1.000000000000000000, 0.8660254037844387076, 1.000000000000000000, 0.8660254037844387076, 1.000000000000000000, 0.8660254037844387076, 1.000000000000000000, 0.8660254037844387076, 1.000000000000000000, 0.8660254037844387076, 1.000000000000000000, 0.8660254037844387076, 1.000000000000000000, 0.8660254037844387076, 1.000000000000000000, 0.8660254037844387076, 1.000000000000000000, 0.8660254037844387076, 1.000000000000000000, 0.8660254037844387076, 1.000000000000000000, 0.8660254037844387076, 1.000000000000000000, 0.8660254037844387076, 1.000000000000000000, 0.8660254037844387076, 1.000000000000000000, 0.8660254037844387076, 1.000000000000000000, 0.8660254037844387076, 1.000000000000000000, 0.8660254037844387076, 1.000000000000000000, 0.8660254037844387076, 1.000000000000000000) ) ) 
 REPRESENTATION_ITEM ( '' )  SURFACE ( )  );
#469 = CARTESIAN_POINT ( 'NONE',  ( 1.540294362901615255, -1.595071420394800654, -0.5944940553991328036 ) ) ;
#470 = CARTESIAN_POINT ( 'NONE',  ( 1.278560403205111218, -0.3857588085834562919, 1.000000000000000000 ) ) ;
#471 = CARTESIAN_POINT ( 'NONE',  ( 1.858867196031876556, 0.5058819389692067459, 1.387832858324129282 ) ) ;
#472 = CARTESIAN_POINT ( 'NONE',  ( 3.270820499811768034, -0.7499999999999986677, -1.299038105676656452 ) ) ;
#473 = CARTESIAN_POINT ( 'NONE',  ( -8.164656124110223655E-18, -1.154700538379251684, -2.168404344971008868E-16 ) ) ;
#474 = CARTESIAN_POINT ( 'NONE',  ( 0.5999999999999997558, 2.399000527194540933, -1.843640159924747168 ) ) ;
#475 = CARTESIAN_POINT ( 'NONE',  ( 4.416659333225769757, -0.5876249999999995088, 1.017796355797659480 ) ) ;
#476 = CARTESIAN_POINT ( 'NONE',  ( 2.199010902333702777, 1.156861480084339755, 0.2163998375225285042 ) ) ;
#477 = CARTESIAN_POINT ( 'NONE',  ( 6.869785708245941258, -0.5740937500000005134, 0.9943595433077446755 ) ) ;
#478 = CARTESIAN_POINT ( 'NONE',  ( 4.416659333225769757, -0.5876249999999995088, 1.017796355797659480 ) ) ;
#479 = CARTESIAN_POINT ( 'NONE',  ( 2.233924555634466902, 1.148662659492420524, -0.008350888112982650033 ) ) ;
#480 = CARTESIAN_POINT ( 'NONE',  ( 6.833325999892436720, 0.5876249999999980655, 1.017796355797660368 ) ) ;
#481 = CARTESIAN_POINT ( 'NONE',  ( 5.854153833145101515, 0.7499999999999992228, -1.299038105676656230 ) ) ;
#482 = CARTESIAN_POINT ( 'NONE',  ( 6.867760966528882349, 0.3668402468207250244, 1.163455374127502440 ) ) ;
#483 = CARTESIAN_POINT ( 'NONE',  ( 4.604161166585997833, 0.5876249999999990647, -1.017796355797659702 ) ) ;
#484 = CARTESIAN_POINT ( 'NONE',  ( 2.157916637928853021, 1.075615941300682721, -0.5488117474382451233 ) ) ;
#485 = CARTESIAN_POINT ( 'NONE',  ( 7.249992666559103682, 1.175249999999997907, 0.000000000000000000 ) ) ;
#486 = CARTESIAN_POINT ( 'NONE',  ( 2.371570453092963771, 1.061600195459611706, -1.146475727463614147 ) ) ;
#487 = CARTESIAN_POINT ( 'NONE',  ( 5.583333333333332149, 0.7499999999999978906, 1.299038105676656674 ) ) ;
#488 = CARTESIAN_POINT ( 'NONE',  ( 5.749999999999999112, -1.499999999999997780, -1.836970198721027222E-16 ) ) ;
#489 = B_SPLINE_CURVE_WITH_KNOTS ( 'NONE', 3,
 ( #2373, #2392, #3173, #3228, #735, #153, #2954, #387 ),
 .UNSPECIFIED., .F., .F.,
 ( 4, 2, 2, 4 ),
 ( 0.003092271519860678546, 0.003384577825174686118, 0.003676884130488693690, 0.004261496741116708835 ),
 .UNSPECIFIED. ) ;
#490 = CARTESIAN_POINT ( 'NONE',  ( 3.437494499919330870, -1.175249999999997907, -1.439266150697924440E-16 ) ) ;
#491 = CARTESIAN_POINT ( 'NONE',  ( 1.852617376194022114, -0.5011074379903746046, 1.344765562810545712 ) ) ;
#492 = UNCERTAINTY_MEASURE_WITH_UNIT (LENGTH_MEASURE( 1.000000000000000082E-05 ), #2874, 'distance_accuracy_value', 'NONE');
#493 = CARTESIAN_POINT ( 'NONE',  ( 2.291659333225770201, 1.175249999999997463, 0.6785309038651070601 ) ) ;
#494 = CARTESIAN_POINT ( 'NONE',  ( 1.193749999999933920, -1.580584945218142190, 1.350414958057531090 ) ) ;
#495 = CARTESIAN_POINT ( 'NONE',  ( 6.744785708245939482, 1.148187499999999250, 0.6629063622051638571 ) ) ;
#496 = CARTESIAN_POINT ( 'NONE',  ( 2.125258746475242155, 0.05201194553319402752, -1.249735265281016972 ) ) ;
#497 = CARTESIAN_POINT ( 'NONE',  ( 1.690259225307326751, 0.9938487750680983224, -1.249149725132647548 ) ) ;
#498 = CARTESIAN_POINT ( 'NONE',  ( 6.910949979468694160, -0.6402541189966657331, 0.9849032664130804582 ) ) ;
#499 = CARTESIAN_POINT ( 'NONE',  ( 4.604153833145101515, -0.7499999999999996669, 1.299038105676656008 ) ) ;
#500 = CARTESIAN_POINT ( 'NONE',  ( 6.816441997443557277, 1.223694835703468708, 0.3053941812389542876 ) ) ;
#501 = CARTESIAN_POINT ( 'NONE',  ( 3.562494499919331314, 8.861278576596584762E-17, -1.357061807730212788 ) ) ;
#502 = CARTESIAN_POINT ( 'NONE',  ( 1.684012925037881026, 1.525476254477002414, -0.2973426232843278672 ) ) ;
#503 = CARTESIAN_POINT ( 'NONE',  ( 4.442701458232494183, -1.148187499999999917, 0.6629063622051628579 ) ) ;
#504 = CARTESIAN_POINT ( 'NONE',  ( 2.440308617630530197, 1.496471818667913567, 0.05308096076439633437 ) ) ;
#505 = CARTESIAN_POINT ( 'NONE',  ( 0.3999999999999998002, 3.000000000000000000, -0.3926990727206966514 ) ) ;
#506 = CARTESIAN_POINT ( 'NONE',  ( 5.416666666666666075, 0.7499999999999991118, -1.299038105676656008 ) ) ;
#507 = CARTESIAN_POINT ( 'NONE',  ( 5.458333333333333037, 1.499999999999997780, -0.8660254037844371533 ) ) ;
#508 = CARTESIAN_POINT ( 'NONE',  ( 2.294244237030719002, 1.101466516633201387, 0.8313068614276941659 ) ) ;
#509 = VERTEX_POINT ( 'NONE', #2218 ) ;
#510 = EDGE_CURVE ( 'NONE', #279, #649, #2661, .T. ) ;
#511 = DIRECTION ( 'NONE',  ( -1.000000000000000000, -7.070799616643647036E-18, 0.000000000000000000 ) ) ;
#512 = CARTESIAN_POINT ( 'NONE',  ( 2.180182505174568242, 1.175144765517845302, -0.1380506895152499858 ) ) ;
#513 = AXIS2_PLACEMENT_3D ( 'NONE', #3570, #1085, #3303 ) ;
#514 = CARTESIAN_POINT ( 'NONE',  ( 4.869785708245939482, -0.5740937500000005134, 0.9943595433077446755 ) ) ;
#515 = AXIS2_PLACEMENT_3D ( 'NONE', #2200, #1654, #3306 ) ;
#516 = CARTESIAN_POINT ( 'NONE',  ( 1.975282690439738698, -1.306435689624656726, 0.3661693232476302962 ) ) ;
#517 = CARTESIAN_POINT ( 'NONE',  ( 6.395820499811769366, 1.499999999999997780, -0.8660254037844371533 ) ) ;
#518 = CARTESIAN_POINT ( 'NONE',  ( 6.760039070860437427, 0.8548760367254032433, -1.014477274798565976 ) ) ;
#519 = EDGE_LOOP ( 'NONE', ( #684 ) ) ;
#520 = CARTESIAN_POINT ( 'NONE',  ( 2.812494499919331314, -2.449329096986389003E-16, 1.357061807730212788 ) ) ;
#521 = CARTESIAN_POINT ( 'NONE',  ( 1.983644332201694560, -1.218689823518084303, -0.5633149976482008103 ) ) ;
#522 = CARTESIAN_POINT ( 'NONE',  ( 3.817701458232494627, 0.5740937499999990701, 0.9943595433077454526 ) ) ;
#523 = CARTESIAN_POINT ( 'NONE',  ( 2.287185516951546038, -0.5008316287095069264, -1.553520674404697210 ) ) ;
#524 = CARTESIAN_POINT ( 'NONE',  ( 0.3999999999999998002, -3.000000000000000000, 0.3926990727206935428 ) ) ;
#525 = CARTESIAN_POINT ( 'NONE',  ( 6.374999999999999112, 1.159295568823561509E-16, -1.732050807568874529 ) ) ;
#526 = CARTESIAN_POINT ( 'NONE',  ( 6.333333333333332149, -0.7499999999999985567, -1.299038105676656230 ) ) ;
#527 = CARTESIAN_POINT ( 'NONE',  ( 0.9999999999999995559, 0.000000000000000000, 2.700000000000000178 ) ) ;
#528 = VERTEX_POINT ( 'NONE', #252 ) ;
#529 = CARTESIAN_POINT ( 'NONE',  ( 3.041659333225770201, -1.175249999999997463, -0.6785309038651067270 ) ) ;
#530 = EDGE_CURVE ( 'NONE', #3277, #3589, #2217, .T. ) ;
#531 = CARTESIAN_POINT ( 'NONE',  ( 2.195624480784409194, 1.162574142163729007, 0.1527871220579442302 ) ) ;
#532 = CARTESIAN_POINT ( 'NONE',  ( 4.911452374912606444, -1.148187499999999917, 0.6629063622051628579 ) ) ;
#533 = CARTESIAN_POINT ( 'NONE',  ( 2.234146388196890598, 1.148432602073681030, -0.004173895850812263907 ) ) ;
#534 = CARTESIAN_POINT ( 'NONE',  ( 1.605954460862660138, -0.6264608732073693176, -1.532761339446684801 ) ) ;
#535 = CARTESIAN_POINT ( 'NONE',  ( 4.854153833145101515, 0.7499999999999992228, -1.299038105676656230 ) ) ;
#536 = CARTESIAN_POINT ( 'NONE',  ( 0.9999999999999995559, -2.359223251648732589, -1.359771239536280873 ) ) ;
#537 = ORIENTED_EDGE ( 'NONE', *, *, #3476, .T. ) ;
#538 = CARTESIAN_POINT ( 'NONE',  ( 2.479161166585997833, -1.175249999999997907, -0.6785309038651068381 ) ) ;
#539 = CARTESIAN_POINT ( 'NONE',  ( 1.655912042691041641, 1.345300400928559625, -0.8171575944443592032 ) ) ;
#540 = CARTESIAN_POINT ( 'NONE',  ( 3.734368124899161145, 1.148187499999999917, 0.000000000000000000 ) ) ;
#541 = CARTESIAN_POINT ( 'NONE',  ( 2.392769844622371078, 1.309123289960318237, -0.8189435391589006130 ) ) ;
#542 = CARTESIAN_POINT ( 'NONE',  ( 0.3999999999999998002, 0.3926990727204597853, -2.999999999999999556 ) ) ;
#543 = CARTESIAN_POINT ( 'NONE',  ( 6.875000000000000000, 1.167038339811691339E-16, -1.732050807568874529 ) ) ;
#544 = CARTESIAN_POINT ( 'NONE',  ( 4.749999999999999112, -1.499999999999997780, -1.836970198721027222E-16 ) ) ;
#545 = DIRECTION ( 'NONE',  ( -1.000000000000000000, -7.070799616643647036E-18, 0.000000000000000000 ) ) ;
#546 = CARTESIAN_POINT ( 'NONE',  ( 1.243693608804995021, -0.5773502691896258421, 1.000000000000000000 ) ) ;
#547 = CARTESIAN_POINT ( 'NONE',  ( 2.833325999892436275, 0.5876249999999980655, 1.017796355797660368 ) ) ;
#548 = CARTESIAN_POINT ( 'NONE',  ( 2.140610512040876046, 0.9071621780962686454, -0.8214992071776719973 ) ) ;
#549 = CARTESIAN_POINT ( 'NONE',  ( 6.786452374912606444, 0.5740937499999990701, 0.9943595433077454526 ) ) ;
#550 = CARTESIAN_POINT ( 'NONE',  ( 2.250267845704556180, 1.174931955079223211, 0.005178757398882307371 ) ) ;
#551 = CARTESIAN_POINT ( 'NONE',  ( 4.645820499811768478, -1.499999999999998446, 0.8660254037844369313 ) ) ;
#552 = CARTESIAN_POINT ( 'NONE',  ( 0.9999999999999995559, 1.659276149645919629, -2.159100468761513625 ) ) ;
#553 = CARTESIAN_POINT ( 'NONE',  ( 0.3999999999999999112, 0.7852436530778426071, -2.921918030004946765 ) ) ;
#554 = EDGE_CURVE ( 'NONE', #2925, #279, #1375, .T. ) ;
#555 = CARTESIAN_POINT ( 'NONE',  ( 1.994329461682738058, 1.499999997398490770, -0.1796558554067134994 ) ) ;
#556 = CARTESIAN_POINT ( 'NONE',  ( 1.674549302636943127, 1.485620639714611224, -0.4789264859939207919 ) ) ;
#557 = CARTESIAN_POINT ( 'NONE',  ( 2.859368124899160701, -2.391199598703202757E-16, 1.325812724410326382 ) ) ;
#558 = CARTESIAN_POINT ( 'NONE',  ( 2.428103808499441740, 1.499271989443693442, -0.1771646803574496443 ) ) ;
#559 = CARTESIAN_POINT ( 'NONE',  ( 1.626303258728256651E-16, -3.000000000000000000, 0.3926990727206933762 ) ) ;
#560 = CARTESIAN_POINT ( 'NONE',  ( 2.833333333333332593, -0.7499999999999985567, -1.299038105676656230 ) ) ;
#561 = CARTESIAN_POINT ( 'NONE',  ( 5.958333333333333037, 1.499999999999997780, -0.8660254037844371533 ) ) ;
#562 = CARTESIAN_POINT ( 'NONE',  ( 0.9999999999999995559, -1.659735976201750285, 2.158539688206381424 ) ) ;
#563 = LINE ( 'NONE', #1398, #2667 ) ;
#564 = CARTESIAN_POINT ( 'NONE',  ( 3.624992666559103682, 8.870956756425979070E-17, -1.357061807730212788 ) ) ;
#565 = CARTESIAN_POINT ( 'NONE',  ( 1.815047736973168790, 0.1691704290582317083, 1.451846312102460956 ) ) ;
#566 = CARTESIAN_POINT ( 'NONE',  ( 2.369785708245939482, -0.5740937500000005134, 0.9943595433077446755 ) ) ;
#567 = CARTESIAN_POINT ( 'NONE',  ( 2.303274694495776487, 1.086232751087594206, 1.000940769338274361 ) ) ;
#568 = CARTESIAN_POINT ( 'NONE',  ( 2.144093790312005421, 0.9400741106849321849, -0.7791276489871867827 ) ) ;
#569 = CARTESIAN_POINT ( 'NONE',  ( 2.479153833145101959, 1.499999999999997558, 0.8660254037844383745 ) ) ;
#570 = CARTESIAN_POINT ( 'NONE',  ( 5.395827833252663908, -1.175249999999998352, 0.6785309038651060609 ) ) ;
#571 = VERTEX_POINT ( 'NONE', #1102 ) ;
#572 = CARTESIAN_POINT ( 'NONE',  ( 6.741583803562408939, -0.3227576326167824750, 1.296803847590178860 ) ) ;
#573 = CARTESIAN_POINT ( 'NONE',  ( 2.204899300502370263, 1.145901779335809945, 0.03348872563090380533 ) ) ;
#574 = CARTESIAN_POINT ( 'NONE',  ( 5.458325999892435831, -1.175249999999998352, 0.6785309038651060609 ) ) ;
#575 = FACE_OUTER_BOUND ( 'NONE', #3145, .T. ) ;
#576 = CARTESIAN_POINT ( 'NONE',  ( -1.626303258728256651E-16, -2.621359168498536452, -1.510856932818017251 ) ) ;
#577 = CARTESIAN_POINT ( 'NONE',  ( 3.249999999999999556, -1.499999999999997780, -1.836970198721027222E-16 ) ) ;
#578 = CARTESIAN_POINT ( 'NONE',  ( 2.958333333333333037, 1.499999999999997780, -0.8660254037844371533 ) ) ;
#579 = CARTESIAN_POINT ( 'NONE',  ( -8.164656124110223655E-18, -1.154700538379251684, -2.168404344971008868E-16 ) ) ;
#580 = ORIENTED_EDGE ( 'NONE', *, *, #3087, .F. ) ;
#581 = CARTESIAN_POINT ( 'NONE',  ( 2.212955692936400709, 1.010845182151068222, -0.6761414586300426022 ) ) ;
#582 = CARTESIAN_POINT ( 'NONE',  ( 3.833325999892436720, 0.5876249999999980655, 1.017796355797660368 ) ) ;
#583 = CARTESIAN_POINT ( 'NONE',  ( 3.119785708245940370, 0.5740937499999999583, -0.9943595433077447865 ) ) ;
#584 = CARTESIAN_POINT ( 'NONE',  ( 1.862892430160802082, 0.1656499345979700055, 1.426604663923818794 ) ) ;
#585 = CARTESIAN_POINT ( 'NONE',  ( 2.133564683588785371, 0.8343906376399847780, -0.9019675110458162948 ) ) ;
#586 = CARTESIAN_POINT ( 'NONE',  ( 2.000705504486090192, 1.499448606899342673, 0.01329467048026349192 ) ) ;
#587 = CARTESIAN_POINT ( 'NONE',  ( 5.854161166585997833, -0.5876249999999995088, 1.017796355797659480 ) ) ;
#588 = CARTESIAN_POINT ( 'NONE',  ( 0.3999999999999999112, 2.999999999999999556, 0.3926990816987248056 ) ) ;
#589 = CARTESIAN_POINT ( 'NONE',  ( 1.970821435699727342, 1.192936403650086463, -0.9136776496576859419 ) ) ;
#590 = CARTESIAN_POINT ( 'NONE',  ( 2.185127563277216023, 1.118708833628464294, -0.3387591293180087781 ) ) ;
#591 = CARTESIAN_POINT ( 'NONE',  ( 5.999992666559102794, -1.175249999999997907, -1.439266150697924440E-16 ) ) ;
#592 = CARTESIAN_POINT ( 'NONE',  ( 1.743375415050974819, -1.529454249490264095, -1.314022206757104572 ) ) ;
#593 = CARTESIAN_POINT ( 'NONE',  ( -1.631359690376332656E-16, -0.7067192952352128188, 2.629726223912286720 ) ) ;
#594 = CARTESIAN_POINT ( 'NONE',  ( 2.208333333333333037, -1.499999999999998446, 0.8660254037844368202 ) ) ;
#595 = CARTESIAN_POINT ( 'NONE',  ( 2.249708629930781356, 1.175557402115040118, -0.005347085423906609153 ) ) ;
#596 = ORIENTED_EDGE ( 'NONE', *, *, #393, .F. ) ;
#597 = CARTESIAN_POINT ( 'NONE',  ( 2.240837248914252733, 1.172856919417913257, -0.1728890370449921166 ) ) ;
#598 = CARTESIAN_POINT ( 'NONE',  ( 6.354153833145100627, 0.7499999999999992228, -1.299038105676656230 ) ) ;
#599 = CARTESIAN_POINT ( 'NONE',  ( 6.145827833252663908, 1.175249999999997907, -0.6785309038651063940 ) ) ;
#600 = CARTESIAN_POINT ( 'NONE',  ( 3.286452374912606889, 0.5740937499999990701, 0.9943595433077454526 ) ) ;
#601 = CARTESIAN_POINT ( 'NONE',  ( 1.535178686935714021, -1.482200347552428354, -0.7644218160218043678 ) ) ;
#602 = CARTESIAN_POINT ( 'NONE',  ( 1.243693608804994799, 0.5773502691896261751, -1.000000000000000000 ) ) ;
#603 = CARTESIAN_POINT ( 'NONE',  ( 4.062487166478435441, -3.118815900630198407E-16, 1.732050807568874973 ) ) ;
#604 = CARTESIAN_POINT ( 'NONE',  ( 6.645827833252663908, 1.175249999999998129, -0.6785309038651062830 ) ) ;
#605 = CARTESIAN_POINT ( 'NONE',  ( 0.3999999999999998002, 2.399000527194541821, -1.843640159924744504 ) ) ;
#606 = CARTESIAN_POINT ( 'NONE',  ( 1.878209896562878845, -1.384483562971848380, -0.6038124480793162219 ) ) ;
#607 = CARTESIAN_POINT ( 'NONE',  ( 1.337345146053449785, -0.2868588066889116717, 1.776071374194495567 ) ) ;
#608 = CARTESIAN_POINT ( 'NONE',  ( 5.416659333225769757, -0.5876249999999995088, 1.017796355797659480 ) ) ;
#609 = CARTESIAN_POINT ( 'NONE',  ( 2.024662400758744596, 0.8215708043834223373, 1.621453167734722145 ) ) ;
#610 = CARTESIAN_POINT ( 'NONE',  ( -1.630173283965466038E-16, -1.659276149645919185, -2.159100468761514069 ) ) ;
#611 = CARTESIAN_POINT ( 'NONE',  ( 4.333333333333333037, -0.7499999999999985567, -1.299038105676656230 ) ) ;
#612 = CARTESIAN_POINT ( 'NONE',  ( 2.248855654986226416, 1.176331577809402118, -0.02141654538741478639 ) ) ;
#613 = ORIENTED_EDGE ( 'NONE', *, *, #393, .T. ) ;
#614 = CARTESIAN_POINT ( 'NONE',  ( 2.224126134455651549, 1.103818868843297496, -0.4828606757028388596 ) ) ;
#615 = B_SPLINE_CURVE_WITH_KNOTS ( 'NONE', 3,
 ( #1174, #324, #1705, #1474, #1434, #2014, #307, #2564, #342, #634, #1455, #1194, #48, #1156, #597, #3372, #362, #614, #2584, #3146, #581, #13, #1994, #89, #2310, #3073, #1416, #3406, #1120, #2239, #3337, #854, #2806, #2673, #959, #2601, #2926, #1772, #2361, #1228, #1266, #3502, #2618, #2068, #412, #3461, #1526, #2327, #980, #2125, #1562, #2089, #2343, #471, #105, #3162, #2653, #2944, #451, #122 ),
 .UNSPECIFIED., .F., .F.,
 ( 4, 2, 2, 2, 2, 2, 2, 2, 2, 2, 2, 2, 2, 2, 2, 2, 2, 2, 2, 2, 2, 2, 2, 2, 2, 2, 2, 2, 2, 4 ),
 ( 0.04742021720922848932, 0.04765278063274663856, 0.04788534405626478085, 0.04835047090330106545, 0.04928072459737363464, 0.05114123198551877997, 0.05486224676180907756, 0.06230427631438967273, 0.07718833541955086308, 0.09207239452471205343, 0.09951442407729264861, 0.1032354388535829254, 0.1069564536298732160, 0.1143984831829357174, 0.1218405127359981632, 0.1367245718421230827, 0.1664926900543729493, 0.1962608082667167408, 0.2260289264790605601, 0.2557970446914045182, 0.2855651629037484485, 0.3153332811160925453, 0.3451013993284365866, 0.3748695175407801283, 0.4046376357531235590, 0.4344057539654674338, 0.4641738721778113086, 0.4939419903901559605, 0.5237101086025006680, 0.5237565047883830927 ),
 .UNSPECIFIED. ) ;
#616 = CARTESIAN_POINT ( 'NONE',  ( 7.104153833145101515, -0.7499999999999996669, 1.299038105676656008 ) ) ;
#617 = CARTESIAN_POINT ( 'NONE',  ( 4.520827833252664796, -0.5876249999999987317, -1.017796355797659924 ) ) ;
#618 = ADVANCED_FACE ( 'NONE', ( #2162 ), #875, .T. ) ;
#619 = CARTESIAN_POINT ( 'NONE',  ( 7.192701458232493295, 1.148187499999999917, -0.6629063622051631910 ) ) ;
#620 = CARTESIAN_POINT ( 'NONE',  ( 2.258122407171283541, 1.162401578813612169, 0.1527712298019300863 ) ) ;
#621 = CARTESIAN_POINT ( 'NONE',  ( 2.161642294832557099, 1.102538702267060966, -0.4824226327489202215 ) ) ;
#622 = CARTESIAN_POINT ( 'NONE',  ( 3.937487166478434997, 1.499999999999998002, 0.000000000000000000 ) ) ;
#623 = DIRECTION ( 'NONE',  ( 1.000000000000000000, 0.000000000000000000, -0.000000000000000000 ) ) ;
#624 = CARTESIAN_POINT ( 'NONE',  ( 0.4000000000000000777, -3.000000000000001332, 0.3926990816987222521 ) ) ;
#625 = CARTESIAN_POINT ( 'NONE',  ( 6.899250000000001215, -1.041069188233228360, 0.5453324745615305558 ) ) ;
#626 = CARTESIAN_POINT ( 'NONE',  ( 2.136084744148420089, 0.6546721010978249211, -1.021990878223954846 ) ) ;
#627 = CARTESIAN_POINT ( 'NONE',  ( 4.749992666559102794, 1.175249999999997907, 0.000000000000000000 ) ) ;
#628 = CARTESIAN_POINT ( 'NONE',  ( 1.996533895750761234, 1.346458983092427175, 1.250505429324349604 ) ) ;
#629 = CARTESIAN_POINT ( 'NONE',  ( 0.5999999999999996447, 2.621359168498513359, 1.510856932818087417 ) ) ;
#630 = CARTESIAN_POINT ( 'NONE',  ( 4.583333333333332149, 0.7499999999999978906, 1.299038105676656674 ) ) ;
#631 = CARTESIAN_POINT ( 'NONE',  ( 2.220396133610567091, 1.077043503322471896, -0.5493967117296659763 ) ) ;
#632 = CARTESIAN_POINT ( 'NONE',  ( 1.477848426800875803, -1.593129231822445036, -0.5928073793464495589 ) ) ;
#633 = ORIENTED_EDGE ( 'NONE', *, *, #438, .T. ) ;
#634 = CARTESIAN_POINT ( 'NONE',  ( 2.248172414211626169, 1.176802877396576852, -0.03429873326910739401 ) ) ;
#635 = CARTESIAN_POINT ( 'NONE',  ( 7.354153833145101515, 0.7499999999999992228, -1.299038105676656230 ) ) ;
#636 = CARTESIAN_POINT ( 'NONE',  ( 6.270827833252664796, 0.5876249999999980655, 1.017796355797660368 ) ) ;
#637 = CARTESIAN_POINT ( 'NONE',  ( 4.244785708245938594, 1.148187499999999250, 0.6629063622051638571 ) ) ;
#638 = CARTESIAN_POINT ( 'NONE',  ( 1.503124999999992273, 1.859360532197756433, 0.07281641200484507970 ) ) ;
#639 = CARTESIAN_POINT ( 'NONE',  ( 6.812494499919329982, -2.387386929081349376E-16, 1.357061807730212788 ) ) ;
#640 = CARTESIAN_POINT ( 'NONE',  ( 1.752319041788194642, 1.439487292467785950, 0.4217578498196346559 ) ) ;
#641 = DIRECTION ( 'NONE',  ( -1.000000000000000000, 0.000000000000000000, 0.000000000000000000 ) ) ;
#642 = CARTESIAN_POINT ( 'NONE',  ( 2.220204440192867335, 1.120271823548535384, 0.3210027097147656883 ) ) ;
#643 = CARTESIAN_POINT ( 'NONE',  ( 5.916659333225770645, -0.5876249999999995088, 1.017796355797659480 ) ) ;
#644 = CARTESIAN_POINT ( 'NONE',  ( -1.624208816162409998E-16, 2.359223251648661090, 1.359771239536273102 ) ) ;
#645 = CARTESIAN_POINT ( 'NONE',  ( 5.562494499919330870, 9.170989416121780431E-17, -1.357061807730212788 ) ) ;
#646 = CARTESIAN_POINT ( 'NONE',  ( 4.083333333333333037, 0.7499999999999978906, 1.299038105676656674 ) ) ;
#647 = CARTESIAN_POINT ( 'NONE',  ( 2.206550455603020655, 0.9419297432433919592, -0.7804480573561098922 ) ) ;
#648 = CARTESIAN_POINT ( 'NONE',  ( 1.449747958283601257, -1.719688614248264580, -0.004909788477535666391 ) ) ;
#649 = VERTEX_POINT ( 'NONE', #2270 ) ;
#650 = CARTESIAN_POINT ( 'NONE',  ( 1.278716660926762838, -1.058475493514313692, -0.1666666666666664354 ) ) ;
#651 = CARTESIAN_POINT ( 'NONE',  ( 6.729153833145101515, -1.499999999999997558, -0.8660254037844379305 ) ) ;
#652 = CARTESIAN_POINT ( 'NONE',  ( 6.020827833252663908, -0.5876249999999987317, -1.017796355797659924 ) ) ;
#653 = CARTESIAN_POINT ( 'NONE',  ( 1.999414062497622213, 1.500370588567790486, -0.01104719171322658157 ) ) ;
#654 = CARTESIAN_POINT ( 'NONE',  ( 4.562494499919330870, 9.016133996359181364E-17, -1.357061807730212788 ) ) ;
#655 = CARTESIAN_POINT ( 'NONE',  ( 1.748512932934144892, 1.437196256934792915, 0.4295029573839173609 ) ) ;
#656 = CARTESIAN_POINT ( 'NONE',  ( 6.291659333225769757, 1.175249999999997463, 0.6785309038651070601 ) ) ;
#657 = CARTESIAN_POINT ( 'NONE',  ( 2.122129871268585877, 0.4729166559847107765, -1.135249494399779513 ) ) ;
#658 = CARTESIAN_POINT ( 'NONE',  ( 2.833325999892436275, 0.5876249999999980655, 1.017796355797660368 ) ) ;
#659 = CARTESIAN_POINT ( 'NONE',  ( -1.541006342918948975E-16, 2.158539688206706941, -1.659735976201494934 ) ) ;
#660 = CARTESIAN_POINT ( 'NONE',  ( -1.624208816162412217E-16, 2.359223251648738362, -1.359771239536081033 ) ) ;
#661 = ADVANCED_FACE ( 'NONE', ( #1717, #2525 ), #977, .F. ) ;
#662 = CARTESIAN_POINT ( 'NONE',  ( 2.183848719927134585, 1.177167810338800580, -0.06876567253062861040 ) ) ;
#663 = CARTESIAN_POINT ( 'NONE',  ( 2.455546399634114252, 1.470955070009506427, 0.3393296271571970557 ) ) ;
#664 = CARTESIAN_POINT ( 'NONE',  ( 1.786948168261715653, 0.6700570036450804734, 1.321331317276464468 ) ) ;
#665 = EDGE_LOOP ( 'NONE', ( #1653, #1829, #3481 ) ) ;
#666 = CARTESIAN_POINT ( 'NONE',  ( 2.210231153494570222, -0.6316751443702902646, -1.371891205625726418 ) ) ;
#667 = CARTESIAN_POINT ( 'NONE',  ( 3.979153833145101959, 1.499999999999997558, 0.8660254037844383745 ) ) ;
#668 = CARTESIAN_POINT ( 'NONE',  ( 5.812494499919329982, -2.402872471057609529E-16, 1.357061807730213010 ) ) ;
#669 = CARTESIAN_POINT ( 'NONE',  ( 4.041659333225769757, -1.175249999999997463, -0.6785309038651067270 ) ) ;
#670 = CARTESIAN_POINT ( 'NONE',  ( 1.906250000000062172, 0.6047516979310476604, -1.455765876674453896 ) ) ;
#671 = CARTESIAN_POINT ( 'NONE',  ( 4.312494499919330870, -2.426100784021998526E-16, 1.357061807730212788 ) ) ;
#672 = PLANE ( 'NONE',  #1504 ) ;
#673 = CARTESIAN_POINT ( 'NONE',  ( 6.708325999892436720, 1.175249999999998129, -0.6785309038651062830 ) ) ;
#674 = CARTESIAN_POINT ( 'NONE',  ( 1.775471340535798692, 1.080668365791664032, 1.003469642696958930 ) ) ;
#675 = CARTESIAN_POINT ( 'NONE',  ( 2.083676052112251487, -0.8133740029688032447, -1.037510588689797952 ) ) ;
#676 = CARTESIAN_POINT ( 'NONE',  ( 2.874992666559104126, -2.448361279003449449E-16, 1.357061807730212788 ) ) ;
#677 = LINE ( 'NONE', #1502, #337 ) ;
#678 = CARTESIAN_POINT ( 'NONE',  ( 0.9999999999999996669, 1.510856932818115173, -2.621359168498506254 ) ) ;
#679 = CARTESIAN_POINT ( 'NONE',  ( 6.854161166585997833, -0.5876249999999995088, 1.017796355797659480 ) ) ;
#680 = EDGE_CURVE ( 'NONE', #1103, #1397, #3007, .T. ) ;
#681 = DIRECTION ( 'NONE',  ( 0.000000000000000000, -1.000000000000000000, 0.000000000000000000 ) ) ;
#682 = AXIS2_PLACEMENT_3D ( 'NONE', #3203, #1268, #2928 ) ;
#683 = CARTESIAN_POINT ( 'NONE',  ( 0.3999999999999998002, -2.399000520846128026, -1.843640166273157632 ) ) ;
#684 = ORIENTED_EDGE ( 'NONE', *, *, #1418, .T. ) ;
#685 = CARTESIAN_POINT ( 'NONE',  ( 2.094554202533019716, -1.505520979706911788, -0.1197740793546909488 ) ) ;
#686 = CARTESIAN_POINT ( 'NONE',  ( 4.937487166478434553, 1.499999999999998002, 0.000000000000000000 ) ) ;
#687 = CARTESIAN_POINT ( 'NONE',  ( 0.9999999999999995559, -1.909188309203672995, -1.909188309203683875 ) ) ;
#688 = CARTESIAN_POINT ( 'NONE',  ( 2.183848719927134585, 1.177167810338800580, -0.06876567253062861040 ) ) ;
#689 = AXIS2_PLACEMENT_3D ( 'NONE', #2589, #1423, #623 ) ;
#690 = CARTESIAN_POINT ( 'NONE',  ( 6.416659333225769757, -0.5876249999999995088, 1.017796355797659480 ) ) ;
#691 = CARTESIAN_POINT ( 'NONE',  ( 2.000064443682146642, 1.499954788657923865, 0.001214729002292765482 ) ) ;
#692 = CARTESIAN_POINT ( 'NONE',  ( 3.312494499919330870, -2.441586325998258680E-16, 1.357061807730212788 ) ) ;
#693 = CARTESIAN_POINT ( 'NONE',  ( 6.687494499919329982, 1.175249999999997907, 0.000000000000000000 ) ) ;
#694 = FACE_OUTER_BOUND ( 'NONE', #958, .T. ) ;
#695 = CARTESIAN_POINT ( 'NONE',  ( 1.438295097321299121, -1.608941994024007505, 0.5876978573757947188 ) ) ;
#696 = CARTESIAN_POINT ( 'NONE',  ( 4.208325999892436720, 1.175249999999998129, -0.6785309038651062830 ) ) ;
#697 = CARTESIAN_POINT ( 'NONE',  ( -1.481878274840832715E-16, -1.659735976200989338, -2.158539688207353979 ) ) ;
#698 = CARTESIAN_POINT ( 'NONE',  ( 0.9999999999999996669, -2.399000520846104934, 1.843640166273104342 ) ) ;
#699 =( BOUNDED_SURFACE ( )  B_SPLINE_SURFACE ( 1, 2, ( 
 ( #1482, #2057, #932, #1748, #2097, #1254, #150, #3432, #3415, #1200, #2643, #2895, #401, #673, #1801, #3469, #1763, #3137, #915, #3208, #1779, #3152, #1516, #656, #2627, #714, #949, #1819, #132, #2879, #384, #1535, #1499, #1237, #2591, #2351, #3450, #968, #2078, #987, #2607, #112, #2317, #1218, #3189, #2914, #420, #439, #1552, #79, #2301, #3396, #2024, #1105, #1839, #2496, #1958, #750, #3591, #1571, #290, #1655, #458, #3322, #2408, #1856, #1310, #2968, #478, #2950, #14, #2680, #2134, #1589, #2426, #2697, #2389, #1087, #2240, #1673, #2201, #1291, #582, #168, #3225, #2768, #3058, #564, #186, #1399, #1274, #2787, #1121, #3509, #1023, #2514, #820, #3242, #2660, #3338, #204, #1938, #1922, #1004, #3490, #855, #547, #3573, #3074, #2115, #3038, #272, #732, #1378, #2221, #837, #3163, #943, #2824, #2565, #3147 ),
 ( #1742, #1976, #635, #908, #2859, #2015, #2875, #890, #616, #1706, #325, #3128, #2295, #1175, #1211, #2257, #363, #651, #308, #2841, #90, #872, #1475, #2050, #3373, #2585, #598, #379, #1195, #3092, #2311, #1435, #1995, #343, #3109, #1723, #2547, #2602, #49, #1157, #1456, #70, #3390, #1417, #3408, #2328, #1758, #926, #2276, #1692, #2807, #3354, #2037, #1493, #106, #3426, #2532, #30, #1136, #1583, #686, #2069, #1850, #162, #960, #2146, #1303, #3180, #3503, #2383, #2619, #1511, #743, #2108, #413, #2420, #3519, #1793, #726, #1034, #3462, #2962, #2402, #667, #1773, #2907, #1546, #2126, #395, #3443, #3235, #2890, #1831, #981, #1016, #1527, #2654, #2637, #2344, #2691, #472, #198, #432, #143, #1248, #123, #3483, #998, #1267, #1229, #2362, #2090, #3202, #707, #1813, #3218, #2927, #2945, #452, #1564, #2674 ) ),
 .UNSPECIFIED., .F., .F., .F. ) 
 B_SPLINE_SURFACE_WITH_KNOTS ( ( 2, 2 ),
 ( 3, 2, 2, 2, 2, 2, 2, 2, 2, 2, 2, 2, 2, 2, 2, 2, 2, 2, 2, 2, 2, 2, 2, 2, 2, 2, 2, 2, 2, 2, 2, 2, 2, 2, 2, 2, 2, 2, 2, 2, 2, 2, 2, 2, 2, 2, 2, 2, 2, 2, 2, 2, 2, 2, 2, 2, 2, 2, 2, 2, 3 ),
 ( 0.000000000000000000, 1.000000000000000000 ),
 ( 0.000000000000000000, 0.01666666666666666644, 0.03333333333333333287, 0.05000000000000000278, 0.06666666666666666574, 0.08333333333333332871, 0.1000000000000000056, 0.1166666666666666685, 0.1333333333333333315, 0.1499999999999999944, 0.1666666666666666574, 0.1833333333333333204, 0.2000000000000000111, 0.2166666666666666741, 0.2333333333333333370, 0.2500000000000000000, 0.2666666666666666630, 0.2833333333333333259, 0.2999999999999999889, 0.3166666666666666519, 0.3333333333333333148, 0.3499999999999999778, 0.3666666666666666408, 0.3833333333333333592, 0.4000000000000000222, 0.4166666666666666852, 0.4333333333333333481, 0.4500000000000000111, 0.4666666666666666741, 0.4833333333333333370, 0.5000000000000000000, 0.5166666666666667185, 0.5333333333333333259, 0.5500000000000000444, 0.5666666666666666519, 0.5833333333333333703, 0.5999999999999999778, 0.6166666666666666963, 0.6333333333333333037, 0.6500000000000000222, 0.6666666666666666297, 0.6833333333333333481, 0.6999999999999999556, 0.7166666666666666741, 0.7333333333333332815, 0.7500000000000000000, 0.7666666666666667185, 0.7833333333333333259, 0.8000000000000000444, 0.8166666666666666519, 0.8333333333333333703, 0.8499999999999999778, 0.8666666666666666963, 0.8833333333333333037, 0.9000000000000000222, 0.9166666666666666297, 0.9333333333333333481, 0.9499999999999999556, 0.9666666666666666741, 0.9833333333333332815, 1.000000000000000000 ),
 .UNSPECIFIED. ) 
 GEOMETRIC_REPRESENTATION_ITEM ( )  RATIONAL_B_SPLINE_SURFACE ( (
 ( 1.000000000000000000, 0.8660254037844387076, 1.000000000000000000, 0.8660254037844387076, 1.000000000000000000, 0.8660254037844387076, 1.000000000000000000, 0.8660254037844387076, 1.000000000000000000, 0.8660254037844387076, 1.000000000000000000, 0.8660254037844387076, 1.000000000000000000, 0.8660254037844387076, 1.000000000000000000, 0.8660254037844387076, 1.000000000000000000, 0.8660254037844387076, 1.000000000000000000, 0.8660254037844387076, 1.000000000000000000, 0.8660254037844387076, 1.000000000000000000, 0.8660254037844387076, 1.000000000000000000, 0.8660254037844387076, 1.000000000000000000, 0.8660254037844387076, 1.000000000000000000, 0.8660254037844387076, 1.000000000000000000, 0.8660254037844387076, 1.000000000000000000, 0.8660254037844387076, 1.000000000000000000, 0.8660254037844387076, 1.000000000000000000, 0.8660254037844387076, 1.000000000000000000, 0.8660254037844387076, 1.000000000000000000, 0.8660254037844387076, 1.000000000000000000, 0.8660254037844387076, 1.000000000000000000, 0.8660254037844387076, 1.000000000000000000, 0.8660254037844387076, 1.000000000000000000, 0.8660254037844387076, 1.000000000000000000, 0.8660254037844387076, 1.000000000000000000, 0.8660254037844387076, 1.000000000000000000, 0.8660254037844387076, 1.000000000000000000, 0.8660254037844387076, 1.000000000000000000, 0.8660254037844387076, 1.000000000000000000, 0.8660254037844387076, 1.000000000000000000, 0.8660254037844387076, 1.000000000000000000, 0.8660254037844387076, 1.000000000000000000, 0.8660254037844387076, 1.000000000000000000, 0.8660254037844387076, 1.000000000000000000, 0.8660254037844387076, 1.000000000000000000, 0.8660254037844387076, 1.000000000000000000, 0.8660254037844387076, 1.000000000000000000, 0.8660254037844387076, 1.000000000000000000, 0.8660254037844387076, 1.000000000000000000, 0.8660254037844387076, 1.000000000000000000, 0.8660254037844387076, 1.000000000000000000, 0.8660254037844387076, 1.000000000000000000, 0.8660254037844387076, 1.000000000000000000, 0.8660254037844387076, 1.000000000000000000, 0.8660254037844387076, 1.000000000000000000, 0.8660254037844387076, 1.000000000000000000, 0.8660254037844387076, 1.000000000000000000, 0.8660254037844387076, 1.000000000000000000, 0.8660254037844387076, 1.000000000000000000, 0.8660254037844387076, 1.000000000000000000, 0.8660254037844387076, 1.000000000000000000, 0.8660254037844387076, 1.000000000000000000, 0.8660254037844387076, 1.000000000000000000, 0.8660254037844387076, 1.000000000000000000, 0.8660254037844387076, 1.000000000000000000, 0.8660254037844387076, 1.000000000000000000, 0.8660254037844387076, 1.000000000000000000, 0.8660254037844387076, 1.000000000000000000, 0.8660254037844387076, 1.000000000000000000),
 ( 1.000000000000000000, 0.8660254037844387076, 1.000000000000000000, 0.8660254037844387076, 1.000000000000000000, 0.8660254037844387076, 1.000000000000000000, 0.8660254037844387076, 1.000000000000000000, 0.8660254037844387076, 1.000000000000000000, 0.8660254037844387076, 1.000000000000000000, 0.8660254037844387076, 1.000000000000000000, 0.8660254037844387076, 1.000000000000000000, 0.8660254037844387076, 1.000000000000000000, 0.8660254037844387076, 1.000000000000000000, 0.8660254037844387076, 1.000000000000000000, 0.8660254037844387076, 1.000000000000000000, 0.8660254037844387076, 1.000000000000000000, 0.8660254037844387076, 1.000000000000000000, 0.8660254037844387076, 1.000000000000000000, 0.8660254037844387076, 1.000000000000000000, 0.8660254037844387076, 1.000000000000000000, 0.8660254037844387076, 1.000000000000000000, 0.8660254037844387076, 1.000000000000000000, 0.8660254037844387076, 1.000000000000000000, 0.8660254037844387076, 1.000000000000000000, 0.8660254037844387076, 1.000000000000000000, 0.8660254037844387076, 1.000000000000000000, 0.8660254037844387076, 1.000000000000000000, 0.8660254037844387076, 1.000000000000000000, 0.8660254037844387076, 1.000000000000000000, 0.8660254037844387076, 1.000000000000000000, 0.8660254037844387076, 1.000000000000000000, 0.8660254037844387076, 1.000000000000000000, 0.8660254037844387076, 1.000000000000000000, 0.8660254037844387076, 1.000000000000000000, 0.8660254037844387076, 1.000000000000000000, 0.8660254037844387076, 1.000000000000000000, 0.8660254037844387076, 1.000000000000000000, 0.8660254037844387076, 1.000000000000000000, 0.8660254037844387076, 1.000000000000000000, 0.8660254037844387076, 1.000000000000000000, 0.8660254037844387076, 1.000000000000000000, 0.8660254037844387076, 1.000000000000000000, 0.8660254037844387076, 1.000000000000000000, 0.8660254037844387076, 1.000000000000000000, 0.8660254037844387076, 1.000000000000000000, 0.8660254037844387076, 1.000000000000000000, 0.8660254037844387076, 1.000000000000000000, 0.8660254037844387076, 1.000000000000000000, 0.8660254037844387076, 1.000000000000000000, 0.8660254037844387076, 1.000000000000000000, 0.8660254037844387076, 1.000000000000000000, 0.8660254037844387076, 1.000000000000000000, 0.8660254037844387076, 1.000000000000000000, 0.8660254037844387076, 1.000000000000000000, 0.8660254037844387076, 1.000000000000000000, 0.8660254037844387076, 1.000000000000000000, 0.8660254037844387076, 1.000000000000000000, 0.8660254037844387076, 1.000000000000000000, 0.8660254037844387076, 1.000000000000000000, 0.8660254037844387076, 1.000000000000000000, 0.8660254037844387076, 1.000000000000000000, 0.8660254037844387076, 1.000000000000000000, 0.8660254037844387076, 1.000000000000000000) ) ) 
 REPRESENTATION_ITEM ( '' )  SURFACE ( )  );
#700 = CARTESIAN_POINT ( 'NONE',  ( 5.145827833252664796, 1.175249999999998129, -0.6785309038651062830 ) ) ;
#701 = CARTESIAN_POINT ( 'NONE',  ( 2.416666666666666075, 0.7499999999999991118, -1.299038105676656008 ) ) ;
#702 = CARTESIAN_POINT ( 'NONE',  ( 5.526034791565828108, -1.148187499999999472, -0.6629063622051637461 ) ) ;
#703 = CARTESIAN_POINT ( 'NONE',  ( 1.793199624890026378, 1.406097406770744351, 0.5866499221090955007 ) ) ;
#704 = FACE_OUTER_BOUND ( 'NONE', #178, .T. ) ;
#705 = EDGE_LOOP ( 'NONE', ( #47 ) ) ;
#706 = CARTESIAN_POINT ( 'NONE',  ( 2.408846030021815743, 1.468921865748307409, -0.3519601157538506664 ) ) ;
#707 = CARTESIAN_POINT ( 'NONE',  ( 2.729153833145101071, -1.499999999999997558, -0.8660254037844379305 ) ) ;
#708 = B_SPLINE_CURVE_WITH_KNOTS ( 'NONE', 3,
 ( #180, #1286, #2747, #3535, #1119, #287 ),
 .UNSPECIFIED., .F., .F.,
 ( 4, 2, 4 ),
 ( 2.380773289366088456E-07, 0.0005833337382474882132, 0.001166429399166039708 ),
 .UNSPECIFIED. ) ;
#709 = CARTESIAN_POINT ( 'NONE',  ( 2.479161166585997833, -1.175249999999997463, -0.6785309038651067270 ) ) ;
#710 = DIRECTION ( 'NONE',  ( -1.000000000000000000, 0.000000000000000000, 0.000000000000000000 ) ) ;
#711 = CARTESIAN_POINT ( 'NONE',  ( 6.249992666559103682, 1.175249999999997907, 0.000000000000000000 ) ) ;
#712 = CARTESIAN_POINT ( 'NONE',  ( 1.756250000000050493, -1.677145119257312578, -0.1318523337496008974 ) ) ;
#713 = CARTESIAN_POINT ( 'NONE',  ( 2.854161166585997833, -0.5876249999999995088, 1.017796355797659480 ) ) ;
#714 = CARTESIAN_POINT ( 'NONE',  ( 6.208325999892436720, 1.175249999999998129, -0.6785309038651062830 ) ) ;
#715 = CARTESIAN_POINT ( 'NONE',  ( 1.606884786106923313, 0.3153327536896922134, -1.562312430415295328 ) ) ;
#716 = CARTESIAN_POINT ( 'NONE',  ( 2.139878302999441040, 0.05314713523559593672, -1.277525391503627761 ) ) ;
#717 = CARTESIAN_POINT ( 'NONE',  ( 3.333325999892436720, 0.5876249999999980655, 1.017796355797660368 ) ) ;
#718 = CARTESIAN_POINT ( 'NONE',  ( -1.523580548929675297E-16, 1.033245267385743293, -2.494474737780473905 ) ) ;
#719 = CARTESIAN_POINT ( 'NONE',  ( 0.9999999999999995559, 1.843640166273119441, 2.399000520846166218 ) ) ;
#720 = CARTESIAN_POINT ( 'NONE',  ( 2.187604117730211684, 1.175131597912719927, 0.002063507208666126060 ) ) ;
#721 = CARTESIAN_POINT ( 'NONE',  ( 6.442701458232494183, -1.148187499999999917, 0.6629063622051628579 ) ) ;
#722 = CARTESIAN_POINT ( 'NONE',  ( 1.409240794870532554, -0.4959899752704056142, 1.724923045900407459 ) ) ;
#723 = CARTESIAN_POINT ( 'NONE',  ( 1.243693608804994799, -0.5773502691896258421, -1.000000000000000000 ) ) ;
#724 = EDGE_LOOP ( 'NONE', ( #1975, #2380, #2172, #1433 ) ) ;
#725 = CARTESIAN_POINT ( 'NONE',  ( 2.017476851286736483, -1.222963571729102750, 0.8861500567587443644 ) ) ;
#726 = CARTESIAN_POINT ( 'NONE',  ( 4.187487166478435441, -1.499999999999998002, -1.836970198721027469E-16 ) ) ;
#727 = CARTESIAN_POINT ( 'NONE',  ( 0.9999999999999995559, -2.158539688206661200, -1.659735976201398344 ) ) ;
#728 = CARTESIAN_POINT ( 'NONE',  ( 0.5999999999999996447, -1.843640159924744282, -2.399000527194541821 ) ) ;
#729 = CARTESIAN_POINT ( 'NONE',  ( 5.958325999892436720, -1.175249999999998129, 0.6785309038651060609 ) ) ;
#730 = CARTESIAN_POINT ( 'NONE',  ( 2.187431721566807763, 1.175317206424233207, -0.001181818288464360966 ) ) ;
#731 = CARTESIAN_POINT ( 'NONE',  ( 4.229161166585996945, 1.175249999999997463, 0.6785309038651070601 ) ) ;
#732 = CARTESIAN_POINT ( 'NONE',  ( 2.583325999892437164, -0.5876249999999987317, -1.017796355797659924 ) ) ;
#733 = CARTESIAN_POINT ( 'NONE',  ( 2.225427423250467385, 1.145963840978489134, -0.1688346464940633229 ) ) ;
#734 = CARTESIAN_POINT ( 'NONE',  ( 2.624992666559103682, 8.716101336663381235E-17, -1.357061807730212788 ) ) ;
#735 = CARTESIAN_POINT ( 'NONE',  ( 0.08930874507954128516, 0.09762658564734352784, 1.000000000000000000 ) ) ;
#736 = CARTESIAN_POINT ( 'NONE',  ( 0.5999999999999996447, -0.3926990727206982057, -2.999999999999999556 ) ) ;
#737 = CARTESIAN_POINT ( 'NONE',  ( 2.562494499919331314, 8.706423156833986927E-17, -1.357061807730212788 ) ) ;
#738 = CARTESIAN_POINT ( 'NONE',  ( 2.375000000000000444, 1.097353400918522252E-16, -1.732050807568874973 ) ) ;
#739 = CARTESIAN_POINT ( 'NONE',  ( 4.859368124899161145, -2.360228514750682943E-16, 1.325812724410326382 ) ) ;
#740 = CARTESIAN_POINT ( 'NONE',  ( 1.680798119381175626, 0.8415877758288003996, -1.364293202267334193 ) ) ;
#741 = CARTESIAN_POINT ( 'NONE',  ( 1.299962541276021177, 0.1930588004167419491, -1.000000000000000000 ) ) ;
#742 = CARTESIAN_POINT ( 'NONE',  ( 2.287393943456604628, 0.4105978703849967881, -1.453508007989101403 ) ) ;
#743 = CARTESIAN_POINT ( 'NONE',  ( 4.437487166478434553, 1.499999999999998002, 0.000000000000000000 ) ) ;
#744 = CARTESIAN_POINT ( 'NONE',  ( 2.229161166585997833, 1.175249999999997463, 0.6785309038651070601 ) ) ;
#745 = CARTESIAN_POINT ( 'NONE',  ( 1.768315300257010447, 0.9666152184065074371, 1.140002442754894485 ) ) ;
#746 = B_SPLINE_CURVE_WITH_KNOTS ( 'NONE', 3,
 ( #1848, #470, #1789, #1581, #196, #2977 ),
 .UNSPECIFIED., .F., .F.,
 ( 4, 2, 4 ),
 ( 0.001028739123826319293, 0.001611719580396679891, 0.002194700036967040489 ),
 .UNSPECIFIED. ) ;
#747 = CARTESIAN_POINT ( 'NONE',  ( 5.041659333225770645, -1.175249999999997463, -0.6785309038651067270 ) ) ;
#748 = CARTESIAN_POINT ( 'NONE',  ( 1.315625000000029132, -1.351359614597567926, -1.464611098722221616 ) ) ;
#749 = CARTESIAN_POINT ( 'NONE',  ( 4.786452374912606444, 0.5740937499999990701, 0.9943595433077454526 ) ) ;
#750 = CARTESIAN_POINT ( 'NONE',  ( 4.874992666559102794, -2.417390195050930128E-16, 1.357061807730212788 ) ) ;
#751 = CARTESIAN_POINT ( 'NONE',  ( 2.236618722191355157, 1.145150896341155411, 0.04232666235645552583 ) ) ;
#752 = CARTESIAN_POINT ( 'NONE',  ( 1.774563437594434356, 1.516774979947178581, 0.2467775088104346981 ) ) ;
#753 = CARTESIAN_POINT ( 'NONE',  ( 6.917113620194885293, -0.9706150212219112339, 0.6317547871499790135 ) ) ;
#754 = CARTESIAN_POINT ( 'NONE',  ( 4.270820499811768478, -0.7499999999999986677, -1.299038105676656452 ) ) ;
#755 = CARTESIAN_POINT ( 'NONE',  ( 6.740630591132028115, 0.3853223218438593944, -1.280124724093425037 ) ) ;
#756 = CARTESIAN_POINT ( 'NONE',  ( 3.979161166585996945, -1.175249999999997907, -0.6785309038651068381 ) ) ;
#757 = CARTESIAN_POINT ( 'NONE',  ( 2.119486879213928976, 0.6689529830836076219, -1.044341863604206555 ) ) ;
#758 = CARTESIAN_POINT ( 'NONE',  ( 2.399856469771109335, 1.371523509031637333, -0.6979400686430866640 ) ) ;
#759 = CARTESIAN_POINT ( 'NONE',  ( -8.164656124110223655E-18, 0.5773502691896263972, -1.000000000000000000 ) ) ;
#760 = CARTESIAN_POINT ( 'NONE',  ( 6.999999999999999112, 1.083987938338183302E-17, 0.000000000000000000 ) ) ;
#761 = CARTESIAN_POINT ( 'NONE',  ( 6.041666666666666075, 1.499999999999997335, 0.8660254037844381525 ) ) ;
#762 = CARTESIAN_POINT ( 'NONE',  ( 0.08944074098031250253, -0.7684029113979590209, -0.6690871167748880799 ) ) ;
#763 = CARTESIAN_POINT ( 'NONE',  ( 0.5999999999999995337, -0.3926990816987228072, -2.999999999999999556 ) ) ;
#764 = CARTESIAN_POINT ( 'NONE',  ( 3.249992666559103238, 1.175249999999997907, 0.000000000000000000 ) ) ;
#765 = CARTESIAN_POINT ( 'NONE',  ( 1.109374996918916834, 0.4175614309526050616, 2.097234731814793918 ) ) ;
#766 = CARTESIAN_POINT ( 'NONE',  ( 6.119785708245940370, 0.5740937499999999583, -0.9943595433077447865 ) ) ;
#767 = CARTESIAN_POINT ( 'NONE',  ( 2.087672446427685014, -0.5337693965629234372, -1.160506859901832222 ) ) ;
#768 = CARTESIAN_POINT ( 'NONE',  ( 1.821299815931507471, 1.101708371864182912, 1.023427264473321108 ) ) ;
#769 = CARTESIAN_POINT ( 'NONE',  ( 6.749992666559102794, 1.175249999999997907, 0.000000000000000000 ) ) ;
#770 = CARTESIAN_POINT ( 'NONE',  ( 6.062487166478435441, -3.087844816677678593E-16, 1.732050807568874973 ) ) ;
#771 = CARTESIAN_POINT ( 'NONE',  ( 6.587108794799501510, -0.5724061408348969371, 1.419705010878113960 ) ) ;
#772 = CARTESIAN_POINT ( 'NONE',  ( 4.645827833252663908, 1.175249999999998129, -0.6785309038651062830 ) ) ;
#773 = CARTESIAN_POINT ( 'NONE',  ( 2.178340976502597393, 1.172361888157662957, -0.1728530354954513348 ) ) ;
#774 = EDGE_CURVE ( 'NONE', #3161, #2805, #24, .T. ) ;
#775 = CARTESIAN_POINT ( 'NONE',  ( 2.437628265801881078, 1.499856949176719079, 0.002656748354130522224 ) ) ;
#776 = CARTESIAN_POINT ( 'NONE',  ( 1.626303258728256651E-16, 0.3926990727206931542, 3.000000000000000000 ) ) ;
#777 = CARTESIAN_POINT ( 'NONE',  ( 5.291666666666666075, -1.499999999999997335, -0.8660254037844378194 ) ) ;
#778 = CARTESIAN_POINT ( 'NONE',  ( 5.416666666666666075, 0.7499999999999991118, -1.299038105676656008 ) ) ;
#779 = CARTESIAN_POINT ( 'NONE',  ( 0.9999999999999995559, -2.359433474564503808, 1.359077177854698393 ) ) ;
#780 = CARTESIAN_POINT ( 'NONE',  ( 0.5999999999999997558, -2.621359165062774110, -1.510856941112698859 ) ) ;
#781 = CARTESIAN_POINT ( 'NONE',  ( 3.374992666559103238, -2.440618508015319126E-16, 1.357061807730213010 ) ) ;
#782 = CARTESIAN_POINT ( 'NONE',  ( 2.187380905246622653, 1.175370022539085957, -0.002138576996384540518 ) ) ;
#783 = CARTESIAN_POINT ( 'NONE',  ( 5.786452374912606444, 0.5740937499999990701, 0.9943595433077454526 ) ) ;
#784 = CARTESIAN_POINT ( 'NONE',  ( 2.232591542034628507, 1.149726967849778347, -0.03347464110333971121 ) ) ;
#785 = CARTESIAN_POINT ( 'NONE',  ( 1.549750938962654478, -1.507006159724934680, -0.7770571252203085644 ) ) ;
#786 = CARTESIAN_POINT ( 'NONE',  ( 5.270820499811768478, -0.7499999999999986677, -1.299038105676656452 ) ) ;
#787 = FACE_OUTER_BOUND ( 'NONE', #2190, .T. ) ;
#788 = ORIENTED_EDGE ( 'NONE', *, *, #2330, .F. ) ;
#789 = B_SPLINE_CURVE_WITH_KNOTS ( 'NONE', 3,
 ( #2229, #3, #1876, #242, #2208, #482, #2155, #826, #2702, #1891, #1347, #2430, #2450, #500, #1333, #2755, #2774, #1927, #3044, #518, #1611, #1093, #755, #1660, #278, #3545, #1386, #2502, #1111, #1860, #3261, #1076, #1594, #1060, #2189, #208, #2171, #3293, #771, #3276 ),
 .UNSPECIFIED., .F., .F.,
 ( 4, 2, 2, 2, 2, 2, 2, 2, 2, 2, 2, 2, 2, 2, 2, 2, 2, 2, 2, 4 ),
 ( 1.316502281886040308E-17, 0.0002683743827095342997, 0.0005367487654190553721, 0.001073497530838097517, 0.001341871913547618535, 0.001610246296257139336, 0.001878620678966660355, 0.002146995061676180722, 0.002683743827095222325, 0.003220492592514264361, 0.003757241357933305964, 0.004025615740642826332, 0.004293990123352346699, 0.004830738888771388302, 0.005367487654190429038, 0.005904236419609470640, 0.006172610802318991875, 0.006440985185028512243, 0.007514482715866597183, 0.008587980246704681256 ),
 .UNSPECIFIED. ) ;
#790 = CARTESIAN_POINT ( 'NONE',  ( 4.479161166585997833, -1.175249999999997907, -0.6785309038651068381 ) ) ;
#791 = CARTESIAN_POINT ( 'NONE',  ( 1.758848545109967798, 1.100420128257229679, 1.021358381729111420 ) ) ;
#792 = CARTESIAN_POINT ( 'NONE',  ( 4.359368124899160257, -2.367971285738812774E-16, 1.325812724410326382 ) ) ;
#793 = CARTESIAN_POINT ( 'NONE',  ( 2.437194189281167489, 1.500283818834412752, -0.005517445142137971693 ) ) ;
#794 = B_SPLINE_SURFACE_WITH_KNOTS ( 'NONE', 1, 3, ( 
 ( #1142, #1678, #2298, #2263, #1126, #2020, #2244, #1659, #277, #35, #1385, #3342, #859, #1963, #3079, #586, #1696, #2811, #1422, #3447, #691, #965, #1817, #3429, #3166, #653, #2877, #2074, #1234, #129, #166, #1197, #3185, #3206, #2861, #1776, #2640, #3412, #417, #3488, #2331, #1532, #3149, #2932, #1798, #2039, #1252, #381, #945, #2892, #2054, #670, #930, #1550, #1760, #109, #398, #1514, #2624, #367, #2348, #1272, #712, #2911, #1496, #2113, #1745, #2313, #148, #985, #2095, #2604, #436, #1479, #2658, #2387, #1215, #2366, #1002, #3467, #638, #2588, #93, #2132, #2459, #1327, #1569, #456, #3288, #1055, #2966, #1361, #255, #748, #3272, #2476, #2424, #1904, #1342, #1088, #3574, #1854, #494, #1072, #2948, #2406, #2184, #2678, #765, #2715 ),
 ( #3000, #1638, #800, #3020, #2982, #476, #3239, #531, #2442, #3539, #220, #3555, #2751, #1308, #184, #1039, #1606, #2150, #1289, #2166, #3223, #730, #782, #1587, #1836, #3507, #1021, #1886, #2695, #202, #3523, #3256, #1871, #512, #1621, #2734, #236, #3423, #1739, #2497, #120, #2887, #1106, #1491, #360, #548, #3039, #2325, #87, #1939, #391, #1507, #3323, #2309, #2616, #1400, #940, #376, #2203, #3307, #838, #3125, #103, #1923, #1380, #1208, #1656, #3387, #2856, #2769, #291, #3059, #565, #2034, #664, #2048, #3160, #2012, #1674, #2222, #1770, #1472, #2582, #1191, #2598, #821, #2515, #273, #3592, #2788, #3404, #67, #923, #1172, #3144, #2292, #632, #905, #648, #1756, #2872, #2689, #1543, #2398, #1524, #1283, #449, #3500, #1560, #2418 ) ),
 .UNSPECIFIED., .F., .F., .F.,
 ( 2, 2 ),
 ( 4, 2, 2, 2, 2, 2, 2, 2, 2, 2, 2, 2, 2, 2, 2, 2, 2, 2, 2, 2, 2, 2, 2, 2, 2, 2, 2, 2, 2, 2, 2, 2, 2, 2, 2, 2, 2, 2, 2, 2, 2, 2, 2, 2, 2, 2, 2, 2, 2, 2, 2, 2, 2, 2, 4 ),
 ( 0.000000000000000000, 1.000000000000000000 ),
 ( 0.000000000000000000, 0.02371010860461466099, 0.03556516290692199322, 0.03852892648249882368, 0.04149269005807565414, 0.04445645363365248459, 0.04593833542144090676, 0.04667927631533511090, 0.04704974676228221298, 0.04723498198575576401, 0.04742021720922932199, 0.04765278063274747122, 0.04788534405626561352, 0.04835047090330189812, 0.04928072459737446731, 0.05114123198551960570, 0.05486224676180989634, 0.06230427631439047764, 0.07718833541955164024, 0.09207239452471280283, 0.09951442407729338413, 0.1032354388535836609, 0.1069564536298739515, 0.1143984831829364113, 0.1218405127359988571, 0.1367245718421237488, 0.1664926900543735599, 0.1962608082667173237, 0.2260289264790610875, 0.2557970446914049623, 0.2855651629037488370, 0.3153332811160928784, 0.3451013993284369197, 0.3748695175407803504, 0.4046376357531237811, 0.4344057539654675448, 0.4641738721778113641, 0.4939419903901560160, 0.5237101086025006680, 0.5534782268148435991, 0.5832463450271865302, 0.6130144632395304605, 0.6427825814518742797, 0.6725506996642180990, 0.7023188178765618073, 0.7320869360889111777, 0.7618550543012605480, 0.7916231725135989272, 0.8213912907259371954, 0.8511594089382810147, 0.8809275271506247229, 0.9106956453629686532, 0.9404637635753124725, 0.9702318817876562917, 1.000000000000000000 ),
 .UNSPECIFIED. ) ;
#795 = CARTESIAN_POINT ( 'NONE',  ( 0.3999999999999998002, -0.7852436613726503367, -2.921918026569124915 ) ) ;
#796 = CARTESIAN_POINT ( 'NONE',  ( 6.041666666666665186, 1.499999999999997335, 0.8660254037844380415 ) ) ;
#797 = CARTESIAN_POINT ( 'NONE',  ( 4.624999999999999112, -3.110105084534514639E-16, 1.732050807568874973 ) ) ;
#798 = CARTESIAN_POINT ( 'NONE',  ( 0.9999999999999995559, -4.336808689942017736E-15, -2.700000000000000178 ) ) ;
#799 = CARTESIAN_POINT ( 'NONE',  ( 2.708325999892436275, 1.175249999999997907, -0.6785309038651063940 ) ) ;
#800 = CARTESIAN_POINT ( 'NONE',  ( 2.222715853178879986, 1.116872845528402935, 0.6616888457761062048 ) ) ;
#801 = CARTESIAN_POINT ( 'NONE',  ( 4.619785708245939482, 0.5740937499999999583, -0.9943595433077447865 ) ) ;
#802 = CARTESIAN_POINT ( 'NONE',  ( 2.239101683403303955, 1.141076374608113619, 0.08897570311262997800 ) ) ;
#803 = CARTESIAN_POINT ( 'NONE',  ( 1.437342984037426552, -1.050540205165956475, 1.430684637057338504 ) ) ;
#804 = CARTESIAN_POINT ( 'NONE',  ( 5.520820499811768478, 0.7499999999999980016, 1.299038105676656896 ) ) ;
#805 = CARTESIAN_POINT ( 'NONE',  ( 0.9999999999999995559, -1.659276149645845688, -2.159100468761549152 ) ) ;
#806 = CARTESIAN_POINT ( 'NONE',  ( 0.4000000000000000222, -2.921918030004947209, -0.7852436530778427182 ) ) ;
#807 = CARTESIAN_POINT ( 'NONE',  ( 2.770827833252663908, 0.5876249999999980655, 1.017796355797660368 ) ) ;
#808 = CARTESIAN_POINT ( 'NONE',  ( 2.180182505174568242, 1.175144765517845302, -0.1380506895152499858 ) ) ;
#809 = AXIS2_PLACEMENT_3D ( 'NONE', #3319, #3014, #2996 ) ;
#810 = CARTESIAN_POINT ( 'NONE',  ( 3.359368124899160701, -2.383456827715072434E-16, 1.325812724410326382 ) ) ;
#811 = CARTESIAN_POINT ( 'NONE',  ( 2.443129740494827118, 1.491946236782883961, 0.1060901017400259910 ) ) ;
#812 = CARTESIAN_POINT ( 'NONE',  ( 0.3999999999999998002, 0.7852436613724216308, 2.921918026569219062 ) ) ;
#813 = CARTESIAN_POINT ( 'NONE',  ( 5.458333333333333037, 1.499999999999997780, -0.8660254037844371533 ) ) ;
#814 = CARTESIAN_POINT ( 'NONE',  ( 5.041666666666666963, 1.499999999999997335, 0.8660254037844381525 ) ) ;
#815 = CARTESIAN_POINT ( 'NONE',  ( 0.9999999999999995559, 2.158539688208151119, 1.659735976200121588 ) ) ;
#816 = APPLICATION_PROTOCOL_DEFINITION ( 'draft international standard', 'automotive_design', 1998, #2073 ) ;
#817 = EDGE_LOOP ( 'NONE', ( #2756 ) ) ;
#818 =( BOUNDED_SURFACE ( )  B_SPLINE_SURFACE ( 3, 2, ( 
 ( #2282, #1127, #350, #3080, #2537, #1982, #36, #1143, #2520, #639, #3343, #2812, #2264, #604, #3360, #3064, #1712, #2862, #2299, #2831, #1965, #1198, #844, #296, #896, #77, #1181, #860, #2021, #1944, #3395, #1746, #587, #2245, #913, #331, #1697, #3328, #368, #313, #2572, #1442, #1679, #570, #3134, #1163, #879, #1480, #94, #2553, #2002, #2794, #56, #1405, #1463, #1730, #2848, #3430, #3186, #167, #2040, #1497, #1273, #654, #3448, #1799, #2878, #399, #2055, #671, #2096, #731, #3489, #2388, #2076, #3167, #2332, #1003, #1533, #2641, #2912, #437, #2114, #1515, #1761, #3150, #1837, #418, #1777, #149, #2893, #1253, #2949, #692, #457, #2367, #2625, #130, #3224, #1235, #3468, #2605, #986, #3207, #713, #1818, #1570, #2349, #966, #946, #2933, #1551, #2659, #2679, #185, #382, #2314, #3413, #931, #110, #1216 ),
 ( #2983, #823, #1855, #2735, #256, #3508, #2443, #3289, #477, #1073, #549, #495, #2185, #203, #2477, #237, #2696, #1905, #1040, #1607, #3540, #2716, #221, #1588, #2204, #1309, #766, #1328, #1056, #2167, #1022, #3273, #1924, #1362, #783, #3524, #2770, #2407, #2967, #1343, #1639, #2752, #2425, #3575, #2133, #1089, #3308, #2151, #3257, #3040, #1887, #1872, #1290, #1657, #3001, #532, #514, #3240, #749, #1622, #2460, #3556, #801, #3022, #1401, #327, #3131, #3076, #2568, #1998, #1744, #637, #2516, #1138, #1725, #3593, #3060, #2844, #2225, #1419, #3355, #839, #1959, #16, #2241, #52, #2297, #1459, #346, #32, #1123, #292, #74, #3094, #600, #874, #3112, #1178, #583, #3324, #1107, #3393, #1978, #3339, #1708, #856, #2827, #911, #2259, #2018, #1437, #1693, #2808, #274, #309, #2549, #566, #1159, #2278, #3375, #892 ),
 ( #2533, #619, #1382, #2498, #1940, #1675, #2789, #2122, #1477, #427, #447, #364, #1542, #1846, #3409, #2860, #2586, #3391, #3478, #721, #2842, #2958, #1299, #91, #2016, #467, #1578, #344, #1281, #975, #1457, #2566, #2087, #2687, #3196, #2104, #71, #2649, #3498, #994, #1176, #702, #194, #3516, #1808, #2922, #2416, #157, #1030, #3214, #2296, #2940, #176, #2396, #1012, #3232, #2142, #739, #909, #1913, #3030, #3548, #282, #1352, #2991, #1370, #2743, #503, #2506, #792, #2453, #1115, #2193, #1895, #2484, #1064, #6, #1080, #3564, #2158, #1664, #830, #522, #229, #540, #3583, #1647, #2759, #263, #1097, #2212, #2433, #246, #810, #2233, #3531, #1931, #1614, #2724, #2705, #3049, #3298, #211, #3315, #2778, #557, #1879, #3264, #2468, #1597, #1336, #1630, #1048, #3332, #1390, #1318, #1863, #2175, #3010, #3280, #2974 ),
 ( #485, #60, #1448, #2575, #917, #2540, #3139, #2816, #371, #1484, #900, #98, #1130, #1716, #81, #3083, #1986, #2006, #1968, #3102, #3398, #317, #864, #2249, #1409, #2558, #2285, #2319, #2026, #2866, #591, #23, #643, #1750, #1950, #2852, #3348, #3067, #848, #1427, #2593, #1700, #1166, #574, #608, #1467, #3382, #2798, #40, #1202, #1684, #1148, #2269, #300, #3364, #2524, #882, #2835, #3119, #334, #627, #1734, #354, #1185, #2303, #1782, #3472, #989, #1518, #1841, #2917, #952, #2935, #696, #2059, #460, #2353, #404, #2682, #152, #3452, #442, #2629, #1573, #2645, #1537, #114, #3227, #2391, #2081, #2898, #2099, #1555, #3210, #717, #1822, #2663, #171, #386, #1803, #2372, #189, #1501, #3493, #3172, #676, #658, #1007, #1256, #1765, #1276, #734, #2117, #3435, #1220, #422, #3154, #134, #3191, #2609, #1294 ) ),
 .UNSPECIFIED., .F., .F., .F. ) 
 B_SPLINE_SURFACE_WITH_KNOTS ( ( 4, 4 ),
 ( 3, 2, 2, 2, 2, 2, 2, 2, 2, 2, 2, 2, 2, 2, 2, 2, 2, 2, 2, 2, 2, 2, 2, 2, 2, 2, 2, 2, 2, 2, 2, 2, 2, 2, 2, 2, 2, 2, 2, 2, 2, 2, 2, 2, 2, 2, 2, 2, 2, 2, 2, 2, 2, 2, 2, 2, 2, 2, 2, 2, 3 ),
 ( 0.000000000000000000, 1.000000000000000000 ),
 ( 0.000000000000000000, 0.01666666666666666644, 0.03333333333333333287, 0.05000000000000000278, 0.06666666666666666574, 0.08333333333333332871, 0.1000000000000000056, 0.1166666666666666685, 0.1333333333333333315, 0.1499999999999999944, 0.1666666666666666574, 0.1833333333333333204, 0.2000000000000000111, 0.2166666666666666741, 0.2333333333333333370, 0.2500000000000000000, 0.2666666666666666630, 0.2833333333333333259, 0.2999999999999999889, 0.3166666666666666519, 0.3333333333333333148, 0.3499999999999999778, 0.3666666666666666408, 0.3833333333333333592, 0.4000000000000000222, 0.4166666666666666852, 0.4333333333333333481, 0.4500000000000000111, 0.4666666666666666741, 0.4833333333333333370, 0.5000000000000000000, 0.5166666666666667185, 0.5333333333333333259, 0.5500000000000000444, 0.5666666666666666519, 0.5833333333333333703, 0.5999999999999999778, 0.6166666666666666963, 0.6333333333333333037, 0.6500000000000000222, 0.6666666666666666297, 0.6833333333333333481, 0.6999999999999999556, 0.7166666666666666741, 0.7333333333333332815, 0.7500000000000000000, 0.7666666666666667185, 0.7833333333333333259, 0.8000000000000000444, 0.8166666666666666519, 0.8333333333333333703, 0.8499999999999999778, 0.8666666666666666963, 0.8833333333333333037, 0.9000000000000000222, 0.9166666666666666297, 0.9333333333333333481, 0.9499999999999999556, 0.9666666666666666741, 0.9833333333333332815, 1.000000000000000000 ),
 .UNSPECIFIED. ) 
 GEOMETRIC_REPRESENTATION_ITEM ( )  RATIONAL_B_SPLINE_SURFACE ( (
 ( 1.000000000000000000, 0.8660254037844387076, 1.000000000000000000, 0.8660254037844387076, 1.000000000000000000, 0.8660254037844387076, 1.000000000000000000, 0.8660254037844387076, 1.000000000000000000, 0.8660254037844387076, 1.000000000000000000, 0.8660254037844387076, 1.000000000000000000, 0.8660254037844387076, 1.000000000000000000, 0.8660254037844387076, 1.000000000000000000, 0.8660254037844387076, 1.000000000000000000, 0.8660254037844387076, 1.000000000000000000, 0.8660254037844387076, 1.000000000000000000, 0.8660254037844387076, 1.000000000000000000, 0.8660254037844387076, 1.000000000000000000, 0.8660254037844387076, 1.000000000000000000, 0.8660254037844387076, 1.000000000000000000, 0.8660254037844387076, 1.000000000000000000, 0.8660254037844387076, 1.000000000000000000, 0.8660254037844387076, 1.000000000000000000, 0.8660254037844387076, 1.000000000000000000, 0.8660254037844387076, 1.000000000000000000, 0.8660254037844387076, 1.000000000000000000, 0.8660254037844387076, 1.000000000000000000, 0.8660254037844387076, 1.000000000000000000, 0.8660254037844387076, 1.000000000000000000, 0.8660254037844387076, 1.000000000000000000, 0.8660254037844387076, 1.000000000000000000, 0.8660254037844387076, 1.000000000000000000, 0.8660254037844387076, 1.000000000000000000, 0.8660254037844387076, 1.000000000000000000, 0.8660254037844387076, 1.000000000000000000, 0.8660254037844387076, 1.000000000000000000, 0.8660254037844387076, 1.000000000000000000, 0.8660254037844387076, 1.000000000000000000, 0.8660254037844387076, 1.000000000000000000, 0.8660254037844387076, 1.000000000000000000, 0.8660254037844387076, 1.000000000000000000, 0.8660254037844387076, 1.000000000000000000, 0.8660254037844387076, 1.000000000000000000, 0.8660254037844387076, 1.000000000000000000, 0.8660254037844387076, 1.000000000000000000, 0.8660254037844387076, 1.000000000000000000, 0.8660254037844387076, 1.000000000000000000, 0.8660254037844387076, 1.000000000000000000, 0.8660254037844387076, 1.000000000000000000, 0.8660254037844387076, 1.000000000000000000, 0.8660254037844387076, 1.000000000000000000, 0.8660254037844387076, 1.000000000000000000, 0.8660254037844387076, 1.000000000000000000, 0.8660254037844387076, 1.000000000000000000, 0.8660254037844387076, 1.000000000000000000, 0.8660254037844387076, 1.000000000000000000, 0.8660254037844387076, 1.000000000000000000, 0.8660254037844387076, 1.000000000000000000, 0.8660254037844387076, 1.000000000000000000, 0.8660254037844387076, 1.000000000000000000, 0.8660254037844387076, 1.000000000000000000, 0.8660254037844387076, 1.000000000000000000, 0.8660254037844387076, 1.000000000000000000, 0.8660254037844387076, 1.000000000000000000, 0.8660254037844387076, 1.000000000000000000),
 ( 0.6666666666666661856, 0.5773502691896253980, 0.6666666666666661856, 0.5773502691896253980, 0.6666666666666661856, 0.5773502691896253980, 0.6666666666666661856, 0.5773502691896253980, 0.6666666666666661856, 0.5773502691896253980, 0.6666666666666661856, 0.5773502691896253980, 0.6666666666666661856, 0.5773502691896253980, 0.6666666666666661856, 0.5773502691896253980, 0.6666666666666661856, 0.5773502691896253980, 0.6666666666666661856, 0.5773502691896253980, 0.6666666666666661856, 0.5773502691896253980, 0.6666666666666661856, 0.5773502691896253980, 0.6666666666666661856, 0.5773502691896253980, 0.6666666666666661856, 0.5773502691896253980, 0.6666666666666661856, 0.5773502691896253980, 0.6666666666666661856, 0.5773502691896253980, 0.6666666666666661856, 0.5773502691896253980, 0.6666666666666661856, 0.5773502691896253980, 0.6666666666666661856, 0.5773502691896253980, 0.6666666666666661856, 0.5773502691896253980, 0.6666666666666661856, 0.5773502691896253980, 0.6666666666666661856, 0.5773502691896253980, 0.6666666666666661856, 0.5773502691896253980, 0.6666666666666661856, 0.5773502691896253980, 0.6666666666666661856, 0.5773502691896253980, 0.6666666666666661856, 0.5773502691896253980, 0.6666666666666661856, 0.5773502691896253980, 0.6666666666666661856, 0.5773502691896253980, 0.6666666666666661856, 0.5773502691896253980, 0.6666666666666661856, 0.5773502691896253980, 0.6666666666666661856, 0.5773502691896253980, 0.6666666666666661856, 0.5773502691896253980, 0.6666666666666661856, 0.5773502691896253980, 0.6666666666666661856, 0.5773502691896253980, 0.6666666666666661856, 0.5773502691896253980, 0.6666666666666661856, 0.5773502691896253980, 0.6666666666666661856, 0.5773502691896253980, 0.6666666666666661856, 0.5773502691896253980, 0.6666666666666661856, 0.5773502691896253980, 0.6666666666666661856, 0.5773502691896253980, 0.6666666666666661856, 0.5773502691896253980, 0.6666666666666661856, 0.5773502691896253980, 0.6666666666666661856, 0.5773502691896253980, 0.6666666666666661856, 0.5773502691896253980, 0.6666666666666661856, 0.5773502691896253980, 0.6666666666666661856, 0.5773502691896253980, 0.6666666666666661856, 0.5773502691896253980, 0.6666666666666661856, 0.5773502691896253980, 0.6666666666666661856, 0.5773502691896253980, 0.6666666666666661856, 0.5773502691896253980, 0.6666666666666661856, 0.5773502691896253980, 0.6666666666666661856, 0.5773502691896253980, 0.6666666666666661856, 0.5773502691896253980, 0.6666666666666661856, 0.5773502691896253980, 0.6666666666666661856, 0.5773502691896253980, 0.6666666666666661856, 0.5773502691896253980, 0.6666666666666661856, 0.5773502691896253980, 0.6666666666666661856, 0.5773502691896253980, 0.6666666666666661856, 0.5773502691896253980, 0.6666666666666661856, 0.5773502691896253980, 0.6666666666666661856),
 ( 0.6666666666666661856, 0.5773502691896253980, 0.6666666666666661856, 0.5773502691896253980, 0.6666666666666661856, 0.5773502691896253980, 0.6666666666666661856, 0.5773502691896253980, 0.6666666666666661856, 0.5773502691896253980, 0.6666666666666661856, 0.5773502691896253980, 0.6666666666666661856, 0.5773502691896253980, 0.6666666666666661856, 0.5773502691896253980, 0.6666666666666661856, 0.5773502691896253980, 0.6666666666666661856, 0.5773502691896253980, 0.6666666666666661856, 0.5773502691896253980, 0.6666666666666661856, 0.5773502691896253980, 0.6666666666666661856, 0.5773502691896253980, 0.6666666666666661856, 0.5773502691896253980, 0.6666666666666661856, 0.5773502691896253980, 0.6666666666666661856, 0.5773502691896253980, 0.6666666666666661856, 0.5773502691896253980, 0.6666666666666661856, 0.5773502691896253980, 0.6666666666666661856, 0.5773502691896253980, 0.6666666666666661856, 0.5773502691896253980, 0.6666666666666661856, 0.5773502691896253980, 0.6666666666666661856, 0.5773502691896253980, 0.6666666666666661856, 0.5773502691896253980, 0.6666666666666661856, 0.5773502691896253980, 0.6666666666666661856, 0.5773502691896253980, 0.6666666666666661856, 0.5773502691896253980, 0.6666666666666661856, 0.5773502691896253980, 0.6666666666666661856, 0.5773502691896253980, 0.6666666666666661856, 0.5773502691896253980, 0.6666666666666661856, 0.5773502691896253980, 0.6666666666666661856, 0.5773502691896253980, 0.6666666666666661856, 0.5773502691896253980, 0.6666666666666661856, 0.5773502691896253980, 0.6666666666666661856, 0.5773502691896253980, 0.6666666666666661856, 0.5773502691896253980, 0.6666666666666661856, 0.5773502691896253980, 0.6666666666666661856, 0.5773502691896253980, 0.6666666666666661856, 0.5773502691896253980, 0.6666666666666661856, 0.5773502691896253980, 0.6666666666666661856, 0.5773502691896253980, 0.6666666666666661856, 0.5773502691896253980, 0.6666666666666661856, 0.5773502691896253980, 0.6666666666666661856, 0.5773502691896253980, 0.6666666666666661856, 0.5773502691896253980, 0.6666666666666661856, 0.5773502691896253980, 0.6666666666666661856, 0.5773502691896253980, 0.6666666666666661856, 0.5773502691896253980, 0.6666666666666661856, 0.5773502691896253980, 0.6666666666666661856, 0.5773502691896253980, 0.6666666666666661856, 0.5773502691896253980, 0.6666666666666661856, 0.5773502691896253980, 0.6666666666666661856, 0.5773502691896253980, 0.6666666666666661856, 0.5773502691896253980, 0.6666666666666661856, 0.5773502691896253980, 0.6666666666666661856, 0.5773502691896253980, 0.6666666666666661856, 0.5773502691896253980, 0.6666666666666661856, 0.5773502691896253980, 0.6666666666666661856, 0.5773502691896253980, 0.6666666666666661856, 0.5773502691896253980, 0.6666666666666661856, 0.5773502691896253980, 0.6666666666666661856),
 ( 1.000000000000000000, 0.8660254037844387076, 1.000000000000000000, 0.8660254037844387076, 1.000000000000000000, 0.8660254037844387076, 1.000000000000000000, 0.8660254037844387076, 1.000000000000000000, 0.8660254037844387076, 1.000000000000000000, 0.8660254037844387076, 1.000000000000000000, 0.8660254037844387076, 1.000000000000000000, 0.8660254037844387076, 1.000000000000000000, 0.8660254037844387076, 1.000000000000000000, 0.8660254037844387076, 1.000000000000000000, 0.8660254037844387076, 1.000000000000000000, 0.8660254037844387076, 1.000000000000000000, 0.8660254037844387076, 1.000000000000000000, 0.8660254037844387076, 1.000000000000000000, 0.8660254037844387076, 1.000000000000000000, 0.8660254037844387076, 1.000000000000000000, 0.8660254037844387076, 1.000000000000000000, 0.8660254037844387076, 1.000000000000000000, 0.8660254037844387076, 1.000000000000000000, 0.8660254037844387076, 1.000000000000000000, 0.8660254037844387076, 1.000000000000000000, 0.8660254037844387076, 1.000000000000000000, 0.8660254037844387076, 1.000000000000000000, 0.8660254037844387076, 1.000000000000000000, 0.8660254037844387076, 1.000000000000000000, 0.8660254037844387076, 1.000000000000000000, 0.8660254037844387076, 1.000000000000000000, 0.8660254037844387076, 1.000000000000000000, 0.8660254037844387076, 1.000000000000000000, 0.8660254037844387076, 1.000000000000000000, 0.8660254037844387076, 1.000000000000000000, 0.8660254037844387076, 1.000000000000000000, 0.8660254037844387076, 1.000000000000000000, 0.8660254037844387076, 1.000000000000000000, 0.8660254037844387076, 1.000000000000000000, 0.8660254037844387076, 1.000000000000000000, 0.8660254037844387076, 1.000000000000000000, 0.8660254037844387076, 1.000000000000000000, 0.8660254037844387076, 1.000000000000000000, 0.8660254037844387076, 1.000000000000000000, 0.8660254037844387076, 1.000000000000000000, 0.8660254037844387076, 1.000000000000000000, 0.8660254037844387076, 1.000000000000000000, 0.8660254037844387076, 1.000000000000000000, 0.8660254037844387076, 1.000000000000000000, 0.8660254037844387076, 1.000000000000000000, 0.8660254037844387076, 1.000000000000000000, 0.8660254037844387076, 1.000000000000000000, 0.8660254037844387076, 1.000000000000000000, 0.8660254037844387076, 1.000000000000000000, 0.8660254037844387076, 1.000000000000000000, 0.8660254037844387076, 1.000000000000000000, 0.8660254037844387076, 1.000000000000000000, 0.8660254037844387076, 1.000000000000000000, 0.8660254037844387076, 1.000000000000000000, 0.8660254037844387076, 1.000000000000000000, 0.8660254037844387076, 1.000000000000000000, 0.8660254037844387076, 1.000000000000000000, 0.8660254037844387076, 1.000000000000000000, 0.8660254037844387076, 1.000000000000000000) ) ) 
 REPRESENTATION_ITEM ( '' )  SURFACE ( )  );
#819 = CARTESIAN_POINT ( 'NONE',  ( 1.278716660926762394, -1.058475493514313470, 0.1666666666666666574 ) ) ;
#820 = CARTESIAN_POINT ( 'NONE',  ( 3.249992666559103238, 1.175249999999997907, 0.000000000000000000 ) ) ;
#822 = ADVANCED_FACE ( 'NONE', ( #575 ), #2369, .F. ) ;
#821 = CARTESIAN_POINT ( 'NONE',  ( 1.627811107685855463, 0.9917582824985697876, -1.247746936761245706 ) ) ;
#823 = CARTESIAN_POINT ( 'NONE',  ( 7.161452374912604668, 1.148187499999999917, -0.6629063622051631910 ) ) ;
#824 = CARTESIAN_POINT ( 'NONE',  ( 2.250884498473271211, 1.174165387943992611, 0.01678036372887447419 ) ) ;
#825 = CARTESIAN_POINT ( 'NONE',  ( 5.062487166478434553, -3.103330358653938747E-16, 1.732050807568874973 ) ) ;
#826 = CARTESIAN_POINT ( 'NONE',  ( 6.850253622759255201, 0.7678610373337622086, 0.9576964464934845100 ) ) ;
#827 = CARTESIAN_POINT ( 'NONE',  ( 0.3999999999999996891, -2.999999999999999556, -0.3926990816987249167 ) ) ;
#828 = CARTESIAN_POINT ( 'NONE',  ( 1.962886561554042064, 1.018515854915180707, -1.115455913892074102 ) ) ;
#829 = CARTESIAN_POINT ( 'NONE',  ( 1.571609064322925464, -0.05738616613183090270, -1.632569103992814519 ) ) ;
#830 = CARTESIAN_POINT ( 'NONE',  ( 3.859368124899161145, -2.375714056726943097E-16, 1.325812724410326382 ) ) ;
#831 = CARTESIAN_POINT ( 'NONE',  ( 2.442001280148565545, 1.493876197880218415, 0.08489411034878313611 ) ) ;
#832 = CARTESIAN_POINT ( 'NONE',  ( 0.3999999999999998002, 1.510856932817860709, -2.621359168498607506 ) ) ;
#833 = DIRECTION ( 'NONE',  ( 0.000000000000000000, -1.000000000000000000, 0.000000000000000000 ) ) ;
#834 = CARTESIAN_POINT ( 'NONE',  ( 5.333333333333332149, -0.7499999999999985567, -1.299038105676656230 ) ) ;
#835 = CARTESIAN_POINT ( 'NONE',  ( 0.9999999999999995559, 1.659735976200703789, -2.158539688207569363 ) ) ;
#836 = CARTESIAN_POINT ( 'NONE',  ( 2.583325999892437164, -0.5876249999999987317, -1.017796355797659924 ) ) ;
#837 = CARTESIAN_POINT ( 'NONE',  ( 2.458325999892437164, -1.175249999999998352, 0.6785309038651060609 ) ) ;
#838 = CARTESIAN_POINT ( 'NONE',  ( 1.983644332201694560, -1.218689823518084303, -0.5633149976482008103 ) ) ;
#839 = CARTESIAN_POINT ( 'NONE',  ( 3.828119041579273407, -2.376197965718412381E-16, 1.325812724410326382 ) ) ;
#840 = CARTESIAN_POINT ( 'NONE',  ( 2.253760276055573275, 1.169851367344684201, 0.07083615764510696466 ) ) ;
#841 = CARTESIAN_POINT ( 'NONE',  ( 2.140610512040876046, 0.9071621780962686454, -0.8214992071776719973 ) ) ;
#842 = CARTESIAN_POINT ( 'NONE',  ( 3.479153833145101959, 1.499999999999997558, 0.8660254037844383745 ) ) ;
#843 = B_SPLINE_CURVE_WITH_KNOTS ( 'NONE', 3,
 ( #3294, #827, #806, #2209, #1909, #2481, #3312, #3580, #1928, #3045, #553, #2022, #1144, #605, #57, #1713, #2832, #588, #2315, #1424, #1983, #1464, #3099, #3414, #897, #37, #914, #2003, #2265, #3151, #1731, #2813, #624, #3361 ),
 .UNSPECIFIED., .T., .F.,
 ( 4, 2, 2, 2, 2, 2, 2, 2, 2, 2, 2, 2, 2, 2, 2, 2, 4 ),
 ( 0.000000000000000000, 0.06250000000000006939, 0.1250000000000001388, 0.1875000000000002220, 0.2500000000000002776, 0.3125000000000003331, 0.3750000000000004441, 0.4375000000000004441, 0.5000000000000004441, 0.5625000000000004441, 0.6250000000000003331, 0.6875000000000003331, 0.7500000000000002220, 0.8125000000000002220, 0.8750000000000002220, 0.9375000000000001110, 1.000000000000000000 ),
 .UNSPECIFIED. ) ;
#844 = CARTESIAN_POINT ( 'NONE',  ( 6.270827833252664796, 0.5876249999999980655, 1.017796355797660368 ) ) ;
#845 = EDGE_LOOP ( 'NONE', ( #2599, #3056, #2067, #2494, #3089, #1644 ) ) ;
#846 = CARTESIAN_POINT ( 'NONE',  ( 1.756630413131094581, 1.024991015708621056, 1.109721091591534092 ) ) ;
#847 = CARTESIAN_POINT ( 'NONE',  ( 2.150163823887865089, 0.8164353992252303405, -0.8824946424757684760 ) ) ;
#848 = CARTESIAN_POINT ( 'NONE',  ( 5.666659333225769757, 0.5876249999999990647, -1.017796355797659702 ) ) ;
#849 = DIRECTION ( 'NONE',  ( 0.000000000000000000, -1.000000000000000000, 0.000000000000000000 ) ) ;
#850 = CARTESIAN_POINT ( 'NONE',  ( 0.3999999999999998002, -2.621359168498513359, 1.510856932818087417 ) ) ;
#851 = CARTESIAN_POINT ( 'NONE',  ( 3.624999999999999112, -3.125590626510774299E-16, 1.732050807568874529 ) ) ;
#852 = CARTESIAN_POINT ( 'NONE',  ( 0.9999999999999995559, -1.909188309203678546, 1.909188309203678768 ) ) ;
#853 = UNCERTAINTY_MEASURE_WITH_UNIT (LENGTH_MEASURE( 1.000000000000000082E-05 ), #3016, 'distance_accuracy_value', 'NONE');
#854 = CARTESIAN_POINT ( 'NONE',  ( 2.167979483671266028, 0.4841471885969648170, -1.161949153348792230 ) ) ;
#855 = CARTESIAN_POINT ( 'NONE',  ( 2.874992666559104126, -2.448361279003449449E-16, 1.357061807730212788 ) ) ;
#856 = CARTESIAN_POINT ( 'NONE',  ( 2.828119041579273407, -2.391683507694672534E-16, 1.325812724410326382 ) ) ;
#857 = CARTESIAN_POINT ( 'NONE',  ( 1.497616312450897436, -1.694264096249225915, -0.005813753904567457026 ) ) ;
#858 = CARTESIAN_POINT ( 'NONE',  ( 1.278716660926762394, 1.058475493514313692, -0.1666666666666666019 ) ) ;
#859 = CARTESIAN_POINT ( 'NONE',  ( 2.002257614362674243, 1.497879616115299406, 0.04251953015830661764 ) ) ;
#860 = CARTESIAN_POINT ( 'NONE',  ( 6.062494499919330870, 9.248417126003077500E-17, -1.357061807730212788 ) ) ;
#861 = AXIS2_PLACEMENT_3D ( 'NONE', #2626, #1236, #131 ) ;
#862 = CARTESIAN_POINT ( 'NONE',  ( 6.633369201423747974, 0.4422008492066979435, 1.374980775891070151 ) ) ;
#863 = CARTESIAN_POINT ( 'NONE',  ( 2.203057774135025682, 1.148255576710709658, -0.001153211795838949118 ) ) ;
#864 = CARTESIAN_POINT ( 'NONE',  ( 6.333325999892436720, 0.5876249999999980655, 1.017796355797660368 ) ) ;
#865 = CARTESIAN_POINT ( 'NONE',  ( 1.968405335385552624, 1.714339632831585192, 0.7149626505260328058 ) ) ;
#866 = CARTESIAN_POINT ( 'NONE',  ( 0.5999999999999996447, -2.621359168498515579, 1.510856932818083198 ) ) ;
#867 = CARTESIAN_POINT ( 'NONE',  ( 2.416666666666666075, 0.7499999999999991118, -1.299038105676656008 ) ) ;
#868 = CARTESIAN_POINT ( 'NONE',  ( 3.791666666666665630, -1.499999999999997335, -0.8660254037844378194 ) ) ;
#869 = CARTESIAN_POINT ( 'NONE',  ( 2.249879071644821149, 1.175376352903847899, -0.002138169132265142509 ) ) ;
#870 =( NAMED_UNIT ( * ) PLANE_ANGLE_UNIT ( ) SI_UNIT ( $, .RADIAN. ) );
#871 = VERTEX_POINT ( 'NONE', #1519 ) ;
#872 = CARTESIAN_POINT ( 'NONE',  ( 6.562487166478434553, -3.080102045689548270E-16, 1.732050807568874973 ) ) ;
#873 = CARTESIAN_POINT ( 'NONE',  ( 5.020827833252663908, -0.5876249999999987317, -1.017796355797659924 ) ) ;
#874 = CARTESIAN_POINT ( 'NONE',  ( 3.244785708245940370, 1.148187499999999250, 0.6629063622051638571 ) ) ;
#875 = B_SPLINE_SURFACE_WITH_KNOTS ( 'NONE', 1, 3, ( 
 ( #1883, #508, #2511, #234, #2803, #1721, #2581, #3353, #359, #3422, #2273, #1471, #3088, #1755, #3124, #1974, #1190, #322, #3370, #2840, #888, #1991, #869, #1490, #595, #46, #3106, #340, #612, #304, #2562, #102, #3143, #66, #2821, #2047, #1689, #1134, #631, #922, #2033, #1704, #2871, #1414, #647, #2597, #1432, #2543, #375, #1171, #1153, #2529, #1207, #1453, #3403, #2291, #28, #2254, #2324, #2011, #3386, #939, #904, #1738, #2855, #86, #2308, #1847, #1282, #1031, #2417, #1788, #428, #1013, #2886, #3440, #2123, #2615, #703, #2650, #119, #1244, #409, #1523, #2941, #1580, #740, #3233, #2923, #139, #2358, #2959, #2378, #3479, #158, #2397, #469, #3458, #1225, #2065, #2688, #1262, #976, #3215, #3197, #722, #195, #1827, #1300, #448 ),
 ( #1809, #2670, #3499, #3159, #663, #1769, #2507, #264, #7, #811, #831, #504, #1665, #2779, #2194, #1391, #2434, #3011, #1371, #775, #3281, #3299, #3265, #793, #1098, #1615, #1880, #3532, #2706, #2744, #3566, #2143, #2213, #558, #2992, #2725, #3316, #1932, #758, #541, #230, #1864, #2976, #3549, #3050, #1065, #1353, #486, #1896, #2760, #247, #1598, #2177, #283, #213, #523, #1631, #1081, #1914, #3031, #2485, #3584, #1449, #301, #883, #3349, #3383, #2304, #2853, #3084, #1168, #2286, #2817, #3140, #609, #2250, #628, #1987, #865, #1751, #41, #1701, #372, #2559, #1149, #1735, #318, #2867, #335, #2836, #1410, #918, #82, #3365, #592, #901, #355, #2007, #3120, #1468, #2577, #1186, #1685, #3103, #61, #1485, #2799, #3399, #1970, #1428 ) ),
 .UNSPECIFIED., .F., .F., .F.,
 ( 2, 2 ),
 ( 4, 2, 2, 2, 2, 2, 2, 2, 2, 2, 2, 2, 2, 2, 2, 2, 2, 2, 2, 2, 2, 2, 2, 2, 2, 2, 2, 2, 2, 2, 2, 2, 2, 2, 2, 2, 2, 2, 2, 2, 2, 2, 2, 2, 2, 2, 2, 2, 2, 2, 2, 2, 2, 2, 4 ),
 ( 0.000000000000000000, 1.000000000000000000 ),
 ( 0.000000000000000000, 0.02371010860461466099, 0.03556516290692199322, 0.03852892648249882368, 0.04149269005807565414, 0.04445645363365248459, 0.04593833542144090676, 0.04667927631533511090, 0.04704974676228221298, 0.04723498198575576401, 0.04742021720922932199, 0.04765278063274747122, 0.04788534405626561352, 0.04835047090330189812, 0.04928072459737446731, 0.05114123198551960570, 0.05486224676180989634, 0.06230427631439047764, 0.07718833541955164024, 0.09207239452471280283, 0.09951442407729338413, 0.1032354388535836609, 0.1069564536298739515, 0.1143984831829364113, 0.1218405127359988571, 0.1367245718421237488, 0.1664926900543735599, 0.1962608082667173237, 0.2260289264790610875, 0.2557970446914049623, 0.2855651629037488370, 0.3153332811160928784, 0.3451013993284369197, 0.3748695175407803504, 0.4046376357531237811, 0.4344057539654675448, 0.4641738721778113641, 0.4939419903901560160, 0.5237101086025006680, 0.5534782268148435991, 0.5832463450271865302, 0.6130144632395304605, 0.6427825814518742797, 0.6725506996642180990, 0.7023188178765618073, 0.7320869360889111777, 0.7618550543012605480, 0.7916231725135989272, 0.8213912907259371954, 0.8511594089382810147, 0.8809275271506247229, 0.9106956453629686532, 0.9404637635753124725, 0.9702318817876562917, 1.000000000000000000 ),
 .UNSPECIFIED. ) ;
#876 = CARTESIAN_POINT ( 'NONE',  ( 1.759973078193110885, 1.489290623574262673, 0.2424123959905914449 ) ) ;
#877 = CARTESIAN_POINT ( 'NONE',  ( 2.182933565774245910, 1.176957154542861650, -0.08606034707600801470 ) ) ;
#878 = CARTESIAN_POINT ( 'NONE',  ( 3.729153833145101959, -1.499999999999997558, -0.8660254037844379305 ) ) ;
#879 = CARTESIAN_POINT ( 'NONE',  ( 5.270827833252664796, 0.5876249999999980655, 1.017796355797660368 ) ) ;
#880 = CARTESIAN_POINT ( 'NONE',  ( 1.851803327530987531, -1.486097727484930520, 0.2700610473023672964 ) ) ;
#881 = CARTESIAN_POINT ( 'NONE',  ( 1.449747958283601257, -1.719688614248264580, -0.004909788477535666391 ) ) ;
#882 = CARTESIAN_POINT ( 'NONE',  ( 4.916659333225769757, -0.5876249999999995088, 1.017796355797659480 ) ) ;
#883 = CARTESIAN_POINT ( 'NONE',  ( 2.165303884793379208, -1.654678739556204148, 0.4635099687182773764 ) ) ;
#884 = CARTESIAN_POINT ( 'NONE',  ( 0.5999999999999996447, -2.399000520846142681, 1.843640166273142977 ) ) ;
#885 = CARTESIAN_POINT ( 'NONE',  ( 3.124999999999999112, -3.133333397498903636E-16, 1.732050807568874529 ) ) ;
#886 = EDGE_CURVE ( 'NONE', #871, #392, #489, .T. ) ;
#887 = CARTESIAN_POINT ( 'NONE',  ( 2.916666666666666519, 0.7499999999999991118, -1.299038105676656008 ) ) ;
#888 = CARTESIAN_POINT ( 'NONE',  ( 2.250042669089814762, 1.175193691362409698, 0.0009411277783171832084 ) ) ;
#889 = CARTESIAN_POINT ( 'NONE',  ( 1.278716660926762394, -0.6735753140545631679, -0.8333333333333331483 ) ) ;
#890 = CARTESIAN_POINT ( 'NONE',  ( 7.145820499811768478, -1.499999999999998668, 0.8660254037844369313 ) ) ;
#891 = CARTESIAN_POINT ( 'NONE',  ( 4.812494499919329982, -2.418358013033869189E-16, 1.357061807730213010 ) ) ;
#892 = CARTESIAN_POINT ( 'NONE',  ( 2.203119041579272963, 1.148187499999999917, 0.000000000000000000 ) ) ;
#893 = CARTESIAN_POINT ( 'NONE',  ( 1.675675675470423398, 0.9766132974960637370, -1.227296035642143179 ) ) ;
#894 = FACE_BOUND ( 'NONE', #2822, .T. ) ;
#895 = FACE_OUTER_BOUND ( 'NONE', #665, .T. ) ;
#896 = CARTESIAN_POINT ( 'NONE',  ( 6.187494499919330870, 1.175249999999997907, 0.000000000000000000 ) ) ;
#897 = CARTESIAN_POINT ( 'NONE',  ( 0.3999999999999998002, 0.3926990816987229183, 3.000000000000000888 ) ) ;
#898 = CARTESIAN_POINT ( 'NONE',  ( 6.867212893814963692, -0.9685053919070063522, 0.7270961438423345635 ) ) ;
#899 = CARTESIAN_POINT ( 'NONE',  ( 2.224719668925251970, 1.112654940776037105, 0.4058196636676441038 ) ) ;
#900 = CARTESIAN_POINT ( 'NONE',  ( 6.833325999892436720, 0.5876249999999980655, 1.017796355797660368 ) ) ;
#901 = CARTESIAN_POINT ( 'NONE',  ( 1.724617963284841737, -1.804675905795333213, -0.9286808356022783206 ) ) ;
#902 = FACE_OUTER_BOUND ( 'NONE', #705, .T. ) ;
#903 = CARTESIAN_POINT ( 'NONE',  ( 2.083333333333333037, 0.7499999999999978906, 1.299038105676656674 ) ) ;
#904 = CARTESIAN_POINT ( 'NONE',  ( 2.017999524097147557, -1.360376594870046807, -0.1090752905765037806 ) ) ;
#905 = CARTESIAN_POINT ( 'NONE',  ( 1.459204192140856948, -1.700201951769434006, -0.2087557093676062070 ) ) ;
#906 = ORIENTED_EDGE ( 'NONE', *, *, #2975, .T. ) ;
#907 = SURFACE_STYLE_USAGE ( .BOTH. , #2858 ) ;
#908 = CARTESIAN_POINT ( 'NONE',  ( 7.312487166478434553, 1.173813065692268464E-16, -1.732050807568874973 ) ) ;
#909 = CARTESIAN_POINT ( 'NONE',  ( 4.817701458232494183, 0.5740937499999990701, 0.9943595433077454526 ) ) ;
#910 = CARTESIAN_POINT ( 'NONE',  ( 5.395827833252663908, -1.175249999999998129, 0.6785309038651060609 ) ) ;
#911 = CARTESIAN_POINT ( 'NONE',  ( 2.744785708245939038, 1.148187499999999250, 0.6629063622051638571 ) ) ;
#912 = CARTESIAN_POINT ( 'NONE',  ( 2.520820499811768478, 0.7499999999999980016, 1.299038105676656896 ) ) ;
#913 = CARTESIAN_POINT ( 'NONE',  ( 5.770827833252663908, 0.5876249999999980655, 1.017796355797660368 ) ) ;
#914 = CARTESIAN_POINT ( 'NONE',  ( 0.3999999999999998002, -0.7852436530778400536, 2.921918030004946765 ) ) ;
#915 = CARTESIAN_POINT ( 'NONE',  ( 6.499992666559103682, -1.175249999999997907, -1.439266150697924440E-16 ) ) ;
#916 = CARTESIAN_POINT ( 'NONE',  ( 2.166933810574755981, 0.9870359697983587255, -0.6604778920328133740 ) ) ;
#917 = CARTESIAN_POINT ( 'NONE',  ( 7.083325999892436720, -0.5876249999999987317, -1.017796355797659924 ) ) ;
#918 = CARTESIAN_POINT ( 'NONE',  ( 1.780875583045611776, -0.7542880678825836238, -1.841367969574692065 ) ) ;
#919 = CARTESIAN_POINT ( 'NONE',  ( 0.5999999999999996447, 1.843640166273154524, -2.399000520846130247 ) ) ;
#920 = B_SPLINE_CURVE_WITH_KNOTS ( 'NONE', 3,
 ( #1732, #315, #846, #2538, #1948, #38, #3117, #1966, #2850, #1146, #2522, #2796, #2556, #1128, #2266, #1388, #880, #1984, #3100, #606, #2283, #2210, #332, #1681, #3313, #1095, #2247, #1164, #3081, #1446, #828, #589, #2004, #352, #3047, #1929, #555, #1662 ),
 .UNSPECIFIED., .F., .F.,
 ( 4, 2, 2, 2, 2, 2, 2, 2, 2, 2, 2, 2, 2, 2, 2, 2, 2, 2, 4 ),
 ( 0.000000000000000000, 0.0005315804277713066881, 0.001063160855542613376, 0.001594741283313920064, 0.002126321711085226752, 0.002392111924970879988, 0.002657902138856533224, 0.003189482566627840129, 0.003721062994399147034, 0.004252643422170453505, 0.004784223849941759976, 0.005315804277713066447, 0.005847384705484373786, 0.006378965133255680257, 0.006910545561026986729, 0.007442125988798294067, 0.007707916202683947303, 0.007973706416569600539, 0.008505286844340907010 ),
 .UNSPECIFIED. ) ;
#921 = CARTESIAN_POINT ( 'NONE',  ( 4.083333333333333037, 0.7499999999999978906, 1.299038105676656674 ) ) ;
#922 = CARTESIAN_POINT ( 'NONE',  ( 2.214814203173229856, 1.028447548938318912, -0.6449812331994232428 ) ) ;
#923 = CARTESIAN_POINT ( 'NONE',  ( 1.534049094624587495, -0.8073053895770294641, -1.450641028312202208 ) ) ;
#924 = EDGE_LOOP ( 'NONE', ( #305 ) ) ;
#925 = FACE_OUTER_BOUND ( 'NONE', #1387, .T. ) ;
#926 = CARTESIAN_POINT ( 'NONE',  ( 5.479153833145101515, 1.499999999999997558, 0.8660254037844383745 ) ) ;
#927 = CARTESIAN_POINT ( 'NONE',  ( 4.354161166585996945, -0.5876249999999995088, 1.017796355797659480 ) ) ;
#928 = CONICAL_SURFACE ( 'NONE', #2381, 1732.050807568901064, 1.047197551196603627 ) ;
#929 = EDGE_CURVE ( 'NONE', #297, #871, #677, .T. ) ;
#930 = CARTESIAN_POINT ( 'NONE',  ( 1.896874999999982991, 0.4296525120979420853, -1.523756428065493163 ) ) ;
#931 = CARTESIAN_POINT ( 'NONE',  ( 2.270827833252664352, 0.5876249999999980655, 1.017796355797660368 ) ) ;
#932 = CARTESIAN_POINT ( 'NONE',  ( 7.166659333225769757, 0.5876249999999990647, -1.017796355797659702 ) ) ;
#933 = CARTESIAN_POINT ( 'NONE',  ( 2.009734870607654322, -1.114379571571469718, -0.6871529926452588644 ) ) ;
#934 = CARTESIAN_POINT ( 'NONE',  ( 6.902827824083385799, -1.045810173180124591, 0.5283017030399497216 ) ) ;
#935 = CARTESIAN_POINT ( 'NONE',  ( -1.537145001672559313E-16, 1.909188309203679879, -1.909188309203676992 ) ) ;
#936 = CARTESIAN_POINT ( 'NONE',  ( 0.5999999999999996447, -0.7852436613724216308, 2.921918026569219062 ) ) ;
#937 = CARTESIAN_POINT ( 'NONE',  ( 6.437494499919330870, -1.175249999999997907, -1.439266150697924440E-16 ) ) ;
#938 = CARTESIAN_POINT ( 'NONE',  ( 2.186357519089081158, 1.176268395517694909, -0.02141960547422981295 ) ) ;
#939 = CARTESIAN_POINT ( 'NONE',  ( 2.027473881549213264, -1.331130760572126093, -0.2690013151613204756 ) ) ;
#940 = CARTESIAN_POINT ( 'NONE',  ( 2.039843057342589194, -0.5446688194284969864, -1.183577077021340962 ) ) ;
#941 = ORIENTED_EDGE ( 'NONE', *, *, #3021, .T. ) ;
#942 = CARTESIAN_POINT ( 'NONE',  ( 2.380059530565465042, 1.345948559783727294, -0.6855872265226803375 ) ) ;
#943 = CARTESIAN_POINT ( 'NONE',  ( 2.374992666559103238, -2.456104049991578786E-16, 1.357061807730212788 ) ) ;
#944 = CARTESIAN_POINT ( 'NONE',  ( 4.187494499919330870, 1.175249999999997907, 0.000000000000000000 ) ) ;
#945 = CARTESIAN_POINT ( 'NONE',  ( 1.932031249999891287, 1.017006494086700741, -1.167315895010164306 ) ) ;
#946 = CARTESIAN_POINT ( 'NONE',  ( 2.645827833252663908, 1.175249999999998129, -0.6785309038651062830 ) ) ;
#947 = DIRECTION ( 'NONE',  ( 0.000000000000000000, 0.000000000000000000, -1.000000000000000000 ) ) ;
#948 = EDGE_CURVE ( 'NONE', #3304, #3304, #440, .T. ) ;
#949 = CARTESIAN_POINT ( 'NONE',  ( 6.166659333225769757, 0.5876249999999990647, -1.017796355797659702 ) ) ;
#950 = CARTESIAN_POINT ( 'NONE',  ( 1.887861043503157532, -0.7772248976703726164, 1.158809991712499432 ) ) ;
#951 = CARTESIAN_POINT ( 'NONE',  ( 2.158498311128437486, 0.3440965256385452586, -1.217800408451336747 ) ) ;
#952 = CARTESIAN_POINT ( 'NONE',  ( 4.291659333225769757, 1.175249999999997463, 0.6785309038651070601 ) ) ;
#953 = CARTESIAN_POINT ( 'NONE',  ( -1.496626352803383815E-16, -0.7073587210063780883, -2.629384098239719414 ) ) ;
#954 = CARTESIAN_POINT ( 'NONE',  ( 0.9999999999999992228, 3.000000000000000000, -0.3926990727206926546 ) ) ;
#955 = CARTESIAN_POINT ( 'NONE',  ( 6.187494499919330870, 1.175249999999997907, 0.000000000000000000 ) ) ;
#956 = CARTESIAN_POINT ( 'NONE',  ( 2.249999999999999556, -1.499999999999997780, -1.836970198721027222E-16 ) ) ;
#957 = CARTESIAN_POINT ( 'NONE',  ( 0.3999999999999998002, -2.921918026569181759, -0.7852436613725103376 ) ) ;
#958 = EDGE_LOOP ( 'NONE', ( #3199, #3388, #1671, #260 ) ) ;
#959 = CARTESIAN_POINT ( 'NONE',  ( 2.130398567659713471, -0.09993975590207163084, -1.281440885078793723 ) ) ;
#960 = CARTESIAN_POINT ( 'NONE',  ( 4.770820499811768478, -0.7499999999999986677, -1.299038105676656452 ) ) ;
#961 = CARTESIAN_POINT ( 'NONE',  ( 0.05449440786073864174, -0.6717373523295564475, -0.8365167764234122671 ) ) ;
#962 = CARTESIAN_POINT ( 'NONE',  ( 2.186357519089081158, 1.176268395517694909, -0.02141960547422981295 ) ) ;
#963 = B_SPLINE_CURVE_WITH_KNOTS ( 'NONE', 3,
 ( #1942, #1439, #1728, #2846, #1962, #126, #2500, #2346, #962, #1403, #2792, #688, #877, #1677, #1384, #1795, #294, #621, #3096, #3326, #2227, #2262, #329, #1, #568, #841, #3078, #585, #1695, #2810, #1710, #1421, #2535, #1141, #2829, #1980, #2551, #54, #1161, #2280, #3377, #2000, #3114, #3204, #2404, #1269, #2092, #2440, #1603, #491, #182, #164, #434, #2980, #3237, #745, #1018, #2148, #2711, #2110 ),
 .UNSPECIFIED., .F., .F.,
 ( 4, 2, 2, 2, 2, 2, 2, 2, 2, 2, 2, 2, 2, 2, 2, 2, 2, 2, 2, 2, 2, 2, 2, 2, 2, 2, 2, 2, 2, 4 ),
 ( 0.04742021833711172057, 0.04765278063274747122, 0.04788534405626561352, 0.04835047090330189812, 0.04928072459737446731, 0.05114123198551960570, 0.05486224676180989634, 0.06230427631439047764, 0.07718833541955164024, 0.09207239452471280283, 0.09951442407729338413, 0.1032354388535836609, 0.1069564536298739515, 0.1143984831829364113, 0.1218405127359988571, 0.1367245718421237488, 0.1664926900543735599, 0.1962608082667173237, 0.2260289264790610875, 0.2557970446914049623, 0.2855651629037488370, 0.3153332811160928784, 0.3451013993284369197, 0.3748695175407803504, 0.4046376357531237811, 0.4344057539654675448, 0.4641738721778113641, 0.4939419903901559605, 0.5237101086025006680, 0.5273209735508789242 ),
 .UNSPECIFIED. ) ;
#964 = CARTESIAN_POINT ( 'NONE',  ( 5.083325999892436720, -0.5876249999999987317, -1.017796355797659924 ) ) ;
#965 = CARTESIAN_POINT ( 'NONE',  ( 1.999919090748166095, 1.500056762986526016, -0.001525096199969321140 ) ) ;
#966 = CARTESIAN_POINT ( 'NONE',  ( 2.687494499919331314, 1.175249999999997907, 0.000000000000000000 ) ) ;
#967 = CARTESIAN_POINT ( 'NONE',  ( 6.812494499919329982, -2.387386929081349376E-16, 1.357061807730213010 ) ) ;
#968 = CARTESIAN_POINT ( 'NONE',  ( 5.708325999892436720, 1.175249999999998129, -0.6785309038651062830 ) ) ;
#969 = CARTESIAN_POINT ( 'NONE',  ( 1.663080618576010083, 1.223014675911003879, -0.9589149114671083884 ) ) ;
#970 = CARTESIAN_POINT ( 'NONE',  ( 6.912391854432683225, -1.035582884195457520, 0.5273912835825236289 ) ) ;
#971 = CARTESIAN_POINT ( 'NONE',  ( -1.471043079859247123E-16, -2.359433474564089916, -1.359077177855062102 ) ) ;
#972 = CARTESIAN_POINT ( 'NONE',  ( 0.9999999999999996669, -2.621359168498520908, 1.510856932818085641 ) ) ;
#973 = CARTESIAN_POINT ( 'NONE',  ( 6.979161166585996945, -1.175249999999997907, -0.6785309038651068381 ) ) ;
#974 = CARTESIAN_POINT ( 'NONE',  ( 2.833333333333332593, -0.7499999999999985567, -1.299038105676656230 ) ) ;
#975 = CARTESIAN_POINT ( 'NONE',  ( 6.026034791565828108, -1.148187499999999472, -0.6629063622051637461 ) ) ;
#976 = CARTESIAN_POINT ( 'NONE',  ( 1.455991010836274802, -1.343705062618341994, 1.139498808373808014 ) ) ;
#977 = TOROIDAL_SURFACE ( 'NONE', #2951, 1.679999999999998828, 0.1799999999999999933 ) ;
#978 = CARTESIAN_POINT ( 'NONE',  ( 0.05416291408154087078, -0.3897244310392130040, -1.000000000000000000 ) ) ;
#979 = ORIENTED_EDGE ( 'NONE', *, *, #3565, .T. ) ;
#980 = CARTESIAN_POINT ( 'NONE',  ( 1.933699950420353142, -0.7935927374295805858, 1.182728807760941026 ) ) ;
#981 = CARTESIAN_POINT ( 'NONE',  ( 3.562487166478434997, -3.126558671618327744E-16, 1.732050807568874973 ) ) ;
#982 = CARTESIAN_POINT ( 'NONE',  ( 2.187494498103493168, 1.175250001943914935, -1.709179699488729252E-08 ) ) ;
#983 = DIRECTION ( 'NONE',  ( 0.000000000000000000, 0.000000000000000000, 1.000000000000000000 ) ) ;
#984 = CARTESIAN_POINT ( 'NONE',  ( 5.624992666559103682, 9.180667595951172274E-17, -1.357061807730213010 ) ) ;
#985 = CARTESIAN_POINT ( 'NONE',  ( 1.653125000000092992, -0.6089928967664306469, 1.645787595986213825 ) ) ;
#986 = CARTESIAN_POINT ( 'NONE',  ( 2.937494499919331314, -1.175249999999997907, -1.439266150697924440E-16 ) ) ;
#987 = CARTESIAN_POINT ( 'NONE',  ( 5.624992666559103682, 9.180667595951172274E-17, -1.357061807730212788 ) ) ;
#988 = CARTESIAN_POINT ( 'NONE',  ( 1.550688602509981528, -0.7939460145951471315, -1.427595479696200487 ) ) ;
#989 = CARTESIAN_POINT ( 'NONE',  ( 4.458325999892436720, -1.175249999999998352, 0.6785309038651060609 ) ) ;
#990 = CARTESIAN_POINT ( 'NONE',  ( -1.541007906246334361E-16, 2.158640642205455595, 1.659836930201127103 ) ) ;
#991 = CARTESIAN_POINT ( 'NONE',  ( 0.9999999999999996669, -0.7852436613724136372, 2.921918026569199967 ) ) ;
#992 = CARTESIAN_POINT ( 'NONE',  ( 5.395827833252663908, -1.175249999999998352, 0.6785309038651060609 ) ) ;
#993 = CARTESIAN_POINT ( 'NONE',  ( 2.083333333333333037, 0.7499999999999978906, 1.299038105676656674 ) ) ;
#994 = CARTESIAN_POINT ( 'NONE',  ( 5.609368124899160257, 8.986902601673888075E-17, -1.325812724410326382 ) ) ;
#995 = CARTESIAN_POINT ( 'NONE',  ( 1.243693608804994799, 0.5773502691896261751, -1.000000000000000000 ) ) ;
#996 = EDGE_LOOP ( 'NONE', ( #2583 ) ) ;
#997 = FACE_BOUND ( 'NONE', #996, .T. ) ;
#998 = CARTESIAN_POINT ( 'NONE',  ( 2.979153833145101515, 1.499999999999997558, 0.8660254037844383745 ) ) ;
#999 = CARTESIAN_POINT ( 'NONE',  ( 0.9999999999999995559, -2.700000000000000178, -0.3530667380056000115 ) ) ;
#1000 = CARTESIAN_POINT ( 'NONE',  ( 0.5999999999999995337, -0.7852436530778412749, -2.921918030004946321 ) ) ;
#1001 = CARTESIAN_POINT ( 'NONE',  ( 5.874992666559103682, -2.401904653074669975E-16, 1.357061807730213010 ) ) ;
#1002 = CARTESIAN_POINT ( 'NONE',  ( 1.531249999999971800, 1.700908744208600165, 0.7042935937314775963 ) ) ;
#1003 = CARTESIAN_POINT ( 'NONE',  ( 3.979161166585996945, -1.175249999999997907, -0.6785309038651068381 ) ) ;
#1004 = CARTESIAN_POINT ( 'NONE',  ( 2.958325999892436720, -1.175249999999998352, 0.6785309038651060609 ) ) ;
#1005 = CARTESIAN_POINT ( 'NONE',  ( 1.747373767916487353, 1.379451205411668102, 0.5751951192556878922 ) ) ;
#1006 = CARTESIAN_POINT ( 'NONE',  ( 2.017999524097147557, -1.360376594870046807, -0.1090752905765037806 ) ) ;
#1007 = CARTESIAN_POINT ( 'NONE',  ( 2.791659333225770201, 1.175249999999997463, 0.6785309038651070601 ) ) ;
#1008 = CARTESIAN_POINT ( 'NONE',  ( -1.523580548929675051E-16, 1.033245267385741517, 2.494474737780474793 ) ) ;
#1009 = CARTESIAN_POINT ( 'NONE',  ( 0.9999999999999995559, -2.159100468761509184, 1.659276149645809273 ) ) ;
#1010 = CARTESIAN_POINT ( 'NONE',  ( 5.604161166585997833, 0.5876249999999990647, -1.017796355797659702 ) ) ;
#1011 = CARTESIAN_POINT ( 'NONE',  ( 2.188048172382924594, 1.174623263444303234, 0.01042075347869662709 ) ) ;
#1012 = CARTESIAN_POINT ( 'NONE',  ( 4.984368124899161145, -1.148187499999999917, -1.406124146696001694E-16 ) ) ;
#1013 = CARTESIAN_POINT ( 'NONE',  ( 1.858867196031876556, 0.5058819389692067459, 1.387832858324129282 ) ) ;
#1014 = CARTESIAN_POINT ( 'NONE',  ( 0.08071684052638704310, 0.1964395724771319796, -1.000000000000000000 ) ) ;
#1015 = CARTESIAN_POINT ( 'NONE',  ( 1.914839596570442337, -0.006109876988356733457, 1.510258843690578390 ) ) ;
#1016 = CARTESIAN_POINT ( 'NONE',  ( 3.520820499811768478, 0.7499999999999980016, 1.299038105676656896 ) ) ;
#1017 = CARTESIAN_POINT ( 'NONE',  ( 3.104161166585997833, 0.5876249999999990647, -1.017796355797659702 ) ) ;
#1018 = CARTESIAN_POINT ( 'NONE',  ( 1.758848545109967798, 1.100420128257229679, 1.021358381729111420 ) ) ;
#1019 = CARTESIAN_POINT ( 'NONE',  ( 6.208325999892436720, 1.175249999999997907, -0.6785309038651063940 ) ) ;
#1020 = CARTESIAN_POINT ( 'NONE',  ( 2.247716363232251435, 1.177018389674249210, -0.04290395784355026387 ) ) ;
#1021 = CARTESIAN_POINT ( 'NONE',  ( 2.186926290650597515, 1.175808508589915702, -0.01070075455092439100 ) ) ;
#1022 = CARTESIAN_POINT ( 'NONE',  ( 5.953119041579272519, -1.148187499999999917, -1.406124146696001694E-16 ) ) ;
#1023 = CARTESIAN_POINT ( 'NONE',  ( 3.333325999892436720, 0.5876249999999980655, 1.017796355797660368 ) ) ;
#1024 = CARTESIAN_POINT ( 'NONE',  ( 2.234909141386080655, 1.147539884879044347, 0.01018023739077100580 ) ) ;
#1025 = CARTESIAN_POINT ( 'NONE',  ( 6.899250000000001215, -0.3421011735169777745, 1.124357305120708528 ) ) ;
#1026 = CARTESIAN_POINT ( 'NONE',  ( 4.395820499811768478, 1.499999999999997780, -0.8660254037844371533 ) ) ;
#1027 = CARTESIAN_POINT ( 'NONE',  ( 0.9999999999999996669, 2.621359168498536452, -1.510856932818017251 ) ) ;
#1028 = CARTESIAN_POINT ( 'NONE',  ( 4.854161166585997833, -0.5876249999999995088, 1.017796355797659480 ) ) ;
#1029 = CARTESIAN_POINT ( 'NONE',  ( 2.011743693785433607, -0.9345233694341213981, -0.9361066442432439683 ) ) ;
#1030 = CARTESIAN_POINT ( 'NONE',  ( 5.234368124899161145, 1.148187499999999917, 0.000000000000000000 ) ) ;
#1031 = CARTESIAN_POINT ( 'NONE',  ( 1.915069509719840246, -0.5024292996550477897, 1.346785613957796945 ) ) ;
#1032 = CARTESIAN_POINT ( 'NONE',  ( 1.300037355003939465, -0.1919911516282306885, -1.000000000000000000 ) ) ;
#1033 = CARTESIAN_POINT ( 'NONE',  ( 4.833333333333333037, -0.7499999999999985567, -1.299038105676656230 ) ) ;
#1034 = CARTESIAN_POINT ( 'NONE',  ( 4.145820499811768478, -1.499999999999998668, 0.8660254037844369313 ) ) ;
#1035 = CARTESIAN_POINT ( 'NONE',  ( 3.770827833252664352, 0.5876249999999980655, 1.017796355797660368 ) ) ;
#1036 = CARTESIAN_POINT ( 'NONE',  ( 0.5999999999999996447, -2.921918030004945876, 0.7852436530778406087 ) ) ;
#1037 = CARTESIAN_POINT ( 'NONE',  ( 6.999999999999999112, 1.074499999999999345, 0.000000000000000000 ) ) ;
#1038 = AXIS2_PLACEMENT_3D ( 'NONE', #3459, #1810, #2379 ) ;
#1039 = CARTESIAN_POINT ( 'NONE',  ( 2.188048172382924594, 1.174623263444303234, 0.01042075347869662709 ) ) ;
#1040 = CARTESIAN_POINT ( 'NONE',  ( 6.453119041579274295, -1.148187499999999917, -1.406124146696001694E-16 ) ) ;
#1041 = CARTESIAN_POINT ( 'NONE',  ( 2.191919782566857933, 0.9206199948049637038, -0.7628834200860327153 ) ) ;
#1042 = CARTESIAN_POINT ( 'NONE',  ( 6.906275017494236224, -0.4963303945771695425, 1.070087946930472933 ) ) ;
#1043 = CARTESIAN_POINT ( 'NONE',  ( 0.08944074098031250253, 0.7684029113979587988, 0.6690871167748887460 ) ) ;
#1044 = PRODUCT_DEFINITION_FORMATION_WITH_SPECIFIED_SOURCE ( 'ANY', '', #3486, .NOT_KNOWN. ) ;
#1045 = CARTESIAN_POINT ( 'NONE',  ( 0.9999999999999995559, 2.159100468761434577, -1.659276149645845466 ) ) ;
#1046 = CARTESIAN_POINT ( 'NONE',  ( 3.229161166585998277, 1.175249999999997463, 0.6785309038651070601 ) ) ;
#1047 = CARTESIAN_POINT ( 'NONE',  ( 1.562149298160022903, -0.2523706373125106373, -1.620772110207398864 ) ) ;
#1048 = CARTESIAN_POINT ( 'NONE',  ( 2.567701458232494627, -0.5740937499999996252, -0.9943595433077451196 ) ) ;
#1049 = CARTESIAN_POINT ( 'NONE',  ( 0.3999999999999998002, 1.843640166273142977, 2.399000520846142681 ) ) ;
#1050 = CARTESIAN_POINT ( 'NONE',  ( 5.249999999999999112, -1.499999999999997780, -1.836970198721027222E-16 ) ) ;
#1051 = CARTESIAN_POINT ( 'NONE',  ( 5.833333333333333037, -0.7499999999999985567, -1.299038105676656230 ) ) ;
#1052 = CARTESIAN_POINT ( 'NONE',  ( 0.9999999999999995559, 2.700000000000000178, 3.252606517456513302E-16 ) ) ;
#1053 = CARTESIAN_POINT ( 'NONE',  ( 0.5999999999999999778, 3.000000000000000000, 0.3926990816987240840 ) ) ;
#1054 = CARTESIAN_POINT ( 'NONE',  ( 2.624992666559103682, 8.716101336663381235E-17, -1.357061807730213010 ) ) ;
#1055 = CARTESIAN_POINT ( 'NONE',  ( 1.371875000000055911, -0.07485750640614925733, -1.951707562041735677 ) ) ;
#1056 = CARTESIAN_POINT ( 'NONE',  ( 6.036452374912605556, -0.5740937499999996252, -0.9943595433077451196 ) ) ;
#1057 = CARTESIAN_POINT ( 'NONE',  ( 2.059575026511435869, -0.9162877976938919034, -0.9182655146755133169 ) ) ;
#1058 = CARTESIAN_POINT ( 'NONE',  ( 1.577852736147380641, -1.131579797484041139, -1.235913018143544706 ) ) ;
#1059 = CARTESIAN_POINT ( 'NONE',  ( 4.312487166478435441, 1.127356439763488991E-16, -1.732050807568874973 ) ) ;
#1060 = CARTESIAN_POINT ( 'NONE',  ( 6.654264998012600074, -1.402256409384276648, -0.2423322677644797751 ) ) ;
#1061 = ORIENTED_EDGE ( 'NONE', *, *, #306, .T. ) ;
#1062 = CARTESIAN_POINT ( 'NONE',  ( 4.187494499919330870, 1.175249999999997907, 0.000000000000000000 ) ) ;
#1063 = CARTESIAN_POINT ( 'NONE',  ( 2.105523727324846828, 0.4830578130575107210, -1.159904600728599799 ) ) ;
#1064 = CARTESIAN_POINT ( 'NONE',  ( 4.109368124899161145, 8.754619472029991939E-17, -1.325812724410326382 ) ) ;
#1065 = CARTESIAN_POINT ( 'NONE',  ( 2.378601163610791325, 1.154987075430470300, -1.045113653873780191 ) ) ;
#1066 = CARTESIAN_POINT ( 'NONE',  ( 0.3999999999999998002, -0.7852436613724239622, 2.921918026569218174 ) ) ;
#1067 = CARTESIAN_POINT ( 'NONE',  ( 5.333333333333332149, -0.7499999999999985567, -1.299038105676656230 ) ) ;
#1068 = CARTESIAN_POINT ( 'NONE',  ( 5.625000000000000000, -3.094619542558254979E-16, 1.732050807568874973 ) ) ;
#1069 = CARTESIAN_POINT ( 'NONE',  ( 0.9999999999999995559, 0.7073587210060532371, -2.629384098240049372 ) ) ;
#1070 =( BOUNDED_CURVE ( )  B_SPLINE_CURVE ( 2, ( #1618, #1084, #3252, #267, #2180, #250, #526, #2456, #2438, #2730, #3552, #10, #1374, #761, #1101, #561, #1356, #3268, #1051, #1634, #488, #1867, #3302, #1068, #3587, #2161, #2471, #507, #778, #2782, #834, #1934, #3569, #233, #1882, #2216, #2197, #814, #1917, #2490, #3053, #3034, #2510, #1339, #544, #1394, #3284, #797, #1650, #2763, #1601, #2709, #216, #2253, #2528, #2802, #2839, #65, #101, #1189, #646, #2290, #2010, #3402, #1431, #1152, #3352, #868, #1452, #3123, #1720, #1754, #1413, #358, #2032, #1954, #3368, #85, #27, #2870, #1489, #1973, #321, #2596, #2820, #3071, #44, #578, #887, #1990, #974, #3439, #3477, #2395, #2939, #3176, #1261, #2376, #2903, #3231, #701, #738, #175, #1807, #956, #2686, #2323, #1768, #993, #1559, #2669 ),
 .UNSPECIFIED., .F., .T. ) 
 B_SPLINE_CURVE_WITH_KNOTS ( ( 3, 2, 2, 2, 2, 2, 2, 2, 2, 2, 2, 2, 2, 2, 2, 2, 2, 2, 2, 2, 2, 2, 2, 2, 2, 2, 2, 2, 2, 2, 2, 2, 2, 2, 2, 2, 2, 2, 2, 2, 2, 2, 2, 2, 2, 2, 2, 2, 2, 2, 2, 2, 2, 2, 2, 3 ),
 ( 0.08528164235229254708, 0.1000000000000000056, 0.1166666666666666685, 0.1333333333333333315, 0.1499999999999999944, 0.1666666666666666574, 0.1833333333333333204, 0.2000000000000000111, 0.2166666666666666741, 0.2333333333333333370, 0.2500000000000000000, 0.2666666666666666630, 0.2833333333333333259, 0.2999999999999999889, 0.3166666666666666519, 0.3333333333333333148, 0.3499999999999999778, 0.3666666666666665853, 0.3833333333333333037, 0.4000000000000000222, 0.4166666666666666297, 0.4333333333333333481, 0.4499999999999999556, 0.4666666666666666741, 0.4833333333333332815, 0.5000000000000000000, 0.5166666666666667185, 0.5333333333333333259, 0.5500000000000000444, 0.5666666666666666519, 0.5833333333333333703, 0.5999999999999999778, 0.6166666666666666963, 0.6333333333333333037, 0.6500000000000000222, 0.6666666666666666297, 0.6833333333333333481, 0.6999999999999999556, 0.7166666666666666741, 0.7333333333333332815, 0.7500000000000000000, 0.7666666666666667185, 0.7833333333333333259, 0.8000000000000000444, 0.8166666666666666519, 0.8333333333333334814, 0.8499999999999999778, 0.8666666666666666963, 0.8833333333333333037, 0.9000000000000000222, 0.9166666666666666297, 0.9333333333333333481, 0.9499999999999999556, 0.9666666666666666741, 0.9833333333333332815, 1.000000000000000000 ),
 .UNSPECIFIED. ) 
 CURVE ( )  GEOMETRIC_REPRESENTATION_ITEM ( )  RATIONAL_B_SPLINE_CURVE ( ( 0.9723387280773080343, 0.8816868386315305228, 1.000000000000000000, 0.8660254037844387076, 1.000000000000000000, 0.8660254037844387076, 1.000000000000000000, 0.8660254037844387076, 1.000000000000000000, 0.8660254037844387076, 1.000000000000000000, 0.8660254037844387076, 1.000000000000000000, 0.8660254037844387076, 1.000000000000000000, 0.8660254037844387076, 1.000000000000000000, 0.8660254037844387076, 1.000000000000000000, 0.8660254037844387076, 1.000000000000000000, 0.8660254037844387076, 1.000000000000000000, 0.8660254037844387076, 1.000000000000000000, 0.8660254037844387076, 1.000000000000000000, 0.8660254037844387076, 1.000000000000000000, 0.8660254037844387076, 1.000000000000000000, 0.8660254037844387076, 1.000000000000000000, 0.8660254037844387076, 1.000000000000000000, 0.8660254037844387076, 1.000000000000000000, 0.8660254037844387076, 1.000000000000000000, 0.8660254037844387076, 1.000000000000000000, 0.8660254037844387076, 1.000000000000000000, 0.8660254037844387076, 1.000000000000000000, 0.8660254037844387076, 1.000000000000000000, 0.8660254037844387076, 1.000000000000000000, 0.8660254037844387076, 1.000000000000000000, 0.8660254037844387076, 1.000000000000000000, 0.8660254037844387076, 1.000000000000000000, 0.8660254037844387076, 1.000000000000000000, 0.8660254037844387076, 1.000000000000000000, 0.8660254037844387076, 1.000000000000000000, 0.8660254037844387076, 1.000000000000000000, 0.8660254037844387076, 1.000000000000000000, 0.8660254037844387076, 1.000000000000000000, 0.8660254037844387076, 1.000000000000000000, 0.8660254037844387076, 1.000000000000000000, 0.8660254037844387076, 1.000000000000000000, 0.8660254037844387076, 1.000000000000000000, 0.8660254037844387076, 1.000000000000000000, 0.8660254037844387076, 1.000000000000000000, 0.8660254037844387076, 1.000000000000000000, 0.8660254037844387076, 1.000000000000000000, 0.8660254037844387076, 1.000000000000000000, 0.8660254037844387076, 1.000000000000000000, 0.8660254037844387076, 1.000000000000000000, 0.8660254037844387076, 1.000000000000000000, 0.8660254037844387076, 1.000000000000000000, 0.8660254037844387076, 1.000000000000000000, 0.8660254037844387076, 1.000000000000000000, 0.8660254037844387076, 1.000000000000000000, 0.8660254037844387076, 1.000000000000000000, 0.8660254037844387076, 1.000000000000000000, 0.8660254037844387076, 1.000000000000000000, 0.8660254037844387076, 1.000000000000000000, 0.8660254037844387076, 1.000000000000000000, 0.8660254037844387076, 1.000000000000000000 ) ) 
 REPRESENTATION_ITEM ( '' )  );
#1071 = FACE_OUTER_BOUND ( 'NONE', #2360, .T. ) ;
#1072 = CARTESIAN_POINT ( 'NONE',  ( 1.175000000000062217, -1.231152698441590365, 1.691305688177067834 ) ) ;
#1073 = CARTESIAN_POINT ( 'NONE',  ( 6.828119041579272519, -2.329741339789633400E-16, 1.325812724410326382 ) ) ;
#1074 = CARTESIAN_POINT ( 'NONE',  ( 2.245809367470752438, 1.129706645339144666, 0.2149735711457129439 ) ) ;
#1075 = CARTESIAN_POINT ( 'NONE',  ( 1.484092223320129467, -1.636367817241965339, 0.5972755570302018535 ) ) ;
#1076 = CARTESIAN_POINT ( 'NONE',  ( 6.663993276883296346, -1.322013439346934049, -0.4998221783829848164 ) ) ;
#1077 = EDGE_LOOP ( 'NONE', ( #979, #3501 ) ) ;
#1078 = CARTESIAN_POINT ( 'NONE',  ( 4.687494499919329982, 1.175249999999997907, 0.000000000000000000 ) ) ;
#1079 = CARTESIAN_POINT ( 'NONE',  ( 2.133564683588785371, 0.8343906376399847780, -0.9019675110458162948 ) ) ;
#1080 = CARTESIAN_POINT ( 'NONE',  ( 4.026034791565828108, -1.148187499999999472, -0.6629063622051637461 ) ) ;
#1081 = CARTESIAN_POINT ( 'NONE',  ( 2.259057913345853041, -1.019663581434715027, -1.299920325614778660 ) ) ;
#1082 = CARTESIAN_POINT ( 'NONE',  ( 0.3999999999999998002, -2.399000520846169771, 1.843640166273115888 ) ) ;
#1083 = CARTESIAN_POINT ( 'NONE',  ( 6.708333333333333037, -1.499999999999998446, 0.8660254037844368202 ) ) ;
#1084 = CARTESIAN_POINT ( 'NONE',  ( 6.536142287336065948, 1.499999999999997335, 0.7512033356138486662 ) ) ;
#1085 = DIRECTION ( 'NONE',  ( 0.000000000000000000, -0.000000000000000000, -1.000000000000000000 ) ) ;
#1086 = CARTESIAN_POINT ( 'NONE',  ( 1.243693608804995021, 0.5773502691896258421, 1.000000000000000000 ) ) ;
#1087 = CARTESIAN_POINT ( 'NONE',  ( 4.041659333225769757, -1.175249999999997907, -0.6785309038651068381 ) ) ;
#1088 = CARTESIAN_POINT ( 'NONE',  ( 1.231250000000030154, -1.996022760130040652, 0.4772718404476933296 ) ) ;
#1089 = CARTESIAN_POINT ( 'NONE',  ( 5.328119041579273407, -2.352969652754022397E-16, 1.325812724410326382 ) ) ;
#1090 = CARTESIAN_POINT ( 'NONE',  ( 2.232146341576051629, 1.149943260680589718, -0.04187493713904853754 ) ) ;
#1091 = CARTESIAN_POINT ( 'NONE',  ( 1.971271720912376901, -1.221815474264864143, 0.6788654305549570722 ) ) ;
#1092 = CARTESIAN_POINT ( 'NONE',  ( 5.312487166478434553, 1.142841981739748651E-16, -1.732050807568874973 ) ) ;
#1093 = CARTESIAN_POINT ( 'NONE',  ( 6.743990951289337232, 0.4689585793002562508, -1.248395561709161550 ) ) ;
#1094 = ORIENTED_EDGE ( 'NONE', *, *, #3200, .F. ) ;
#1095 = CARTESIAN_POINT ( 'NONE',  ( 1.925809868527236901, -0.1387717480786134494, -1.504043639030674839 ) ) ;
#1096 = CARTESIAN_POINT ( 'NONE',  ( 1.936919322024610146, -1.359235593657541097, 0.2112520497221850591 ) ) ;
#1097 = CARTESIAN_POINT ( 'NONE',  ( 3.526034791565827664, -1.148187499999999472, -0.6629063622051637461 ) ) ;
#1098 = CARTESIAN_POINT ( 'NONE',  ( 2.437120942030359672, 1.500351288871706101, -0.006897133449294825906 ) ) ;
#1099 = CARTESIAN_POINT ( 'NONE',  ( -5.421010862427522170E-17, -2.399000520846169771, 1.843640166273116110 ) ) ;
#1100 = CARTESIAN_POINT ( 'NONE',  ( 4.874999999999999112, 1.136067255859171526E-16, -1.732050807568874529 ) ) ;
#1101 = CARTESIAN_POINT ( 'NONE',  ( 5.999999999999999112, 1.499999999999997780, 0.000000000000000000 ) ) ;
#1102 = CARTESIAN_POINT ( 'NONE',  ( 6.899250000000001215, -1.041069188233228360, 0.5453324745615305558 ) ) ;
#1103 = VERTEX_POINT ( 'NONE', #1556 ) ;
#1104 = CARTESIAN_POINT ( 'NONE',  ( 3.166659333225770201, 0.5876249999999990647, -1.017796355797659702 ) ) ;
#1105 = CARTESIAN_POINT ( 'NONE',  ( 5.041659333225770645, -1.175249999999997907, -0.6785309038651068381 ) ) ;
#1106 = CARTESIAN_POINT ( 'NONE',  ( 2.146783855494354132, 0.9708259367120825045, -0.7354003253042499244 ) ) ;
#1107 = CARTESIAN_POINT ( 'NONE',  ( 3.036452374912606444, -0.5740937499999996252, -0.9943595433077451196 ) ) ;
#1108 = CARTESIAN_POINT ( 'NONE',  ( 1.357108163584216154, 0.3433759623470744593, 1.760350069534525108 ) ) ;
#1109 = CARTESIAN_POINT ( 'NONE',  ( 1.243693608804994799, -0.5773502691896258421, -1.000000000000000000 ) ) ;
#1110 = CARTESIAN_POINT ( 'NONE',  ( 3.812487166478434997, 1.119613668775359160E-16, -1.732050807568874973 ) ) ;
#1111 = CARTESIAN_POINT ( 'NONE',  ( 6.693977685712844128, -0.8229623417559579490, -1.122714532901280871 ) ) ;
#1112 = ORIENTED_EDGE ( 'NONE', *, *, #886, .T. ) ;
#1113 = CARTESIAN_POINT ( 'NONE',  ( -998.3360297657337696, 0.000000000000000000, 0.000000000000000000 ) ) ;
#1114 = CARTESIAN_POINT ( 'NONE',  ( 2.174201357756314401, 1.051789721835800551, -0.5367256165078444496 ) ) ;
#1115 = CARTESIAN_POINT ( 'NONE',  ( 4.276034791565828996, 1.148187499999999250, 0.6629063622051638571 ) ) ;
#1116 = DIRECTION ( 'NONE',  ( -1.000000000000000000, -1.548554197625976421E-18, -0.000000000000000000 ) ) ;
#1117 = CARTESIAN_POINT ( 'NONE',  ( -1.626303258728256651E-16, 2.621359168498598180, -1.510856932817893572 ) ) ;
#1118 = CARTESIAN_POINT ( 'NONE',  ( 3.666666666666666075, -0.7499999999999995559, 1.299038105676655785 ) ) ;
#1119 = CARTESIAN_POINT ( 'NONE',  ( 0.05449440786073878051, 1.060313455239320968, -0.1634832235765874831 ) ) ;
#1120 = CARTESIAN_POINT ( 'NONE',  ( 2.193670534269955841, 0.8101340676913679761, -0.9290020647476591176 ) ) ;
#1121 = CARTESIAN_POINT ( 'NONE',  ( 3.416659333225770201, -0.5876249999999995088, 1.017796355797659480 ) ) ;
#1122 = CARTESIAN_POINT ( 'NONE',  ( 2.212955692936400709, 1.010845182151068222, -0.6761414586300426022 ) ) ;
#1123 = CARTESIAN_POINT ( 'NONE',  ( 3.453119041579273407, -1.148187499999999917, -1.406124146696001694E-16 ) ) ;
#1124 = CARTESIAN_POINT ( 'NONE',  ( 1.666207076063513703, 0.8270126067913383672, -1.340586827429325112 ) ) ;
#1125 = PLANE ( 'NONE',  #1154 ) ;
#1126 = CARTESIAN_POINT ( 'NONE',  ( 2.018060914925947635, 1.472163013460331626, 0.3394408729492438548 ) ) ;
#1127 = CARTESIAN_POINT ( 'NONE',  ( 7.145827833252663908, 1.175249999999998129, -0.6785309038651062830 ) ) ;
#1128 = CARTESIAN_POINT ( 'NONE',  ( 1.830659991462273206, -1.196975250760930809, 0.9213055873823341457 ) ) ;
#1129 = CARTESIAN_POINT ( 'NONE',  ( 1.346798132126036940, -0.4943485553074347116, 1.722840765607434266 ) ) ;
#1130 = CARTESIAN_POINT ( 'NONE',  ( 6.749992666559102794, 1.175249999999997907, 0.000000000000000000 ) ) ;
#1131 = CARTESIAN_POINT ( 'NONE',  ( -999.3333333333332575, 0.000000000000000000, 0.000000000000000000 ) ) ;
#1132 = B_SPLINE_CURVE_WITH_KNOTS ( 'NONE', 3,
 ( #3127, #889, #2256, #650, #2545 ),
 .UNSPECIFIED., .F., .F.,
 ( 4, 1, 4 ),
 ( 2.309401076757153916E-07, 0.0005775812092973015748, 0.001154931478486927480 ),
 .UNSPECIFIED. ) ;
#1133 = CARTESIAN_POINT ( 'NONE',  ( 2.666666666666666075, -0.7499999999999995559, 1.299038105676655785 ) ) ;
#1134 = CARTESIAN_POINT ( 'NONE',  ( 2.224126134455651549, 1.103818868843297496, -0.4828606757028388596 ) ) ;
#1135 = DIRECTION ( 'NONE',  ( 0.000000000000000000, 0.000000000000000000, -1.000000000000000000 ) ) ;
#1136 = CARTESIAN_POINT ( 'NONE',  ( 5.020820499811767590, 0.7499999999999980016, 1.299038105676656896 ) ) ;
#1137 = CARTESIAN_POINT ( 'NONE',  ( 4.729161166585997833, 1.175249999999997463, 0.6785309038651070601 ) ) ;
#1138 = CARTESIAN_POINT ( 'NONE',  ( 4.161452374912606444, 1.148187499999999917, -0.6629063622051631910 ) ) ;
#1139 = CLOSED_SHELL ( 'NONE', ( #2289, #2576, #3505, #2062, #2176, #3389, #1791, #1688, #822, #3132, #3455, #2826, #2642, #1259, #1326, #286, #2377, #1349, #1902, #661, #1727, #1579, #1947, #2931, #2622, #618, #3241, #1193 ) ) ;
#1140 = CARTESIAN_POINT ( 'NONE',  ( 1.694305216605032971, 1.224180812957329278, -0.9593518827788861669 ) ) ;
#1141 = CARTESIAN_POINT ( 'NONE',  ( 2.077422877100886467, 0.05279387873281850274, -1.275226637557821174 ) ) ;
#1142 = CARTESIAN_POINT ( 'NONE',  ( 2.054182744785606918, 1.411227951279369730, 1.017976504579979347 ) ) ;
#1143 = CARTESIAN_POINT ( 'NONE',  ( 6.895827833252663908, -1.175249999999998352, 0.6785309038651060609 ) ) ;
#1144 = CARTESIAN_POINT ( 'NONE',  ( 0.3999999999999999112, 1.843640159924745392, -2.399000527194540933 ) ) ;
#1145 = EDGE_CURVE ( 'NONE', #3320, #871, #1832, .T. ) ;
#1146 = CARTESIAN_POINT ( 'NONE',  ( 1.812168950047251981, -0.7207635216308061477, 1.318489017961853582 ) ) ;
#1147 = CARTESIAN_POINT ( 'NONE',  ( 2.204215466079887609, 1.146843578454625368, 0.02062920833157635969 ) ) ;
#1148 = CARTESIAN_POINT ( 'NONE',  ( 5.124992666559102794, 9.103239886069875206E-17, -1.357061807730212788 ) ) ;
#1149 = CARTESIAN_POINT ( 'NONE',  ( 1.884019372406325887, 1.508616890082329576, -1.182875147324969678 ) ) ;
#1150 = DIRECTION ( 'NONE',  ( 0.000000000000000000, 0.000000000000000000, 1.000000000000000000 ) ) ;
#1151 = CARTESIAN_POINT ( 'NONE',  ( 3.583333333333333037, 0.7499999999999978906, 1.299038105676656674 ) ) ;
#1152 = CARTESIAN_POINT ( 'NONE',  ( 3.874999999999999556, 1.120581713882911866E-16, -1.732050807568874973 ) ) ;
#1153 = CARTESIAN_POINT ( 'NONE',  ( 2.181943420561839098, 0.6703512164420081243, -1.046148274530159350 ) ) ;
#1154 = AXIS2_PLACEMENT_3D ( 'NONE', #3182, #2071, #3341 ) ;
#1155 = ORIENTED_EDGE ( 'NONE', *, *, #128, .T. ) ;
#1156 = CARTESIAN_POINT ( 'NONE',  ( 2.242679477817626221, 1.175543214925579338, -0.1380675613525313983 ) ) ;
#1157 = CARTESIAN_POINT ( 'NONE',  ( 5.812487166478434553, 1.150584752727878481E-16, -1.732050807568874973 ) ) ;
#1158 = CARTESIAN_POINT ( 'NONE',  ( 4.562494499919330870, 9.016133996359181364E-17, -1.357061807730213010 ) ) ;
#1159 = CARTESIAN_POINT ( 'NONE',  ( 2.328119041579272963, -2.399426278682802364E-16, 1.325812724410326382 ) ) ;
#1160 = CARTESIAN_POINT ( 'NONE',  ( 1.788072104587887345, 1.296132674387813877, 0.7329898819753175587 ) ) ;
#1161 = CARTESIAN_POINT ( 'NONE',  ( 2.011743693785433607, -0.9345233694341213981, -0.9361066442432439683 ) ) ;
#1162 = CARTESIAN_POINT ( 'NONE',  ( 2.895820499811768034, 1.499999999999997780, -0.8660254037844371533 ) ) ;
#1163 = CARTESIAN_POINT ( 'NONE',  ( 5.312494499919329982, -2.410615242045739359E-16, 1.357061807730212788 ) ) ;
#1164 = CARTESIAN_POINT ( 'NONE',  ( 1.941688859802829015, 0.3940422373695506297, -1.458144253486114428 ) ) ;
#1165 = CARTESIAN_POINT ( 'NONE',  ( 2.188762474098962407, 1.133183969345063380, -0.2708190309801530860 ) ) ;
#1166 = CARTESIAN_POINT ( 'NONE',  ( 5.499992666559103682, -1.175249999999997907, -1.439266150697924440E-16 ) ) ;
#1167 = EDGE_CURVE ( 'NONE', #1103, #2925, #2307, .T. ) ;
#1168 = CARTESIAN_POINT ( 'NONE',  ( 2.080919221950380482, -0.4186480994013634382, 1.727986898341771438 ) ) ;
#1169 = CARTESIAN_POINT ( 'NONE',  ( -1.631776300905442504E-16, 0.3534291654484137957, -2.700000000000000178 ) ) ;
#1170 = CARTESIAN_POINT ( 'NONE',  ( 2.124999999999999112, -3.148818939475163297E-16, 1.732050807568874529 ) ) ;
#1171 = CARTESIAN_POINT ( 'NONE',  ( 2.186623347011320107, 0.7289590037064200834, -1.002033797172853236 ) ) ;
#1172 = CARTESIAN_POINT ( 'NONE',  ( 1.515406767050528902, -1.130581746799536047, -1.233543511399301185 ) ) ;
#1173 = ORIENTED_EDGE ( 'NONE', *, *, #554, .F. ) ;
#1174 = CARTESIAN_POINT ( 'NONE',  ( 2.249992666559104126, 1.175249999999997463, 1.205689276649585665E-14 ) ) ;
#1175 = CARTESIAN_POINT ( 'NONE',  ( 6.895820499811768478, 1.499999999999998224, -0.8660254037844371533 ) ) ;
#1176 = CARTESIAN_POINT ( 'NONE',  ( 5.567701458232495071, -0.5740937499999996252, -0.9943595433077451196 ) ) ;
#1177 = CARTESIAN_POINT ( 'NONE',  ( 4.062494499919331759, 8.938706286477883063E-17, -1.357061807730213010 ) ) ;
#1178 = CARTESIAN_POINT ( 'NONE',  ( 3.161452374912606000, 1.148187499999999917, -0.6629063622051631910 ) ) ;
#1179 = CARTESIAN_POINT ( 'NONE',  ( 2.251809590456436361, 1.172892364065655224, 0.03417680195127916626 ) ) ;
#1180 = CARTESIAN_POINT ( 'NONE',  ( 2.437487164747003554, 1.500000001737390676, -1.630111302863047245E-08 ) ) ;
#1181 = CARTESIAN_POINT ( 'NONE',  ( 6.104161166585996945, 0.5876249999999990647, -1.017796355797659702 ) ) ;
#1182 = CARTESIAN_POINT ( 'NONE',  ( 1.758442673812892876, 1.436342812135185998, 0.4323698629962943740 ) ) ;
#1183 = FACE_OUTER_BOUND ( 'NONE', #1265, .T. ) ;
#1184 = CARTESIAN_POINT ( 'NONE',  ( 2.201342497010493560, 1.149676487571275052, -0.03347659418150407407 ) ) ;
#1185 = CARTESIAN_POINT ( 'NONE',  ( 4.624992666559102794, 9.025812176188574440E-17, -1.357061807730212788 ) ) ;
#1186 = CARTESIAN_POINT ( 'NONE',  ( 1.640231403495102880, -1.741920734275506977, 1.153477030095966693 ) ) ;
#1187 = CARTESIAN_POINT ( 'NONE',  ( 0.5999999999999996447, 2.921918026569181759, -0.7852436613725103376 ) ) ;
#1188 = CARTESIAN_POINT ( 'NONE',  ( 4.416666666666666075, 0.7499999999999991118, -1.299038105676656008 ) ) ;
#1189 = CARTESIAN_POINT ( 'NONE',  ( 4.124999999999999112, -3.117847855522644469E-16, 1.732050807568874973 ) ) ;
#1190 = CARTESIAN_POINT ( 'NONE',  ( 2.250434441105682914, 1.174732178230257995, 0.008313538102152032150 ) ) ;
#1191 = CARTESIAN_POINT ( 'NONE',  ( 1.655912042691041641, 1.345300400928559625, -0.8171575944443592032 ) ) ;
#1192 = EDGE_LOOP ( 'NONE', ( #2293, #1945, #1209, #2230 ) ) ;
#1193 = ADVANCED_FACE ( 'NONE', ( #895 ), #794, .T. ) ;
#1194 = CARTESIAN_POINT ( 'NONE',  ( 2.246346582938808289, 1.177368936297790825, -0.06876332646274770088 ) ) ;
#1195 = CARTESIAN_POINT ( 'NONE',  ( 6.270820499811768478, -0.7499999999999986677, -1.299038105676656452 ) ) ;
#1196 = CARTESIAN_POINT ( 'NONE',  ( 4.854161166585997833, -0.5876249999999995088, 1.017796355797659480 ) ) ;
#1197 = CARTESIAN_POINT ( 'NONE',  ( 1.995312499997776712, 1.500751306839010368, -0.08848238842533974469 ) ) ;
#1198 = CARTESIAN_POINT ( 'NONE',  ( 6.312494499919330870, -2.395129700069479699E-16, 1.357061807730212788 ) ) ;
#1199 = CARTESIAN_POINT ( 'NONE',  ( 1.743445495210911744, 1.425270221470285037, 0.4679882083751262800 ) ) ;
#1200 = CARTESIAN_POINT ( 'NONE',  ( 6.874992666559102794, -2.386419111098410315E-16, 1.357061807730212788 ) ) ;
#1201 = CARTESIAN_POINT ( 'NONE',  ( 2.251453403386287189, 1.120185541873476742, 0.3209947635867620996 ) ) ;
#1202 = CARTESIAN_POINT ( 'NONE',  ( 5.208325999892437608, 1.175249999999998129, -0.6785309038651062830 ) ) ;
#1203 = CARTESIAN_POINT ( 'NONE',  ( -1.546208479230420740E-16, 2.494474737780474793, -1.033245267385741961 ) ) ;
#1204 = CARTESIAN_POINT ( 'NONE',  ( -1.631776300905445709E-16, 0.3534291654486238499, 2.700000000000000178 ) ) ;
#1205 = CARTESIAN_POINT ( 'NONE',  ( 7.020827833252663908, -0.5876249999999987317, -1.017796355797659924 ) ) ;
#1206 = CARTESIAN_POINT ( 'NONE',  ( 2.192298191535852592, 1.168227450781166965, 0.09030673902989461155 ) ) ;
#1207 = CARTESIAN_POINT ( 'NONE',  ( 2.158498311128437486, 0.3440965256385452586, -1.217800408451336747 ) ) ;
#1208 = CARTESIAN_POINT ( 'NONE',  ( 1.908818675754781813, -1.219539340102087088, 0.6781365577129286892 ) ) ;
#1209 = ORIENTED_EDGE ( 'NONE', *, *, #2445, .F. ) ;
#1210 = CARTESIAN_POINT ( 'NONE',  ( 1.991881648277329830, -0.9849391815284400664, 1.144900270573824264 ) ) ;
#1211 = CARTESIAN_POINT ( 'NONE',  ( 6.854153833145101515, 0.7499999999999992228, -1.299038105676656230 ) ) ;
#1212 = CARTESIAN_POINT ( 'NONE',  ( 5.270827833252664796, 0.5876249999999980655, 1.017796355797660368 ) ) ;
#1213 = STYLED_ITEM ( 'NONE', ( #1396 ), #2570 ) ;
#1214 = CARTESIAN_POINT ( 'NONE',  ( 2.249083260256501848, 1.176149804837272717, -0.01712675503731178606 ) ) ;
#1215 = CARTESIAN_POINT ( 'NONE',  ( 1.559374999999956879, 1.337441277843706811, 1.236023250114960836 ) ) ;
#1216 = CARTESIAN_POINT ( 'NONE',  ( 2.187494499919330870, 1.175249999999997907, 0.000000000000000000 ) ) ;
#1217 = CARTESIAN_POINT ( 'NONE',  ( 6.729161166585996945, 1.175249999999997463, 0.6785309038651070601 ) ) ;
#1218 = CARTESIAN_POINT ( 'NONE',  ( 5.458325999892435831, -1.175249999999998352, 0.6785309038651060609 ) ) ;
#1219 = CARTESIAN_POINT ( 'NONE',  ( 1.925438982067636084, -1.196390740630203675, 0.6649314453753114584 ) ) ;
#1220 = CARTESIAN_POINT ( 'NONE',  ( 2.499992666559103238, -1.175249999999997907, -1.439266150697924440E-16 ) ) ;
#1221 = CARTESIAN_POINT ( 'NONE',  ( -1.478015370267043369E-16, -1.909188309203680101, 1.909188309203676992 ) ) ;
#1222 = CARTESIAN_POINT ( 'NONE',  ( 0.9999999999999995559, 2.700000000000000178, -0.3534291654486235723 ) ) ;
#1223 = CARTESIAN_POINT ( 'NONE',  ( 6.645827833252663908, 1.175249999999998129, -0.6785309038651062830 ) ) ;
#1224 = DIRECTION ( 'NONE',  ( 0.000000000000000000, 0.000000000000000000, 1.000000000000000000 ) ) ;
#1225 = CARTESIAN_POINT ( 'NONE',  ( 1.512193340237568240, -1.722100063855183105, -0.005843697047356688143 ) ) ;
#1226 = DIRECTION ( 'NONE',  ( 6.123492093082666971E-18, -0.8660254037844385966, -0.5000000000000003331 ) ) ;
#1227 = VERTEX_POINT ( 'NONE', #2634 ) ;
#1228 = CARTESIAN_POINT ( 'NONE',  ( 2.055574961440882475, -1.138973143950518629, -0.7024840956749437426 ) ) ;
#1229 = CARTESIAN_POINT ( 'NONE',  ( 2.895820499811767590, 1.499999999999998224, -0.8660254037844371533 ) ) ;
#1230 = CARTESIAN_POINT ( 'NONE',  ( 3.020827833252664352, -0.5876249999999987317, -1.017796355797659924 ) ) ;
#1231 = CARTESIAN_POINT ( 'NONE',  ( -8.164656124110223655E-18, 0.000000000000000000, 0.000000000000000000 ) ) ;
#1232 = CARTESIAN_POINT ( 'NONE',  ( 4.624992666559102794, 9.025812176188574440E-17, -1.357061807730213010 ) ) ;
#1233 = CARTESIAN_POINT ( 'NONE',  ( 2.249538143296044623, 1.175730741759975384, -0.008557492089084118431 ) ) ;
#1234 = CARTESIAN_POINT ( 'NONE',  ( 1.998535156247657207, 1.500771879945823839, -0.02762705852811869062 ) ) ;
#1235 = CARTESIAN_POINT ( 'NONE',  ( 3.062494499919330870, 8.783850866715283996E-17, -1.357061807730212788 ) ) ;
#1236 = DIRECTION ( 'NONE',  ( 1.000000000000000000, -0.000000000000000000, -0.000000000000000000 ) ) ;
#1237 = CARTESIAN_POINT ( 'NONE',  ( 5.874992666559104570, -2.401904653074669975E-16, 1.357061807730212788 ) ) ;
#1238 = CARTESIAN_POINT ( 'NONE',  ( 1.859763694523074440, -0.3329552306987917931, 1.375444162156040262 ) ) ;
#1239 = CARTESIAN_POINT ( 'NONE',  ( 6.900092033913518996, -1.042654167815433297, 0.5404919893767881067 ) ) ;
#1240 = CARTESIAN_POINT ( 'NONE',  ( -1.518534865202895131E-16, 0.7074133569162589508, -2.629516000996703351 ) ) ;
#1241 = CARTESIAN_POINT ( 'NONE',  ( 0.9999999999999992228, -3.000000000000000000, -0.3926990727206970955 ) ) ;
#1242 = CARTESIAN_POINT ( 'NONE',  ( 5.687494499919330870, 1.175249999999997907, 0.000000000000000000 ) ) ;
#1243 = CARTESIAN_POINT ( 'NONE',  ( 2.187769680788021365, 1.174946878436112119, 0.005179771732336023969 ) ) ;
#1244 = CARTESIAN_POINT ( 'NONE',  ( 1.746462089266564544, 1.527955693962686379, -0.2971028762722468519 ) ) ;
#1245 = DIRECTION ( 'NONE',  ( 0.000000000000000000, -0.4999999999999997780, -0.8660254037844387076 ) ) ;
#1246 = ORIENTED_EDGE ( 'NONE', *, *, #510, .F. ) ;
#1247 = CARTESIAN_POINT ( 'NONE',  ( 1.863406892127208003, 0.6823920809741685911, 1.347342705645204752 ) ) ;
#1248 = CARTESIAN_POINT ( 'NONE',  ( 3.104153833145101515, -0.7499999999999996669, 1.299038105676656008 ) ) ;
#1249 = CARTESIAN_POINT ( 'NONE',  ( 2.854161166585997833, -0.5876249999999995088, 1.017796355797659480 ) ) ;
#1250 = CARTESIAN_POINT ( 'NONE',  ( 0.5999999999999995337, 1.510856941112697971, 2.621359165062774554 ) ) ;
#1251 = CARTESIAN_POINT ( 'NONE',  ( 5.666659333225769757, 0.5876249999999990647, -1.017796355797659702 ) ) ;
#1252 = CARTESIAN_POINT ( 'NONE',  ( 1.939062499999937073, 1.112531047986823118, -1.069630637264121553 ) ) ;
#1253 = CARTESIAN_POINT ( 'NONE',  ( 3.395827833252663908, -1.175249999999998352, 0.6785309038651060609 ) ) ;
#1254 = CARTESIAN_POINT ( 'NONE',  ( 7.041659333225770645, -1.175249999999997907, -0.6785309038651068381 ) ) ;
#1255 = CARTESIAN_POINT ( 'NONE',  ( 1.831666298387588210, 0.1658027374254786579, 1.425408800922754127 ) ) ;
#1256 = CARTESIAN_POINT ( 'NONE',  ( 2.749992666559103682, 1.175249999999997907, 0.000000000000000000 ) ) ;
#1257 = CARTESIAN_POINT ( 'NONE',  ( -1.537145001672559313E-16, 1.909188309203678546, 1.909188309203678768 ) ) ;
#1258 = CARTESIAN_POINT ( 'NONE',  ( 0.9999999999999992228, 0.3926990727206928211, 3.000000000000000000 ) ) ;
#1259 = ADVANCED_FACE ( 'NONE', ( #2924 ), #2651, .T. ) ;
#1260 = CARTESIAN_POINT ( 'NONE',  ( 5.020827833252663908, -0.5876249999999987317, -1.017796355797659924 ) ) ;
#1261 = CARTESIAN_POINT ( 'NONE',  ( 2.583333333333332593, 0.7499999999999978906, 1.299038105676656674 ) ) ;
#1262 = CARTESIAN_POINT ( 'NONE',  ( 1.465445091410217726, -1.464180623347949517, 0.9677727782081433361 ) ) ;
#1263 = AXIS2_PLACEMENT_3D ( 'NONE', #1131, #172, #2060 ) ;
#1264 = DIRECTION ( 'NONE',  ( -6.123492093082668511E-18, 0.8660254037844388186, 0.4999999999999998335 ) ) ;
#1265 = EDGE_LOOP ( 'NONE', ( #121, #596 ) ) ;
#1266 = CARTESIAN_POINT ( 'NONE',  ( 2.046099312233181866, -1.220622204323915438, -0.5646319305835907354 ) ) ;
#1267 = CARTESIAN_POINT ( 'NONE',  ( 2.937487166478434997, 1.499999999999998002, 0.000000000000000000 ) ) ;
#1268 = DIRECTION ( 'NONE',  ( 1.000000000000000000, -0.000000000000000000, -0.000000000000000000 ) ) ;
#1269 = CARTESIAN_POINT ( 'NONE',  ( 1.908818675754781813, -1.219539340102087088, 0.6781365577129286892 ) ) ;
#1270 = CARTESIAN_POINT ( 'NONE',  ( 5.833325999892436720, 0.5876249999999980655, 1.017796355797660368 ) ) ;
#1271 = CIRCLE ( 'NONE', #3305, 1.154700538379251684 ) ;
#1272 = CARTESIAN_POINT ( 'NONE',  ( 1.765624999999989120, -1.643007030784058742, -0.3285210363573050074 ) ) ;
#1273 = CARTESIAN_POINT ( 'NONE',  ( 4.604161166585997833, 0.5876249999999990647, -1.017796355797659702 ) ) ;
#1274 = CARTESIAN_POINT ( 'NONE',  ( 3.499992666559103238, -1.175249999999997907, -1.439266150697924440E-16 ) ) ;
#1275 = CARTESIAN_POINT ( 'NONE',  ( 2.094031033525923569, 0.05183531728180279519, -1.248585888308103575 ) ) ;
#1276 = CARTESIAN_POINT ( 'NONE',  ( 2.666659333225769757, 0.5876249999999990647, -1.017796355797659702 ) ) ;
#1277 = CARTESIAN_POINT ( 'NONE',  ( -1.481876711513441166E-16, -1.659836930200137894, 2.158640642206515192 ) ) ;
#1278 = CARTESIAN_POINT ( 'NONE',  ( 0.9999999999999995559, -2.700000000000000178, 0.000000000000000000 ) ) ;
#1279 = CARTESIAN_POINT ( 'NONE',  ( 5.312494499919329982, -2.410615242045739359E-16, 1.357061807730212788 ) ) ;
#1280 = CARTESIAN_POINT ( 'NONE',  ( 2.195624480784409194, 1.162574142163729007, 0.1527871220579442302 ) ) ;
#1281 = CARTESIAN_POINT ( 'NONE',  ( 6.067701458232495071, -0.5740937499999996252, -0.9943595433077451196 ) ) ;
#1282 = CARTESIAN_POINT ( 'NONE',  ( 1.933699950420353142, -0.7935927374295805858, 1.182728807760941026 ) ) ;
#1283 = CARTESIAN_POINT ( 'NONE',  ( 1.346798132126036940, -0.4943485553074347116, 1.722840765607434266 ) ) ;
#1284 = ORIENTED_EDGE ( 'NONE', *, *, #2111, .T. ) ;
#1285 = CARTESIAN_POINT ( 'NONE',  ( 2.107456130967485297, -1.480471623030966466, -0.2986341411065945306 ) ) ;
#1286 = CARTESIAN_POINT ( 'NONE',  ( 0.05442668078526848724, 0.6716200455907140876, -0.8367199576551573870 ) ) ;
#1287 = CARTESIAN_POINT ( 'NONE',  ( 2.312494499919330870, -2.457071867974518340E-16, 1.357061807730213010 ) ) ;
#1288 = CARTESIAN_POINT ( 'NONE',  ( 6.458325999892436720, -1.175249999999998129, 0.6785309038651060609 ) ) ;
#1289 = CARTESIAN_POINT ( 'NONE',  ( 2.187714355304374525, 1.175009311962919245, 0.004138469719343148938 ) ) ;
#1290 = CARTESIAN_POINT ( 'NONE',  ( 5.036452374912606444, -0.5740937499999996252, -0.9943595433077451196 ) ) ;
#1291 = CARTESIAN_POINT ( 'NONE',  ( 3.874992666559103238, -2.432875737027189788E-16, 1.357061807730212788 ) ) ;
#1292 = CARTESIAN_POINT ( 'NONE',  ( 2.167313014822356720, 0.6553712177770251168, -1.022894083686936462 ) ) ;
#1293 = CARTESIAN_POINT ( 'NONE',  ( 2.074199076939874598, -0.9359019260397930529, -0.9379819275534950762 ) ) ;
#1294 = CARTESIAN_POINT ( 'NONE',  ( 2.249992666559103238, 1.175249999999997907, 0.000000000000000000 ) ) ;
#1295 = CARTESIAN_POINT ( 'NONE',  ( 6.312487166478435441, 1.158327523716008558E-16, -1.732050807568874973 ) ) ;
#1296 = CARTESIAN_POINT ( 'NONE',  ( 0.9999999999999996669, 0.7852436613724159686, 2.921918026569198634 ) ) ;
#1297 = CARTESIAN_POINT ( 'NONE',  ( 3.395827833252663908, -1.175249999999998352, 0.6785309038651060609 ) ) ;
#1298 = CARTESIAN_POINT ( 'NONE',  ( 1.515406767050528902, -1.130581746799536047, -1.233543511399301185 ) ) ;
#1299 = CARTESIAN_POINT ( 'NONE',  ( 6.317701458232494183, 0.5740937499999990701, 0.9943595433077454526 ) ) ;
#1300 = CARTESIAN_POINT ( 'NONE',  ( 1.371674689588833651, 0.3487876959507389962, 1.787660427904582017 ) ) ;
#1301 = FACE_OUTER_BOUND ( 'NONE', #2905, .T. ) ;
#1302 = CARTESIAN_POINT ( 'NONE',  ( 5.708333333333333037, -1.499999999999998446, 0.8660254037844368202 ) ) ;
#1303 = CARTESIAN_POINT ( 'NONE',  ( 4.687487166478434553, -1.499999999999998002, -1.836970198721027469E-16 ) ) ;
#1304 = CARTESIAN_POINT ( 'NONE',  ( 2.895827833252664352, -1.175249999999998129, 0.6785309038651060609 ) ) ;
#1305 = CARTESIAN_POINT ( 'NONE',  ( 0.5999999999999994227, -2.999999999999999112, -1.897353801849632760E-16 ) ) ;
#1306 = EDGE_CURVE ( 'NONE', #3589, #2805, #3046, .T. ) ;
#1307 = CARTESIAN_POINT ( 'NONE',  ( 4.374992666559103682, -2.425132966039059465E-16, 1.357061807730213010 ) ) ;
#1308 = CARTESIAN_POINT ( 'NONE',  ( 2.188615123225700287, 1.173916277887288917, 0.02108713078739435018 ) ) ;
#1309 = CARTESIAN_POINT ( 'NONE',  ( 6.161452374912606444, 1.148187499999999917, -0.6629063622051631910 ) ) ;
#1310 = CARTESIAN_POINT ( 'NONE',  ( 4.499992666559103682, -1.175249999999997907, -1.439266150697924440E-16 ) ) ;
#1311 = CARTESIAN_POINT ( 'NONE',  ( 2.153357749441836777, 0.4734613437544377690, -1.136271770709865736 ) ) ;
#1312 = CARTESIAN_POINT ( 'NONE',  ( 1.905600002475791532, -0.3400468381302972909, 1.403550521191233358 ) ) ;
#1313 = CARTESIAN_POINT ( 'NONE',  ( 6.624992666559103682, 9.335523015713771342E-17, -1.357061807730213010 ) ) ;
#1314 = CARTESIAN_POINT ( 'NONE',  ( 5.645820499811767590, -1.499999999999998446, 0.8660254037844369313 ) ) ;
#1315 = CARTESIAN_POINT ( 'NONE',  ( 0.9999999999999995559, -2.700000000000000178, -0.3534291654486274581 ) ) ;
#1316 = CARTESIAN_POINT ( 'NONE',  ( 3.104161166585997833, 0.5876249999999990647, -1.017796355797659702 ) ) ;
#1317 = CARTESIAN_POINT ( 'NONE',  ( 2.039843057342589194, -0.5446688194284969864, -1.183577077021340962 ) ) ;
#1318 = CARTESIAN_POINT ( 'NONE',  ( 2.442701458232495071, -1.148187499999999917, 0.6629063622051628579 ) ) ;
#1319 = CARTESIAN_POINT ( 'NONE',  ( 1.626303258728256651E-16, -0.3926990727204553444, -3.000000000000000000 ) ) ;
#1320 = CARTESIAN_POINT ( 'NONE',  ( 6.166666666666666075, -0.7499999999999995559, 1.299038105676655785 ) ) ;
#1321 = DIRECTION ( 'NONE',  ( -1.000000000000000000, -7.070799616643647036E-18, 0.000000000000000000 ) ) ;
#1322 = CARTESIAN_POINT ( 'NONE',  ( 2.343739916518769117, 1.337624999999998066, 0.000000000000000000 ) ) ;
#1323 = CARTESIAN_POINT ( 'NONE',  ( 0.5999999999999999778, -0.3926990816987248611, 3.000000000000000444 ) ) ;
#1324 = CARTESIAN_POINT ( 'NONE',  ( 2.958325999892436720, -1.175249999999998129, 0.6785309038651060609 ) ) ;
#1325 = CARTESIAN_POINT ( 'NONE',  ( 2.224126134455651549, 1.103818868843297496, -0.4828606757028388596 ) ) ;
#1326 = ADVANCED_FACE ( 'NONE', ( #704 ), #2124, .T. ) ;
#1327 = CARTESIAN_POINT ( 'NONE',  ( 1.428125000000028288, 1.186041057945510513, -1.501574480418943258 ) ) ;
#1328 = CARTESIAN_POINT ( 'NONE',  ( 6.078119041579271631, 9.059491221640488606E-17, -1.325812724410326382 ) ) ;
#1329 = CARTESIAN_POINT ( 'NONE',  ( 2.040962026432234566, -1.115273788343464245, -0.6879198781074167268 ) ) ;
#1330 = CARTESIAN_POINT ( 'NONE',  ( 1.634056115513611074, -0.05665586413475733746, -1.635006315128805898 ) ) ;
#1331 = DIRECTION ( 'NONE',  ( 1.548554197625976614E-18, -1.000000000000000000, 0.000000000000000000 ) ) ;
#1332 = CARTESIAN_POINT ( 'NONE',  ( 4.437487166478434553, 1.499999999999998002, 0.000000000000000000 ) ) ;
#1333 = CARTESIAN_POINT ( 'NONE',  ( 6.812802484163153593, 1.246152302188329841, 0.2167927286794419095 ) ) ;
#1334 = CARTESIAN_POINT ( 'NONE',  ( 3.854161166585997833, -0.5876249999999995088, 1.017796355797659480 ) ) ;
#1335 = CARTESIAN_POINT ( 'NONE',  ( 1.477848426800875803, -1.593129231822445036, -0.5928073793464495589 ) ) ;
#1336 = CARTESIAN_POINT ( 'NONE',  ( 2.651034791565827664, 0.5740937499999999583, -0.9943595433077447865 ) ) ;
#1337 = CARTESIAN_POINT ( 'NONE',  ( -1.626303258728256651E-16, -1.510856932818125165, 2.621359168498520908 ) ) ;
#1338 = CARTESIAN_POINT ( 'NONE',  ( 5.625000000000000000, -3.094619542558254486E-16, 1.732050807568874529 ) ) ;
#1339 = CARTESIAN_POINT ( 'NONE',  ( 4.791666666666666075, -1.499999999999997335, -0.8660254037844378194 ) ) ;
#1340 = CARTESIAN_POINT ( 'NONE',  ( 0.000000000000000000, 0.000000000000000000, 0.000000000000000000 ) ) ;
#1341 = CARTESIAN_POINT ( 'NONE',  ( 1.243693608804995021, 1.154700538379251684, 8.475088043082009923E-17 ) ) ;
#1342 = CARTESIAN_POINT ( 'NONE',  ( 1.249999999999966471, -2.039251527877891323, 0.0003343452278892450162 ) ) ;
#1343 = CARTESIAN_POINT ( 'NONE',  ( 5.578119041579272519, 8.982063511759189072E-17, -1.325812724410326382 ) ) ;
#1344 = CARTESIAN_POINT ( 'NONE',  ( 1.919087652481074713, -0.7780885169860424222, 1.159632961770285409 ) ) ;
#1345 = CARTESIAN_POINT ( 'NONE',  ( 1.512193340237568240, -1.722100063855183105, -0.005843697047356688143 ) ) ;
#1346 = CARTESIAN_POINT ( 'NONE',  ( 5.604153833145101515, -0.7499999999999996669, 1.299038105676656008 ) ) ;
#1347 = CARTESIAN_POINT ( 'NONE',  ( 6.835262521785702816, 1.022967485804624488, 0.7052954385058690656 ) ) ;
#1348 = EDGE_LOOP ( 'NONE', ( #3329 ) ) ;
#1349 = ADVANCED_FACE ( 'NONE', ( #2707 ), #3517, .T. ) ;
#1350 = CARTESIAN_POINT ( 'NONE',  ( 4.812494499919329982, -2.418358013033869189E-16, 1.357061807730212788 ) ) ;
#1351 = CARTESIAN_POINT ( 'NONE',  ( 2.144935656544769920, 0.9504914617993146519, -0.7647158420677235835 ) ) ;
#1352 = CARTESIAN_POINT ( 'NONE',  ( 4.609368124899161145, 8.832047181911289008E-17, -1.325812724410326382 ) ) ;
#1353 = CARTESIAN_POINT ( 'NONE',  ( 2.376257811623457616, 1.124867473175636290, -1.079793918361309224 ) ) ;
#1354 = CARTESIAN_POINT ( 'NONE',  ( -1.084202172485504434E-16, 2.399000520846182649, -1.843640166273026182 ) ) ;
#1355 = DIRECTION ( 'NONE',  ( -1.000000000000000000, -1.548554197625976421E-18, -0.000000000000000000 ) ) ;
#1356 = CARTESIAN_POINT ( 'NONE',  ( 5.916666666666665186, 0.7499999999999991118, -1.299038105676656008 ) ) ;
#1357 = CARTESIAN_POINT ( 'NONE',  ( 0.9999999999999995559, -2.158640642205606586, 1.659836930200976113 ) ) ;
#1358 = VERTEX_POINT ( 'NONE', #3286 ) ;
#1359 = PRODUCT_DEFINITION_CONTEXT ( 'detailed design', #2073, 'design' ) ;
#1360 = CARTESIAN_POINT ( 'NONE',  ( 2.499992666559103238, -1.175249999999997907, -1.439266150697924440E-16 ) ) ;
#1361 = CARTESIAN_POINT ( 'NONE',  ( 1.343750000000047740, -0.7533284702348338469, -1.823489860660922224 ) ) ;
#1362 = CARTESIAN_POINT ( 'NONE',  ( 5.828119041579273407, -2.345226881765893553E-16, 1.325812724410326382 ) ) ;
#1363 = CARTESIAN_POINT ( 'NONE',  ( 2.234636840625170873, 1.147873451934134259, 0.005056890018906636322 ) ) ;
#1364 = CARTESIAN_POINT ( 'NONE',  ( 1.999372803984815095, -1.361612851468796848, 0.2111803329497204951 ) ) ;
#1365 = CARTESIAN_POINT ( 'NONE',  ( 5.562487166478433664, -3.095587587665808424E-16, 1.732050807568874973 ) ) ;
#1366 = CARTESIAN_POINT ( 'NONE',  ( 0.9999999999999995559, -2.629726223912213889, -0.7067192952352109314 ) ) ;
#1367 = LINE ( 'NONE', #2465, #2075 ) ;
#1368 = CARTESIAN_POINT ( 'NONE',  ( 3.354161166585997833, -0.5876249999999995088, 1.017796355797659480 ) ) ;
#1369 = CARTESIAN_POINT ( 'NONE',  ( 1.993120649791639831, -1.137184710406613508, -0.7009503247506381207 ) ) ;
#1370 = CARTESIAN_POINT ( 'NONE',  ( 4.526034791565826332, -1.148187499999999472, -0.6629063622051637461 ) ) ;
#1371 = CARTESIAN_POINT ( 'NONE',  ( 2.437769360674677088, 1.499709320702821369, 0.005313111457779239565 ) ) ;
#1372 = CARTESIAN_POINT ( 'NONE',  ( 1.626303258728256651E-16, -3.000000000000000000, 3.673940397442059375E-16 ) ) ;
#1373 = CARTESIAN_POINT ( 'NONE',  ( 6.916666666666665186, 0.7499999999999991118, -1.299038105676656008 ) ) ;
#1374 = CARTESIAN_POINT ( 'NONE',  ( 6.083333333333333037, 0.7499999999999978906, 1.299038105676656674 ) ) ;
#1375 = LINE ( 'NONE', #1322, #2546 ) ;
#1376 = SHAPE_DEFINITION_REPRESENTATION ( #3170, #2570 ) ;
#1377 = CARTESIAN_POINT ( 'NONE',  ( 1.243693608804995021, -1.154700538379251462, 2.084102228803699218E-16 ) ) ;
#1378 = CARTESIAN_POINT ( 'NONE',  ( 2.541659333225770201, -1.175249999999997907, -0.6785309038651068381 ) ) ;
#1379 = CARTESIAN_POINT ( 'NONE',  ( 2.220396133610567091, 1.077043503322471896, -0.5493967117296659763 ) ) ;
#1380 = CARTESIAN_POINT ( 'NONE',  ( 1.927445578990916175, -1.330869722836788727, 0.3734668793016709953 ) ) ;
#1381 = VECTOR ( 'NONE', #545, 1000.000000000000000 ) ;
#1382 = CARTESIAN_POINT ( 'NONE',  ( 7.151034791565828108, 0.5740937499999999583, -0.9943595433077447865 ) ) ;
#1383 = CARTESIAN_POINT ( 'NONE',  ( 2.249879071644821149, 1.175376352903847899, -0.002138169132265142509 ) ) ;
#1384 = CARTESIAN_POINT ( 'NONE',  ( 2.178340976502597393, 1.172361888157662957, -0.1728530354954513348 ) ) ;
#1385 = CARTESIAN_POINT ( 'NONE',  ( 2.004515228728739107, 1.494879734919493997, 0.08498120036494537233 ) ) ;
#1386 = CARTESIAN_POINT ( 'NONE',  ( 6.712645436236061691, -0.3274278702048153966, -1.333899053977255278 ) ) ;
#1387 = EDGE_LOOP ( 'NONE', ( #430, #2943, #788, #4 ) ) ;
#1388 = CARTESIAN_POINT ( 'NONE',  ( 1.846504824033981196, -1.442876955465011823, 0.4467459560096826432 ) ) ;
#1389 = CARTESIAN_POINT ( 'NONE',  ( 2.194179287044633053, 1.145716325348359321, -0.1688166457192932235 ) ) ;
#1390 = CARTESIAN_POINT ( 'NONE',  ( 2.484368124899161145, -1.148187499999999917, -1.406124146696001694E-16 ) ) ;
#1391 = CARTESIAN_POINT ( 'NONE',  ( 2.438192624650674212, 1.499244207683248620, 0.01328034841779935672 ) ) ;
#1392 = CARTESIAN_POINT ( 'NONE',  ( -1.626303258728256651E-16, -1.510856932817898235, -2.621359168498595960 ) ) ;
#1393 = CARTESIAN_POINT ( 'NONE',  ( 4.624999999999999112, -3.110105084534514639E-16, 1.732050807568874529 ) ) ;
#1394 = CARTESIAN_POINT ( 'NONE',  ( 4.708333333333333037, -1.499999999999998224, 0.8660254037844368202 ) ) ;
#1395 = CARTESIAN_POINT ( 'NONE',  ( 0.9999999999999995559, -2.629516000996445779, 0.7074133569167863067 ) ) ;
#1396 = PRESENTATION_STYLE_ASSIGNMENT (( #1919 ) ) ;
#1397 = VERTEX_POINT ( 'NONE', #2942 ) ;
#1398 = CARTESIAN_POINT ( 'NONE',  ( 7.000999999999999446, -1.154700538379251462, 1.936245650268003365E-16 ) ) ;
#1399 = CARTESIAN_POINT ( 'NONE',  ( 3.541659333225770201, -1.175249999999997907, -0.6785309038651068381 ) ) ;
#1400 = CARTESIAN_POINT ( 'NONE',  ( 2.049322088834867994, -0.3977223956255054316, -1.233637759041587012 ) ) ;
#1401 = CARTESIAN_POINT ( 'NONE',  ( 4.536452374912606444, -0.5740937499999996252, -0.9943595433077451196 ) ) ;
#1402 = CARTESIAN_POINT ( 'NONE',  ( 1.806696975946568973, 1.081312487595140315, 1.004504084069058445 ) ) ;
#1403 = CARTESIAN_POINT ( 'NONE',  ( 2.185674324163358939, 1.176701916839575590, -0.03430263942543613359 ) ) ;
#1404 = CARTESIAN_POINT ( 'NONE',  ( 3.604153833145101515, -0.7499999999999996669, 1.299038105676656008 ) ) ;
#1405 = CARTESIAN_POINT ( 'NONE',  ( 4.979161166585997833, -1.175249999999997907, -0.6785309038651068381 ) ) ;
#1406 = CARTESIAN_POINT ( 'NONE',  ( 1.740966106842671834, 1.398249038154539159, 0.5445615254299033259 ) ) ;
#1407 = CARTESIAN_POINT ( 'NONE',  ( 6.755574101916399954, -0.4129174880416968674, 1.256342948112432856 ) ) ;
#1408 = CARTESIAN_POINT ( 'NONE',  ( 2.203660061374325352, 1.147554484823050780, 0.01018126039523273470 ) ) ;
#1409 = CARTESIAN_POINT ( 'NONE',  ( 6.249992666559103682, 1.175249999999997907, 0.000000000000000000 ) ) ;
#1410 = CARTESIAN_POINT ( 'NONE',  ( 1.799633078429204280, -0.3037240789215183145, -1.953192751036171959 ) ) ;
#1411 = CARTESIAN_POINT ( 'NONE',  ( -1.631359690376333395E-16, 1.359771239536310627, 2.359223251648661535 ) ) ;
#1412 = CARTESIAN_POINT ( 'NONE',  ( 3.541666666666666075, 1.499999999999997335, 0.8660254037844380415 ) ) ;
#1413 = CARTESIAN_POINT ( 'NONE',  ( 3.583333333333333037, 0.7499999999999978906, 1.299038105676656674 ) ) ;
#1414 = CARTESIAN_POINT ( 'NONE',  ( 2.207394679026768003, 0.9523138475328553065, -0.7659703071010821596 ) ) ;
#1415 = EDGE_LOOP ( 'NONE', ( #1811 ) ) ;
#1416 = CARTESIAN_POINT ( 'NONE',  ( 2.200714232572551499, 0.8854390022598496168, -0.8505118521165661027 ) ) ;
#1417 = CARTESIAN_POINT ( 'NONE',  ( 5.645820499811766702, -1.499999999999998668, 0.8660254037844369313 ) ) ;
#1418 = EDGE_CURVE ( 'NONE', #2493, #2493, #1787, .T. ) ;
#1419 = CARTESIAN_POINT ( 'NONE',  ( 3.911452374912606444, -1.148187499999999917, 0.6629063622051628579 ) ) ;
#1420 = CARTESIAN_POINT ( 'NONE',  ( 2.250434441105682914, 1.174732178230257995, 0.008313538102152032150 ) ) ;
#1421 = CARTESIAN_POINT ( 'NONE',  ( 2.105523727324846828, 0.4830578130575107210, -1.159904600728599799 ) ) ;
#1422 = CARTESIAN_POINT ( 'NONE',  ( 2.000282201792493275, 1.499793287514701312, 0.005318778968554174064 ) ) ;
#1423 = DIRECTION ( 'NONE',  ( 0.000000000000000000, 0.000000000000000000, 1.000000000000000000 ) ) ;
#1424 = CARTESIAN_POINT ( 'NONE',  ( 0.3999999999999995226, 2.621359165062773666, 1.510856941112698193 ) ) ;
#1425 = CARTESIAN_POINT ( 'NONE',  ( 6.574499999999997790, 0.8984594842372308765, 1.201153843262453336 ) ) ;
#1426 = CARTESIAN_POINT ( 'NONE',  ( 1.365445992832303279, -0.8740366829924198777, 1.549759545492096491 ) ) ;
#1427 = CARTESIAN_POINT ( 'NONE',  ( 5.624992666559103682, 9.180667595951172274E-17, -1.357061807730212788 ) ) ;
#1428 = CARTESIAN_POINT ( 'NONE',  ( 1.537094480696798993, 0.6565827857619321861, 2.044383633115482990 ) ) ;
#1429 = CARTESIAN_POINT ( 'NONE',  ( -2.172274370208220720E-16, 2.159100468761587344, -1.659276149645692922 ) ) ;
#1430 = CARTESIAN_POINT ( 'NONE',  ( 4.666666666666666075, -0.7499999999999995559, 1.299038105676655785 ) ) ;
#1431 = CARTESIAN_POINT ( 'NONE',  ( 3.916666666666665630, 0.7499999999999991118, -1.299038105676656008 ) ) ;
#1432 = CARTESIAN_POINT ( 'NONE',  ( 2.200714232572551499, 0.8854390022598496168, -0.8505118521165661027 ) ) ;
#1433 = ORIENTED_EDGE ( 'NONE', *, *, #680, .F. ) ;
#1434 = CARTESIAN_POINT ( 'NONE',  ( 2.249708629930781356, 1.175557402115040118, -0.005347085423906609153 ) ) ;
#1435 = CARTESIAN_POINT ( 'NONE',  ( 6.145820499811768478, -1.499999999999998668, 0.8660254037844369313 ) ) ;
#1436 = CARTESIAN_POINT ( 'NONE',  ( 5.895827833252663908, -1.175249999999998129, 0.6785309038651060609 ) ) ;
#1437 = CARTESIAN_POINT ( 'NONE',  ( 2.619785708245939926, 0.5740937499999999583, -0.9943595433077447865 ) ) ;
#1438 = CARTESIAN_POINT ( 'NONE',  ( 1.366579670529873614, 0.1308703233691106693, 1.782025513023250518 ) ) ;
#1439 = CARTESIAN_POINT ( 'NONE',  ( 2.187431721566807763, 1.175317206424233207, -0.001181818288464360966 ) ) ;
#1440 = B_SPLINE_CURVE_WITH_KNOTS ( 'NONE', 3,
 ( #1086, #2149, #3255, #235, #1341 ),
 .UNSPECIFIED., .F., .F.,
 ( 4, 1, 4 ),
 ( 2.309401076757696017E-07, 0.0005775812092973016832, 0.001154931478486927480 ),
 .UNSPECIFIED. ) ;
#1441 = CARTESIAN_POINT ( 'NONE',  ( 2.812487166478434997, 1.104128126799099377E-16, -1.732050807568874973 ) ) ;
#1442 = CARTESIAN_POINT ( 'NONE',  ( 5.479161166585996945, -1.175249999999997907, -0.6785309038651068381 ) ) ;
#1443 = CARTESIAN_POINT ( 'NONE',  ( 1.784885941865148373, 1.375558186178049702, 0.6036967591654471832 ) ) ;
#1444 =( BOUNDED_SURFACE ( )  B_SPLINE_SURFACE ( 3, 3, ( 
 ( #2614, #3497, #1845, #118, #408, #2957, #1506, #1280, #1786, #1206, #1541, #1522, #3195, #2633, #2103, #1011, #2121, #1243, #3213, #720, #2357, #1577, #2921, #3457, #1826, #426, #156, #3421, #938, #2046, #3158, #662, #2885, #808, #773, #1930, #3009, #1894, #484, #3582, #2758, #2452, #2157, #1351, #3297, #2467, #245, #1079, #3563, #1912, #757, #1063, #2742, #3048, #1862, #262, #1317, #2432, #1029, #1369, #521, #2141, #1646, #1096, #1629, #210, #1596, #2174, #3515, #3530, #3547, #3263, #2192, #193, #3029, #2723, #791, #3279, #2990, #2973, #1878, #502, #556, #539, #1663, #2483, #2211, #1613, #3314, #829, #1047, #228, #3249, #1298, #2415, #2704, #1335, #80, #881, #2797, #3066, #39, #2505, #299, #1426, #1129, #607, #2777, #3381, #1699 ),
 ( #2248, #1967, #3138, #899, #642, #1447, #1466, #3347, #2302, #3397, #2834, #2025, #573, #1147, #2005, #1408, #316, #333, #2523, #2539, #1733, #863, #22, #1682, #3331, #3363, #1715, #281, #2851, #1184, #3082, #1949, #353, #2574, #1389, #1165, #590, #5, #1114, #2815, #916, #2267, #1985, #2232, #3101, #3118, #2557, #847, #59, #2284, #626, #657, #3433, #1275, #2042, #1820, #113, #1749, #2080, #933, #1517, #385, #421, #2934, #3470, #1219, #1802, #2915, #950, #169, #1238, #2880, #1255, #2628, #1500, #2390, #674, #2335, #1005, #3190, #1781, #2370, #2058, #3491, #969, #3451, #3153, #1553, #715, #402, #3171, #1536, #988, #2644, #151, #2098, #3209, #441, #2318, #133, #695, #2116, #3416, #2662, #3226, #2865, #2896, #370, #2352, #2608 ),
 ( #1483, #2592, #1764, #97, #1201, #1074, #1857, #3023, #1840, #802, #1640, #751, #2135, #1906, #223, #1024, #2205, #1363, #3243, #3557, #2446, #2681, #1572, #533, #2168, #479, #2478, #3576, #2969, #784, #1090, #3525, #2753, #2461, #733, #2952, #1590, #1608, #2186, #459, #3510, #3290, #187, #1888, #1041, #257, #2698, #2717, #205, #2409, #1292, #1311, #2427, #496, #2152, #3258, #767, #3541, #1057, #1329, #1873, #2984, #3274, #3002, #516, #1623, #2736, #239, #1344, #3061, #33, #1726, #584, #2845, #3357, #2517, #1402, #1160, #17, #876, #3594, #2261, #2534, #1979, #1140, #893, #1124, #2242, #3325, #1941, #3095, #310, #2809, #347, #275, #601, #2279, #1925, #857, #1709, #2499, #2828, #2569, #3340, #328, #2226, #1999, #1438, #1108, #2550 ),
 ( #567, #53, #3113, #3376, #1676, #1961, #3077, #620, #1694, #1460, #840, #75, #1179, #3309, #824, #3041, #1420, #550, #2791, #293, #1658, #2771, #1383, #366, #1759, #1233, #2094, #1214, #2053, #147, #1020, #2165, #3222, #1605, #2999, #2130, #3019, #1325, #1379, #1996, #1122, #254, #2202, #1476, #124, #3110, #3369, #3434, #2897, #2916, #2371, #3471, #951, #716, #188, #3492, #1821, #675, #1293, #403, #1554, #170, #1006, #1364, #3526, #1091, #2136, #3577, #3042, #2428, #1312, #2206, #1889, #2699, #276, #2772, #768, #1641, #1624, #752, #3244, #2410, #240, #2985, #1591, #497, #2718, #2462, #224, #1330, #2447, #534, #3542, #1058, #2169, #785, #3003, #2737, #1345, #3558, #1075, #2187, #3291, #803, #3024, #3358, #2243, #3062, #3445, #2621 ) ),
 .UNSPECIFIED., .F., .F., .T. ) 
 B_SPLINE_SURFACE_WITH_KNOTS ( ( 4, 4 ),
 ( 4, 2, 2, 2, 2, 2, 2, 2, 2, 2, 2, 2, 2, 2, 2, 2, 2, 2, 2, 2, 2, 2, 2, 2, 2, 2, 2, 2, 2, 2, 2, 2, 2, 2, 2, 2, 2, 2, 2, 2, 2, 2, 2, 2, 2, 2, 2, 2, 2, 2, 2, 2, 2, 2, 4 ),
 ( 0.000000000000000000, 1.000000000000000000 ),
 ( 0.000000000000000000, 0.02371010860461466099, 0.03556516290692199322, 0.03852892648249882368, 0.04149269005807565414, 0.04445645363365248459, 0.04593833542144090676, 0.04667927631533511090, 0.04704974676228221298, 0.04723498198575576401, 0.04742021720922932199, 0.04765278063274747122, 0.04788534405626561352, 0.04835047090330189812, 0.04928072459737446731, 0.05114123198551960570, 0.05486224676180989634, 0.06230427631439047764, 0.07718833541955164024, 0.09207239452471280283, 0.09951442407729338413, 0.1032354388535836609, 0.1069564536298739515, 0.1143984831829364113, 0.1218405127359988571, 0.1367245718421237488, 0.1664926900543735599, 0.1962608082667173237, 0.2260289264790610875, 0.2557970446914049623, 0.2855651629037488370, 0.3153332811160928784, 0.3451013993284369197, 0.3748695175407803504, 0.4046376357531237811, 0.4344057539654675448, 0.4641738721778113641, 0.4939419903901560160, 0.5237101086025006680, 0.5534782268148435991, 0.5832463450271865302, 0.6130144632395304605, 0.6427825814518742797, 0.6725506996642180990, 0.7023188178765618073, 0.7320869360889111777, 0.7618550543012605480, 0.7916231725135989272, 0.8213912907259371954, 0.8511594089382810147, 0.8809275271506247229, 0.9106956453629686532, 0.9404637635753124725, 0.9702318817876562917, 1.000000000000000000 ),
 .UNSPECIFIED. ) 
 GEOMETRIC_REPRESENTATION_ITEM ( )  RATIONAL_B_SPLINE_SURFACE ( (
 ( 1.000000000000000000, 1.000000000000000000, 1.000000000000000000, 1.000000000000000000, 1.000000000000000000, 1.000000000000000000, 1.000000000000000000, 1.000000000000000000, 1.000000000000000000, 1.000000000000000000, 1.000000000000000000, 1.000000000000000000, 1.000000000000000000, 1.000000000000000000, 1.000000000000000000, 1.000000000000000000, 1.000000000000000000, 1.000000000000000000, 1.000000000000000000, 1.000000000000000000, 1.000000000000000000, 1.000000000000000000, 1.000000000000000000, 1.000000000000000000, 1.000000000000000000, 1.000000000000000000, 1.000000000000000000, 1.000000000000000000, 1.000000000000000000, 1.000000000000000000, 1.000000000000000000, 1.000000000000000000, 1.000000000000000000, 1.000000000000000000, 1.000000000000000000, 1.000000000000000000, 1.000000000000000000, 1.000000000000000000, 1.000000000000000000, 1.000000000000000000, 1.000000000000000000, 1.000000000000000000, 1.000000000000000000, 1.000000000000000000, 1.000000000000000000, 1.000000000000000000, 1.000000000000000000, 1.000000000000000000, 1.000000000000000000, 1.000000000000000000, 1.000000000000000000, 1.000000000000000000, 1.000000000000000000, 1.000000000000000000, 1.000000000000000000, 1.000000000000000000, 1.000000000000000000, 1.000000000000000000, 1.000000000000000000, 1.000000000000000000, 1.000000000000000000, 1.000000000000000000, 1.000000000000000000, 1.000000000000000000, 1.000000000000000000, 1.000000000000000000, 1.000000000000000000, 1.000000000000000000, 1.000000000000000000, 1.000000000000000000, 1.000000000000000000, 1.000000000000000000, 1.000000000000000000, 1.000000000000000000, 1.000000000000000000, 1.000000000000000000, 1.000000000000000000, 1.000000000000000000, 1.000000000000000000, 1.000000000000000000, 1.000000000000000000, 1.000000000000000000, 1.000000000000000000, 1.000000000000000000, 1.000000000000000000, 1.000000000000000000, 1.000000000000000000, 1.000000000000000000, 1.000000000000000000, 1.000000000000000000, 1.000000000000000000, 1.000000000000000000, 1.000000000000000000, 1.000000000000000000, 1.000000000000000000, 1.000000000000000000, 1.000000000000000000, 1.000000000000000000, 1.000000000000000000, 1.000000000000000000, 1.000000000000000000, 1.000000000000000000, 1.000000000000000000, 1.000000000000000000, 1.000000000000000000, 1.000000000000000000, 1.000000000000000000, 1.000000000000000000, 1.000000000000000000, 1.000000000000000000),
 ( 0.6666666666666540841, 0.6666666666666540841, 0.6666666666666540841, 0.6666666666666540841, 0.6666666666666540841, 0.6666666666666540841, 0.6666666666666540841, 0.6666666666666540841, 0.6666666666666540841, 0.6666666666666540841, 0.6666666666666540841, 0.6666666666666540841, 0.6666666666666540841, 0.6666666666666540841, 0.6666666666666540841, 0.6666666666666540841, 0.6666666666666540841, 0.6666666666666540841, 0.6666666666666540841, 0.6666666666666540841, 0.6666666666666540841, 0.6666666666666540841, 0.6666666666666540841, 0.6666666666666540841, 0.6666666666666540841, 0.6666666666666540841, 0.6666666666666540841, 0.6666666666666540841, 0.6666666666666540841, 0.6666666666666540841, 0.6666666666666540841, 0.6666666666666540841, 0.6666666666666540841, 0.6666666666666540841, 0.6666666666666540841, 0.6666666666666540841, 0.6666666666666540841, 0.6666666666666540841, 0.6666666666666540841, 0.6666666666666540841, 0.6666666666666540841, 0.6666666666666540841, 0.6666666666666540841, 0.6666666666666540841, 0.6666666666666540841, 0.6666666666666540841, 0.6666666666666540841, 0.6666666666666540841, 0.6666666666666540841, 0.6666666666666540841, 0.6666666666666540841, 0.6666666666666540841, 0.6666666666666540841, 0.6666666666666540841, 0.6666666666666540841, 0.6666666666666540841, 0.6666666666666540841, 0.6666666666666540841, 0.6666666666666540841, 0.6666666666666540841, 0.6666666666666540841, 0.6666666666666540841, 0.6666666666666540841, 0.6666666666666540841, 0.6666666666666540841, 0.6666666666666540841, 0.6666666666666540841, 0.6666666666666540841, 0.6666666666666540841, 0.6666666666666540841, 0.6666666666666540841, 0.6666666666666540841, 0.6666666666666540841, 0.6666666666666540841, 0.6666666666666540841, 0.6666666666666540841, 0.6666666666666540841, 0.6666666666666540841, 0.6666666666666540841, 0.6666666666666540841, 0.6666666666666540841, 0.6666666666666540841, 0.6666666666666540841, 0.6666666666666540841, 0.6666666666666540841, 0.6666666666666540841, 0.6666666666666540841, 0.6666666666666540841, 0.6666666666666540841, 0.6666666666666540841, 0.6666666666666540841, 0.6666666666666540841, 0.6666666666666540841, 0.6666666666666540841, 0.6666666666666540841, 0.6666666666666540841, 0.6666666666666540841, 0.6666666666666540841, 0.6666666666666540841, 0.6666666666666540841, 0.6666666666666540841, 0.6666666666666540841, 0.6666666666666540841, 0.6666666666666540841, 0.6666666666666540841, 0.6666666666666540841, 0.6666666666666540841, 0.6666666666666540841, 0.6666666666666540841, 0.6666666666666540841),
 ( 0.6666666666666540841, 0.6666666666666540841, 0.6666666666666540841, 0.6666666666666540841, 0.6666666666666540841, 0.6666666666666540841, 0.6666666666666540841, 0.6666666666666540841, 0.6666666666666540841, 0.6666666666666540841, 0.6666666666666540841, 0.6666666666666540841, 0.6666666666666540841, 0.6666666666666540841, 0.6666666666666540841, 0.6666666666666540841, 0.6666666666666540841, 0.6666666666666540841, 0.6666666666666540841, 0.6666666666666540841, 0.6666666666666540841, 0.6666666666666540841, 0.6666666666666540841, 0.6666666666666540841, 0.6666666666666540841, 0.6666666666666540841, 0.6666666666666540841, 0.6666666666666540841, 0.6666666666666540841, 0.6666666666666540841, 0.6666666666666540841, 0.6666666666666540841, 0.6666666666666540841, 0.6666666666666540841, 0.6666666666666540841, 0.6666666666666540841, 0.6666666666666540841, 0.6666666666666540841, 0.6666666666666540841, 0.6666666666666540841, 0.6666666666666540841, 0.6666666666666540841, 0.6666666666666540841, 0.6666666666666540841, 0.6666666666666540841, 0.6666666666666540841, 0.6666666666666540841, 0.6666666666666540841, 0.6666666666666540841, 0.6666666666666540841, 0.6666666666666540841, 0.6666666666666540841, 0.6666666666666540841, 0.6666666666666540841, 0.6666666666666540841, 0.6666666666666540841, 0.6666666666666540841, 0.6666666666666540841, 0.6666666666666540841, 0.6666666666666540841, 0.6666666666666540841, 0.6666666666666540841, 0.6666666666666540841, 0.6666666666666540841, 0.6666666666666540841, 0.6666666666666540841, 0.6666666666666540841, 0.6666666666666540841, 0.6666666666666540841, 0.6666666666666540841, 0.6666666666666540841, 0.6666666666666540841, 0.6666666666666540841, 0.6666666666666540841, 0.6666666666666540841, 0.6666666666666540841, 0.6666666666666540841, 0.6666666666666540841, 0.6666666666666540841, 0.6666666666666540841, 0.6666666666666540841, 0.6666666666666540841, 0.6666666666666540841, 0.6666666666666540841, 0.6666666666666540841, 0.6666666666666540841, 0.6666666666666540841, 0.6666666666666540841, 0.6666666666666540841, 0.6666666666666540841, 0.6666666666666540841, 0.6666666666666540841, 0.6666666666666540841, 0.6666666666666540841, 0.6666666666666540841, 0.6666666666666540841, 0.6666666666666540841, 0.6666666666666540841, 0.6666666666666540841, 0.6666666666666540841, 0.6666666666666540841, 0.6666666666666540841, 0.6666666666666540841, 0.6666666666666540841, 0.6666666666666540841, 0.6666666666666540841, 0.6666666666666540841, 0.6666666666666540841, 0.6666666666666540841, 0.6666666666666540841),
 ( 1.000000000000000000, 1.000000000000000000, 1.000000000000000000, 1.000000000000000000, 1.000000000000000000, 1.000000000000000000, 1.000000000000000000, 1.000000000000000000, 1.000000000000000000, 1.000000000000000000, 1.000000000000000000, 1.000000000000000000, 1.000000000000000000, 1.000000000000000000, 1.000000000000000000, 1.000000000000000000, 1.000000000000000000, 1.000000000000000000, 1.000000000000000000, 1.000000000000000000, 1.000000000000000000, 1.000000000000000000, 1.000000000000000000, 1.000000000000000000, 1.000000000000000000, 1.000000000000000000, 1.000000000000000000, 1.000000000000000000, 1.000000000000000000, 1.000000000000000000, 1.000000000000000000, 1.000000000000000000, 1.000000000000000000, 1.000000000000000000, 1.000000000000000000, 1.000000000000000000, 1.000000000000000000, 1.000000000000000000, 1.000000000000000000, 1.000000000000000000, 1.000000000000000000, 1.000000000000000000, 1.000000000000000000, 1.000000000000000000, 1.000000000000000000, 1.000000000000000000, 1.000000000000000000, 1.000000000000000000, 1.000000000000000000, 1.000000000000000000, 1.000000000000000000, 1.000000000000000000, 1.000000000000000000, 1.000000000000000000, 1.000000000000000000, 1.000000000000000000, 1.000000000000000000, 1.000000000000000000, 1.000000000000000000, 1.000000000000000000, 1.000000000000000000, 1.000000000000000000, 1.000000000000000000, 1.000000000000000000, 1.000000000000000000, 1.000000000000000000, 1.000000000000000000, 1.000000000000000000, 1.000000000000000000, 1.000000000000000000, 1.000000000000000000, 1.000000000000000000, 1.000000000000000000, 1.000000000000000000, 1.000000000000000000, 1.000000000000000000, 1.000000000000000000, 1.000000000000000000, 1.000000000000000000, 1.000000000000000000, 1.000000000000000000, 1.000000000000000000, 1.000000000000000000, 1.000000000000000000, 1.000000000000000000, 1.000000000000000000, 1.000000000000000000, 1.000000000000000000, 1.000000000000000000, 1.000000000000000000, 1.000000000000000000, 1.000000000000000000, 1.000000000000000000, 1.000000000000000000, 1.000000000000000000, 1.000000000000000000, 1.000000000000000000, 1.000000000000000000, 1.000000000000000000, 1.000000000000000000, 1.000000000000000000, 1.000000000000000000, 1.000000000000000000, 1.000000000000000000, 1.000000000000000000, 1.000000000000000000, 1.000000000000000000, 1.000000000000000000, 1.000000000000000000, 1.000000000000000000) ) ) 
 REPRESENTATION_ITEM ( '' )  SURFACE ( )  );
#1445 = COLOUR_RGB ( '',0.3764705882352941124, 0.3764705882352941124, 0.3764705882352941124 ) ;
#1446 = CARTESIAN_POINT ( 'NONE',  ( 1.957574459797850608, 0.8775444222761324964, -1.229406432886844147 ) ) ;
#1447 = CARTESIAN_POINT ( 'NONE',  ( 2.214560404277309491, 1.129792927014202863, 0.2149815172737209734 ) ) ;
#1448 = CARTESIAN_POINT ( 'NONE',  ( 7.166659333225769757, 0.5876249999999990647, -1.017796355797659702 ) ) ;
#1449 = CARTESIAN_POINT ( 'NONE',  ( 2.193431924699160263, -1.693045249739295155, -0.1360656406941776198 ) ) ;
#1450 = CARTESIAN_POINT ( 'NONE',  ( 0.5999999999999996447, 1.843640166273119663, 2.399000520846166662 ) ) ;
#1451 = CARTESIAN_POINT ( 'NONE',  ( 2.458333333333332149, 1.499999999999997780, -0.8660254037844371533 ) ) ;
#1452 = CARTESIAN_POINT ( 'NONE',  ( 3.749999999999999556, -1.499999999999997780, -1.836970198721027222E-16 ) ) ;
#1453 = CARTESIAN_POINT ( 'NONE',  ( 2.139878302999441040, 0.05314713523559593672, -1.277525391503627761 ) ) ;
#1454 = EDGE_LOOP ( 'NONE', ( #2795, #3036, #1757, #68, #1627, #613 ) ) ;
#1455 = CARTESIAN_POINT ( 'NONE',  ( 2.247716363232251435, 1.177018389674249210, -0.04290395784355026387 ) ) ;
#1456 = CARTESIAN_POINT ( 'NONE',  ( 5.770820499811767590, -0.7499999999999986677, -1.299038105676656452 ) ) ;
#1457 = CARTESIAN_POINT ( 'NONE',  ( 5.984368124899160257, -1.148187499999999917, -1.406124146696001694E-16 ) ) ;
#1458 = CARTESIAN_POINT ( 'NONE',  ( 5.145827833252663908, 1.175249999999997907, -0.6785309038651063940 ) ) ;
#1459 = CARTESIAN_POINT ( 'NONE',  ( 3.578119041579272963, 8.672352672233994635E-17, -1.325812724410326382 ) ) ;
#1460 = CARTESIAN_POINT ( 'NONE',  ( 2.254796149333418320, 1.168066364006170144, 0.09029219531473726967 ) ) ;
#1461 = CARTESIAN_POINT ( 'NONE',  ( 1.321283339073236363, 0.8660254037844387076, -0.4999999999999997780 ) ) ;
#1462 = CARTESIAN_POINT ( 'NONE',  ( 3.270820499811768034, -0.7499999999999986677, -1.299038105676656452 ) ) ;
#1463 = CARTESIAN_POINT ( 'NONE',  ( 4.937494499919330870, -1.175249999999997907, -1.439266150697924440E-16 ) ) ;
#1464 = CARTESIAN_POINT ( 'NONE',  ( 0.3999999999999999112, 1.843640159924744948, 2.399000527194540933 ) ) ;
#1465 = CARTESIAN_POINT ( 'NONE',  ( 6.782557911412454565, -0.5812990677245094551, 1.157816343248546875 ) ) ;
#1466 = CARTESIAN_POINT ( 'NONE',  ( 2.213431597094219772, 1.131697147707333428, 0.1937772787855256973 ) ) ;
#1467 = CARTESIAN_POINT ( 'NONE',  ( 5.374992666559104570, -2.409647424062799805E-16, 1.357061807730212788 ) ) ;
#1468 = CARTESIAN_POINT ( 'NONE',  ( 1.668360270625228958, -2.014134911873925571, 0.4748023283583061027 ) ) ;
#1469 = CARTESIAN_POINT ( 'NONE',  ( 0.5999999999999996447, -1.843640166273142977, 2.399000520846142681 ) ) ;
#1470 = CARTESIAN_POINT ( 'NONE',  ( 3.208333333333332593, -1.499999999999998446, 0.8660254037844368202 ) ) ;
#1471 = CARTESIAN_POINT ( 'NONE',  ( 2.252287175686677578, 1.172175582673982808, 0.04315391608014322589 ) ) ;
#1472 = CARTESIAN_POINT ( 'NONE',  ( 1.684012925037881026, 1.525476254477002414, -0.2973426232843278672 ) ) ;
#1473 = ORIENTED_EDGE ( 'NONE', *, *, #886, .F. ) ;
#1474 = CARTESIAN_POINT ( 'NONE',  ( 2.249765449818757368, 1.175498080286044189, -0.004277245796298852210 ) ) ;
#1475 = CARTESIAN_POINT ( 'NONE',  ( 6.520820499811768478, 0.7499999999999980016, 1.299038105676656896 ) ) ;
#1476 = CARTESIAN_POINT ( 'NONE',  ( 2.207394679026768003, 0.9523138475328553065, -0.7659703071010821596 ) ) ;
#1477 = CARTESIAN_POINT ( 'NONE',  ( 6.901034791565827220, -0.5740937500000005134, 0.9943595433077446755 ) ) ;
#1478 = CARTESIAN_POINT ( 'NONE',  ( 6.104161166585996945, 0.5876249999999990647, -1.017796355797659702 ) ) ;
#1479 = CARTESIAN_POINT ( 'NONE',  ( 1.596875000000069766, 0.6194782731980102986, 1.684191154134417223 ) ) ;
#1480 = CARTESIAN_POINT ( 'NONE',  ( 5.229161166585998721, 1.175249999999997463, 0.6785309038651070601 ) ) ;
#1481 = CARTESIAN_POINT ( 'NONE',  ( 1.746629512966950681, 1.434313549829485446, 0.4390553425679745159 ) ) ;
#1482 = CARTESIAN_POINT ( 'NONE',  ( 7.249992666559103682, 1.175249999999997907, 0.000000000000000000 ) ) ;
#1483 = CARTESIAN_POINT ( 'NONE',  ( 2.287575233245946915, 1.059250479692515290, 0.9995303952174741102 ) ) ;
#1484 = CARTESIAN_POINT ( 'NONE',  ( 6.874992666559102794, -2.386419111098410315E-16, 1.357061807730212788 ) ) ;
#1485 = CARTESIAN_POINT ( 'NONE',  ( 1.583973639211493811, -0.5865498389231198484, 2.046549376083663496 ) ) ;
#1486 = CARTESIAN_POINT ( 'NONE',  ( -1.622433233491049483E-16, 1.659276149645847687, 2.159100468761547820 ) ) ;
#1487 = CARTESIAN_POINT ( 'NONE',  ( 5.270827833252664796, 0.5876249999999980655, 1.017796355797660368 ) ) ;
#1488 = EDGE_CURVE ( 'NONE', #3161, #3277, #2487, .T. ) ;
#1489 = CARTESIAN_POINT ( 'NONE',  ( 3.249999999999999556, -1.499999999999997780, -1.836970198721027222E-16 ) ) ;
#1490 = CARTESIAN_POINT ( 'NONE',  ( 2.249765449818757368, 1.175498080286044189, -0.004277245796298852210 ) ) ;
#1491 = CARTESIAN_POINT ( 'NONE',  ( 2.144935656544769920, 0.9504914617993146519, -0.7647158420677235835 ) ) ;
#1492 = EDGE_LOOP ( 'NONE', ( #1936, #1061, #3371, #580 ) ) ;
#1493 = CARTESIAN_POINT ( 'NONE',  ( 5.229153833145101515, -1.499999999999997558, -0.8660254037844379305 ) ) ;
#1494 = CARTESIAN_POINT ( 'NONE',  ( 3.979161166585996945, -1.175249999999997463, -0.6785309038651067270 ) ) ;
#1495 = B_SPLINE_CURVE_WITH_KNOTS ( 'NONE', 3,
 ( #2849, #314, #351, #1443, #78, #2590, #3135, #1182, #2300, #640, #1747, #655, #2863, #1481, #95, #1199, #1762, #1406, #2521, #20, #2246, #3344 ),
 .UNSPECIFIED., .F., .F.,
 ( 4, 2, 2, 2, 2, 2, 2, 2, 2, 2, 4 ),
 ( 1.375698333510614875E-17, 0.0002450982566297040498, 0.0004901965132593943302, 0.0005055151542987498846, 0.0005208337953381053306, 0.0005284931158577834331, 0.0005361524363774614272, 0.0005514710774168171984, 0.0006127456415742409341, 0.0007352947698890885137, 0.0009803930265187841067 ),
 .UNSPECIFIED. ) ;
#1496 = CARTESIAN_POINT ( 'NONE',  ( 1.728124999999916422, -1.638201483616313459, 0.4621786673816378199 ) ) ;
#1497 = CARTESIAN_POINT ( 'NONE',  ( 4.645827833252663908, 1.175249999999998129, -0.6785309038651062830 ) ) ;
#1498 = FACE_OUTER_BOUND ( 'NONE', #411, .T. ) ;
#1499 = CARTESIAN_POINT ( 'NONE',  ( 5.916659333225770645, -0.5876249999999995088, 1.017796355797659480 ) ) ;
#1500 = CARTESIAN_POINT ( 'NONE',  ( 1.803568848950172665, 0.6577321603984328524, 1.297702746033156496 ) ) ;
#1501 = CARTESIAN_POINT ( 'NONE',  ( 2.999992666559103682, -1.175249999999997907, -1.439266150697924440E-16 ) ) ;
#1502 = CARTESIAN_POINT ( 'NONE',  ( 7.000999999999999446, 0.5773502691896258421, 1.000000000000000000 ) ) ;
#1503 = CARTESIAN_POINT ( 'NONE',  ( 0.9999999999999995559, 2.359223251648664199, 1.359771239536272880 ) ) ;
#1504 = AXIS2_PLACEMENT_3D ( 'NONE', #2350, #2913, #400 ) ;
#1505 = CARTESIAN_POINT ( 'NONE',  ( 6.062494499919330870, 9.248417126003077500E-17, -1.357061807730212788 ) ) ;
#1506 = CARTESIAN_POINT ( 'NONE',  ( 2.197882095150613058, 1.158765700777472762, 0.1951955990343332281 ) ) ;
#1507 = CARTESIAN_POINT ( 'NONE',  ( 2.105523727324846828, 0.4830578130575107210, -1.159904600728599799 ) ) ;
#1508 = ORIENTED_EDGE ( 'NONE', *, *, #128, .F. ) ;
#1509 = AXIS2_PLACEMENT_3D ( 'NONE', #760, #1355, #833 ) ;
#1510 = CARTESIAN_POINT ( 'NONE',  ( 2.437487164747003554, 1.500000001737390676, -1.630111302863047245E-08 ) ) ;
#1511 = CARTESIAN_POINT ( 'NONE',  ( 4.479153833145100627, 1.499999999999997558, 0.8660254037844383745 ) ) ;
#1512 = CARTESIAN_POINT ( 'NONE',  ( 4.770827833252663908, 0.5876249999999980655, 1.017796355797660368 ) ) ;
#1513 = CARTESIAN_POINT ( 'NONE',  ( 3.874992666559103238, -2.432875737027189788E-16, 1.357061807730213010 ) ) ;
#1514 = CARTESIAN_POINT ( 'NONE',  ( 1.821875000000070299, -1.011459156793724778, -1.285698867934644829 ) ) ;
#1515 = CARTESIAN_POINT ( 'NONE',  ( 3.729161166585997389, 1.175249999999997463, 0.6785309038651070601 ) ) ;
#1516 = CARTESIAN_POINT ( 'NONE',  ( 6.333325999892436720, 0.5876249999999980655, 1.017796355797660368 ) ) ;
#1517 = CARTESIAN_POINT ( 'NONE',  ( 2.000250109885225669, -1.194427796978849488, -0.5522663174713159373 ) ) ;
#1518 = CARTESIAN_POINT ( 'NONE',  ( 4.416659333225769757, -0.5876249999999995088, 1.017796355797659480 ) ) ;
#1519 = CARTESIAN_POINT ( 'NONE',  ( -8.164656124110223655E-18, 0.5773502691896256200, 1.000000000000000444 ) ) ;
#1520 = CARTESIAN_POINT ( 'NONE',  ( 0.9999999999999996669, -1.510856932818122944, 2.621359168498521797 ) ) ;
#1521 = CARTESIAN_POINT ( 'NONE',  ( 5.812494499919330870, -2.402872471057610022E-16, 1.357061807730212788 ) ) ;
#1522 = CARTESIAN_POINT ( 'NONE',  ( 2.189789090018629203, 1.172276839018951300, 0.04316210750292068937 ) ) ;
#1523 = CARTESIAN_POINT ( 'NONE',  ( 1.718360686377448099, 1.347728539080321752, -0.8177702401575299707 ) ) ;
#1524 = CARTESIAN_POINT ( 'NONE',  ( 1.365445992832303279, -0.8740366829924198777, 1.549759545492096491 ) ) ;
#1525 = ORIENTED_EDGE ( 'NONE', *, *, #1488, .F. ) ;
#1526 = CARTESIAN_POINT ( 'NONE',  ( 1.961799849526058681, -1.137698803214540311, 0.8234791540266440668 ) ) ;
#1527 = CARTESIAN_POINT ( 'NONE',  ( 3.479153833145101959, 1.499999999999997558, 0.8660254037844383745 ) ) ;
#1528 = CARTESIAN_POINT ( 'NONE',  ( 3.062494499919330870, 8.783850866715283996E-17, -1.357061807730213010 ) ) ;
#1529 = DIRECTION ( 'NONE',  ( -1.548554197625976421E-18, 1.000000000000000000, 0.000000000000000000 ) ) ;
#1530 = CARTESIAN_POINT ( 'NONE',  ( 4.958325999892436720, -1.175249999999998129, 0.6785309038651060609 ) ) ;
#1531 = EDGE_CURVE ( 'NONE', #2635, #297, #746, .T. ) ;
#1532 = CARTESIAN_POINT ( 'NONE',  ( 1.949609374999721867, 1.237637507003126913, -0.9085550490550303726 ) ) ;
#1533 = CARTESIAN_POINT ( 'NONE',  ( 3.937494499919331314, -1.175249999999997907, -1.439266150697924440E-16 ) ) ;
#1534 = CARTESIAN_POINT ( 'NONE',  ( 6.562494499919330870, 9.325844835884377034E-17, -1.357061807730213010 ) ) ;
#1535 = CARTESIAN_POINT ( 'NONE',  ( 5.958325999892436720, -1.175249999999998352, 0.6785309038651060609 ) ) ;
#1536 = CARTESIAN_POINT ( 'NONE',  ( 1.560154444748946378, -0.6157400642953169134, -1.505767112489800663 ) ) ;
#1537 = CARTESIAN_POINT ( 'NONE',  ( 3.708325999892437164, 1.175249999999998129, -0.6785309038651062830 ) ) ;
#1538 = CARTESIAN_POINT ( 'NONE',  ( -1.533283660426169650E-16, 1.659836930200652594, -2.158640642205859272 ) ) ;
#1539 = CARTESIAN_POINT ( 'NONE',  ( 0.9999999999999995559, -2.399000520846111151, -1.843640166273097902 ) ) ;
#1540 = CARTESIAN_POINT ( 'NONE',  ( 6.812494499919329982, -2.387386929081349376E-16, 1.357061807730212788 ) ) ;
#1541 = CARTESIAN_POINT ( 'NONE',  ( 2.191262268709890826, 1.169994729778869313, 0.07084859907598729800 ) ) ;
#1542 = CARTESIAN_POINT ( 'NONE',  ( 6.734368124899162034, 1.148187499999999917, 0.000000000000000000 ) ) ;
#1543 = CARTESIAN_POINT ( 'NONE',  ( 1.393546742874994138, -1.341226580686728509, 1.138670730088104932 ) ) ;
#1544 = ORIENTED_EDGE ( 'NONE', *, *, #2713, .F. ) ;
#1545 = CARTESIAN_POINT ( 'NONE',  ( 2.171663591847378783, -1.067356675658323928, -1.068541761384706135 ) ) ;
#1546 = CARTESIAN_POINT ( 'NONE',  ( 3.854153833145101515, 0.7499999999999992228, -1.299038105676656230 ) ) ;
#1547 = CARTESIAN_POINT ( 'NONE',  ( 0.9999999999999995559, -2.700000000000000178, 0.000000000000000000 ) ) ;
#1548 = CARTESIAN_POINT ( 'NONE',  ( 0.5999999999999995337, 0.3926990816987245281, 3.000000000000000444 ) ) ;
#1549 = CARTESIAN_POINT ( 'NONE',  ( 5.416659333225769757, -0.5876249999999995088, 1.017796355797659480 ) ) ;
#1550 = CARTESIAN_POINT ( 'NONE',  ( 1.878124999999983169, 0.06429661614498857758, -1.594915628554505416 ) ) ;
#1551 = CARTESIAN_POINT ( 'NONE',  ( 2.562494499919331314, 8.706423156833986927E-17, -1.357061807730212788 ) ) ;
#1552 = CARTESIAN_POINT ( 'NONE',  ( 5.249992666559103682, 1.175249999999997907, 0.000000000000000000 ) ) ;
#1553 = CARTESIAN_POINT ( 'NONE',  ( 1.616352625779121865, 0.4970548872954211883, -1.507254742994660335 ) ) ;
#1554 = CARTESIAN_POINT ( 'NONE',  ( 2.046099312233181866, -1.220622204323915438, -0.5646319305835907354 ) ) ;
#1555 = CARTESIAN_POINT ( 'NONE',  ( 3.416659333225770201, -0.5876249999999995088, 1.017796355797659480 ) ) ;
#1556 = CARTESIAN_POINT ( 'NONE',  ( 6.574499999999998678, -0.2162310033881660876, 1.484332898366717668 ) ) ;
#1557 = CARTESIAN_POINT ( 'NONE',  ( 0.9999999999999996669, 2.921918026569188420, -0.7852436613725130021 ) ) ;
#1558 = CARTESIAN_POINT ( 'NONE',  ( 5.729161166585997833, 1.175249999999997463, 0.6785309038651070601 ) ) ;
#1559 = CARTESIAN_POINT ( 'NONE',  ( 2.041666666666666519, 1.499999999999997335, 0.8660254037844381525 ) ) ;
#1560 = CARTESIAN_POINT ( 'NONE',  ( 1.309232128107292059, 0.3493351407455699276, 1.785067598080757545 ) ) ;
#1561 = ORIENTED_EDGE ( 'NONE', *, *, #3345, .F. ) ;
#1562 = CARTESIAN_POINT ( 'NONE',  ( 1.905600002475791532, -0.3400468381302972909, 1.403550521191233358 ) ) ;
#1563 = AXIS2_PLACEMENT_3D ( 'NONE', #2036, #3108, #1135 ) ;
#1564 = CARTESIAN_POINT ( 'NONE',  ( 2.479153833145101959, 1.499999999999997558, 0.8660254037844383745 ) ) ;
#1565 = CARTESIAN_POINT ( 'NONE',  ( 3.479161166585997833, -1.175249999999997463, -0.6785309038651067270 ) ) ;
#1566 = PLANE ( 'NONE',  #2554 ) ;
#1567 = CARTESIAN_POINT ( 'NONE',  ( 4.249992666559102794, 1.175249999999997907, 0.000000000000000000 ) ) ;
#1568 = CIRCLE ( 'NONE', #51, 1.074499999999999345 ) ;
#1569 = CARTESIAN_POINT ( 'NONE',  ( 1.418750000000044809, 1.003110360322537087, -1.637444147174934805 ) ) ;
#1570 = CARTESIAN_POINT ( 'NONE',  ( 2.770827833252663908, 0.5876249999999980655, 1.017796355797660368 ) ) ;
#1571 = CARTESIAN_POINT ( 'NONE',  ( 4.791659333225769757, 1.175249999999997463, 0.6785309038651070601 ) ) ;
#1572 = CARTESIAN_POINT ( 'NONE',  ( 2.234257270914388638, 1.148312307604179461, -0.002086479798723982811 ) ) ;
#1573 = CARTESIAN_POINT ( 'NONE',  ( 3.791659333225769757, 1.175249999999997463, 0.6785309038651070601 ) ) ;
#1574 = CARTESIAN_POINT ( 'NONE',  ( -1.549390043866302661E-16, 2.699928614742589161, 0.3527074872410055351 ) ) ;
#1575 = CARTESIAN_POINT ( 'NONE',  ( 0.9999999999999996669, 0.7852436613724309566, -2.921918026569211513 ) ) ;
#1576 = CARTESIAN_POINT ( 'NONE',  ( 3.812494499919330870, -2.433843555010128849E-16, 1.357061807730212788 ) ) ;
#1577 = CARTESIAN_POINT ( 'NONE',  ( 2.187431721566807763, 1.175317206424233207, -0.001181818288464360966 ) ) ;
#1578 = CARTESIAN_POINT ( 'NONE',  ( 6.151034791565828108, 0.5740937499999999583, -0.9943595433077447865 ) ) ;
#1579 = ADVANCED_FACE ( 'NONE', ( #1301, #1865 ), #1946, .T. ) ;
#1580 = CARTESIAN_POINT ( 'NONE',  ( 1.690259225307326751, 0.9938487750680983224, -1.249149725132647548 ) ) ;
#1581 = CARTESIAN_POINT ( 'NONE',  ( 1.299962541276020733, 0.1930588004167415606, 1.000000000000000000 ) ) ;
#1582 = CARTESIAN_POINT ( 'NONE',  ( 5.124999999999999112, -3.102362313546384809E-16, 1.732050807568874529 ) ) ;
#1583 = CARTESIAN_POINT ( 'NONE',  ( 4.979153833145100627, 1.499999999999997558, 0.8660254037844383745 ) ) ;
#1584 = CARTESIAN_POINT ( 'NONE',  ( 3.395827833252663908, -1.175249999999998129, 0.6785309038651060609 ) ) ;
#1585 = CARTESIAN_POINT ( 'NONE',  ( 0.5999999999999994227, -2.999999999999999556, 0.3926990816987241395 ) ) ;
#1586 = CARTESIAN_POINT ( 'NONE',  ( 5.374992666559104570, -2.409647424062799805E-16, 1.357061807730213010 ) ) ;
#1587 = CARTESIAN_POINT ( 'NONE',  ( 2.187267284385395971, 1.175485422459962015, -0.004278035577200143928 ) ) ;
#1588 = CARTESIAN_POINT ( 'NONE',  ( 6.244785708245940370, 1.148187499999999250, 0.6629063622051638571 ) ) ;
#1589 = CARTESIAN_POINT ( 'NONE',  ( 4.208325999892436720, 1.175249999999998129, -0.6785309038651062830 ) ) ;
#1590 = CARTESIAN_POINT ( 'NONE',  ( 2.216372991369457868, 1.119186332609566126, -0.3388613478705299054 ) ) ;
#1591 = CARTESIAN_POINT ( 'NONE',  ( 1.708898613205142247, 1.246060511197687015, -0.9765459800516573807 ) ) ;
#1592 = CARTESIAN_POINT ( 'NONE',  ( 6.791659333225770645, 1.175249999999997463, 0.6785309038651070601 ) ) ;
#1593 = CARTESIAN_POINT ( 'NONE',  ( 5.979153833145101515, 1.499999999999997558, 0.8660254037844383745 ) ) ;
#1594 = CARTESIAN_POINT ( 'NONE',  ( 6.660648712069770383, -1.354628732087053589, -0.4146528275258689611 ) ) ;
#1595 = CARTESIAN_POINT ( 'NONE',  ( 3.020827833252664352, -0.5876249999999987317, -1.017796355797659924 ) ) ;
#1596 = CARTESIAN_POINT ( 'NONE',  ( 1.899346171080233736, -1.135532217055387205, 0.8225096985941169336 ) ) ;
#1597 = CARTESIAN_POINT ( 'NONE',  ( 2.692701458232494183, 1.148187499999999917, -0.6629063622051631910 ) ) ;
#1598 = CARTESIAN_POINT ( 'NONE',  ( 2.343440294425165771, 0.6123773267072264437, -1.470077745015783588 ) ) ;
#1599 = CARTESIAN_POINT ( 'NONE',  ( 0.3999999999999998002, -3.000000000000000000, 3.673940397442059868E-16 ) ) ;
#1600 = CARTESIAN_POINT ( 'NONE',  ( 5.833333333333333037, -0.7499999999999985567, -1.299038105676656230 ) ) ;
#1601 = CARTESIAN_POINT ( 'NONE',  ( 4.499999999999999112, 1.499999999999997780, 0.000000000000000000 ) ) ;
#1602 = CARTESIAN_POINT ( 'NONE',  ( 0.9999999999999995559, -1.033245267385738630, -2.494474737780476126 ) ) ;
#1603 = CARTESIAN_POINT ( 'NONE',  ( 1.871246732464431739, -0.7918654987982296500, 1.181082867645369960 ) ) ;
#1604 = CARTESIAN_POINT ( 'NONE',  ( 2.999992666559103682, -1.175249999999997907, -1.439266150697924440E-16 ) ) ;
#1605 = CARTESIAN_POINT ( 'NONE',  ( 2.242679477817626221, 1.175543214925579338, -0.1380675613525313983 ) ) ;
#1606 = CARTESIAN_POINT ( 'NONE',  ( 2.187936278668950241, 1.174755764560278193, 0.008315169209203884110 ) ) ;
#1607 = CARTESIAN_POINT ( 'NONE',  ( 6.411452374912605556, -1.148187499999999917, 0.6629063622051628579 ) ) ;
#1608 = CARTESIAN_POINT ( 'NONE',  ( 2.209088780880245295, 1.078649322522866605, -0.4719355621845305326 ) ) ;
#1609 = CARTESIAN_POINT ( 'NONE',  ( 1.243693608804995021, 1.154700538379251684, 8.475088043082009923E-17 ) ) ;
#1610 = CARTESIAN_POINT ( 'NONE',  ( 5.020820499811767590, 0.7499999999999980016, 1.299038105676656896 ) ) ;
#1611 = CARTESIAN_POINT ( 'NONE',  ( 6.753808606100812462, 0.7115326588888002401, -1.127201946781498876 ) ) ;
#1612 = CARTESIAN_POINT ( 'NONE',  ( 3.145827833252664352, 1.175249999999998129, -0.6785309038651062830 ) ) ;
#1613 = CARTESIAN_POINT ( 'NONE',  ( 1.599710116103834290, 0.5049084158949118661, -1.532706600960609400 ) ) ;
#1614 = CARTESIAN_POINT ( 'NONE',  ( 3.192701458232494183, 1.148187499999999917, -0.6629063622051631910 ) ) ;
#1615 = CARTESIAN_POINT ( 'NONE',  ( 2.436901195234988382, 1.500547728970651029, -0.01103673980230187972 ) ) ;
#1616 = CARTESIAN_POINT ( 'NONE',  ( -1.626303258728256651E-16, 1.510856932818122944, 2.621359168498521797 ) ) ;
#1617 = CARTESIAN_POINT ( 'NONE',  ( 4.749999999999999112, -1.499999999999997780, -1.836970198721027222E-16 ) ) ;
#1618 = CARTESIAN_POINT ( 'NONE',  ( 6.574499999999997790, 0.8984594842372308765, 1.201153843262453336 ) ) ;
#1619 = SURFACE_SIDE_STYLE ('',( #2199 ) ) ;
#1620 = PLANE ( 'NONE',  #2729 ) ;
#1621 = CARTESIAN_POINT ( 'NONE',  ( 2.178340976502597393, 1.172361888157662957, -0.1728530354954513348 ) ) ;
#1622 = CARTESIAN_POINT ( 'NONE',  ( 4.744785708245938594, 1.148187499999999250, 0.6629063622051638571 ) ) ;
#1623 = CARTESIAN_POINT ( 'NONE',  ( 1.956665504646434073, -1.197528807711603305, 0.6652958817963254834 ) ) ;
#1624 = CARTESIAN_POINT ( 'NONE',  ( 1.793199624890026378, 1.406097406770744351, 0.5866499221090955007 ) ) ;
#1625 = CARTESIAN_POINT ( 'NONE',  ( 5.895820499811767590, 1.499999999999997780, -0.8660254037844371533 ) ) ;
#1626 = CARTESIAN_POINT ( 'NONE',  ( 0.9999999999999995559, -2.700000000000000178, 0.000000000000000000 ) ) ;
#1627 = ORIENTED_EDGE ( 'NONE', *, *, #2489, .T. ) ;
#1628 = CARTESIAN_POINT ( 'NONE',  ( 4.520827833252664796, -0.5876249999999987317, -1.017796355797659924 ) ) ;
#1629 = CARTESIAN_POINT ( 'NONE',  ( 1.927445578990916175, -1.330869722836788727, 0.3734668793016709953 ) ) ;
#1630 = CARTESIAN_POINT ( 'NONE',  ( 2.609368124899161145, 8.522336342386093339E-17, -1.325812724410326382 ) ) ;
#1631 = CARTESIAN_POINT ( 'NONE',  ( 2.277815380290973302, -0.6842402032223190433, -1.489231807686332454 ) ) ;
#1632 = CARTESIAN_POINT ( 'NONE',  ( 0.3999999999999998002, -3.000000000000000000, 3.673940397442059868E-16 ) ) ;
#1633 = CARTESIAN_POINT ( 'NONE',  ( 6.624999999999999112, -3.079134000581995319E-16, 1.732050807568874529 ) ) ;
#1634 = CARTESIAN_POINT ( 'NONE',  ( 5.791666666666665186, -1.499999999999997335, -0.8660254037844378194 ) ) ;
#1635 = CARTESIAN_POINT ( 'NONE',  ( 0.9999999999999995559, -0.3527074872398906491, 2.700071385257411638 ) ) ;
#1636 = CARTESIAN_POINT ( 'NONE',  ( 0.08944074098031234987, -0.9636478961709185054, 0.3309128832251113650 ) ) ;
#1637 = CARTESIAN_POINT ( 'NONE',  ( 2.458325999892437164, -1.175249999999998129, 0.6785309038651060609 ) ) ;
#1638 = CARTESIAN_POINT ( 'NONE',  ( 2.231746310643992981, 1.101639079983317338, 0.8313227536837011211 ) ) ;
#1639 = CARTESIAN_POINT ( 'NONE',  ( 5.536452374912607333, -0.5740937499999996252, -0.9943595433077451196 ) ) ;
#1640 = CARTESIAN_POINT ( 'NONE',  ( 2.238073525714496359, 1.142849298133393532, 0.06966466158646732187 ) ) ;
#1641 = CARTESIAN_POINT ( 'NONE',  ( 1.802664735280358865, 1.320405338314063259, 0.7465992410873953933 ) ) ;
#1642 = CARTESIAN_POINT ( 'NONE',  ( 6.354153833145100627, 0.7499999999999992228, -1.299038105676656230 ) ) ;
#1643 = CARTESIAN_POINT ( 'NONE',  ( 0.9999999999999995559, -2.159100468761499858, -1.659276149645818377 ) ) ;
#1644 = ORIENTED_EDGE ( 'NONE', *, *, #2445, .T. ) ;
#1645 = CARTESIAN_POINT ( 'NONE',  ( 2.687494499919331314, 1.175249999999997907, 0.000000000000000000 ) ) ;
#1646 = CARTESIAN_POINT ( 'NONE',  ( 1.955544963425791760, -1.358105147658332568, -0.1084733895844214036 ) ) ;
#1647 = CARTESIAN_POINT ( 'NONE',  ( 3.651034791565827220, 0.5740937499999999583, -0.9943595433077447865 ) ) ;
#1648 = CARTESIAN_POINT ( 'NONE',  ( 0.3999999999999998002, -0.3926990727206928766, 3.000000000000000000 ) ) ;
#1649 = CARTESIAN_POINT ( 'NONE',  ( 6.249999999999999112, -1.499999999999997780, -1.836970198721027222E-16 ) ) ;
#1650 = CARTESIAN_POINT ( 'NONE',  ( 4.583333333333332149, 0.7499999999999978906, 1.299038105676656674 ) ) ;
#1651 = CARTESIAN_POINT ( 'NONE',  ( 0.9999999999999995559, 0.3527074872398906491, 2.699928614742588717 ) ) ;
#1652 = DIRECTION ( 'NONE',  ( 0.000000000000000000, 0.000000000000000000, 1.000000000000000000 ) ) ;
#1653 = ORIENTED_EDGE ( 'NONE', *, *, #2713, .T. ) ;
#1654 = DIRECTION ( 'NONE',  ( -1.000000000000000000, -1.548554197625976421E-18, -0.000000000000000000 ) ) ;
#1655 = CARTESIAN_POINT ( 'NONE',  ( 4.708325999892438496, 1.175249999999998129, -0.6785309038651062830 ) ) ;
#1656 = CARTESIAN_POINT ( 'NONE',  ( 1.899346171080233736, -1.135532217055387205, 0.8225096985941169336 ) ) ;
#1657 = CARTESIAN_POINT ( 'NONE',  ( 4.994785708245937705, -1.148187499999999472, -0.6629063622051637461 ) ) ;
#1658 = CARTESIAN_POINT ( 'NONE',  ( 2.250042669089814762, 1.175193691362409698, 0.0009411277783171832084 ) ) ;
#1659 = CARTESIAN_POINT ( 'NONE',  ( 2.009030457461109531, 1.487396779005390135, 0.1698069650436300204 ) ) ;
#1660 = CARTESIAN_POINT ( 'NONE',  ( 6.733748973343109512, 0.2126673464516655176, -1.326789703105706986 ) ) ;
#1661 = EDGE_LOOP ( 'NONE', ( #3178, #1771, #1173 ) ) ;
#1662 = CARTESIAN_POINT ( 'NONE',  ( 1.999999998269276436, 1.500000001214209178, -1.631159561256398433E-08 ) ) ;
#1663 = CARTESIAN_POINT ( 'NONE',  ( 1.646449417147098249, 1.243728237104988033, -0.9756720374281011576 ) ) ;
#1664 = CARTESIAN_POINT ( 'NONE',  ( 3.901034791565827664, -0.5740937500000005134, 0.9943595433077446755 ) ) ;
#1665 = CARTESIAN_POINT ( 'NONE',  ( 2.439744398116383550, 1.497287181727580130, 0.04247332350156360348 ) ) ;
#1666 = CARTESIAN_POINT ( 'NONE',  ( 1.626303258728256651E-16, -3.000000000000000000, 3.673940397442059375E-16 ) ) ;
#1667 = CARTESIAN_POINT ( 'NONE',  ( 2.583333333333332593, 0.7499999999999978906, 1.299038105676656674 ) ) ;
#1668 = CARTESIAN_POINT ( 'NONE',  ( 7.000999999999999446, -0.5773502691896258421, 1.000000000000000000 ) ) ;
#1669 = CARTESIAN_POINT ( 'NONE',  ( 0.9999999999999995559, 2.629516000997127012, -0.7074133569150935497 ) ) ;
#1670 = CARTESIAN_POINT ( 'NONE',  ( 0.05449440786073862092, -1.060313455239320968, 0.1634832235765875108 ) ) ;
#1671 = ORIENTED_EDGE ( 'NONE', *, *, #554, .T. ) ;
#1672 = FACE_OUTER_BOUND ( 'NONE', #104, .T. ) ;
#1673 = CARTESIAN_POINT ( 'NONE',  ( 3.958325999892436720, -1.175249999999998352, 0.6785309038651060609 ) ) ;
#1674 = CARTESIAN_POINT ( 'NONE',  ( 1.730748862692110146, 1.404178708396035757, 0.5851257711384425519 ) ) ;
#1675 = CARTESIAN_POINT ( 'NONE',  ( 7.026034791565828108, -1.148187499999999472, -0.6629063622051637461 ) ) ;
#1676 = CARTESIAN_POINT ( 'NONE',  ( 2.267152864636153620, 1.147167813268555658, 0.3224051377075656255 ) ) ;
#1677 = CARTESIAN_POINT ( 'NONE',  ( 2.180182505174568242, 1.175144765517845302, -0.1380506895152499858 ) ) ;
#1678 = CARTESIAN_POINT ( 'NONE',  ( 2.045152287320671114, 1.426461716824958703, 0.8483425966694000397 ) ) ;
#1679 = CARTESIAN_POINT ( 'NONE',  ( 5.437494499919330870, -1.175249999999997907, -1.439266150697924440E-16 ) ) ;
#1680 = ORIENTED_EDGE ( 'NONE', *, *, #2512, .T. ) ;
#1681 = CARTESIAN_POINT ( 'NONE',  ( 1.909937218862875152, -0.6541126475510504745, -1.361438058676903040 ) ) ;
#1682 = CARTESIAN_POINT ( 'NONE',  ( 2.202897305480209678, 1.148426273160640054, -0.004174290741262909332 ) ) ;
#1683 = PRESENTATION_LAYER_ASSIGNMENT (  '', '', ( #1213 ) ) ;
#1684 = CARTESIAN_POINT ( 'NONE',  ( 5.166659333225770645, 0.5876249999999990647, -1.017796355797659702 ) ) ;
#1685 = CARTESIAN_POINT ( 'NONE',  ( 1.630859875728767783, -1.597934318739622661, 1.356211506057401150 ) ) ;
#1686 = CARTESIAN_POINT ( 'NONE',  ( 1.626303258728256651E-16, -3.000000000000000000, -0.3926990727206926546 ) ) ;
#1687 = CARTESIAN_POINT ( 'NONE',  ( 4.374999999999999112, 1.128324484871041696E-16, -1.732050807568874529 ) ) ;
#1688 = ADVANCED_FACE ( 'NONE', ( #42 ), #3012, .F. ) ;
#1689 = CARTESIAN_POINT ( 'NONE',  ( 2.231574953055641242, 1.145355187317425694, -0.3468034870855017382 ) ) ;
#1690 = FILL_AREA_STYLE_COLOUR ( '', #2790 ) ;
#1691 = DIRECTION ( 'NONE',  ( -6.123492093082667741E-18, 0.8660254037844387076, -0.4999999999999999445 ) ) ;
#1692 = CARTESIAN_POINT ( 'NONE',  ( 5.395820499811768478, 1.499999999999998224, -0.8660254037844371533 ) ) ;
#1693 = CARTESIAN_POINT ( 'NONE',  ( 2.578119041579273407, 8.517497252471398033E-17, -1.325812724410326382 ) ) ;
#1694 = CARTESIAN_POINT ( 'NONE',  ( 2.256975760537678788, 1.164325814837531281, 0.1312312205806424881 ) ) ;
#1695 = CARTESIAN_POINT ( 'NONE',  ( 2.131214001288193494, 0.8085005044866301338, -0.9274090084974205839 ) ) ;
#1696 = CARTESIAN_POINT ( 'NONE',  ( 2.000564403588223961, 1.499568737686024500, 0.01063638452232537265 ) ) ;
#1697 = CARTESIAN_POINT ( 'NONE',  ( 5.687494499919330870, 1.175249999999997907, 0.000000000000000000 ) ) ;
#1698 = DIRECTION ( 'NONE',  ( 0.000000000000000000, 0.000000000000000000, 1.000000000000000000 ) ) ;
#1699 = CARTESIAN_POINT ( 'NONE',  ( 1.299919408605506366, 0.5543290975710071233, 1.726183909257689830 ) ) ;
#1700 = CARTESIAN_POINT ( 'NONE',  ( 5.541659333225769757, -1.175249999999997907, -0.6785309038651068381 ) ) ;
#1701 = CARTESIAN_POINT ( 'NONE',  ( 1.921519149601002674, 1.855522190353974699, -0.3621398410019432412 ) ) ;
#1702 = CARTESIAN_POINT ( 'NONE',  ( -1.626303258728256651E-16, -2.700000000000000178, 0.3534291654486241829 ) ) ;
#1703 = CARTESIAN_POINT ( 'NONE',  ( 3.749999999999999556, -1.499999999999997780, -1.836970198721027222E-16 ) ) ;
#1704 = CARTESIAN_POINT ( 'NONE',  ( 2.210172996350506569, 0.9824166311432547261, -0.7216049879485734175 ) ) ;
#1705 = CARTESIAN_POINT ( 'NONE',  ( 2.249879071644821149, 1.175376352903847454, -0.002138169132261313107 ) ) ;
#1706 = CARTESIAN_POINT ( 'NONE',  ( 7.062487166478433664, -3.072359274701418440E-16, 1.732050807568874973 ) ) ;
#1707 = CARTESIAN_POINT ( 'NONE',  ( 4.687494499919329982, 1.175249999999997907, 0.000000000000000000 ) ) ;
#1708 = CARTESIAN_POINT ( 'NONE',  ( 2.869785708245939926, -0.5740937500000005134, 0.9943595433077446755 ) ) ;
#1709 = CARTESIAN_POINT ( 'NONE',  ( 1.478979355859155076, -1.662225288269245871, 0.3902237155082466380 ) ) ;
#1710 = CARTESIAN_POINT ( 'NONE',  ( 2.119486879213928976, 0.6689529830836076219, -1.044341863604206555 ) ) ;
#1711 = CARTESIAN_POINT ( 'NONE',  ( 3.437487166478434553, 1.499999999999998002, 0.000000000000000000 ) ) ;
#1712 = CARTESIAN_POINT ( 'NONE',  ( 6.520827833252663908, -0.5876249999999987317, -1.017796355797659924 ) ) ;
#1713 = CARTESIAN_POINT ( 'NONE',  ( 0.3999999999999997446, 2.921918030004948097, -0.7852436530778398316 ) ) ;
#1714 = CARTESIAN_POINT ( 'NONE',  ( 6.586312771059075644, 0.8130870536857250919, 1.250260386661222300 ) ) ;
#1715 = CARTESIAN_POINT ( 'NONE',  ( 2.202564516694593522, 1.148755104927009940, -0.01044166386713440108 ) ) ;
#1716 = CARTESIAN_POINT ( 'NONE',  ( 6.708325999892436720, 1.175249999999998129, -0.6785309038651062830 ) ) ;
#1717 = FACE_OUTER_BOUND ( 'NONE', #924, .T. ) ;
#1718 = CARTESIAN_POINT ( 'NONE',  ( -1.631359690376329697E-16, -0.7067192952354071078, -2.629726223912209448 ) ) ;
#1719 = CARTESIAN_POINT ( 'NONE',  ( 2.708333333333332149, -1.499999999999998446, 0.8660254037844368202 ) ) ;
#1720 = CARTESIAN_POINT ( 'NONE',  ( 3.666666666666666075, -0.7499999999999995559, 1.299038105676655785 ) ) ;
#1721 = CARTESIAN_POINT ( 'NONE',  ( 2.261508828720572239, 1.156688916734223138, 0.2163839452665121954 ) ) ;
#1722 = PRESENTATION_STYLE_ASSIGNMENT (( #907 ) ) ;
#1723 = CARTESIAN_POINT ( 'NONE',  ( 5.979153833145101515, 1.499999999999997558, 0.8660254037844383745 ) ) ;
#1724 = CARTESIAN_POINT ( 'NONE',  ( 5.729161166585997833, 1.175249999999997463, 0.6785309038651070601 ) ) ;
#1725 = CARTESIAN_POINT ( 'NONE',  ( 4.119785708245940370, 0.5740937499999999583, -0.9943595433077447865 ) ) ;
#1726 = CARTESIAN_POINT ( 'NONE',  ( 1.872368930546479682, -0.005466116263021622741, 1.429470490738032229 ) ) ;
#1727 = ADVANCED_FACE ( 'NONE', ( #336, #902 ), #212, .T. ) ;
#1728 = CARTESIAN_POINT ( 'NONE',  ( 2.187380905246622653, 1.175370022539085957, -0.002138576996384540518 ) ) ;
#1729 = CARTESIAN_POINT ( 'NONE',  ( 4.104153833145101515, -0.7499999999999996669, 1.299038105676656008 ) ) ;
#1730 = CARTESIAN_POINT ( 'NONE',  ( 4.895827833252664796, -1.175249999999998352, 0.6785309038651060609 ) ) ;
#1731 = CARTESIAN_POINT ( 'NONE',  ( 0.3999999999999999112, -2.621359165062774554, 1.510856941112698415 ) ) ;
#1732 = CARTESIAN_POINT ( 'NONE',  ( 1.746135065337897752, 1.248193282595211340, 0.8318735055789349131 ) ) ;
#1733 = CARTESIAN_POINT ( 'NONE',  ( 2.203167840692027646, 1.148133277351695236, 0.0009185255423361978746 ) ) ;
#1734 = CARTESIAN_POINT ( 'NONE',  ( 4.708325999892438496, 1.175249999999998129, -0.6785309038651062830 ) ) ;
#1735 = CARTESIAN_POINT ( 'NONE',  ( 1.865261823350331305, 1.200674505932187941, -1.511393999018659784 ) ) ;
#1736 = CARTESIAN_POINT ( 'NONE',  ( 0.5999999999999996447, 2.921918026569203963, 0.7852436613724593784 ) ) ;
#1737 = CARTESIAN_POINT ( 'NONE',  ( 3.416666666666666075, 0.7499999999999991118, -1.299038105676656008 ) ) ;
#1738 = CARTESIAN_POINT ( 'NONE',  ( 1.999372803984815095, -1.361612851468796848, 0.2111803329497204951 ) ) ;
#1739 = CARTESIAN_POINT ( 'NONE',  ( 2.157916637928853021, 1.075615941300682721, -0.5488117474382451233 ) ) ;
#1740 = ORIENTED_EDGE ( 'NONE', *, *, #2994, .T. ) ;
#1741 = B_SPLINE_CURVE_WITH_KNOTS ( 'NONE', 3,
 ( #145, #3464, #2765, #1636, #1670, #579 ),
 .UNSPECIFIED., .F., .F.,
 ( 4, 2, 4 ),
 ( 2.380773289365509298E-07, 0.0005833337382474881047, 0.001166429399166039708 ),
 .UNSPECIFIED. ) ;
#1742 = CARTESIAN_POINT ( 'NONE',  ( 7.437487166478434553, 1.499999999999998002, 0.000000000000000000 ) ) ;
#1743 = CARTESIAN_POINT ( 'NONE',  ( 5.979161166585997833, -1.175249999999997463, -0.6785309038651067270 ) ) ;
#1744 = CARTESIAN_POINT ( 'NONE',  ( 4.286452374912606444, 0.5740937499999990701, 0.9943595433077454526 ) ) ;
#1745 = CARTESIAN_POINT ( 'NONE',  ( 1.700000000000055689, -1.393014641771928908, 1.012285672288290028 ) ) ;
#1746 = CARTESIAN_POINT ( 'NONE',  ( 5.895827833252664796, -1.175249999999998352, 0.6785309038651060609 ) ) ;
#1747 = CARTESIAN_POINT ( 'NONE',  ( 1.750108381315281347, 1.438576383146030757, 0.4248574598655373569 ) ) ;
#1748 = CARTESIAN_POINT ( 'NONE',  ( 7.124992666559102794, 9.412950725595070875E-17, -1.357061807730212788 ) ) ;
#1749 = CARTESIAN_POINT ( 'NONE',  ( 2.037833546056144751, -0.7955971744318272032, -1.014627292206999210 ) ) ;
#1750 = CARTESIAN_POINT ( 'NONE',  ( 5.874992666559104570, -2.401904653074669975E-16, 1.357061807730212788 ) ) ;
#1751 = CARTESIAN_POINT ( 'NONE',  ( 1.949647750410641756, 1.846587256422164369, 0.2991588626486347824 ) ) ;
#1752 = CARTESIAN_POINT ( 'NONE',  ( -1.631359690376329697E-16, 1.359771239536082144, -2.359223251648737474 ) ) ;
#1753 = CARTESIAN_POINT ( 'NONE',  ( 6.895827833252663908, -1.175249999999998352, 0.6785309038651060609 ) ) ;
#1754 = CARTESIAN_POINT ( 'NONE',  ( 3.624999999999999112, -3.125590626510774299E-16, 1.732050807568874973 ) ) ;
#1755 = CARTESIAN_POINT ( 'NONE',  ( 2.251113265552421971, 1.173860467362867865, 0.02108299973683546227 ) ) ;
#1756 = CARTESIAN_POINT ( 'NONE',  ( 1.431102794158464864, -1.686707809066602781, 0.3970825500918975792 ) ) ;
#1757 = ORIENTED_EDGE ( 'NONE', *, *, #3283, .T. ) ;
#1758 = CARTESIAN_POINT ( 'NONE',  ( 5.520820499811768478, 0.7499999999999980016, 1.299038105676656896 ) ) ;
#1759 = CARTESIAN_POINT ( 'NONE',  ( 2.249708629930781356, 1.175557402115040118, -0.005347085423906609153 ) ) ;
#1760 = CARTESIAN_POINT ( 'NONE',  ( 1.868749999999994582, -0.1258683183730293365, -1.598052699341384386 ) ) ;
#1761 = CARTESIAN_POINT ( 'NONE',  ( 3.687494499919330870, 1.175249999999997907, 0.000000000000000000 ) ) ;
#1762 = CARTESIAN_POINT ( 'NONE',  ( 1.742726173960349456, 1.418802410929963509, 0.4872490386444744970 ) ) ;
#1763 = CARTESIAN_POINT ( 'NONE',  ( 6.583325999892436720, -0.5876249999999987317, -1.017796355797659924 ) ) ;
#1764 = CARTESIAN_POINT ( 'NONE',  ( 2.269514318315924761, 1.089718010783189195, 0.6602625793992823455 ) ) ;
#1765 = CARTESIAN_POINT ( 'NONE',  ( 2.708325999892436275, 1.175249999999998129, -0.6785309038651062830 ) ) ;
#1766 = CARTESIAN_POINT ( 'NONE',  ( -1.474152465693254269E-16, -2.158640642206363758, -1.659836930200005778 ) ) ;
#1767 = CARTESIAN_POINT ( 'NONE',  ( 0.9999999999999995559, 1.659276149645845688, 2.159100468761510960 ) ) ;
#1768 = CARTESIAN_POINT ( 'NONE',  ( 2.124999999999999112, -3.148818939475163790E-16, 1.732050807568874973 ) ) ;
#1769 = CARTESIAN_POINT ( 'NONE',  ( 2.449902363718556408, 1.480476173475185231, 0.2333084347161074323 ) ) ;
#1770 = CARTESIAN_POINT ( 'NONE',  ( 1.702649116564490805, 1.539735579740659333, 0.06391390287655107638 ) ) ;
#1771 = ORIENTED_EDGE ( 'NONE', *, *, #2512, .F. ) ;
#1772 = CARTESIAN_POINT ( 'NONE',  ( 2.083676052112251487, -0.8133740029688032447, -1.037510588689797952 ) ) ;
#1773 = CARTESIAN_POINT ( 'NONE',  ( 3.937487166478434997, 1.499999999999998002, 0.000000000000000000 ) ) ;
#1774 = CARTESIAN_POINT ( 'NONE',  ( 5.687494499919330870, 1.175249999999997907, 0.000000000000000000 ) ) ;
#1775 = CARTESIAN_POINT ( 'NONE',  ( 3.999992666559103682, -1.175249999999997907, -1.439266150697924440E-16 ) ) ;
#1776 = CARTESIAN_POINT ( 'NONE',  ( 1.981249999998331068, 1.473138983020599868, -0.3534100027472078520 ) ) ;
#1777 = CARTESIAN_POINT ( 'NONE',  ( 3.520827833252664352, -0.5876249999999987317, -1.017796355797659924 ) ) ;
#1778 = CARTESIAN_POINT ( 'NONE',  ( 1.243693608804995021, 0.5773502691896258421, 1.000000000000000000 ) ) ;
#1779 = CARTESIAN_POINT ( 'NONE',  ( 6.416659333225769757, -0.5876249999999995088, 1.017796355797659480 ) ) ;
#1780 = B_SPLINE_CURVE_WITH_KNOTS ( 'NONE', 3,
 ( #1510, #1830, #706, #942, #3425, #179, #431, #3442, #742, #3234, #3179, #3217, #666, #3201, #1545, #1849, #2889, #1285, #685, #1792, #394, #2401, #725, #1210, #2961, #2906, #1812, #1015, #2636, #142, #1247, #161, #2382, #3482 ),
 .UNSPECIFIED., .F., .F.,
 ( 4, 2, 2, 2, 2, 2, 2, 2, 2, 2, 2, 2, 2, 2, 2, 2, 4 ),
 ( 1.586419096450246151E-11, 0.0005287614634473055851, 0.001057522911030420350, 0.001586284358613535440, 0.002115045806196650530, 0.002643807253779765186, 0.003172568701362880710, 0.003701330148945995799, 0.004230091596529110889, 0.004758853044112225546, 0.005287614491695339335, 0.005816375939278454858, 0.006345137386861569515, 0.006873898834444684171, 0.007402660282027797960, 0.007931421729610912616, 0.008460183177194028140 ),
 .UNSPECIFIED. ) ;
#1781 = CARTESIAN_POINT ( 'NONE',  ( 1.719276126278205474, 1.513100167035902333, 0.06317202711586056285 ) ) ;
#1782 = CARTESIAN_POINT ( 'NONE',  ( 4.541659333225769757, -1.175249999999997907, -0.6785309038651068381 ) ) ;
#1783 = CARTESIAN_POINT ( 'NONE',  ( -1.471041037273592628E-16, -2.359565377319421842, 1.359131813768246655 ) ) ;
#1784 = CARTESIAN_POINT ( 'NONE',  ( 0.5999999999999996447, -1.510856932818045673, -2.621359168498531567 ) ) ;
#1785 = CARTESIAN_POINT ( 'NONE',  ( 6.270827833252664796, 0.5876249999999980655, 1.017796355797660368 ) ) ;
#1786 = CARTESIAN_POINT ( 'NONE',  ( 2.194477843293262787, 1.164501781721638318, 0.1312475094994438318 ) ) ;
#1787 = CIRCLE ( 'NONE', #1038, 1.499999999999998668 ) ;
#1788 = CARTESIAN_POINT ( 'NONE',  ( 1.886968368631904314, -0.005486675632152188987, 1.457294491707102457 ) ) ;
#1789 = CARTESIAN_POINT ( 'NONE',  ( 1.300037355003939687, -0.1919911516282310493, 1.000000000000000000 ) ) ;
#1790 = CONICAL_SURFACE ( 'NONE', #2731, 2747.477419454587107, 1.221730476396026610 ) ;
#1791 = ADVANCED_FACE ( 'NONE', ( #2480 ), #339, .F. ) ;
#1792 = CARTESIAN_POINT ( 'NONE',  ( 2.068929342768782487, -1.492387709068744517, 0.2317718193471047239 ) ) ;
#1793 = CARTESIAN_POINT ( 'NONE',  ( 4.229153833145100627, -1.499999999999997558, -0.8660254037844379305 ) ) ;
#1794 = CARTESIAN_POINT ( 'NONE',  ( 3.270827833252664352, 0.5876249999999980655, 1.017796355797660368 ) ) ;
#1795 = CARTESIAN_POINT ( 'NONE',  ( 2.172799976091211338, 1.159334355012410667, -0.2771721826545424094 ) ) ;
#1796 = VECTOR ( 'NONE', #1321, 1000.000000000000000 ) ;
#1797 = CARTESIAN_POINT ( 'NONE',  ( 5.583325999892436720, -0.5876249999999987317, -1.017796355797659924 ) ) ;
#1798 = CARTESIAN_POINT ( 'NONE',  ( 1.944921874999943512, 1.184657296595313714, -0.9819808460145690310 ) ) ;
#1799 = CARTESIAN_POINT ( 'NONE',  ( 4.479161166585997833, -1.175249999999997907, -0.6785309038651068381 ) ) ;
#1800 = CARTESIAN_POINT ( 'NONE',  ( 6.645827833252663908, 1.175249999999997907, -0.6785309038651063940 ) ) ;
#1801 = CARTESIAN_POINT ( 'NONE',  ( 6.666659333225769757, 0.5876249999999990647, -1.017796355797659702 ) ) ;
#1802 = CARTESIAN_POINT ( 'NONE',  ( 1.915958352003488407, -1.114075348328979809, 0.8066950341196049701 ) ) ;
#1803 = CARTESIAN_POINT ( 'NONE',  ( 3.124992666559103238, 8.793529046544679536E-17, -1.357061807730212788 ) ) ;
#1804 = CARTESIAN_POINT ( 'NONE',  ( -1.502118319370812034E-16, -0.3527074872395613014, -2.700071385257411638 ) ) ;
#1805 = CARTESIAN_POINT ( 'NONE',  ( 0.9999999999999996669, -2.921918026569211513, -0.7852436613724693704 ) ) ;
#1806 = CARTESIAN_POINT ( 'NONE',  ( 5.104161166585997833, 0.5876249999999990647, -1.017796355797659702 ) ) ;
#1807 = CARTESIAN_POINT ( 'NONE',  ( 2.291666666666665630, -1.499999999999997335, -0.8660254037844378194 ) ) ;
#1808 = CARTESIAN_POINT ( 'NONE',  ( 5.401034791565827220, -0.5740937500000005134, 0.9943595433077446755 ) ) ;
#1809 = CARTESIAN_POINT ( 'NONE',  ( 2.491668229493755327, 1.410020007828553856, 1.017865258787877814 ) ) ;
#1810 = DIRECTION ( 'NONE',  ( 1.000000000000000000, 1.548554197625976421E-18, 0.000000000000000000 ) ) ;
#1811 = ORIENTED_EDGE ( 'NONE', *, *, #464, .T. ) ;
#1812 = CARTESIAN_POINT ( 'NONE',  ( 1.940428694993598491, -0.3552262435901910598, 1.467901025753173050 ) ) ;
#1813 = CARTESIAN_POINT ( 'NONE',  ( 2.687487166478434997, -1.499999999999998002, -1.836970198721027469E-16 ) ) ;
#1814 = CARTESIAN_POINT ( 'NONE',  ( 3.604161166585997389, 0.5876249999999990647, -1.017796355797659702 ) ) ;
#1815 = CARTESIAN_POINT ( 'NONE',  ( 0.5999999999999998668, -2.621359165062775443, 1.510856941112698637 ) ) ;
#1816 = CARTESIAN_POINT ( 'NONE',  ( 4.583325999892436720, -0.5876249999999987317, -1.017796355797659924 ) ) ;
#1817 = CARTESIAN_POINT ( 'NONE',  ( 1.999853515622606492, 1.500100583946554655, -0.002761296183594878773 ) ) ;
#1818 = CARTESIAN_POINT ( 'NONE',  ( 2.812494499919331314, -2.449329096986389003E-16, 1.357061807730212788 ) ) ;
#1819 = CARTESIAN_POINT ( 'NONE',  ( 6.124992666559102794, 9.258095305832473041E-17, -1.357061807730212788 ) ) ;
#1820 = CARTESIAN_POINT ( 'NONE',  ( 2.065932262904350836, -0.3893807250719585333, -1.208319864586400394 ) ) ;
#1821 = CARTESIAN_POINT ( 'NONE',  ( 2.102298825955618788, -0.5453440739982737817, -1.185793394346792873 ) ) ;
#1822 = CARTESIAN_POINT ( 'NONE',  ( 3.291659333225770645, 1.175249999999997463, 0.6785309038651070601 ) ) ;
#1823 = CARTESIAN_POINT ( 'NONE',  ( -1.528627078723120881E-16, 1.359131813764452357, 2.359565377321559687 ) ) ;
#1824 = CARTESIAN_POINT ( 'NONE',  ( 0.9999999999999992228, -3.000000000000000000, 0.000000000000000000 ) ) ;
#1825 = CARTESIAN_POINT ( 'NONE',  ( 1.999999999999999112, 1.499999999999997780, 0.000000000000000000 ) ) ;
#1826 = CARTESIAN_POINT ( 'NONE',  ( 2.187210465220750244, 1.175541581536200253, -0.005348057517017201432 ) ) ;
#1827 = CARTESIAN_POINT ( 'NONE',  ( 1.381138522506677457, 0.1330684920716175834, 1.809784172367262300 ) ) ;
#1828 = CARTESIAN_POINT ( 'NONE',  ( -8.164656124110223655E-18, -0.5773502691896263972, -1.000000000000000000 ) ) ;
#1829 = ORIENTED_EDGE ( 'NONE', *, *, #15, .F. ) ;
#1830 = CARTESIAN_POINT ( 'NONE',  ( 2.422543515806303116, 1.500000000000000222, -0.1781655582013239314 ) ) ;
#1831 = CARTESIAN_POINT ( 'NONE',  ( 3.604153833145101515, -0.7499999999999996669, 1.299038105676656008 ) ) ;
#1832 = B_SPLINE_CURVE_WITH_KNOTS ( 'NONE', 3,
 ( #2207, #2971, #2754, #1043, #2683, #3004 ),
 .UNSPECIFIED., .F., .F.,
 ( 4, 2, 4 ),
 ( 2.380773289365739849E-07, 0.0005833337382474883216, 0.001166429399166039925 ),
 .UNSPECIFIED. ) ;
#1833 = CARTESIAN_POINT ( 'NONE',  ( 3.895827833252664796, -1.175249999999998129, 0.6785309038651060609 ) ) ;
#1834 = CARTESIAN_POINT ( 'NONE',  ( 0.5999999999999996447, -2.399000527194539600, -1.843640159924745614 ) ) ;
#1835 = CARTESIAN_POINT ( 'NONE',  ( 5.291659333225770645, 1.175249999999997463, 0.6785309038651070601 ) ) ;
#1836 = CARTESIAN_POINT ( 'NONE',  ( 2.187210465220750244, 1.175541581536200253, -0.005348057517017201432 ) ) ;
#1837 = CARTESIAN_POINT ( 'NONE',  ( 3.604161166585997389, 0.5876249999999990647, -1.017796355797659702 ) ) ;
#1838 = EDGE_CURVE ( 'NONE', #1920, #1103, #789, .T. ) ;
#1839 = CARTESIAN_POINT ( 'NONE',  ( 4.999992666559102794, -1.175249999999997907, -1.439266150697924440E-16 ) ) ;
#1840 = CARTESIAN_POINT ( 'NONE',  ( 2.241274818000074998, 1.137345805644774055, 0.1297930054325036608 ) ) ;
#1841 = CARTESIAN_POINT ( 'NONE',  ( 4.374992666559102794, -2.425132966039059465E-16, 1.357061807730212788 ) ) ;
#1842 = CARTESIAN_POINT ( 'NONE',  ( -1.466862748144772487E-16, -2.629384098241524192, 0.7073587210032454831 ) ) ;
#1843 = CARTESIAN_POINT ( 'NONE',  ( 0.5999999999999996447, -3.000000000000000000, 0.000000000000000000 ) ) ;
#1844 = CARTESIAN_POINT ( 'NONE',  ( 3.520827833252664352, -0.5876249999999987317, -1.017796355797659924 ) ) ;
#1845 = CARTESIAN_POINT ( 'NONE',  ( 2.222715853178879986, 1.116872845528402935, 0.6616888457761062048 ) ) ;
#1846 = CARTESIAN_POINT ( 'NONE',  ( 6.692701458232494183, 1.148187499999999917, -0.6629063622051631910 ) ) ;
#1847 = CARTESIAN_POINT ( 'NONE',  ( 1.943170625065354207, -0.9244272090188084823, 1.074718106568018250 ) ) ;
#1848 = CARTESIAN_POINT ( 'NONE',  ( 1.243693608804995021, -0.5773502691896258421, 1.000000000000000000 ) ) ;
#1849 = CARTESIAN_POINT ( 'NONE',  ( 2.145985313380609494, -1.285877863411559519, -0.7921804650984780594 ) ) ;
#1850 = CARTESIAN_POINT ( 'NONE',  ( 4.854153833145101515, 0.7499999999999992228, -1.299038105676656230 ) ) ;
#1851 = CARTESIAN_POINT ( 'NONE',  ( -8.164656124110223655E-18, -1.154700538379251684, -2.168404344971008868E-16 ) ) ;
#1852 = CARTESIAN_POINT ( 'NONE',  ( 0.5999999999999998668, 2.399000527194540933, 1.843640159924744948 ) ) ;
#1853 = CARTESIAN_POINT ( 'NONE',  ( 4.791659333225769757, 1.175249999999997463, 0.6785309038651070601 ) ) ;
#1854 = CARTESIAN_POINT ( 'NONE',  ( 1.203125000000003109, -1.723952938651771127, 1.149637611716491925 ) ) ;
#1855 = CARTESIAN_POINT ( 'NONE',  ( 7.119785708245938594, 0.5740937499999999583, -0.9943595433077447865 ) ) ;
#1856 = CARTESIAN_POINT ( 'NONE',  ( 4.541659333225769757, -1.175249999999997907, -0.6785309038651068381 ) ) ;
#1857 = CARTESIAN_POINT ( 'NONE',  ( 2.244680560287657389, 1.131610866032275009, 0.1937693326575181951 ) ) ;
#1858 = CARTESIAN_POINT ( 'NONE',  ( 6.915947661869809693, -0.8200950150214196821, 0.8223232145729441056 ) ) ;
#1859 = CARTESIAN_POINT ( 'NONE',  ( 6.187487166478434553, -1.499999999999998002, -1.836970198721027469E-16 ) ) ;
#1860 = CARTESIAN_POINT ( 'NONE',  ( 6.680921777768609182, -1.090639190854747476, -0.8857084706271797225 ) ) ;
#1861 = CARTESIAN_POINT ( 'NONE',  ( 3.479161166585997833, -1.175249999999997907, -0.6785309038651068381 ) ) ;
#1862 = CARTESIAN_POINT ( 'NONE',  ( 2.067942432790259577, -0.1000363925661328784, -1.279136098784616538 ) ) ;
#1863 = CARTESIAN_POINT ( 'NONE',  ( 2.401034791565827220, -0.5740937500000005134, 0.9943595433077446755 ) ) ;
#1864 = CARTESIAN_POINT ( 'NONE',  ( 2.386857575114316177, 1.249906252711633359, -0.9162146116059514123 ) ) ;
#1865 = FACE_OUTER_BOUND ( 'NONE', #817, .T. ) ;
#1866 = CARTESIAN_POINT ( 'NONE',  ( 6.958333333333333037, 1.499999999999997780, -0.8660254037844371533 ) ) ;
#1867 = CARTESIAN_POINT ( 'NONE',  ( 5.708333333333333037, -1.499999999999998224, 0.8660254037844368202 ) ) ;
#1868 = CARTESIAN_POINT ( 'NONE',  ( 2.520827833252664796, -0.5876249999999987317, -1.017796355797659924 ) ) ;
#1869 = CARTESIAN_POINT ( 'NONE',  ( 0.5999999999999998668, 2.921918030004947209, 0.7852436530778406087 ) ) ;
#1870 = CARTESIAN_POINT ( 'NONE',  ( 3.583325999892436720, -0.5876249999999987317, -1.017796355797659924 ) ) ;
#1871 = CARTESIAN_POINT ( 'NONE',  ( 2.182933565774245910, 1.176957154542861650, -0.08606034707600801470 ) ) ;
#1872 = CARTESIAN_POINT ( 'NONE',  ( 5.078119041579272519, 8.904635801877889539E-17, -1.325812724410326382 ) ) ;
#1873 = CARTESIAN_POINT ( 'NONE',  ( 2.031477599900948228, -1.195393987381733192, -0.5529247839390111219 ) ) ;
#1874 = CARTESIAN_POINT ( 'NONE',  ( 6.583325999892436720, -0.5876249999999987317, -1.017796355797659924 ) ) ;
#1875 = CARTESIAN_POINT ( 'NONE',  ( 5.354153833145101515, 0.7499999999999992228, -1.299038105676656230 ) ) ;
#1876 = CARTESIAN_POINT ( 'NONE',  ( 6.891418662909953419, -0.1693074000674401336, 1.174314282341071491 ) ) ;
#1877 = CARTESIAN_POINT ( 'NONE',  ( 3.437494499919330870, -1.175249999999997907, -1.439266150697924440E-16 ) ) ;
#1878 = CARTESIAN_POINT ( 'NONE',  ( 1.702649116564490805, 1.539735579740659333, 0.06391390287655107638 ) ) ;
#1879 = CARTESIAN_POINT ( 'NONE',  ( 2.817701458232494183, 0.5740937499999990701, 0.9943595433077454526 ) ) ;
#1880 = CARTESIAN_POINT ( 'NONE',  ( 2.436754690645785537, 1.500670728666501974, -0.01379720109859294309 ) ) ;
#1881 = CARTESIAN_POINT ( 'NONE',  ( 5.166666666666666075, -0.7499999999999995559, 1.299038105676655785 ) ) ;
#1882 = CARTESIAN_POINT ( 'NONE',  ( 5.166666666666666075, -0.7499999999999995559, 1.299038105676655785 ) ) ;
#1883 = CARTESIAN_POINT ( 'NONE',  ( 2.303274694495776487, 1.086232751087594206, 1.000940769338274361 ) ) ;
#1884 = CARTESIAN_POINT ( 'NONE',  ( 0.5999999999999996447, -2.921918030004946321, -0.7852436530778430512 ) ) ;
#1885 = CARTESIAN_POINT ( 'NONE',  ( 2.874992666559104126, -2.448361279003449449E-16, 1.357061807730213010 ) ) ;
#1886 = CARTESIAN_POINT ( 'NONE',  ( 2.186585112853148161, 1.176099234695429319, -0.01712939613307266906 ) ) ;
#1887 = CARTESIAN_POINT ( 'NONE',  ( 5.119785708245939482, 0.5740937499999999583, -0.9943595433077447865 ) ) ;
#1888 = CARTESIAN_POINT ( 'NONE',  ( 2.192735326664517537, 0.9307492884844228431, -0.7487438360767068035 ) ) ;
#1889 = CARTESIAN_POINT ( 'NONE',  ( 1.877500000519594758, 0.1688648234032085194, 1.454238038104590514 ) ) ;
#1890 = CARTESIAN_POINT ( 'NONE',  ( 6.574499999999998678, -0.2162310033881660876, 1.484332898366717668 ) ) ;
#1891 = CARTESIAN_POINT ( 'NONE',  ( 6.839056222848109989, 0.9664765768957874759, 0.7747512736828762181 ) ) ;
#1892 = ORIENTED_EDGE ( 'NONE', *, *, #2600, .T. ) ;
#1893 = CARTESIAN_POINT ( 'NONE',  ( 4.354161166585996945, -0.5876249999999995088, 1.017796355797659480 ) ) ;
#1894 = CARTESIAN_POINT ( 'NONE',  ( 2.161642294832557099, 1.102538702267060966, -0.4824226327489202215 ) ) ;
#1895 = CARTESIAN_POINT ( 'NONE',  ( 4.192701458232494183, 1.148187499999999917, -0.6629063622051631910 ) ) ;
#1896 = CARTESIAN_POINT ( 'NONE',  ( 2.369226980872244148, 1.028441436519867080, -1.178467288761853027 ) ) ;
#1897 = CARTESIAN_POINT ( 'NONE',  ( 0.3999999999999998002, 1.843640166273067704, -2.399000520846217732 ) ) ;
#1898 = CARTESIAN_POINT ( 'NONE',  ( 5.874999999999998224, 1.151552797835431679E-16, -1.732050807568874529 ) ) ;
#1899 = LINE ( 'NONE', #1668, #1796 ) ;
#1900 = CARTESIAN_POINT ( 'NONE',  ( 0.9999999999999995559, 1.033245267385746180, -2.494474737780473017 ) ) ;
#1901 = VERTEX_POINT ( 'NONE', #3055 ) ;
#1902 = ADVANCED_FACE ( 'NONE', ( #787 ), #3116, .T. ) ;
#1903 = CARTESIAN_POINT ( 'NONE',  ( 3.333325999892436720, 0.5876249999999980655, 1.017796355797660368 ) ) ;
#1904 = CARTESIAN_POINT ( 'NONE',  ( 1.259375000000017231, -2.018152367216103471, -0.2407438628240447798 ) ) ;
#1905 = CARTESIAN_POINT ( 'NONE',  ( 6.494785708245939482, -1.148187499999999472, -0.6629063622051637461 ) ) ;
#1906 = CARTESIAN_POINT ( 'NONE',  ( 2.235464537243248895, 1.146815673192415508, 0.02062714280629691921 ) ) ;
#1907 = CARTESIAN_POINT ( 'NONE',  ( 5.187487166478434553, -1.499999999999998002, -1.836970198721027469E-16 ) ) ;
#1908 = CARTESIAN_POINT ( 'NONE',  ( 0.9999999999999995559, -0.3534291654486284018, -2.700000000000000178 ) ) ;
#1909 = CARTESIAN_POINT ( 'NONE',  ( 0.3999999999999999667, -2.399000527194540933, -1.843640159924747390 ) ) ;
#1910 = B_SPLINE_CURVE_WITH_KNOTS ( 'NONE', 3,
 ( #1425, #1714, #21, #2814, #862, #298, #2776, #572, #1407, #1465, #2833, #2573, #3362, #898, #3065, #625 ),
 .UNSPECIFIED., .F., .F.,
 ( 4, 2, 2, 2, 2, 2, 2, 4 ),
 ( 1.712078477526791425E-17, 0.0002946867932499375284, 0.0005893735864998579264, 0.001178747172999698289, 0.001473433966249618849, 0.001768120759499539410, 0.002062807552749459754, 0.002357494345999380965 ),
 .UNSPECIFIED. ) ;
#1911 = CARTESIAN_POINT ( 'NONE',  ( 2.604161166585997389, 0.5876249999999990647, -1.017796355797659702 ) ) ;
#1912 = CARTESIAN_POINT ( 'NONE',  ( 2.124166729717586577, 0.7274638449277505137, -1.000309722726129946 ) ) ;
#1913 = CARTESIAN_POINT ( 'NONE',  ( 4.776034791565827220, 1.148187499999999250, 0.6629063622051638571 ) ) ;
#1914 = CARTESIAN_POINT ( 'NONE',  ( 2.249687682081241924, -1.171271466190367372, -1.174578882089348131 ) ) ;
#1915 = CARTESIAN_POINT ( 'NONE',  ( 0.3999999999999998002, 2.921918026569126692, -0.7852436613726452297 ) ) ;
#1916 = CARTESIAN_POINT ( 'NONE',  ( 5.083333333333333037, 0.7499999999999978906, 1.299038105676656674 ) ) ;
#1917 = CARTESIAN_POINT ( 'NONE',  ( 4.999999999999999112, 1.499999999999997780, 0.000000000000000000 ) ) ;
#1918 = CARTESIAN_POINT ( 'NONE',  ( 0.9999999999999995559, -1.659836930200684790, -2.158640642205969851 ) ) ;
#1919 = SURFACE_STYLE_USAGE ( .BOTH. , #1619 ) ;
#1920 = VERTEX_POINT ( 'NONE', #3098 ) ;
#1921 = CARTESIAN_POINT ( 'NONE',  ( 1.321283339073236363, -0.8660254037844384856, 0.4999999999999998890 ) ) ;
#1922 = CARTESIAN_POINT ( 'NONE',  ( 2.999992666559103682, -1.175249999999997907, -1.439266150697924440E-16 ) ) ;
#1923 = CARTESIAN_POINT ( 'NONE',  ( 1.936919322024610146, -1.359235593657541097, 0.2112520497221850591 ) ) ;
#1924 = CARTESIAN_POINT ( 'NONE',  ( 5.869785708245939482, -0.5740937500000005134, 0.9943595433077446755 ) ) ;
#1925 = CARTESIAN_POINT ( 'NONE',  ( 1.507079062298862571, -1.674857499471704259, -0.2066913763060242992 ) ) ;
#1926 = CARTESIAN_POINT ( 'NONE',  ( 6.104153833145101515, -0.7499999999999996669, 1.299038105676656008 ) ) ;
#1927 = CARTESIAN_POINT ( 'NONE',  ( 6.781688426133681169, 1.170836343187123152, -0.5765390687933660274 ) ) ;
#1928 = CARTESIAN_POINT ( 'NONE',  ( 0.3999999999999996336, -0.3926990816987233068, -3.000000000000000000 ) ) ;
#1929 = CARTESIAN_POINT ( 'NONE',  ( 1.988285448486366791, 1.467722802848986374, -0.3571007242378798630 ) ) ;
#1930 = CARTESIAN_POINT ( 'NONE',  ( 2.172799976091211338, 1.159334355012410667, -0.2771721826545424094 ) ) ;
#1931 = CARTESIAN_POINT ( 'NONE',  ( 3.234368124899161145, 1.148187499999999917, 0.000000000000000000 ) ) ;
#1932 = CARTESIAN_POINT ( 'NONE',  ( 2.404574377360598980, 1.405853424688541908, -0.6139620379225677604 ) ) ;
#1933 = CARTESIAN_POINT ( 'NONE',  ( 1.899680356211487526E-14, 2.621359168498520908, 1.510856932818085641 ) ) ;
#1934 = CARTESIAN_POINT ( 'NONE',  ( 5.291666666666666075, -1.499999999999997335, -0.8660254037844378194 ) ) ;
#1935 = CARTESIAN_POINT ( 'NONE',  ( 0.9999999999999995559, 2.494474737780476126, -1.033245267385738630 ) ) ;
#1936 = ORIENTED_EDGE ( 'NONE', *, *, #2666, .T. ) ;
#1937 = CARTESIAN_POINT ( 'NONE',  ( 2.374992666559103238, -2.456104049991578786E-16, 1.357061807730213010 ) ) ;
#1938 = CARTESIAN_POINT ( 'NONE',  ( 3.041659333225770201, -1.175249999999997907, -0.6785309038651068381 ) ) ;
#1939 = CARTESIAN_POINT ( 'NONE',  ( 2.124166729717586577, 0.7274638449277505137, -1.000309722726129946 ) ) ;
#1940 = CARTESIAN_POINT ( 'NONE',  ( 7.067701458232495071, -0.5740937499999996252, -0.9943595433077451196 ) ) ;
#1941 = CARTESIAN_POINT ( 'NONE',  ( 1.619477095278568868, -0.05556507011043141514, -1.607192838056714201 ) ) ;
#1942 = CARTESIAN_POINT ( 'NONE',  ( 2.187494498103493168, 1.175250001943914935, -1.709179699488729252E-08 ) ) ;
#1943 = CARTESIAN_POINT ( 'NONE',  ( 3.145820499811768034, -1.499999999999998446, 0.8660254037844369313 ) ) ;
#1944 = CARTESIAN_POINT ( 'NONE',  ( 5.979161166585996057, -1.175249999999997907, -0.6785309038651068381 ) ) ;
#1945 = ORIENTED_EDGE ( 'NONE', *, *, #2131, .F. ) ;
#1946 =( BOUNDED_SURFACE ( )  B_SPLINE_SURFACE ( 2, 3, ( 
 ( #1599, #2341, #957, #3177, #683, #2904, #140, #795, #3069, #542, #2745, #832, #1897, #1952, #3032, #1915, #505, #8, #2780, #2469, #2178, #1049, #3334, #812, #3550, #1648, #1066, #2761, #2235, #1082, #850, #265, #524, #1632 ),
 ( #1372, #1686, #284, #576, #248, #2993, #1392, #2508, #1319, #2214, #2727, #2435, #214, #1354, #1117, #2454, #2486, #3533, #3567, #1933, #3585, #2159, #1616, #3266, #776, #231, #2195, #1337, #3300, #1099, #3317, #3051, #559, #1666 ),
 ( #3104, #1971, #100, #2818, #2271, #610, #2560, #1718, #2526, #1169, #2321, #1752, #2287, #1429, #660, #302, #3350, #356, #3141, #644, #319, #1486, #1411, #2868, #1204, #2541, #593, #373, #3384, #3085, #2800, #3419, #1702, #2029 ) ),
 .UNSPECIFIED., .F., .T., .T. ) 
 B_SPLINE_SURFACE_WITH_KNOTS ( ( 3, 3 ),
 ( 4, 2, 2, 2, 2, 2, 2, 2, 2, 2, 2, 2, 2, 2, 2, 2, 4 ),
 ( 0.000000000000000000, 1.000000000000000000 ),
 ( -3.141592653589793116, -2.748893571891068976, -2.356194490192344837, -1.963495408493620697, -1.570796326794896558, -1.178097245096172418, -0.7853981633974482790, -0.3926990816987241395, 0.000000000000000000, 0.3926990816987241395, 0.7853981633974482790, 1.178097245096172418, 1.570796326794896558, 1.963495408493620697, 2.356194490192344837, 2.748893571891068976, 3.141592653589793116 ),
 .UNSPECIFIED. ) 
 GEOMETRIC_REPRESENTATION_ITEM ( )  RATIONAL_B_SPLINE_SURFACE ( (
 ( 1.000000000000000000, 1.000000000000000000, 1.000000000000000000, 1.000000000000000000, 1.000000000000000000, 1.000000000000000000, 1.000000000000000000, 1.000000000000000000, 1.000000000000000000, 1.000000000000000000, 1.000000000000000000, 1.000000000000000000, 1.000000000000000000, 1.000000000000000000, 1.000000000000000000, 1.000000000000000000, 1.000000000000000000, 1.000000000000000000, 1.000000000000000000, 1.000000000000000000, 1.000000000000000000, 1.000000000000000000, 1.000000000000000000, 1.000000000000000000, 1.000000000000000000, 1.000000000000000000, 1.000000000000000000, 1.000000000000000000, 1.000000000000000000, 1.000000000000000000, 1.000000000000000000, 1.000000000000000000, 1.000000000000000000, 1.000000000000000000),
 ( 0.7071067811865479058, 0.7071067811865479058, 0.7071067811865475727, 0.7071067811865475727, 0.7071067811865476838, 0.7071067811865476838, 0.7071067811865475727, 0.7071067811865475727, 0.7071067811865479058, 0.7071067811865479058, 0.7071067811865475727, 0.7071067811865475727, 0.7071067811865476838, 0.7071067811865476838, 0.7071067811865475727, 0.7071067811865475727, 0.7071067811865479058, 0.7071067811865479058, 0.7071067811865475727, 0.7071067811865475727, 0.7071067811865475727, 0.7071067811865475727, 0.7071067811865475727, 0.7071067811865475727, 0.7071067811865479058, 0.7071067811865479058, 0.7071067811865475727, 0.7071067811865475727, 0.7071067811865476838, 0.7071067811865476838, 0.7071067811865475727, 0.7071067811865475727, 0.7071067811865479058, 0.7071067811865479058),
 ( 1.000000000000000000, 1.000000000000000000, 1.000000000000000000, 1.000000000000000000, 1.000000000000000000, 1.000000000000000000, 1.000000000000000000, 1.000000000000000000, 1.000000000000000000, 1.000000000000000000, 1.000000000000000000, 1.000000000000000000, 1.000000000000000000, 1.000000000000000000, 1.000000000000000000, 1.000000000000000000, 1.000000000000000000, 1.000000000000000000, 1.000000000000000000, 1.000000000000000000, 1.000000000000000000, 1.000000000000000000, 1.000000000000000000, 1.000000000000000000, 1.000000000000000000, 1.000000000000000000, 1.000000000000000000, 1.000000000000000000, 1.000000000000000000, 1.000000000000000000, 1.000000000000000000, 1.000000000000000000, 1.000000000000000000, 1.000000000000000000) ) ) 
 REPRESENTATION_ITEM ( '' )  SURFACE ( )  );
#1947 = ADVANCED_FACE ( 'NONE', ( #3379 ), #818, .T. ) ;
#1948 = CARTESIAN_POINT ( 'NONE',  ( 1.772492534661940455, 0.5734839125876586285, 1.397510606384067877 ) ) ;
#1949 = CARTESIAN_POINT ( 'NONE',  ( 2.199560071587915999, 1.150202518963785669, -0.06712261287273614541 ) ) ;
#1950 = CARTESIAN_POINT ( 'NONE',  ( 5.833325999892436720, 0.5876249999999980655, 1.017796355797660368 ) ) ;
#1951 = CARTESIAN_POINT ( 'NONE',  ( 7.000999999999999446, 0.5773502691896260641, -1.000000000000000000 ) ) ;
#1952 = CARTESIAN_POINT ( 'NONE',  ( 0.3999999999999998002, 2.399000520846220397, -1.843640166273064152 ) ) ;
#1953 = CARTESIAN_POINT ( 'NONE',  ( 2.874999999999999112, 1.105096171906652205E-16, -1.732050807568874529 ) ) ;
#1954 = CARTESIAN_POINT ( 'NONE',  ( 3.458333333333332593, 1.499999999999997780, -0.8660254037844371533 ) ) ;
#1955 = CARTESIAN_POINT ( 'NONE',  ( 0.9999999999999995559, 1.359131813765439345, -2.359565377320896218 ) ) ;
#1956 =( NAMED_UNIT ( * ) SI_UNIT ( $, .STERADIAN. ) SOLID_ANGLE_UNIT ( ) );
#1957 = B_SPLINE_CURVE_WITH_KNOTS ( 'NONE', 3,
 ( #1377, #819, #1921, #3037, #546 ),
 .UNSPECIFIED., .F., .F.,
 ( 4, 1, 4 ),
 ( 2.309401076757807455E-07, 0.0005775812092973014664, 0.001154931478486927263 ),
 .UNSPECIFIED. ) ;
#1958 = CARTESIAN_POINT ( 'NONE',  ( 4.916659333225769757, -0.5876249999999995088, 1.017796355797659480 ) ) ;
#1959 = CARTESIAN_POINT ( 'NONE',  ( 3.786452374912606889, 0.5740937499999990701, 0.9943595433077454526 ) ) ;
#1960 = STYLED_ITEM ( 'NONE', ( #1722 ), #2475 ) ;
#1961 = CARTESIAN_POINT ( 'NONE',  ( 2.261508828720572239, 1.156688916734223138, 0.2163839452665121954 ) ) ;
#1962 = CARTESIAN_POINT ( 'NONE',  ( 2.187210465220750244, 1.175541581536200253, -0.005348057517017201432 ) ) ;
#1963 = CARTESIAN_POINT ( 'NONE',  ( 2.001411008975437333, 1.498788671079265944, 0.02658220025721047541 ) ) ;
#1964 = B_SPLINE_CURVE_WITH_KNOTS ( 'NONE', 3,
 ( #473, #3520, #433, #762, #961, #2979 ),
 .UNSPECIFIED., .F., .F.,
 ( 4, 2, 4 ),
 ( 2.380773289368242302E-07, 0.0005833337382474881047, 0.001166429399166039275 ),
 .UNSPECIFIED. ) ;
#1965 = CARTESIAN_POINT ( 'NONE',  ( 6.354161166585996945, -0.5876249999999995088, 1.017796355797659480 ) ) ;
#1966 = CARTESIAN_POINT ( 'NONE',  ( 1.798984451967760245, -0.3051218038704699431, 1.479417412222008732 ) ) ;
#1967 = CARTESIAN_POINT ( 'NONE',  ( 2.247295812587305264, 1.074570526913178226, 0.8299044334349156005 ) ) ;
#1968 = CARTESIAN_POINT ( 'NONE',  ( 6.499992666559103682, -1.175249999999997907, -1.439266150697924440E-16 ) ) ;
#1969 = PRODUCT_DEFINITION ( 'UNKNOWN', '', #1044, #1359 ) ;
#1970 = CARTESIAN_POINT ( 'NONE',  ( 1.546473065337909292, 0.4137291002529020489, 2.115384478441167282 ) ) ;
#1971 = CARTESIAN_POINT ( 'NONE',  ( -1.626303258728256651E-16, -2.700000000000000178, -0.3534291654486235723 ) ) ;
#1972 = CARTESIAN_POINT ( 'NONE',  ( 2.374999999999999556, 1.097353400918522252E-16, -1.732050807568874529 ) ) ;
#1973 = CARTESIAN_POINT ( 'NONE',  ( 3.208333333333332593, -1.499999999999998224, 0.8660254037844368202 ) ) ;
#1974 = CARTESIAN_POINT ( 'NONE',  ( 2.250546332406432093, 1.174594063556289925, 0.01041870746977317623 ) ) ;
#1975 = ORIENTED_EDGE ( 'NONE', *, *, #1838, .F. ) ;
#1976 = CARTESIAN_POINT ( 'NONE',  ( 7.395820499811768478, 1.499999999999998224, -0.8660254037844371533 ) ) ;
#1977 = CARTESIAN_POINT ( 'NONE',  ( 5.937494499919330870, -1.175249999999997907, -1.439266150697924440E-16 ) ) ;
#1978 = CARTESIAN_POINT ( 'NONE',  ( 2.953119041579273407, -1.148187499999999917, -1.406124146696001694E-16 ) ) ;
#1979 = CARTESIAN_POINT ( 'NONE',  ( 1.703774868091841865, 1.323994425618142401, -0.8032351029123959707 ) ) ;
#1980 = CARTESIAN_POINT ( 'NONE',  ( 2.049322088834867994, -0.3977223956255054316, -1.233637759041587012 ) ) ;
#1981 = CARTESIAN_POINT ( 'NONE',  ( 3.229153833145101959, -1.499999999999997558, -0.8660254037844379305 ) ) ;
#1982 = CARTESIAN_POINT ( 'NONE',  ( 6.979161166585996945, -1.175249999999997907, -0.6785309038651068381 ) ) ;
#1983 = CARTESIAN_POINT ( 'NONE',  ( 0.3999999999999999667, 2.399000527194540044, 1.843640159924746280 ) ) ;
#1984 = CARTESIAN_POINT ( 'NONE',  ( 1.862354707206210547, -1.508112331979595266, -0.08376526151689117627 ) ) ;
#1985 = CARTESIAN_POINT ( 'NONE',  ( 2.163312718452231387, 0.9496596062876611066, -0.7194175355974983255 ) ) ;
#1986 = CARTESIAN_POINT ( 'NONE',  ( 6.583325999892436720, -0.5876249999999987317, -1.017796355797659924 ) ) ;
#1987 = CARTESIAN_POINT ( 'NONE',  ( 1.977776303590051299, 1.611677305429351170, 0.9099115504324776227 ) ) ;
#1988 = CARTESIAN_POINT ( 'NONE',  ( 0.5999999999999996447, -0.3926990727206932097, 3.000000000000000000 ) ) ;
#1989 = CARTESIAN_POINT ( 'NONE',  ( 4.541666666666666963, 1.499999999999997335, 0.8660254037844380415 ) ) ;
#1990 = CARTESIAN_POINT ( 'NONE',  ( 2.874999999999999112, 1.105096171906652082E-16, -1.732050807568874973 ) ) ;
#1991 = CARTESIAN_POINT ( 'NONE',  ( 2.249929888219709628, 1.175320695677016580, -0.001181588976379093370 ) ) ;
#1992 = ORIENTED_EDGE ( 'NONE', *, *, #1167, .F. ) ;
#1993 = EDGE_CURVE ( 'NONE', #571, #1920, #2224, .T. ) ;
#1994 = CARTESIAN_POINT ( 'NONE',  ( 2.209246259168093474, 0.9726029554262960453, -0.7365468825883225712 ) ) ;
#1995 = CARTESIAN_POINT ( 'NONE',  ( 6.104153833145101515, -0.7499999999999996669, 1.299038105676656008 ) ) ;
#1996 = CARTESIAN_POINT ( 'NONE',  ( 2.214814203173229856, 1.028447548938318912, -0.6449812331994232428 ) ) ;
#1997 = CARTESIAN_POINT ( 'NONE',  ( 5.562494499919330870, 9.170989416121777966E-17, -1.357061807730213010 ) ) ;
#1998 = CARTESIAN_POINT ( 'NONE',  ( 4.328119041579273407, -2.368455194730282058E-16, 1.325812724410326382 ) ) ;
#1999 = CARTESIAN_POINT ( 'NONE',  ( 1.385220482498880523, -0.2838728270875507942, 1.750820121876428770 ) ) ;
#2000 = CARTESIAN_POINT ( 'NONE',  ( 1.965019977003041207, -1.328923728117445968, -0.2681458888366206605 ) ) ;
#2001 = CARTESIAN_POINT ( 'NONE',  ( 3.395820499811768478, 1.499999999999997780, -0.8660254037844371533 ) ) ;
#2002 = CARTESIAN_POINT ( 'NONE',  ( 5.104161166585997833, 0.5876249999999990647, -1.017796355797659702 ) ) ;
#2003 = CARTESIAN_POINT ( 'NONE',  ( 0.3999999999999999112, -1.510856941112698637, 2.621359165062774110 ) ) ;
#2004 = CARTESIAN_POINT ( 'NONE',  ( 1.973075747042352335, 1.245765953609762944, -0.8402082541248918623 ) ) ;
#2005 = CARTESIAN_POINT ( 'NONE',  ( 2.203991142596906094, 1.147139482526353227, 0.01640994365772130079 ) ) ;
#2006 = CARTESIAN_POINT ( 'NONE',  ( 6.541659333225770645, -1.175249999999997907, -0.6785309038651068381 ) ) ;
#2007 = CARTESIAN_POINT ( 'NONE',  ( 1.696489124714789742, -2.034272186402116045, -0.2491627123277765643 ) ) ;
#2008 = CARTESIAN_POINT ( 'NONE',  ( 0.5999999999999996447, -3.000000000000000000, 0.000000000000000000 ) ) ;
#2009 = CARTESIAN_POINT ( 'NONE',  ( 3.958333333333332593, 1.499999999999997780, -0.8660254037844371533 ) ) ;
#2010 = CARTESIAN_POINT ( 'NONE',  ( 3.999999999999999112, 1.499999999999997780, 0.000000000000000000 ) ) ;
#2011 = CARTESIAN_POINT ( 'NONE',  ( 2.055574961440882475, -1.138973143950518629, -0.7024840956749437426 ) ) ;
#2012 = CARTESIAN_POINT ( 'NONE',  ( 1.740214549053217929, 1.318657369464452112, 0.7448614488564508918 ) ) ;
#2013 = EDGE_LOOP ( 'NONE', ( #2088, #1284, #243, #3405 ) ) ;
#2014 = CARTESIAN_POINT ( 'NONE',  ( 2.249538143296044623, 1.175730741759975384, -0.008557492089084118431 ) ) ;
#2015 = CARTESIAN_POINT ( 'NONE',  ( 7.229153833145101515, -1.499999999999997558, -0.8660254037844379305 ) ) ;
#2016 = CARTESIAN_POINT ( 'NONE',  ( 6.234368124899161145, 1.148187499999999917, 0.000000000000000000 ) ) ;
#2017 = CARTESIAN_POINT ( 'NONE',  ( 5.104161166585997833, 0.5876249999999990647, -1.017796355797659702 ) ) ;
#2018 = CARTESIAN_POINT ( 'NONE',  ( 2.661452374912606000, 1.148187499999999917, -0.6629063622051631910 ) ) ;
#2019 = AXIS2_PLACEMENT_3D ( 'NONE', #2066, #1226, #429 ) ;
#2020 = CARTESIAN_POINT ( 'NONE',  ( 2.012416879010412885, 1.481684116925999106, 0.2334196805082207060 ) ) ;
#2021 = CARTESIAN_POINT ( 'NONE',  ( 6.020827833252663908, -0.5876249999999987317, -1.017796355797659924 ) ) ;
#2022 = CARTESIAN_POINT ( 'NONE',  ( 0.3999999999999999667, 1.510856941112699969, -2.621359165062773222 ) ) ;
#2023 = VECTOR ( 'NONE', #2690, 1000.000000000000000 ) ;
#2024 = CARTESIAN_POINT ( 'NONE',  ( 5.083325999892436720, -0.5876249999999987317, -1.017796355797659924 ) ) ;
#2025 = CARTESIAN_POINT ( 'NONE',  ( 2.205369679357330082, 1.145201524513640656, 0.04233075806784424022 ) ) ;
#2026 = CARTESIAN_POINT ( 'NONE',  ( 6.083325999892436720, -0.5876249999999987317, -1.017796355797659924 ) ) ;
#2027 = APPLICATION_CONTEXT ( 'automotive_design' ) ;
#2028 = CARTESIAN_POINT ( 'NONE',  ( 6.574499999999998678, 1.018096957229197934E-17, 0.000000000000000000 ) ) ;
#2029 = CARTESIAN_POINT ( 'NONE',  ( -1.626303258728256651E-16, -2.700000000000000178, 3.306546357697853733E-16 ) ) ;
#2030 = CARTESIAN_POINT ( 'NONE',  ( 4.124999999999999112, -3.117847855522644469E-16, 1.732050807568874529 ) ) ;
#2031 = CONICAL_SURFACE ( 'NONE', #462, 1732.050807568901064, 1.047197551196603627 ) ;
#2032 = CARTESIAN_POINT ( 'NONE',  ( 3.499999999999999112, 1.499999999999997780, 0.000000000000000000 ) ) ;
#2033 = CARTESIAN_POINT ( 'NONE',  ( 2.212955692936400709, 1.010845182151068222, -0.6761414586300426022 ) ) ;
#2034 = CARTESIAN_POINT ( 'NONE',  ( 1.796416017923430308, 0.5056295363823196665, 1.385406829088325242 ) ) ;
#2035 = ORIENTED_EDGE ( 'NONE', *, *, #774, .F. ) ;
#2036 = CARTESIAN_POINT ( 'NONE',  ( -8.164656124110223655E-18, 0.000000000000000000, 0.000000000000000000 ) ) ;
#2037 = CARTESIAN_POINT ( 'NONE',  ( 5.270820499811768478, -0.7499999999999986677, -1.299038105676656452 ) ) ;
#2038 = CARTESIAN_POINT ( 'NONE',  ( 4.312494499919330870, -2.426100784021999019E-16, 1.357061807730213010 ) ) ;
#2039 = CARTESIAN_POINT ( 'NONE',  ( 1.941406249999954259, 1.142361837687334347, -1.035293321184880488 ) ) ;
#2040 = CARTESIAN_POINT ( 'NONE',  ( 4.687494499919329982, 1.175249999999997907, 0.000000000000000000 ) ) ;
#2041 = CARTESIAN_POINT ( 'NONE',  ( -8.164656124110223655E-18, 0.000000000000000000, 0.000000000000000000 ) ) ;
#2042 = CARTESIAN_POINT ( 'NONE',  ( 2.084541802189534110, -0.09788373208222413135, -1.252559715404901963 ) ) ;
#2043 = CARTESIAN_POINT ( 'NONE',  ( 6.903485883372725951, -1.046322015170258357, 0.5258222572795753225 ) ) ;
#2044 = CARTESIAN_POINT ( 'NONE',  ( -1.513042052568790894E-16, 0.3527074872395647986, -2.699928614742588717 ) ) ;
#2045 = CARTESIAN_POINT ( 'NONE',  ( 0.5999999999999996447, 0.3926990727206928766, 3.000000000000000000 ) ) ;
#2046 = CARTESIAN_POINT ( 'NONE',  ( 2.185674324163358939, 1.176701916839575590, -0.03430263942543613359 ) ) ;
#2047 = CARTESIAN_POINT ( 'NONE',  ( 2.235293506903785143, 1.160111484012189775, -0.2772898550178032884 ) ) ;
#2048 = CARTESIAN_POINT ( 'NONE',  ( 1.768315300257010447, 0.9666152184065074371, 1.140002442754894485 ) ) ;
#2049 = VERTEX_POINT ( 'NONE', #1609 ) ;
#2050 = CARTESIAN_POINT ( 'NONE',  ( 6.479153833145101515, 1.499999999999997558, 0.8660254037844383745 ) ) ;
#2051 = CARTESIAN_POINT ( 'NONE',  ( 3.937494499919331314, -1.175249999999997907, -1.439266150697924440E-16 ) ) ;
#2052 = CARTESIAN_POINT ( 'NONE',  ( 4.708325999892436720, 1.175249999999997907, -0.6785309038651063940 ) ) ;
#2053 = CARTESIAN_POINT ( 'NONE',  ( 2.248855654986226416, 1.176331577809402118, -0.02141654538741478639 ) ) ;
#2054 = CARTESIAN_POINT ( 'NONE',  ( 1.920312499999966116, 0.8403235669130434404, -1.312553688167238608 ) ) ;
#2055 = CARTESIAN_POINT ( 'NONE',  ( 4.354161166585996945, -0.5876249999999995088, 1.017796355797659480 ) ) ;
#2056 = CARTESIAN_POINT ( 'NONE',  ( 2.249992666559104126, 1.175249999999997463, 1.205689276649585665E-14 ) ) ;
#2057 = CARTESIAN_POINT ( 'NONE',  ( 7.208325999892436720, 1.175249999999998129, -0.6785309038651062830 ) ) ;
#2058 = CARTESIAN_POINT ( 'NONE',  ( 1.691178411189961484, 1.460381140369756636, -0.4703888162362929171 ) ) ;
#2059 = CARTESIAN_POINT ( 'NONE',  ( 4.166659333225769757, 0.5876249999999990647, -1.017796355797659702 ) ) ;
#2060 = DIRECTION ( 'NONE',  ( 0.000000000000000000, 0.000000000000000000, 1.000000000000000000 ) ) ;
#2061 = CARTESIAN_POINT ( 'NONE',  ( 0.5999999999999996447, -1.843640166273122549, -2.399000520846160889 ) ) ;
#2062 = ADVANCED_FACE ( 'NONE', ( #2137, #2153 ), #3259, .T. ) ;
#2063 = CARTESIAN_POINT ( 'NONE',  ( 5.979161166585996057, -1.175249999999997907, -0.6785309038651068381 ) ) ;
#2064 = DIRECTION ( 'NONE',  ( -1.000000000000000000, 0.000000000000000000, 0.000000000000000000 ) ) ;
#2065 = CARTESIAN_POINT ( 'NONE',  ( 1.493547118533463447, -1.689295259315732434, 0.3967297626505559283 ) ) ;
#2066 = CARTESIAN_POINT ( 'NONE',  ( 7.000999999999999446, 1.154700538379251684, 1.282649081845866000E-16 ) ) ;
#2067 = ORIENTED_EDGE ( 'NONE', *, *, #2223, .T. ) ;
#2068 = CARTESIAN_POINT ( 'NONE',  ( 1.999372803984815095, -1.361612851468796848, 0.2111803329497204951 ) ) ;
#2069 = CARTESIAN_POINT ( 'NONE',  ( 4.895820499811769366, 1.499999999999998224, -0.8660254037844371533 ) ) ;
#2070 = CARTESIAN_POINT ( 'NONE',  ( 0.9999999999999995559, -2.629384098240278078, -0.7073587210055016783 ) ) ;
#2071 = DIRECTION ( 'NONE',  ( -1.000000000000000000, -1.548554197625976421E-18, 0.000000000000000000 ) ) ;
#2072 = CARTESIAN_POINT ( 'NONE',  ( 6.124992666559102794, 9.258095305832473041E-17, -1.357061807730213010 ) ) ;
#2073 = APPLICATION_CONTEXT ( 'automotive_design' ) ;
#2074 = CARTESIAN_POINT ( 'NONE',  ( 1.998828124997646061, 1.500661880612368160, -0.02209911487872114749 ) ) ;
#2075 = VECTOR ( 'NONE', #3561, 1000.000000000000114 ) ;
#2076 = CARTESIAN_POINT ( 'NONE',  ( 4.104161166585996945, 0.5876249999999990647, -1.017796355797659702 ) ) ;
#2077 = CARTESIAN_POINT ( 'NONE',  ( 6.854161166585997833, -0.5876249999999995088, 1.017796355797659480 ) ) ;
#2078 = CARTESIAN_POINT ( 'NONE',  ( 5.666659333225769757, 0.5876249999999990647, -1.017796355797659702 ) ) ;
#2079 = CIRCLE ( 'NONE', #682, 1.154700538379251684 ) ;
#2080 = CARTESIAN_POINT ( 'NONE',  ( 2.028347334934172963, -0.9155985193910977094, -0.9173278730203929809 ) ) ;
#2081 = CARTESIAN_POINT ( 'NONE',  ( 3.541659333225770201, -1.175249999999997907, -0.6785309038651068381 ) ) ;
#2082 = CARTESIAN_POINT ( 'NONE',  ( -1.548299666380485182E-16, 2.629516000996870329, 0.7074133569159154478 ) ) ;
#2083 = CARTESIAN_POINT ( 'NONE',  ( 0.9999999999999995559, -1.843640166273161629, -2.399000520846200413 ) ) ;
#2084 = MECHANICAL_DESIGN_GEOMETRIC_PRESENTATION_REPRESENTATION (  '', ( #1960 ), #2316 ) ;
#2085 = CARTESIAN_POINT ( 'NONE',  ( 6.479161166585996945, -1.175249999999997907, -0.6785309038651068381 ) ) ;
#2086 = CARTESIAN_POINT ( 'NONE',  ( -999.3333333333332575, 0.000000000000000000, 0.000000000000000000 ) ) ;
#2087 = CARTESIAN_POINT ( 'NONE',  ( 5.901034791565828108, -0.5740937500000005134, 0.9943595433077446755 ) ) ;
#2088 = ORIENTED_EDGE ( 'NONE', *, *, #1993, .T. ) ;
#2089 = CARTESIAN_POINT ( 'NONE',  ( 1.886968368631904314, -0.005486675632152188987, 1.457294491707102457 ) ) ;
#2090 = CARTESIAN_POINT ( 'NONE',  ( 2.812487166478434997, 1.104128126799099254E-16, -1.732050807568874973 ) ) ;
#2091 = CARTESIAN_POINT ( 'NONE',  ( 2.937494499919331314, -1.175249999999997907, -1.439266150697924440E-16 ) ) ;
#2092 = CARTESIAN_POINT ( 'NONE',  ( 1.899346171080233736, -1.135532217055387205, 0.8225096985941169336 ) ) ;
#2093 = CARTESIAN_POINT ( 'NONE',  ( 4.541659333225769757, -1.175249999999997463, -0.6785309038651067270 ) ) ;
#2094 = CARTESIAN_POINT ( 'NONE',  ( 2.249424449582472896, 1.175840133750158278, -0.01069894859980845964 ) ) ;
#2095 = CARTESIAN_POINT ( 'NONE',  ( 1.643750000000006040, -0.4110670668431686270, 1.713006978524272306 ) ) ;
#2096 = CARTESIAN_POINT ( 'NONE',  ( 4.270827833252664796, 0.5876249999999980655, 1.017796355797660368 ) ) ;
#2097 = CARTESIAN_POINT ( 'NONE',  ( 7.083325999892436720, -0.5876249999999987317, -1.017796355797659924 ) ) ;
#2098 = CARTESIAN_POINT ( 'NONE',  ( 1.503955975272546430, -1.481325221194552233, -0.7634709561506580755 ) ) ;
#2099 = CARTESIAN_POINT ( 'NONE',  ( 3.458325999892436720, -1.175249999999998352, 0.6785309038651060609 ) ) ;
#2100 = CARTESIAN_POINT ( 'NONE',  ( -1.465769222633900160E-16, -2.700000000000000178, -0.3537908699350974517 ) ) ;
#2101 = CARTESIAN_POINT ( 'NONE',  ( 0.9999999999999992228, -3.000000000000000000, 0.3926990727206965959 ) ) ;
#2102 = CARTESIAN_POINT ( 'NONE',  ( 6.937494499919330870, -1.175249999999997907, -1.439266150697924440E-16 ) ) ;
#2103 = CARTESIAN_POINT ( 'NONE',  ( 2.188386347564813317, 1.174210942802561330, 0.01678365792657942474 ) ) ;
#2104 = CARTESIAN_POINT ( 'NONE',  ( 5.776034791565827220, 1.148187499999999250, 0.6629063622051638571 ) ) ;
#2105 = CARTESIAN_POINT ( 'NONE',  ( 0.02693853821093967343, 0.4840324354636648674, -1.000000000000000000 ) ) ;
#2106 = ORIENTED_EDGE ( 'NONE', *, *, #177, .F. ) ;
#2107 = FACE_OUTER_BOUND ( 'NONE', #724, .T. ) ;
#2108 = CARTESIAN_POINT ( 'NONE',  ( 4.395820499811768478, 1.499999999999998224, -0.8660254037844371533 ) ) ;
#2109 = CARTESIAN_POINT ( 'NONE',  ( 1.999999998269276436, 1.500000001214209178, -1.631159561256398433E-08 ) ) ;
#2110 = CARTESIAN_POINT ( 'NONE',  ( 1.746135065337897752, 1.248193282595211340, 0.8318735055789349131 ) ) ;
#2111 = EDGE_CURVE ( 'NONE', #1920, #279, #73, .T. ) ;
#2112 = CARTESIAN_POINT ( 'NONE',  ( 5.791659333225769757, 1.175249999999997463, 0.6785309038651070601 ) ) ;
#2113 = CARTESIAN_POINT ( 'NONE',  ( 1.709375000000080025, -1.497322533764958052, 0.8365979057642556338 ) ) ;
#2114 = CARTESIAN_POINT ( 'NONE',  ( 3.770827833252664352, 0.5876249999999980655, 1.017796355797660368 ) ) ;
#2115 = CARTESIAN_POINT ( 'NONE',  ( 2.708325999892436275, 1.175249999999998129, -0.6785309038651062830 ) ) ;
#2116 = CARTESIAN_POINT ( 'NONE',  ( 1.419657679439181086, -1.439752200130831605, 0.9520231797142075791 ) ) ;
#2117 = CARTESIAN_POINT ( 'NONE',  ( 2.583325999892437164, -0.5876249999999987317, -1.017796355797659924 ) ) ;
#2118 = CARTESIAN_POINT ( 'NONE',  ( -1.491579823009927877E-16, -1.033245267385746624, -2.494474737780473017 ) ) ;
#2119 = CARTESIAN_POINT ( 'NONE',  ( 0.9999999999999995559, -1.359771239536310627, 2.359223251648661535 ) ) ;
#2120 = CARTESIAN_POINT ( 'NONE',  ( 2.854161166585997833, -0.5876249999999995088, 1.017796355797659480 ) ) ;
#2121 = CARTESIAN_POINT ( 'NONE',  ( 2.187936278668950241, 1.174755764560278193, 0.008315169209203884110 ) ) ;
#2122 = CARTESIAN_POINT ( 'NONE',  ( 6.942701458232493295, -1.148187499999999917, 0.6629063622051628579 ) ) ;
#2123 = CARTESIAN_POINT ( 'NONE',  ( 1.821299815931507471, 1.101708371864182912, 1.023427264473321108 ) ) ;
#2124 = PLANE ( 'NONE',  #2019 ) ;
#2125 = CARTESIAN_POINT ( 'NONE',  ( 1.915069509719840246, -0.5024292996550477897, 1.346785613957796945 ) ) ;
#2126 = CARTESIAN_POINT ( 'NONE',  ( 3.812487166478434997, 1.119613668775359160E-16, -1.732050807568874973 ) ) ;
#2127 = CARTESIAN_POINT ( 'NONE',  ( 2.645827833252663908, 1.175249999999997907, -0.6785309038651063940 ) ) ;
#2128 = CARTESIAN_POINT ( 'NONE',  ( 0.5999999999999994227, 3.000000000000000444, -0.3926990816987240285 ) ) ;
#2129 = CARTESIAN_POINT ( 'NONE',  ( 5.249992666559103682, 1.175249999999997907, 0.000000000000000000 ) ) ;
#2130 = CARTESIAN_POINT ( 'NONE',  ( 2.235293506903785143, 1.160111484012189775, -0.2772898550178032884 ) ) ;
#2131 = EDGE_CURVE ( 'NONE', #1227, #377, #563, .T. ) ;
#2132 = CARTESIAN_POINT ( 'NONE',  ( 1.456250000000008482, 1.615540933564125758, -0.9879033671071155709 ) ) ;
#2133 = CARTESIAN_POINT ( 'NONE',  ( 5.369785708245939482, -0.5740937500000005134, 0.9943595433077446755 ) ) ;
#2134 = CARTESIAN_POINT ( 'NONE',  ( 4.249992666559102794, 1.175249999999997907, 0.000000000000000000 ) ) ;
#2135 = CARTESIAN_POINT ( 'NONE',  ( 2.236148356484778166, 1.145859462593828315, 0.03348542515542216047 ) ) ;
#2136 = CARTESIAN_POINT ( 'NONE',  ( 1.961799849526058681, -1.137698803214540311, 0.8234791540266440668 ) ) ;
#2137 = FACE_OUTER_BOUND ( 'NONE', #2652, .T. ) ;
#2138 = CARTESIAN_POINT ( 'NONE',  ( 4.354153833145100627, 0.7499999999999992228, -1.299038105676656230 ) ) ;
#2139 = CARTESIAN_POINT ( 'NONE',  ( 0.9999999999999995559, 1.359771239536274212, 2.359223251648660646 ) ) ;
#2140 = CARTESIAN_POINT ( 'NONE',  ( 3.645827833252663908, 1.175249999999998129, -0.6785309038651062830 ) ) ;
#2141 = CARTESIAN_POINT ( 'NONE',  ( 1.965019977003041207, -1.328923728117445968, -0.2681458888366206605 ) ) ;
#2142 = CARTESIAN_POINT ( 'NONE',  ( 4.901034791565828108, -0.5740937500000005134, 0.9943595433077446755 ) ) ;
#2143 = CARTESIAN_POINT ( 'NONE',  ( 2.432797541079520620, 1.502159188551950075, -0.08846596595017329479 ) ) ;
#2144 = DIRECTION ( 'NONE',  ( 6.123492093082668511E-18, -0.8660254037844388186, 0.4999999999999998335 ) ) ;
#2145 = CARTESIAN_POINT ( 'NONE',  ( 6.458333333333333037, 1.499999999999997780, -0.8660254037844371533 ) ) ;
#2146 = CARTESIAN_POINT ( 'NONE',  ( 4.729153833145101515, -1.499999999999997558, -0.8660254037844379305 ) ) ;
#2147 = CARTESIAN_POINT ( 'NONE',  ( 3.687494499919330870, 1.175249999999997907, 0.000000000000000000 ) ) ;
#2148 = CARTESIAN_POINT ( 'NONE',  ( 1.748401397659153700, 1.222774808982023620, 0.8663404124958219432 ) ) ;
#2149 = CARTESIAN_POINT ( 'NONE',  ( 1.278716660926762394, 0.6735753140545630568, 0.8333333333333331483 ) ) ;
#2150 = CARTESIAN_POINT ( 'NONE',  ( 2.187769680788021365, 1.174946878436112119, 0.005179771732336023969 ) ) ;
#2151 = CARTESIAN_POINT ( 'NONE',  ( 5.244785708245938594, 1.148187499999999250, 0.6629063622051638571 ) ) ;
#2152 = CARTESIAN_POINT ( 'NONE',  ( 2.115769869624179567, -0.09783541375019359776, -1.253712108551980897 ) ) ;
#2153 = FACE_OUTER_BOUND ( 'NONE', #3460, .T. ) ;
#2154 = CARTESIAN_POINT ( 'NONE',  ( 5.479153833145102404, 1.499999999999997558, 0.8660254037844383745 ) ) ;
#2155 = CARTESIAN_POINT ( 'NONE',  ( 6.860747559936084983, 0.5406889559864579420, 1.101320069286529035 ) ) ;
#2156 = CARTESIAN_POINT ( 'NONE',  ( 2.312494499919330870, -2.457071867974518340E-16, 1.357061807730212788 ) ) ;
#2157 = CARTESIAN_POINT ( 'NONE',  ( 2.146783855494354132, 0.9708259367120825045, -0.7354003253042499244 ) ) ;
#2158 = CARTESIAN_POINT ( 'NONE',  ( 3.942701458232493739, -1.148187499999999917, 0.6629063622051628579 ) ) ;
#2159 = CARTESIAN_POINT ( 'NONE',  ( -1.932206421386052975E-14, 1.843640166273180947, 2.399000520846181317 ) ) ;
#2160 = CARTESIAN_POINT ( 'NONE',  ( 5.208333333333332149, -1.499999999999998446, 0.8660254037844368202 ) ) ;
#2161 = CARTESIAN_POINT ( 'NONE',  ( 5.541666666666666075, 1.499999999999997335, 0.8660254037844381525 ) ) ;
#2162 = FACE_OUTER_BOUND ( 'NONE', #1661, .T. ) ;
#2163 = CARTESIAN_POINT ( 'NONE',  ( 0.5999999999999999778, -1.510856941112698859, 2.621359165062773222 ) ) ;
#2164 = CARTESIAN_POINT ( 'NONE',  ( 3.666659333225769757, 0.5876249999999990647, -1.017796355797659702 ) ) ;
#2165 = CARTESIAN_POINT ( 'NONE',  ( 2.246346582938808289, 1.177368936297790825, -0.06876332646274770088 ) ) ;
#2166 = CARTESIAN_POINT ( 'NONE',  ( 2.187604117730211684, 1.175131597912719927, 0.002063507208666126060 ) ) ;
#2167 = CARTESIAN_POINT ( 'NONE',  ( 5.994785708245940370, -1.148187499999999472, -0.6629063622051637461 ) ) ;
#2168 = CARTESIAN_POINT ( 'NONE',  ( 2.234090937255817977, 1.148491244885319285, -0.005217914755124263178 ) ) ;
#2169 = CARTESIAN_POINT ( 'NONE',  ( 1.568395292774244831, -1.275737695202395106, -1.096800255928563006 ) ) ;
#2170 = CARTESIAN_POINT ( 'NONE',  ( 6.520820499811768478, 0.7499999999999980016, 1.299038105676656896 ) ) ;
#2171 = CARTESIAN_POINT ( 'NONE',  ( 6.623230135466346979, -1.341758991089578856, 0.6596136918675455929 ) ) ;
#2172 = ORIENTED_EDGE ( 'NONE', *, *, #2666, .F. ) ;
#2173 = CARTESIAN_POINT ( 'NONE',  ( 4.437494499919330870, -1.175249999999997907, -1.439266150697924440E-16 ) ) ;
#2174 = CARTESIAN_POINT ( 'NONE',  ( 1.880718029750483522, -0.9225156820562213644, 1.073263701048333463 ) ) ;
#2175 = CARTESIAN_POINT ( 'NONE',  ( 2.359368124899160701, -2.398942369691332094E-16, 1.325812724410326382 ) ) ;
#2176 = ADVANCED_FACE ( 'NONE', ( #1672 ), #1620, .F. ) ;
#2177 = CARTESIAN_POINT ( 'NONE',  ( 2.334070361862506271, 0.4356023500583467434, -1.538695970541616331 ) ) ;
#2178 = CARTESIAN_POINT ( 'NONE',  ( 0.3999999999999998002, 2.399000520846142681, 1.843640166273142977 ) ) ;
#2179 = CARTESIAN_POINT ( 'NONE',  ( 5.374999999999999112, 1.143810026847301356E-16, -1.732050807568874529 ) ) ;
#2180 = CARTESIAN_POINT ( 'NONE',  ( 6.416666666666666075, 0.7499999999999991118, -1.299038105676656008 ) ) ;
#2181 = CARTESIAN_POINT ( 'NONE',  ( 0.9999999999999995559, 1.909188309203680101, 1.909188309203676992 ) ) ;
#2182 = PRODUCT_CONTEXT ( 'NONE', #2027, 'mechanical' ) ;
#2183 = CARTESIAN_POINT ( 'NONE',  ( 3.083325999892436720, -0.5876249999999987317, -1.017796355797659924 ) ) ;
#2184 = CARTESIAN_POINT ( 'NONE',  ( 1.137500000000057243, -0.3310447321017837008, 2.092545535336482132 ) ) ;
#2185 = CARTESIAN_POINT ( 'NONE',  ( 6.703119041579273407, 1.148187499999999917, 0.000000000000000000 ) ) ;
#2186 = CARTESIAN_POINT ( 'NONE',  ( 2.205441105597172324, 1.052503502846695138, -0.5370180986535524337 ) ) ;
#2187 = CARTESIAN_POINT ( 'NONE',  ( 1.465445091410217726, -1.464180623347949517, 0.9677727782081433361 ) ) ;
#2188 = CARTESIAN_POINT ( 'NONE',  ( 6.229153833145099739, -1.499999999999997558, -0.8660254037844379305 ) ) ;
#2189 = CARTESIAN_POINT ( 'NONE',  ( 6.651190383600792622, -1.417771607209167950, -0.1543837985372532029 ) ) ;
#2190 = EDGE_LOOP ( 'NONE', ( #2544, #2888, #1525, #2672 ) ) ;
#2191 = CARTESIAN_POINT ( 'NONE',  ( 4.062494499919331759, 8.938706286477883063E-17, -1.357061807730212788 ) ) ;
#2192 = CARTESIAN_POINT ( 'NONE',  ( 1.815047736973168790, 0.1691704290582317083, 1.451846312102460956 ) ) ;
#2193 = CARTESIAN_POINT ( 'NONE',  ( 4.234368124899161145, 1.148187499999999917, 0.000000000000000000 ) ) ;
#2194 = CARTESIAN_POINT ( 'NONE',  ( 2.438615863538925232, 1.498749582107098410, 0.02124516976894241099 ) ) ;
#2195 = CARTESIAN_POINT ( 'NONE',  ( -1.626303258728256651E-16, -0.7852436613724159686, 2.921918026569198634 ) ) ;
#2196 = CARTESIAN_POINT ( 'NONE',  ( 6.541666666666665186, 1.499999999999997335, 0.8660254037844380415 ) ) ;
#2197 = CARTESIAN_POINT ( 'NONE',  ( 5.083333333333333037, 0.7499999999999978906, 1.299038105676656674 ) ) ;
#2198 = CARTESIAN_POINT ( 'NONE',  ( 0.9999999999999995559, 2.494474737780473017, 1.033245267385746180 ) ) ;
#2199 = SURFACE_STYLE_FILL_AREA ( #2804 ) ;
#2200 = CARTESIAN_POINT ( 'NONE',  ( 0.000000000000000000, 0.000000000000000000, 0.000000000000000000 ) ) ;
#2201 = CARTESIAN_POINT ( 'NONE',  ( 3.916659333225770201, -0.5876249999999995088, 1.017796355797659480 ) ) ;
#2202 = CARTESIAN_POINT ( 'NONE',  ( 2.209246259168093474, 0.9726029554262960453, -0.7365468825883225712 ) ) ;
#2203 = CARTESIAN_POINT ( 'NONE',  ( 2.011743693785433607, -0.9345233694341213981, -0.9361066442432439683 ) ) ;
#2204 = CARTESIAN_POINT ( 'NONE',  ( 6.203119041579273407, 1.148187499999999917, 0.000000000000000000 ) ) ;
#2205 = CARTESIAN_POINT ( 'NONE',  ( 2.234799682810710397, 1.147676223634790382, 0.008120919046251177248 ) ) ;
#2206 = CARTESIAN_POINT ( 'NONE',  ( 1.886968368631904314, -0.005486675632152188987, 1.457294491707102457 ) ) ;
#2207 = CARTESIAN_POINT ( 'NONE',  ( -8.164656124110223655E-18, 1.154700538379251684, 1.282649081845866000E-16 ) ) ;
#2208 = CARTESIAN_POINT ( 'NONE',  ( 6.879433348527304481, 0.1001057568237052192, 1.194218744098260787 ) ) ;
#2209 = CARTESIAN_POINT ( 'NONE',  ( 0.3999999999999998557, -2.621359165062773222, -1.510856941112699525 ) ) ;
#2210 = CARTESIAN_POINT ( 'NONE',  ( 1.894070648039081206, -1.087430688052989813, -1.048267411289571571 ) ) ;
#2211 = CARTESIAN_POINT ( 'NONE',  ( 1.618349456639375017, 0.8396764266922608355, -1.362675266103225091 ) ) ;
#2212 = CARTESIAN_POINT ( 'NONE',  ( 3.484368124899161145, -1.148187499999999917, -1.406124146696001694E-16 ) ) ;
#2213 = CARTESIAN_POINT ( 'NONE',  ( 2.431624406062979471, 1.501813133279643386, -0.1106360307532209541 ) ) ;
#2214 = CARTESIAN_POINT ( 'NONE',  ( 1.626303258728256651E-16, 0.3926990727204596743, -3.000000000000000000 ) ) ;
#2215 = CARTESIAN_POINT ( 'NONE',  ( 7.000999999999999446, 1.154700538379251684, 1.282649081845866000E-16 ) ) ;
#2216 = CARTESIAN_POINT ( 'NONE',  ( 5.124999999999999112, -3.102362313546384809E-16, 1.732050807568874973 ) ) ;
#2217 = LINE ( 'NONE', #217, #1381 ) ;
#2218 = CARTESIAN_POINT ( 'NONE',  ( 0.9999999999999995559, -1.679999999999998828, 0.000000000000000000 ) ) ;
#2219 = ORIENTED_EDGE ( 'NONE', *, *, #2223, .F. ) ;
#2220 = CARTESIAN_POINT ( 'NONE',  ( 2.749992666559103682, 1.175249999999997907, 0.000000000000000000 ) ) ;
#2221 = CARTESIAN_POINT ( 'NONE',  ( 2.499992666559103238, -1.175249999999997907, -1.439266150697924440E-16 ) ) ;
#2223 = EDGE_CURVE ( 'NONE', #297, #2049, #1440, .T. ) ;
#2222 = CARTESIAN_POINT ( 'NONE',  ( 1.712113758964329824, 1.514532721371487201, 0.2457229679510739284 ) ) ;
#2224 = B_SPLINE_CURVE_WITH_KNOTS ( 'NONE', 3,
 ( #3417, #1239, #2953, #934, #2043, #2881, #2336, #970, #3245, #2719, #3527, #753, #3543, #2448, #1858, #498, #1042, #1025 ),
 .UNSPECIFIED., .F., .F.,
 ( 4, 2, 2, 2, 2, 2, 2, 2, 4 ),
 ( 1.040664665208045504E-17, 1.546002951171556857E-05, 2.319004426756768959E-05, 3.092005902341981400E-05, 6.184011804682915190E-05, 0.0001236802360936478141, 0.0002473604721872846779, 0.0004947209443745580800, 0.0009894418887491053180 ),
 .UNSPECIFIED. ) ;
#2225 = CARTESIAN_POINT ( 'NONE',  ( 3.953119041579272519, -1.148187499999999917, -1.406124146696001694E-16 ) ) ;
#2226 = CARTESIAN_POINT ( 'NONE',  ( 1.394679724508810059, -0.4884433199660143665, 1.698120851718497137 ) ) ;
#2227 = CARTESIAN_POINT ( 'NONE',  ( 2.150486978992028231, 1.009170148206559814, -0.6751992127060942872 ) ) ;
#2228 = CARTESIAN_POINT ( 'NONE',  ( 3.687487166478434997, -1.499999999999998002, -1.836970198721027469E-16 ) ) ;
#2229 = CARTESIAN_POINT ( 'NONE',  ( 6.899250000000001215, -0.3421011735169777745, 1.124357305120708528 ) ) ;
#2230 = ORIENTED_EDGE ( 'NONE', *, *, #530, .T. ) ;
#2231 = CARTESIAN_POINT ( 'NONE',  ( 2.270827833252664352, 0.5876249999999980655, 1.017796355797660368 ) ) ;
#2232 = CARTESIAN_POINT ( 'NONE',  ( 2.161505815423512278, 0.9298380956176525158, -0.7481166035600277375 ) ) ;
#2233 = CARTESIAN_POINT ( 'NONE',  ( 3.317701458232494627, 0.5740937499999990701, 0.9943595433077454526 ) ) ;
#2234 = DIRECTION ( 'NONE',  ( 1.548554197625976421E-18, -1.000000000000000000, 0.000000000000000000 ) ) ;
#2235 = CARTESIAN_POINT ( 'NONE',  ( 0.3999999999999998002, -1.843640166273119663, 2.399000520846166662 ) ) ;
#2236 = CARTESIAN_POINT ( 'NONE',  ( 3.499999999999999112, 1.499999999999997780, 0.000000000000000000 ) ) ;
#2237 = CARTESIAN_POINT ( 'NONE',  ( 0.9999999999999995559, 2.629384098240841183, 0.7073587210044816054 ) ) ;
#2238 =( NAMED_UNIT ( * ) SI_UNIT ( $, .STERADIAN. ) SOLID_ANGLE_UNIT ( ) );
#2239 = CARTESIAN_POINT ( 'NONE',  ( 2.186623347011320107, 0.7289590037064200834, -1.002033797172853236 ) ) ;
#2240 = CARTESIAN_POINT ( 'NONE',  ( 3.999992666559103682, -1.175249999999997907, -1.439266150697924440E-16 ) ) ;
#2241 = CARTESIAN_POINT ( 'NONE',  ( 3.703119041579273407, 1.148187499999999917, 0.000000000000000000 ) ) ;
#2242 = CARTESIAN_POINT ( 'NONE',  ( 1.647576419084385124, 0.4978061336200242382, -1.508273062201953341 ) ) ;
#2243 = CARTESIAN_POINT ( 'NONE',  ( 1.399788294602256400, -0.2882511683883312026, 1.778314563081934141 ) ) ;
#2244 = CARTESIAN_POINT ( 'NONE',  ( 2.011288071827322277, 1.483588337619129671, 0.2122154420200230429 ) ) ;
#2245 = CARTESIAN_POINT ( 'NONE',  ( 5.812494499919330870, -2.402872471057610022E-16, 1.357061807730212788 ) ) ;
#2246 = CARTESIAN_POINT ( 'NONE',  ( 1.743708961079658781, 1.293230021460545887, 0.7642976607603417794 ) ) ;
#2247 = CARTESIAN_POINT ( 'NONE',  ( 1.931138661961082637, 0.04312327929041447766, -1.509832550844304233 ) ) ;
#2248 = CARTESIAN_POINT ( 'NONE',  ( 2.256326270052508409, 1.059336761367573487, 0.9995383413454815846 ) ) ;
#2249 = CARTESIAN_POINT ( 'NONE',  ( 6.291659333225769757, 1.175249999999997463, 0.6785309038651070601 ) ) ;
#2250 = CARTESIAN_POINT ( 'NONE',  ( 2.005904804155989485, 1.184387086742140660, 1.396252802348423083 ) ) ;
#2251 = CARTESIAN_POINT ( 'NONE',  ( 0.5999999999999996447, -2.921918026569205296, 0.7852436613724551595 ) ) ;
#2252 = CARTESIAN_POINT ( 'NONE',  ( 2.958333333333333037, 1.499999999999997780, -0.8660254037844371533 ) ) ;
#2253 = CARTESIAN_POINT ( 'NONE',  ( 4.374999999999999112, 1.128324484871041696E-16, -1.732050807568874973 ) ) ;
#2254 = CARTESIAN_POINT ( 'NONE',  ( 2.083676052112251487, -0.8133740029688032447, -1.037510588689797952 ) ) ;
#2255 = VERTEX_POINT ( 'NONE', #29 ) ;
#2256 = CARTESIAN_POINT ( 'NONE',  ( 1.321283339073236363, -0.8660254037844384856, -0.5000000000000001110 ) ) ;
#2257 = CARTESIAN_POINT ( 'NONE',  ( 6.812487166478435441, 1.166070294704138388E-16, -1.732050807568874973 ) ) ;
#2258 = CARTESIAN_POINT ( 'NONE',  ( 4.437494499919330870, -1.175249999999997907, -1.439266150697924440E-16 ) ) ;
#2259 = CARTESIAN_POINT ( 'NONE',  ( 2.703119041579273407, 1.148187499999999917, 0.000000000000000000 ) ) ;
#2260 = AXIS2_PLACEMENT_3D ( 'NONE', #3579, #2739, #2988 ) ;
#2261 = CARTESIAN_POINT ( 'NONE',  ( 1.731874000905371025, 1.500658485930108199, -0.2916831292114372975 ) ) ;
#2262 = CARTESIAN_POINT ( 'NONE',  ( 2.147708967762717691, 0.9806639531848957425, -0.7205107647270136972 ) ) ;
#2263 = CARTESIAN_POINT ( 'NONE',  ( 2.022576143658369130, 1.464546130687842007, 0.4242578269021416437 ) ) ;
#2264 = CARTESIAN_POINT ( 'NONE',  ( 6.687494499919329982, 1.175249999999997907, 0.000000000000000000 ) ) ;
#2265 = CARTESIAN_POINT ( 'NONE',  ( 0.3999999999999998002, -1.843640159924744282, 2.399000527194541377 ) ) ;
#2266 = CARTESIAN_POINT ( 'NONE',  ( 1.835940196154817627, -1.298843420134857984, 0.7710263470176450529 ) ) ;
#2267 = CARTESIAN_POINT ( 'NONE',  ( 2.164217267159620928, 0.9592494903667091455, -0.7048404076996811485 ) ) ;
#2268 = AXIS2_PLACEMENT_3D ( 'NONE', #2041, #96, #369 ) ;
#2269 = CARTESIAN_POINT ( 'NONE',  ( 5.083325999892436720, -0.5876249999999987317, -1.017796355797659924 ) ) ;
#2270 = CARTESIAN_POINT ( 'NONE',  ( 2.187494498103493168, 1.175250001943914935, -1.709179699488729252E-08 ) ) ;
#2271 = CARTESIAN_POINT ( 'NONE',  ( -1.622433233491047264E-16, -2.159100468761434577, -1.659276149645845466 ) ) ;
#2272 = CARTESIAN_POINT ( 'NONE',  ( 3.083333333333333037, 0.7499999999999978906, 1.299038105676656674 ) ) ;
#2273 = CARTESIAN_POINT ( 'NONE',  ( 2.253760276055573275, 1.169851367344684201, 0.07083615764510696466 ) ) ;
#2274 = VERTEX_POINT ( 'NONE', #2458 ) ;
#2275 = PLANE ( 'NONE',  #2726 ) ;
#2276 = CARTESIAN_POINT ( 'NONE',  ( 5.437487166478434553, 1.499999999999998002, 0.000000000000000000 ) ) ;
#2277 = CARTESIAN_POINT ( 'NONE',  ( 6.354161166585996945, -0.5876249999999995088, 1.017796355797659480 ) ) ;
#2278 = CARTESIAN_POINT ( 'NONE',  ( 2.286452374912606444, 0.5740937499999990701, 0.9943595433077454526 ) ) ;
#2279 = CARTESIAN_POINT ( 'NONE',  ( 1.525715013751342886, -1.568968075576646193, -0.5848302676175642922 ) ) ;
#2280 = CARTESIAN_POINT ( 'NONE',  ( 1.993120649791639831, -1.137184710406613508, -0.7009503247506381207 ) ) ;
#2281 = CARTESIAN_POINT ( 'NONE',  ( 2.687487166478434997, -1.499999999999998002, -1.836970198721027469E-16 ) ) ;
#2282 = CARTESIAN_POINT ( 'NONE',  ( 7.187494499919330870, 1.175249999999997907, 0.000000000000000000 ) ) ;
#2283 = CARTESIAN_POINT ( 'NONE',  ( 1.883532849820092503, -1.301674382623690063, -0.7661683029937835787 ) ) ;
#2284 = CARTESIAN_POINT ( 'NONE',  ( 2.140763957194048217, 0.7118928150239575148, -0.9788388314192975059 ) ) ;
#2285 = CARTESIAN_POINT ( 'NONE',  ( 6.166659333225769757, 0.5876249999999990647, -1.017796355797659702 ) ) ;
#2286 = CARTESIAN_POINT ( 'NONE',  ( 2.062161625657195962, -0.005733388061718346432, 1.791182503335553733 ) ) ;
#2287 = CARTESIAN_POINT ( 'NONE',  ( -2.164534319733797016E-16, 1.659276149645772191, -2.159100468761661062 ) ) ;
#2288 = CARTESIAN_POINT ( 'NONE',  ( 4.166666666666666075, -0.7499999999999995559, 1.299038105676655785 ) ) ;
#2289 = ADVANCED_FACE ( 'NONE', ( #3554, #1071 ), #3287, .T. ) ;
#2290 = CARTESIAN_POINT ( 'NONE',  ( 4.041666666666666075, 1.499999999999997335, 0.8660254037844381525 ) ) ;
#2291 = CARTESIAN_POINT ( 'NONE',  ( 2.111777162685052112, -0.3981522794028528045, -1.235933213598869651 ) ) ;
#2292 = CARTESIAN_POINT ( 'NONE',  ( 1.487305515636218933, -1.505255907009183103, -0.7751554054780033232 ) ) ;
#2293 = ORIENTED_EDGE ( 'NONE', *, *, #438, .F. ) ;
#2294 = FILL_AREA_STYLE_COLOUR ( '', #1445 ) ;
#2295 = CARTESIAN_POINT ( 'NONE',  ( 6.937487166478434553, 1.499999999999998002, 0.000000000000000000 ) ) ;
#2296 = CARTESIAN_POINT ( 'NONE',  ( 5.151034791565827220, 0.5740937499999999583, -0.9943595433077447865 ) ) ;
#2297 = CARTESIAN_POINT ( 'NONE',  ( 3.619785708245939482, 0.5740937499999999583, -0.9943595433077447865 ) ) ;
#2298 = CARTESIAN_POINT ( 'NONE',  ( 2.036121829855547460, 1.441695482370024983, 0.6787086887617868047 ) ) ;
#2299 = CARTESIAN_POINT ( 'NONE',  ( 6.437494499919330870, -1.175249999999997907, -1.439266150697924440E-16 ) ) ;
#2300 = CARTESIAN_POINT ( 'NONE',  ( 1.757687346236904258, 1.437937196103733051, 0.4270246085463067498 ) ) ;
#2301 = CARTESIAN_POINT ( 'NONE',  ( 5.166659333225770645, 0.5876249999999990647, -1.017796355797659702 ) ) ;
#2302 = CARTESIAN_POINT ( 'NONE',  ( 2.210025859377866109, 1.137433789086828240, 0.1298011498919044160 ) ) ;
#2303 = CARTESIAN_POINT ( 'NONE',  ( 4.583325999892436720, -0.5876249999999987317, -1.017796355797659924 ) ) ;
#2304 = CARTESIAN_POINT ( 'NONE',  ( 2.118418167203776292, -1.141481309659462040, 1.328390143557593772 ) ) ;
#2305 = CARTESIAN_POINT ( 'NONE',  ( 0.5999999999999996447, 2.621359168498542669, -1.510856932818019915 ) ) ;
#2306 = CARTESIAN_POINT ( 'NONE',  ( 4.458333333333333037, 1.499999999999997780, -0.8660254037844371533 ) ) ;
#2307 =( BOUNDED_CURVE ( )  B_SPLINE_CURVE ( 2, ( #1890, #3275, #2170, #3310, #3246, #517, #1642, #1295, #226, #2188, #1859, #2463, #1926, #770, #3559, #1593, #258, #1625, #481, #3292, #2429, #2701, #2449, #1314, #1346, #1365, #804, #2154, #2738, #241, #1875, #1092, #786, #207, #1907, #3544, #3528, #825, #1610, #3260, #3043, #3025, #535, #2987, #2479, #190, #3578, #551, #499, #2720, #2412, #3512, #1332, #1026, #2138, #1059, #754, #3359, #2, #2501, #1729, #603, #3394, #3327, #622, #2793, #295, #1110, #2847, #878, #2228, #3115, #1404, #3133, #2773, #842, #1711, #2001, #349, #2519, #1462, #1981, #3097, #1943, #2571, #76, #312, #19, #2830, #1162, #330, #1441, #2552, #55, #2281, #3063, #2536, #3378, #912, #569, #1180 ),
 .UNSPECIFIED., .F., .F. ) 
 B_SPLINE_CURVE_WITH_KNOTS ( ( 3, 2, 2, 2, 2, 2, 2, 2, 2, 2, 2, 2, 2, 2, 2, 2, 2, 2, 2, 2, 2, 2, 2, 2, 2, 2, 2, 2, 2, 2, 2, 2, 2, 2, 2, 2, 2, 2, 2, 2, 2, 2, 2, 2, 2, 2, 2, 2, 2, 2, 3 ),
 ( 0.1727466067004514161, 0.1833333333333333204, 0.2000000000000000111, 0.2166666666666666741, 0.2333333333333333370, 0.2500000000000000000, 0.2666666666666666630, 0.2833333333333333259, 0.2999999999999999889, 0.3166666666666666519, 0.3333333333333333148, 0.3499999999999999778, 0.3666666666666666408, 0.3833333333333333592, 0.4000000000000000222, 0.4166666666666666852, 0.4333333333333333481, 0.4499999999999999556, 0.4666666666666666741, 0.4833333333333332815, 0.5000000000000000000, 0.5166666666666667185, 0.5333333333333333259, 0.5500000000000000444, 0.5666666666666666519, 0.5833333333333333703, 0.5999999999999999778, 0.6166666666666666963, 0.6333333333333333037, 0.6500000000000000222, 0.6666666666666666297, 0.6833333333333333481, 0.6999999999999999556, 0.7166666666666666741, 0.7333333333333332815, 0.7500000000000000000, 0.7666666666666667185, 0.7833333333333333259, 0.8000000000000000444, 0.8166666666666666519, 0.8333333333333333703, 0.8499999999999999778, 0.8666666666666666963, 0.8833333333333333037, 0.9000000000000000222, 0.9166666666666666297, 0.9333333333333333481, 0.9499999999999999556, 0.9666666666666666741, 0.9833333333333332815, 1.000000000000000000 ),
 .UNSPECIFIED. ) 
 CURVE ( )  GEOMETRIC_REPRESENTATION_ITEM ( )  RATIONAL_B_SPLINE_CURVE ( ( 0.9379108165876969272, 0.9148988544469072171, 1.000000000000000000, 0.8660254037844387076, 1.000000000000000000, 0.8660254037844387076, 1.000000000000000000, 0.8660254037844387076, 1.000000000000000000, 0.8660254037844387076, 1.000000000000000000, 0.8660254037844387076, 1.000000000000000000, 0.8660254037844387076, 1.000000000000000000, 0.8660254037844387076, 1.000000000000000000, 0.8660254037844387076, 1.000000000000000000, 0.8660254037844387076, 1.000000000000000000, 0.8660254037844387076, 1.000000000000000000, 0.8660254037844387076, 1.000000000000000000, 0.8660254037844387076, 1.000000000000000000, 0.8660254037844387076, 1.000000000000000000, 0.8660254037844387076, 1.000000000000000000, 0.8660254037844387076, 1.000000000000000000, 0.8660254037844387076, 1.000000000000000000, 0.8660254037844387076, 1.000000000000000000, 0.8660254037844387076, 1.000000000000000000, 0.8660254037844387076, 1.000000000000000000, 0.8660254037844387076, 1.000000000000000000, 0.8660254037844387076, 1.000000000000000000, 0.8660254037844387076, 1.000000000000000000, 0.8660254037844387076, 1.000000000000000000, 0.8660254037844387076, 1.000000000000000000, 0.8660254037844387076, 1.000000000000000000, 0.8660254037844387076, 1.000000000000000000, 0.8660254037844387076, 1.000000000000000000, 0.8660254037844387076, 1.000000000000000000, 0.8660254037844387076, 1.000000000000000000, 0.8660254037844387076, 1.000000000000000000, 0.8660254037844387076, 1.000000000000000000, 0.8660254037844387076, 1.000000000000000000, 0.8660254037844387076, 1.000000000000000000, 0.8660254037844387076, 1.000000000000000000, 0.8660254037844387076, 1.000000000000000000, 0.8660254037844387076, 1.000000000000000000, 0.8660254037844387076, 1.000000000000000000, 0.8660254037844387076, 1.000000000000000000, 0.8660254037844387076, 1.000000000000000000, 0.8660254037844387076, 1.000000000000000000, 0.8660254037844387076, 1.000000000000000000, 0.8660254037844387076, 1.000000000000000000, 0.8660254037844387076, 1.000000000000000000, 0.8660254037844387076, 1.000000000000000000, 0.8660254037844387076, 1.000000000000000000, 0.8660254037844387076, 1.000000000000000000, 0.8660254037844387076, 1.000000000000000000, 0.8660254037844387076, 1.000000000000000000, 0.8660254037844387076, 1.000000000000000000 ) ) 
 REPRESENTATION_ITEM ( '' )  );
#2308 = CARTESIAN_POINT ( 'NONE',  ( 1.961799849526058681, -1.137698803214540311, 0.8234791540266440668 ) ) ;
#2309 = CARTESIAN_POINT ( 'NONE',  ( 2.077422877100886467, 0.05279387873281850274, -1.275226637557821174 ) ) ;
#2310 = CARTESIAN_POINT ( 'NONE',  ( 2.206550455603020655, 0.9419297432433919592, -0.7804480573561098922 ) ) ;
#2311 = CARTESIAN_POINT ( 'NONE',  ( 6.187487166478434553, -1.499999999999998002, -1.836970198721027469E-16 ) ) ;
#2312 = CARTESIAN_POINT ( 'NONE',  ( 5.312494499919331759, -2.410615242045739359E-16, 1.357061807730213010 ) ) ;
#2313 = CARTESIAN_POINT ( 'NONE',  ( 1.681249999999940181, -1.128100620921437258, 1.318209304919842229 ) ) ;
#2314 = CARTESIAN_POINT ( 'NONE',  ( 2.354161166585997389, -0.5876249999999995088, 1.017796355797659480 ) ) ;
#2315 = CARTESIAN_POINT ( 'NONE',  ( 0.3999999999999997446, 2.921918030004947209, 0.7852436530778400536 ) ) ;
#2316 =( GEOMETRIC_REPRESENTATION_CONTEXT ( 3 ) GLOBAL_UNCERTAINTY_ASSIGNED_CONTEXT ( ( #492 ) ) GLOBAL_UNIT_ASSIGNED_CONTEXT ( ( #2874, #378, #1956 ) ) REPRESENTATION_CONTEXT ( 'NONE', 'WORKASPACE' ) );
#2317 = CARTESIAN_POINT ( 'NONE',  ( 5.499992666559103682, -1.175249999999997907, -1.439266150697924440E-16 ) ) ;
#2318 = CARTESIAN_POINT ( 'NONE',  ( 1.466393621473940145, -1.693058371445779198, -0.005346799619658451456 ) ) ;
#2319 = CARTESIAN_POINT ( 'NONE',  ( 6.124992666559102794, 9.258095305832473041E-17, -1.357061807730212788 ) ) ;
#2320 = CARTESIAN_POINT ( 'NONE',  ( -1.544119334666048017E-16, 2.359565377321831914, -1.359131813763581720 ) ) ;
#2321 = CARTESIAN_POINT ( 'NONE',  ( -1.621246827080183605E-16, 0.7067192952354037772, -2.629726223912210337 ) ) ;
#2322 =( GEOMETRIC_REPRESENTATION_CONTEXT ( 3 ) GLOBAL_UNCERTAINTY_ASSIGNED_CONTEXT ( ( #2712 ) ) GLOBAL_UNIT_ASSIGNED_CONTEXT ( ( #2473, #870, #2238 ) ) REPRESENTATION_CONTEXT ( 'NONE', 'WORKASPACE' ) );
#2323 = CARTESIAN_POINT ( 'NONE',  ( 2.166666666666665630, -0.7499999999999995559, 1.299038105676655785 ) ) ;
#2324 = CARTESIAN_POINT ( 'NONE',  ( 2.074199076939874598, -0.9359019260397930529, -0.9379819275534950762 ) ) ;
#2325 = CARTESIAN_POINT ( 'NONE',  ( 2.133564683588785371, 0.8343906376399847780, -0.9019675110458162948 ) ) ;
#2326 = EDGE_LOOP ( 'NONE', ( #3424, #2106 ) ) ;
#2327 = CARTESIAN_POINT ( 'NONE',  ( 1.943170625065354207, -0.9244272090188084823, 1.074718106568018250 ) ) ;
#2328 = CARTESIAN_POINT ( 'NONE',  ( 5.562487166478435441, -3.095587587665808424E-16, 1.732050807568874973 ) ) ;
#2329 = CARTESIAN_POINT ( 'NONE',  ( 5.854161166585997833, -0.5876249999999995088, 1.017796355797659480 ) ) ;
#2330 = EDGE_CURVE ( 'NONE', #1227, #2635, #1957, .T. ) ;
#2331 = CARTESIAN_POINT ( 'NONE',  ( 1.953124999999539257, 1.274780289105017728, -0.8518550607854379342 ) ) ;
#2332 = CARTESIAN_POINT ( 'NONE',  ( 4.020827833252663908, -0.5876249999999987317, -1.017796355797659924 ) ) ;
#2333 = CARTESIAN_POINT ( 'NONE',  ( 6.437494499919330870, -1.175249999999997907, -1.439266150697924440E-16 ) ) ;
#2334 = CARTESIAN_POINT ( 'NONE',  ( 2.437487164747003554, 1.500000001737390676, -1.630111302863047245E-08 ) ) ;
#2335 = CARTESIAN_POINT ( 'NONE',  ( 1.756847011474316211, 1.295258689963008081, 0.7321209858598395348 ) ) ;
#2336 = CARTESIAN_POINT ( 'NONE',  ( 6.907655093359506893, -1.044759226424206489, 0.5196249400597356960 ) ) ;
#2337 = CARTESIAN_POINT ( 'NONE',  ( -1.513042052568798043E-16, 0.3527074872400337568, 2.700071385257411638 ) ) ;
#2338 = CARTESIAN_POINT ( 'NONE',  ( 0.5999999999999996447, -2.399000520846150231, -1.843640166273136760 ) ) ;
#2339 = CARTESIAN_POINT ( 'NONE',  ( 6.312494499919330870, -2.395129700069479699E-16, 1.357061807730212788 ) ) ;
#2340 = DIRECTION ( 'NONE',  ( -1.000000000000000000, -1.548554197625976421E-18, -0.000000000000000000 ) ) ;
#2341 = CARTESIAN_POINT ( 'NONE',  ( 0.3999999999999998002, -3.000000000000000000, -0.3926990727206927656 ) ) ;
#2342 = ORIENTED_EDGE ( 'NONE', *, *, #3411, .F. ) ;
#2343 = CARTESIAN_POINT ( 'NONE',  ( 1.877500000519594758, 0.1688648234032085194, 1.454238038104590514 ) ) ;
#2344 = CARTESIAN_POINT ( 'NONE',  ( 3.354153833145101959, 0.7499999999999992228, -1.299038105676656230 ) ) ;
#2345 = CARTESIAN_POINT ( 'NONE',  ( 2.770827833252663908, 0.5876249999999980655, 1.017796355797660368 ) ) ;
#2346 = CARTESIAN_POINT ( 'NONE',  ( 2.186585112853148161, 1.176099234695429319, -0.01712939613307266906 ) ) ;
#2347 = CARTESIAN_POINT ( 'NONE',  ( 6.083325999892436720, -0.5876249999999987317, -1.017796355797659924 ) ) ;
#2348 = CARTESIAN_POINT ( 'NONE',  ( 1.784375000000007150, -1.509834141989402134, -0.6958991597708437116 ) ) ;
#2349 = CARTESIAN_POINT ( 'NONE',  ( 2.729161166585997833, 1.175249999999997463, 0.6785309038651070601 ) ) ;
#2350 = CARTESIAN_POINT ( 'NONE',  ( 7.000999999999999446, 0.5773502691896258421, 1.000000000000000000 ) ) ;
#2351 = CARTESIAN_POINT ( 'NONE',  ( 5.791659333225769757, 1.175249999999997463, 0.6785309038651070601 ) ) ;
#2352 = CARTESIAN_POINT ( 'NONE',  ( 1.325886883835975638, 0.3436496832393799439, 1.759053654135297462 ) ) ;
#2353 = CARTESIAN_POINT ( 'NONE',  ( 4.083325999892436720, -0.5876249999999987317, -1.017796355797659924 ) ) ;
#2354 = CARTESIAN_POINT ( 'NONE',  ( -1.478015370267043369E-16, -1.909188309203676548, -1.909188309203679879 ) ) ;
#2355 = CARTESIAN_POINT ( 'NONE',  ( 0.9999999999999995559, -1.659276149645847687, 2.159100468761547820 ) ) ;
#2356 = CARTESIAN_POINT ( 'NONE',  ( 7.187494499919330870, 1.175249999999997907, 0.000000000000000000 ) ) ;
#2357 = CARTESIAN_POINT ( 'NONE',  ( 2.187544502460499807, 1.175196470529096038, 0.0009413104238713171671 ) ) ;
#2358 = CARTESIAN_POINT ( 'NONE',  ( 1.624596880792798625, -0.2519185029834707934, -1.623262818368707228 ) ) ;
#2359 = DIRECTION ( 'NONE',  ( 0.000000000000000000, -0.4999999999999997780, 0.8660254037844387076 ) ) ;
#2360 = EDGE_LOOP ( 'NONE', ( #2775, #1992, #2857, #160, #1544, #1508 ) ) ;
#2361 = CARTESIAN_POINT ( 'NONE',  ( 2.074199076939874598, -0.9359019260397930529, -0.9379819275534950762 ) ) ;
#2362 = CARTESIAN_POINT ( 'NONE',  ( 2.854153833145101515, 0.7499999999999992228, -1.299038105676656230 ) ) ;
#2363 = CARTESIAN_POINT ( 'NONE',  ( 3.854161166585997833, -0.5876249999999995088, 1.017796355797659480 ) ) ;
#2364 = CARTESIAN_POINT ( 'NONE',  ( 0.5999999999999996447, 2.621359165062774554, 1.510856941112698637 ) ) ;
#2365 = CARTESIAN_POINT ( 'NONE',  ( 5.999992666559102794, -1.175249999999997907, -1.439266150697924440E-16 ) ) ;
#2366 = CARTESIAN_POINT ( 'NONE',  ( 1.540625000000039657, 1.599441523482118210, 0.8977470048157843996 ) ) ;
#2367 = CARTESIAN_POINT ( 'NONE',  ( 3.229161166585998277, 1.175249999999997463, 0.6785309038651070601 ) ) ;
#2368 = CARTESIAN_POINT ( 'NONE',  ( -8.164656124110223655E-18, 0.5773502691896263972, -1.000000000000000000 ) ) ;
#2369 = CONICAL_SURFACE ( 'NONE', #1263, 1732.050807568901064, 1.047197551196603627 ) ;
#2370 = CARTESIAN_POINT ( 'NONE',  ( 1.700649418791027712, 1.499418766187242236, -0.2918030027174800534 ) ) ;
#2371 = CARTESIAN_POINT ( 'NONE',  ( 2.181943420561839098, 0.6703512164420081243, -1.046148274530159350 ) ) ;
#2372 = CARTESIAN_POINT ( 'NONE',  ( 3.083325999892436720, -0.5876249999999987317, -1.017796355797659924 ) ) ;
#2373 = CARTESIAN_POINT ( 'NONE',  ( -8.164656124110223655E-18, 0.5773502691896256200, 1.000000000000000444 ) ) ;
#2374 = CARTESIAN_POINT ( 'NONE',  ( 0.5999999999999996447, -2.621359168498516024, -1.510856932818081200 ) ) ;
#2375 = CARTESIAN_POINT ( 'NONE',  ( 4.979161166585997833, -1.175249999999997907, -0.6785309038651068381 ) ) ;
#2376 = CARTESIAN_POINT ( 'NONE',  ( 2.541666666666666075, 1.499999999999997335, 0.8660254037844381525 ) ) ;
#2377 = ADVANCED_FACE ( 'NONE', ( #925 ), #2275, .T. ) ;
#2378 = CARTESIAN_POINT ( 'NONE',  ( 1.596496131474262947, -0.8077240368264008152, -1.453151415617623510 ) ) ;
#2379 = DIRECTION ( 'NONE',  ( 0.000000000000000000, -1.000000000000000000, 0.000000000000000000 ) ) ;
#2380 = ORIENTED_EDGE ( 'NONE', *, *, #1993, .F. ) ;
#2381 = AXIS2_PLACEMENT_3D ( 'NONE', #3169, #641, #2864 ) ;
#2382 = CARTESIAN_POINT ( 'NONE',  ( 1.824901850784678814, 1.106435286009514574, 1.028396098634474010 ) ) ;
#2383 = CARTESIAN_POINT ( 'NONE',  ( 4.562487166478435441, -3.111073129642068084E-16, 1.732050807568874973 ) ) ;
#2384 = CARTESIAN_POINT ( 'NONE',  ( 0.9999999999999995559, -2.359565377320667956, -1.359131813765990682 ) ) ;
#2385 = CARTESIAN_POINT ( 'NONE',  ( 0.5999999999999997558, 2.921918030004947653, -0.7852436530778382773 ) ) ;
#2386 = CARTESIAN_POINT ( 'NONE',  ( 5.749992666559103682, 1.175249999999997907, 0.000000000000000000 ) ) ;
#2387 = CARTESIAN_POINT ( 'NONE',  ( 1.568749999999982103, 1.176986531437116179, 1.380767003424624439 ) ) ;
#2388 = CARTESIAN_POINT ( 'NONE',  ( 4.145827833252664796, 1.175249999999998129, -0.6785309038651062830 ) ) ;
#2389 = CARTESIAN_POINT ( 'NONE',  ( 4.083325999892436720, -0.5876249999999987317, -1.017796355797659924 ) ) ;
#2390 = CARTESIAN_POINT ( 'NONE',  ( 1.784945741945111575, 0.9490842756539563663, 1.119938729365762553 ) ) ;
#2391 = CARTESIAN_POINT ( 'NONE',  ( 3.583325999892436720, -0.5876249999999987317, -1.017796355797659924 ) ) ;
#2392 = CARTESIAN_POINT ( 'NONE',  ( 0.02693853821093989895, 0.4840324354636639237, 1.000000000000000000 ) ) ;
#2393 = CARTESIAN_POINT ( 'NONE',  ( 0.9999999999999996669, -0.7852436613724605996, -2.921918026569138238 ) ) ;
#2394 = CARTESIAN_POINT ( 'NONE',  ( 6.687494499919329982, 1.175249999999997907, 0.000000000000000000 ) ) ;
#2395 = CARTESIAN_POINT ( 'NONE',  ( 2.708333333333332149, -1.499999999999998224, 0.8660254037844368202 ) ) ;
#2396 = CARTESIAN_POINT ( 'NONE',  ( 5.026034791565827220, -1.148187499999999472, -0.6629063622051637461 ) ) ;
#2397 = CARTESIAN_POINT ( 'NONE',  ( 1.549750938962654478, -1.507006159724934680, -0.7770571252203085644 ) ) ;
#2398 = CARTESIAN_POINT ( 'NONE',  ( 1.374899766089181297, -1.048300524031214209, 1.429290524125256923 ) ) ;
#2399 = ORIENTED_EDGE ( 'NONE', *, *, #2600, .F. ) ;
#2400 = PRODUCT_RELATED_PRODUCT_CATEGORY ( 'part', '', ( #3486 ) ) ;
#2401 = CARTESIAN_POINT ( 'NONE',  ( 2.030404623073185366, -1.320133859205875337, 0.7335940843597228422 ) ) ;
#2402 = CARTESIAN_POINT ( 'NONE',  ( 4.020820499811767590, 0.7499999999999980016, 1.299038105676656896 ) ) ;
#2403 = CARTESIAN_POINT ( 'NONE',  ( 2.562494499919331314, 8.706423156833986927E-17, -1.357061807730213010 ) ) ;
#2404 = CARTESIAN_POINT ( 'NONE',  ( 1.927445578990916175, -1.330869722836788727, 0.3734668793016709953 ) ) ;
#2405 = CARTESIAN_POINT ( 'NONE',  ( 4.166659333225769757, 0.5876249999999990647, -1.017796355797659702 ) ) ;
#2406 = CARTESIAN_POINT ( 'NONE',  ( 1.146874999999941469, -0.5750598991822417627, 2.031973414032821612 ) ) ;
#2407 = CARTESIAN_POINT ( 'NONE',  ( 5.661452374912604668, 1.148187499999999917, -0.6629063622051631910 ) ) ;
#2408 = CARTESIAN_POINT ( 'NONE',  ( 4.583325999892436720, -0.5876249999999987317, -1.017796355797659924 ) ) ;
#2409 = CARTESIAN_POINT ( 'NONE',  ( 2.171992265840915426, 0.7126403944132974067, -0.9797008686426564861 ) ) ;
#2410 = CARTESIAN_POINT ( 'NONE',  ( 1.746462089266564544, 1.527955693962686379, -0.2971028762722468519 ) ) ;
#2411 = CARTESIAN_POINT ( 'NONE',  ( 0.000000000000000000, 0.000000000000000000, 0.000000000000000000 ) ) ;
#2412 = CARTESIAN_POINT ( 'NONE',  ( 4.520820499811768478, 0.7499999999999980016, 1.299038105676656896 ) ) ;
#2413 = CARTESIAN_POINT ( 'NONE',  ( 0.9999999999999995559, 0.3534291654486235723, 2.700000000000000178 ) ) ;
#2414 = CARTESIAN_POINT ( 'NONE',  ( 3.604161166585997389, 0.5876249999999990647, -1.017796355797659702 ) ) ;
#2415 = CARTESIAN_POINT ( 'NONE',  ( 1.505948804909856609, -1.274487840224395985, -1.094567582576305931 ) ) ;
#2416 = CARTESIAN_POINT ( 'NONE',  ( 5.317701458232494183, 0.5740937499999990701, 0.9943595433077454526 ) ) ;
#2417 = CARTESIAN_POINT ( 'NONE',  ( 1.905600002475791532, -0.3400468381302972909, 1.403550521191233358 ) ) ;
#2418 = CARTESIAN_POINT ( 'NONE',  ( 1.299919408605506366, 0.5543290975710071233, 1.726183909257689830 ) ) ;
#2419 = CARTESIAN_POINT ( 'NONE',  ( 6.124999999999999112, -3.086876771570124656E-16, 1.732050807568874529 ) ) ;
#2420 = CARTESIAN_POINT ( 'NONE',  ( 4.312487166478435441, 1.127356439763488991E-16, -1.732050807568874973 ) ) ;
#2421 = CARTESIAN_POINT ( 'NONE',  ( 2.354161166585997389, -0.5876249999999995088, 1.017796355797659480 ) ) ;
#2422 = CARTESIAN_POINT ( 'NONE',  ( 0.5999999999999995337, -1.510856941112698637, -2.621359165062773666 ) ) ;
#2423 = CARTESIAN_POINT ( 'NONE',  ( 4.333325999892436720, 0.5876249999999980655, 1.017796355797660368 ) ) ;
#2424 = CARTESIAN_POINT ( 'NONE',  ( 1.278124999999977085, -1.894716238206023862, -0.6986527764092005377 ) ) ;
#2425 = CARTESIAN_POINT ( 'NONE',  ( 5.453119041579272519, -1.148187499999999917, -1.406124146696001694E-16 ) ) ;
#2426 = CARTESIAN_POINT ( 'NONE',  ( 4.166659333225769757, 0.5876249999999990647, -1.017796355797659702 ) ) ;
#2427 = CARTESIAN_POINT ( 'NONE',  ( 2.143867306900582914, 0.3364710402702270065, -1.191059111610464738 ) ) ;
#2428 = CARTESIAN_POINT ( 'NONE',  ( 1.915069509719840246, -0.5024292996550477897, 1.346785613957796945 ) ) ;
#2429 = CARTESIAN_POINT ( 'NONE',  ( 5.770820499811767590, -0.7499999999999986677, -1.299038105676656452 ) ) ;
#2430 = CARTESIAN_POINT ( 'NONE',  ( 6.827568153520941152, 1.121238481546705579, 0.5530442138221906001 ) ) ;
#2431 = CARTESIAN_POINT ( 'NONE',  ( 2.979161166585997833, -1.175249999999997907, -0.6785309038651068381 ) ) ;
#2432 = CARTESIAN_POINT ( 'NONE',  ( 2.021221350205741452, -0.8122019423058076670, -1.035478951878362253 ) ) ;
#2433 = CARTESIAN_POINT ( 'NONE',  ( 3.442701458232494627, -1.148187499999999917, 0.6629063622051628579 ) ) ;
#2434 = CARTESIAN_POINT ( 'NONE',  ( 2.438051540645379323, 1.499403633375884670, 0.01062496677296242455 ) ) ;
#2435 = CARTESIAN_POINT ( 'NONE',  ( -1.626303258728256651E-16, 1.510856932817856491, -2.621359168498597292 ) ) ;
#2436 = CARTESIAN_POINT ( 'NONE',  ( 5.666666666666666075, -0.7499999999999995559, 1.299038105676655785 ) ) ;
#2437 = AXIS2_PLACEMENT_3D ( 'NONE', #159, #1264, #2359 ) ;
#2438 = CARTESIAN_POINT ( 'NONE',  ( 6.249999999999999112, -1.499999999999997780, -1.836970198721027222E-16 ) ) ;
#2439 = CARTESIAN_POINT ( 'NONE',  ( 0.9999999999999995559, -1.359077177854372875, -2.359433474564543776 ) ) ;
#2440 = CARTESIAN_POINT ( 'NONE',  ( 1.880718029750483522, -0.9225156820562213644, 1.073263701048333463 ) ) ;
#2441 = CARTESIAN_POINT ( 'NONE',  ( 2.833325999892436275, 0.5876249999999980655, 1.017796355797660368 ) ) ;
#2442 = CARTESIAN_POINT ( 'NONE',  ( 2.194477843293262787, 1.164501781721638318, 0.1312475094994438318 ) ) ;
#2443 = CARTESIAN_POINT ( 'NONE',  ( 6.953119041579272519, -1.148187499999999917, -1.406124146696001694E-16 ) ) ;
#2444 =( BOUNDED_CURVE ( )  B_SPLINE_CURVE ( 2, ( #2894, #3449, #2077, #967, #3187, #1217, #693, #1800, #419, #1534, #383, #2606, #2333, #3431, #2277, #365, #636, #3129, #3164, #599, #1478, #3392, #652, #1743, #1977, #1436, #2329, #668, #2548, #1724, #1774, #326, #107, #1997, #31, #2587, #2825, #910, #3374, #2312, #1212, #50, #3111, #1458, #2017, #2567, #873, #92, #396, #2603, #1196, #891, #1512, #1137, #1707, #3410, #2843, #1158, #617, #345, #2258, #3427, #927, #2038, #3148, #2876, #944, #72, #3093, #1177, #380, #1494, #2051, #1833, #2363, #453, #1035, #3484, #2147, #2675, #1814, #3181, #3219, #1565, #490, #1584, #3253, #3463, #1794, #2692, #199, #125, #1017, #1528, #1230, #2620, #2091, #1304, #1249, #181, #2345, #3444, #163, #2127, #2908, #2403, #1868, #709, #3236, #144, #2421, #1287, #414, #744, #982 ),
 .UNSPECIFIED., .F., .F. ) 
 B_SPLINE_CURVE_WITH_KNOTS ( ( 3, 2, 2, 2, 2, 2, 2, 2, 2, 2, 2, 2, 2, 2, 2, 2, 2, 2, 2, 2, 2, 2, 2, 2, 2, 2, 2, 2, 2, 2, 2, 2, 2, 2, 2, 2, 2, 2, 2, 2, 2, 2, 2, 2, 2, 2, 2, 2, 2, 2, 2, 2, 2, 2, 2, 2, 2, 3 ),
 ( 0.05769447886736153025, 0.06666666666666666574, 0.08333333333333332871, 0.1000000000000000056, 0.1166666666666666685, 0.1333333333333333315, 0.1499999999999999944, 0.1666666666666666574, 0.1833333333333333204, 0.2000000000000000111, 0.2166666666666666741, 0.2333333333333333370, 0.2500000000000000000, 0.2666666666666666630, 0.2833333333333333259, 0.2999999999999999889, 0.3166666666666666519, 0.3333333333333333148, 0.3499999999999999778, 0.3666666666666666408, 0.3833333333333333592, 0.4000000000000000222, 0.4166666666666666852, 0.4333333333333333481, 0.4500000000000000111, 0.4666666666666666741, 0.4833333333333333370, 0.5000000000000000000, 0.5166666666666667185, 0.5333333333333333259, 0.5500000000000000444, 0.5666666666666666519, 0.5833333333333333703, 0.5999999999999999778, 0.6166666666666666963, 0.6333333333333333037, 0.6500000000000000222, 0.6666666666666666297, 0.6833333333333333481, 0.6999999999999999556, 0.7166666666666666741, 0.7333333333333332815, 0.7500000000000000000, 0.7666666666666667185, 0.7833333333333333259, 0.8000000000000000444, 0.8166666666666666519, 0.8333333333333333703, 0.8499999999999998668, 0.8666666666666666963, 0.8833333333333333037, 0.9000000000000000222, 0.9166666666666666297, 0.9333333333333333481, 0.9499999999999999556, 0.9666666666666666741, 0.9833333333333332815, 1.000000000000000000 ),
 .UNSPECIFIED. ) 
 CURVE ( )  GEOMETRIC_REPRESENTATION_ITEM ( )  RATIONAL_B_SPLINE_CURVE ( ( 0.9334063959170466607, 0.9278772857450745537, 1.000000000000000000, 0.8660254037844387076, 1.000000000000000000, 0.8660254037844387076, 1.000000000000000000, 0.8660254037844387076, 1.000000000000000000, 0.8660254037844387076, 1.000000000000000000, 0.8660254037844387076, 1.000000000000000000, 0.8660254037844387076, 1.000000000000000000, 0.8660254037844387076, 1.000000000000000000, 0.8660254037844387076, 1.000000000000000000, 0.8660254037844387076, 1.000000000000000000, 0.8660254037844387076, 1.000000000000000000, 0.8660254037844387076, 1.000000000000000000, 0.8660254037844387076, 1.000000000000000000, 0.8660254037844387076, 1.000000000000000000, 0.8660254037844387076, 1.000000000000000000, 0.8660254037844387076, 1.000000000000000000, 0.8660254037844387076, 1.000000000000000000, 0.8660254037844387076, 1.000000000000000000, 0.8660254037844387076, 1.000000000000000000, 0.8660254037844387076, 1.000000000000000000, 0.8660254037844387076, 1.000000000000000000, 0.8660254037844387076, 1.000000000000000000, 0.8660254037844387076, 1.000000000000000000, 0.8660254037844387076, 1.000000000000000000, 0.8660254037844387076, 1.000000000000000000, 0.8660254037844387076, 1.000000000000000000, 0.8660254037844387076, 1.000000000000000000, 0.8660254037844387076, 1.000000000000000000, 0.8660254037844387076, 1.000000000000000000, 0.8660254037844387076, 1.000000000000000000, 0.8660254037844387076, 1.000000000000000000, 0.8660254037844387076, 1.000000000000000000, 0.8660254037844387076, 1.000000000000000000, 0.8660254037844387076, 1.000000000000000000, 0.8660254037844387076, 1.000000000000000000, 0.8660254037844387076, 1.000000000000000000, 0.8660254037844387076, 1.000000000000000000, 0.8660254037844387076, 1.000000000000000000, 0.8660254037844387076, 1.000000000000000000, 0.8660254037844387076, 1.000000000000000000, 0.8660254037844387076, 1.000000000000000000, 0.8660254037844387076, 1.000000000000000000, 0.8660254037844387076, 1.000000000000000000, 0.8660254037844387076, 1.000000000000000000, 0.8660254037844387076, 1.000000000000000000, 0.8660254037844387076, 1.000000000000000000, 0.8660254037844387076, 1.000000000000000000, 0.8660254037844387076, 1.000000000000000000, 0.8660254037844387076, 1.000000000000000000, 0.8660254037844387076, 1.000000000000000000, 0.8660254037844387076, 1.000000000000000000, 0.8660254037844387076, 1.000000000000000000, 0.8660254037844387076, 1.000000000000000000, 0.8660254037844387076, 1.000000000000000000, 0.8660254037844387076, 1.000000000000000000, 0.8660254037844387076, 1.000000000000000000, 0.8660254037844387076, 1.000000000000000000 ) ) 
 REPRESENTATION_ITEM ( '' )  );
#2445 = EDGE_CURVE ( 'NONE', #3277, #1227, #1132, .T. ) ;
#2446 = CARTESIAN_POINT ( 'NONE',  ( 2.234416924006686234, 1.148131887768351733, 0.0009184342195591306242 ) ) ;
#2447 = CARTESIAN_POINT ( 'NONE',  ( 1.624596880792798625, -0.2519185029834707934, -1.623262818368707228 ) ) ;
#2448 = CARTESIAN_POINT ( 'NONE',  ( 6.917209426985762022, -0.8742435676184521220, 0.7626253978890559226 ) ) ;
#2449 = CARTESIAN_POINT ( 'NONE',  ( 5.687487166478434553, -1.499999999999998002, -1.836970198721027469E-16 ) ) ;
#2450 = CARTESIAN_POINT ( 'NONE',  ( 6.823806590040171649, 1.161243416623077840, 0.4730036491742310445 ) ) ;
#2451 = CARTESIAN_POINT ( 'NONE',  ( 3.687494499919330870, 1.175249999999997907, 0.000000000000000000 ) ) ;
#2452 = CARTESIAN_POINT ( 'NONE',  ( 2.147708967762717691, 0.9806639531848957425, -0.7205107647270136972 ) ) ;
#2453 = CARTESIAN_POINT ( 'NONE',  ( 4.317701458232495071, 0.5740937499999990701, 0.9943595433077454526 ) ) ;
#2454 = CARTESIAN_POINT ( 'NONE',  ( -1.626303258728256651E-16, 2.921918026569123139, -0.7852436613726440084 ) ) ;
#2455 = CARTESIAN_POINT ( 'NONE',  ( 6.416666666666666075, 0.7499999999999991118, -1.299038105676656008 ) ) ;
#2456 = CARTESIAN_POINT ( 'NONE',  ( 6.291666666666666075, -1.499999999999997335, -0.8660254037844378194 ) ) ;
#2457 = CARTESIAN_POINT ( 'NONE',  ( 0.9999999999999995559, 2.359565377320104851, 1.359131813767010755 ) ) ;
#2458 = CARTESIAN_POINT ( 'NONE',  ( 1.811938707955170980, 1.211567969860510630, 0.8843659052722908642 ) ) ;
#2459 = CARTESIAN_POINT ( 'NONE',  ( 1.446874999999966827, 1.492290971433408497, -1.176757548959977306 ) ) ;
#2460 = CARTESIAN_POINT ( 'NONE',  ( 4.703119041579273407, 1.148187499999999917, 0.000000000000000000 ) ) ;
#2461 = CARTESIAN_POINT ( 'NONE',  ( 2.227227450260813146, 1.148565817049079341, -0.1348094681021216046 ) ) ;
#2462 = CARTESIAN_POINT ( 'NONE',  ( 1.662157702714212704, 0.5064109085441301783, -1.534743239375219837 ) ) ;
#2463 = CARTESIAN_POINT ( 'NONE',  ( 6.145820499811768478, -1.499999999999998446, 0.8660254037844369313 ) ) ;
#2464 = CARTESIAN_POINT ( 'NONE',  ( 0.9999999999999995559, 2.359223251648667308, -1.359771239536226917 ) ) ;
#2465 = CARTESIAN_POINT ( 'NONE',  ( 2.093747249959664991, 1.337624999999997844, 0.000000000000000000 ) ) ;
#2466 = CARTESIAN_POINT ( 'NONE',  ( 2.895827833252664352, -1.175249999999998352, 0.6785309038651060609 ) ) ;
#2467 = CARTESIAN_POINT ( 'NONE',  ( 2.140610512040876046, 0.9071621780962686454, -0.8214992071776719973 ) ) ;
#2468 = CARTESIAN_POINT ( 'NONE',  ( 2.734368124899161590, 1.148187499999999917, 0.000000000000000000 ) ) ;
#2469 = CARTESIAN_POINT ( 'NONE',  ( 0.3999999999999998002, 2.621359168498515579, 1.510856932818083198 ) ) ;
#2470 = FACE_OUTER_BOUND ( 'NONE', #1492, .T. ) ;
#2471 = CARTESIAN_POINT ( 'NONE',  ( 5.500000000000000000, 1.499999999999997780, 0.000000000000000000 ) ) ;
#2472 = CARTESIAN_POINT ( 'NONE',  ( 0.9999999999999995559, 1.033245267385743515, 2.494474737780473905 ) ) ;
#2473 =( LENGTH_UNIT ( ) NAMED_UNIT ( * ) SI_UNIT ( .MILLI., .METRE. ) );
#2474 = DIRECTION ( 'NONE',  ( -1.000000000000000000, -1.548554197625976421E-18, 0.000000000000000000 ) ) ;
#2475 = MANIFOLD_SOLID_BREP ( 'Cortar-Barrer2', #1139 ) ;
#2476 = CARTESIAN_POINT ( 'NONE',  ( 1.287500000000046052, -1.792424136785172761, -0.9153687974061778254 ) ) ;
#2477 = CARTESIAN_POINT ( 'NONE',  ( 6.619785708245938594, 0.5740937499999999583, -0.9943595433077447865 ) ) ;
#2478 = CARTESIAN_POINT ( 'NONE',  ( 2.233813596160531212, 1.148770917507130562, -0.01044076089157643800 ) ) ;
#2479 = CARTESIAN_POINT ( 'NONE',  ( 4.770820499811768478, -0.7499999999999986677, -1.299038105676656452 ) ) ;
#2480 = FACE_OUTER_BOUND ( 'NONE', #2503, .T. ) ;
#2481 = CARTESIAN_POINT ( 'NONE',  ( 0.3999999999999997446, -1.843640159924743838, -2.399000527194540933 ) ) ;
#2482 = CARTESIAN_POINT ( 'NONE',  ( 2.937494499919331314, -1.175249999999997907, -1.439266150697924440E-16 ) ) ;
#2483 = CARTESIAN_POINT ( 'NONE',  ( 1.627811107685855463, 0.9917582824985697876, -1.247746936761245706 ) ) ;
#2484 = CARTESIAN_POINT ( 'NONE',  ( 4.151034791565828108, 0.5740937499999999583, -0.9943595433077447865 ) ) ;
#2485 = CARTESIAN_POINT ( 'NONE',  ( 2.221559860220549520, -1.523360807630114833, -0.7051176903185745193 ) ) ;
#2486 = CARTESIAN_POINT ( 'NONE',  ( 1.626303258728256651E-16, 3.000000000000000000, -0.3926990727206965959 ) ) ;
#2487 = B_SPLINE_CURVE_WITH_KNOTS ( 'NONE', 3,
 ( #995, #3480, #741, #1032, #2960, #723 ),
 .UNSPECIFIED., .F., .F.,
 ( 4, 2, 4 ),
 ( 0.003894661937798980181, 0.004474277890301128421, 0.005053893842803276228 ),
 .UNSPECIFIED. ) ;
#2488 = CARTESIAN_POINT ( 'NONE',  ( 5.916666666666665186, 0.7499999999999991118, -1.299038105676656008 ) ) ;
#2489 = EDGE_CURVE ( 'NONE', #377, #3589, #3130, .T. ) ;
#2490 = CARTESIAN_POINT ( 'NONE',  ( 4.958333333333333037, 1.499999999999997780, -0.8660254037844371533 ) ) ;
#2491 = CIRCLE ( 'NONE', #222, 1.154700538379251684 ) ;
#2492 = DIRECTION ( 'NONE',  ( -0.5000000000000007772, -0.8660254037844381525, -0.000000000000000000 ) ) ;
#2493 = VERTEX_POINT ( 'NONE', #2749 ) ;
#2494 = ORIENTED_EDGE ( 'NONE', *, *, #3345, .T. ) ;
#2495 = CARTESIAN_POINT ( 'NONE',  ( 3.291659333225770645, 1.175249999999997463, 0.6785309038651070601 ) ) ;
#2496 = CARTESIAN_POINT ( 'NONE',  ( 4.958325999892436720, -1.175249999999998352, 0.6785309038651060609 ) ) ;
#2497 = CARTESIAN_POINT ( 'NONE',  ( 2.152342618227103710, 1.026830427424558767, -0.6441335944275293768 ) ) ;
#2498 = CARTESIAN_POINT ( 'NONE',  ( 7.109368124899162034, 9.219185731317781746E-17, -1.325812724410326382 ) ) ;
#2499 = CARTESIAN_POINT ( 'NONE',  ( 1.469517510217684508, -1.610241421844608833, 0.5876671320806566845 ) ) ;
#2500 = CARTESIAN_POINT ( 'NONE',  ( 2.186926290650597515, 1.175808508589915702, -0.01070075455092439100 ) ) ;
#2501 = CARTESIAN_POINT ( 'NONE',  ( 4.145820499811768478, -1.499999999999998446, 0.8660254037844369313 ) ) ;
#2502 = CARTESIAN_POINT ( 'NONE',  ( 6.699801877073272571, -0.6647198539790262206, -1.216466312089234947 ) ) ;
#2503 = EDGE_LOOP ( 'NONE', ( #906, #141 ) ) ;
#2504 = CARTESIAN_POINT ( 'NONE',  ( 1.243693608804995021, -0.5773502691896258421, 1.000000000000000000 ) ) ;
#2505 = CARTESIAN_POINT ( 'NONE',  ( 1.393546742874994138, -1.341226580686728509, 1.138670730088104932 ) ) ;
#2506 = CARTESIAN_POINT ( 'NONE',  ( 4.401034791565828108, -0.5740937500000005134, 0.9943595433077446755 ) ) ;
#2507 = CARTESIAN_POINT ( 'NONE',  ( 2.448773556535471130, 1.482380394168316018, 0.2121041962279203719 ) ) ;
#2508 = CARTESIAN_POINT ( 'NONE',  ( -1.626303258728256651E-16, -0.7852436613726486714, -2.921918026569121363 ) ) ;
#2509 = CARTESIAN_POINT ( 'NONE',  ( 3.791666666666665630, -1.499999999999997335, -0.8660254037844378194 ) ) ;
#2510 = CARTESIAN_POINT ( 'NONE',  ( 4.833333333333333037, -0.7499999999999985567, -1.299038105676656230 ) ) ;
#2511 = CARTESIAN_POINT ( 'NONE',  ( 2.285213779565754777, 1.116700282178286319, 0.6616729535200917001 ) ) ;
#2512 = EDGE_CURVE ( 'NONE', #279, #2274, #615, .T. ) ;
#2513 = CARTESIAN_POINT ( 'NONE',  ( 3.458325999892436720, -1.175249999999998129, 0.6785309038651060609 ) ) ;
#2514 = CARTESIAN_POINT ( 'NONE',  ( 3.291659333225770645, 1.175249999999997463, 0.6785309038651070601 ) ) ;
#2515 = CARTESIAN_POINT ( 'NONE',  ( 1.618349456639375017, 0.8396764266922608355, -1.362675266103225091 ) ) ;
#2516 = CARTESIAN_POINT ( 'NONE',  ( 4.203119041579273407, 1.148187499999999917, 0.000000000000000000 ) ) ;
#2517 = CARTESIAN_POINT ( 'NONE',  ( 1.816171085099136162, 0.9496128867471819168, 1.121044857860317823 ) ) ;
#2518 = CARTESIAN_POINT ( 'NONE',  ( -8.164656124110223655E-18, 1.154700538379251684, 1.282649081845866000E-16 ) ) ;
#2519 = CARTESIAN_POINT ( 'NONE',  ( 3.312487166478434109, 1.111870897787229330E-16, -1.732050807568874973 ) ) ;
#2520 = CARTESIAN_POINT ( 'NONE',  ( 6.854161166585997833, -0.5876249999999995088, 1.017796355797659480 ) ) ;
#2521 = CARTESIAN_POINT ( 'NONE',  ( 1.740929680001156221, 1.382985961022406229, 0.5822348794646960979 ) ) ;
#2522 = CARTESIAN_POINT ( 'NONE',  ( 1.814715720997290838, -0.7971836531151099692, 1.273732414946956437 ) ) ;
#2523 = CARTESIAN_POINT ( 'NONE',  ( 2.203333701430362446, 1.147943980666938923, 0.004040110615242234297 ) ) ;
#2524 = CARTESIAN_POINT ( 'NONE',  ( 4.958325999892436720, -1.175249999999998352, 0.6785309038651060609 ) ) ;
#2525 = FACE_OUTER_BOUND ( 'NONE', #2617, .T. ) ;
#2526 = CARTESIAN_POINT ( 'NONE',  ( -1.620830216551070798E-16, -0.3534291654484100209, -2.700000000000000178 ) ) ;
#2527 = CARTESIAN_POINT ( 'NONE',  ( 3.291666666666666075, -1.499999999999997335, -0.8660254037844378194 ) ) ;
#2528 = CARTESIAN_POINT ( 'NONE',  ( 4.333333333333333037, -0.7499999999999985567, -1.299038105676656230 ) ) ;
#2529 = CARTESIAN_POINT ( 'NONE',  ( 2.167979483671266028, 0.4841471885969648170, -1.161949153348792230 ) ) ;
#2530 = ORIENTED_EDGE ( 'NONE', *, *, #63, .T. ) ;
#2531 = FILL_AREA_STYLE ('',( #2294 ) ) ;
#2532 = CARTESIAN_POINT ( 'NONE',  ( 5.104153833145101515, -0.7499999999999996669, 1.299038105676656008 ) ) ;
#2533 = CARTESIAN_POINT ( 'NONE',  ( 7.234368124899161145, 1.148187499999999917, 0.000000000000000000 ) ) ;
#2534 = CARTESIAN_POINT ( 'NONE',  ( 1.722403273263790391, 1.461619574355650153, -0.4704072858787805567 ) ) ;
#2535 = CARTESIAN_POINT ( 'NONE',  ( 2.096041830862343414, 0.3432465487870575149, -1.215666188097602296 ) ) ;
#2536 = CARTESIAN_POINT ( 'NONE',  ( 2.604153833145101071, -0.7499999999999996669, 1.299038105676656008 ) ) ;
#2537 = CARTESIAN_POINT ( 'NONE',  ( 7.020827833252663908, -0.5876249999999987317, -1.017796355797659924 ) ) ;
#2538 = CARTESIAN_POINT ( 'NONE',  ( 1.767326016044900472, 0.7348482829272435790, 1.319880859958722841 ) ) ;
#2539 = CARTESIAN_POINT ( 'NONE',  ( 2.203226035799842109, 1.148067618002430290, 0.002013835481001474605 ) ) ;
#2540 = CARTESIAN_POINT ( 'NONE',  ( 7.041659333225770645, -1.175249999999997907, -0.6785309038651068381 ) ) ;
#2541 = CARTESIAN_POINT ( 'NONE',  ( -1.620830216551067593E-16, -0.3534291654486235723, 2.700000000000000178 ) ) ;
#2542 = CARTESIAN_POINT ( 'NONE',  ( 3.999999999999999112, 1.499999999999997780, 0.000000000000000000 ) ) ;
#2543 = CARTESIAN_POINT ( 'NONE',  ( 2.196021176887786197, 0.8360687371889177211, -0.9035151958425625685 ) ) ;
#2544 = ORIENTED_EDGE ( 'NONE', *, *, #1306, .F. ) ;
#2545 = CARTESIAN_POINT ( 'NONE',  ( 1.243693608804995021, -1.154700538379251462, 2.084102228803699218E-16 ) ) ;
#2546 = VECTOR ( 'NONE', #2492, 1000.000000000000227 ) ;
#2547 = CARTESIAN_POINT ( 'NONE',  ( 5.937487166478435441, 1.499999999999998002, 0.000000000000000000 ) ) ;
#2548 = CARTESIAN_POINT ( 'NONE',  ( 5.770827833252663908, 0.5876249999999980655, 1.017796355797660368 ) ) ;
#2549 = CARTESIAN_POINT ( 'NONE',  ( 2.411452374912606444, -1.148187499999999917, 0.6629063622051628579 ) ) ;
#2550 = CARTESIAN_POINT ( 'NONE',  ( 1.347800393658115325, 0.5455477817278062691, 1.702523491098800745 ) ) ;
#2551 = CARTESIAN_POINT ( 'NONE',  ( 2.039843057342589194, -0.5446688194284969864, -1.183577077021340962 ) ) ;
#2552 = CARTESIAN_POINT ( 'NONE',  ( 2.770820499811768478, -0.7499999999999986677, -1.299038105676656452 ) ) ;
#2553 = CARTESIAN_POINT ( 'NONE',  ( 5.145827833252664796, 1.175249999999998129, -0.6785309038651062830 ) ) ;
#2554 = AXIS2_PLACEMENT_3D ( 'NONE', #2676, #3254, #1529 ) ;
#2555 = EDGE_CURVE ( 'NONE', #2925, #2274, #1780, .T. ) ;
#2556 = CARTESIAN_POINT ( 'NONE',  ( 1.822723364043250305, -1.010752522521275898, 1.111875789954029914 ) ) ;
#2557 = CARTESIAN_POINT ( 'NONE',  ( 2.154857364440429635, 0.8646054564557600353, -0.8306790646130414180 ) ) ;
#2558 = CARTESIAN_POINT ( 'NONE',  ( 6.208325999892436720, 1.175249999999998129, -0.6785309038651062830 ) ) ;
#2559 = CARTESIAN_POINT ( 'NONE',  ( 1.893390505804880775, 1.632537900626461980, -0.9921918870993827744 ) ) ;
#2560 = CARTESIAN_POINT ( 'NONE',  ( -1.621246827080183605E-16, -1.359771239536085474, -2.359223251648736586 ) ) ;
#2561 = CARTESIAN_POINT ( 'NONE',  ( 2.249999999999999556, -1.499999999999997780, -1.836970198721027222E-16 ) ) ;
#2562 = CARTESIAN_POINT ( 'NONE',  ( 2.247716363232251435, 1.177018389674249210, -0.04290395784355026387 ) ) ;
#2563 = EDGE_LOOP ( 'NONE', ( #361 ) ) ;
#2564 = CARTESIAN_POINT ( 'NONE',  ( 2.249083260256501848, 1.176149804837272717, -0.01712675503731178606 ) ) ;
#2565 = CARTESIAN_POINT ( 'NONE',  ( 2.291659333225770201, 1.175249999999997463, 0.6785309038651070601 ) ) ;
#2566 = CARTESIAN_POINT ( 'NONE',  ( 5.942701458232493295, -1.148187499999999917, 0.6629063622051628579 ) ) ;
#2567 = CARTESIAN_POINT ( 'NONE',  ( 5.062494499919330870, 9.093561706240480898E-17, -1.357061807730213010 ) ) ;
#2568 = CARTESIAN_POINT ( 'NONE',  ( 4.369785708245940370, -0.5740937500000005134, 0.9943595433077446755 ) ) ;
#2569 = CARTESIAN_POINT ( 'NONE',  ( 1.441418605428524957, -1.322519291274904862, 1.121439416900215980 ) ) ;
#2570 = ADVANCED_BREP_SHAPE_REPRESENTATION ( 'TORNILLO ALLEN CABEZA PLANA M3x0.5x6', ( #2475, #2733 ), #2322 ) ;
#2571 = CARTESIAN_POINT ( 'NONE',  ( 3.104153833145101515, -0.7499999999999996669, 1.299038105676656008 ) ) ;
#2572 = CARTESIAN_POINT ( 'NONE',  ( 5.520827833252663908, -0.5876249999999987317, -1.017796355797659924 ) ) ;
#2573 = CARTESIAN_POINT ( 'NONE',  ( 6.822259219581213507, -0.8015465227176813423, 0.9669240348027886567 ) ) ;
#2574 = CARTESIAN_POINT ( 'NONE',  ( 2.195978963939288153, 1.148366592345209991, -0.1348010321834809400 ) ) ;
#2575 = CARTESIAN_POINT ( 'NONE',  ( 7.124992666559102794, 9.412950725595070875E-17, -1.357061807730212788 ) ) ;
#2576 = ADVANCED_FACE ( 'NONE', ( #997, #2107 ), #3075, .T. ) ;
#2577 = CARTESIAN_POINT ( 'NONE',  ( 1.658988780549642161, -1.949884562010414824, 0.7125766564245836765 ) ) ;
#2578 = CARTESIAN_POINT ( 'NONE',  ( 0.5999999999999996447, 3.000000000000000000, 0.3926990727206935428 ) ) ;
#2579 = B_SPLINE_CURVE_WITH_KNOTS ( 'NONE', 3,
 ( #1547, #999, #2070, #2655, #2384, #727, #687, #1918, #2439, #1602, #3285, #2748, #798, #3269, #1069, #1900, #1955, #835, #3072, #268, #288, #1935, #1669, #3015, #1052, #3536, #2237, #2198, #2457, #815, #2181, #3035, #11, #2472, #3336, #1651, #527, #1635, #3054, #251, #2764, #562, #852, #1357, #779, #2784, #1395, #2710, #3588 ),
 .UNSPECIFIED., .T., .F.,
 ( 4, 3, 3, 3, 3, 3, 3, 3, 3, 3, 3, 3, 3, 3, 3, 3, 4 ),
 ( 0.000000000000000000, 0.06250000000000000000, 0.1250000000000000000, 0.1875000000000000000, 0.2500000000000000000, 0.3125000000000000000, 0.3750000000000000000, 0.4375000000000000000, 0.5000000000000000000, 0.5625000000000000000, 0.6250000000000000000, 0.6875000000000000000, 0.7500000000000000000, 0.8125000000000000000, 0.8750000000000000000, 0.9375000000000000000, 1.000000000000000000 ),
 .UNSPECIFIED. ) ;
#2580 = CARTESIAN_POINT ( 'NONE',  ( 3.458333333333332593, 1.499999999999997780, -0.8660254037844371533 ) ) ;
#2581 = CARTESIAN_POINT ( 'NONE',  ( 2.260380021537487849, 1.158593137427355924, 0.1951797067783185013 ) ) ;
#2582 = CARTESIAN_POINT ( 'NONE',  ( 1.674549302636943127, 1.485620639714611224, -0.4789264859939207919 ) ) ;
#2583 = ORIENTED_EDGE ( 'NONE', *, *, #3200, .T. ) ;
#2584 = CARTESIAN_POINT ( 'NONE',  ( 2.220396133610567091, 1.077043503322471896, -0.5493967117296659763 ) ) ;
#2585 = CARTESIAN_POINT ( 'NONE',  ( 6.395820499811767590, 1.499999999999998224, -0.8660254037844371533 ) ) ;
#2586 = CARTESIAN_POINT ( 'NONE',  ( 6.567701458232493295, -0.5740937499999996252, -0.9943595433077451196 ) ) ;
#2587 = CARTESIAN_POINT ( 'NONE',  ( 5.479161166585996945, -1.175249999999997463, -0.6785309038651067270 ) ) ;
#2588 = CARTESIAN_POINT ( 'NONE',  ( 1.484375000000002665, 1.838166113954136094, -0.3638180700865121242 ) ) ;
#2589 = CARTESIAN_POINT ( 'NONE',  ( 7.000999999999999446, -0.5773502691896258421, -1.000000000000000000 ) ) ;
#2590 = CARTESIAN_POINT ( 'NONE',  ( 1.762128900634437834, 1.431985983369892024, 0.4465884787389549082 ) ) ;
#2591 = CARTESIAN_POINT ( 'NONE',  ( 5.833325999892436720, 0.5876249999999980655, 1.017796355797660368 ) ) ;
#2592 = CARTESIAN_POINT ( 'NONE',  ( 2.278544775780888987, 1.074484245238103597, 0.8298964873068984671 ) ) ;
#2593 = CARTESIAN_POINT ( 'NONE',  ( 5.583325999892436720, -0.5876249999999987317, -1.017796355797659924 ) ) ;
#2594 = CARTESIAN_POINT ( 'NONE',  ( 1.179999999999999716, 1.827293953198651399E-18, 0.000000000000000000 ) ) ;
#2595 = CARTESIAN_POINT ( 'NONE',  ( 0.5999999999999996447, -1.510856932818115173, 2.621359168498502701 ) ) ;
#2596 = CARTESIAN_POINT ( 'NONE',  ( 3.124999999999999112, -3.133333397498904622E-16, 1.732050807568874973 ) ) ;
#2597 = CARTESIAN_POINT ( 'NONE',  ( 2.203066928270979385, 0.9089657834881439413, -0.8229021118475150498 ) ) ;
#2598 = CARTESIAN_POINT ( 'NONE',  ( 1.646449417147098249, 1.243728237104988033, -0.9756720374281011576 ) ) ;
#2599 = ORIENTED_EDGE ( 'NONE', *, *, #2330, .T. ) ;
#2600 = EDGE_CURVE ( 'NONE', #2049, #3320, #215, .T. ) ;
#2601 = CARTESIAN_POINT ( 'NONE',  ( 2.111777162685052112, -0.3981522794028528045, -1.235933213598869651 ) ) ;
#2602 = CARTESIAN_POINT ( 'NONE',  ( 5.895820499811767590, 1.499999999999998224, -0.8660254037844371533 ) ) ;
#2603 = CARTESIAN_POINT ( 'NONE',  ( 4.895827833252663908, -1.175249999999998129, 0.6785309038651060609 ) ) ;
#2604 = CARTESIAN_POINT ( 'NONE',  ( 1.624999999999989564, -0.001727418601709914195, 1.774676019113133885 ) ) ;
#2605 = CARTESIAN_POINT ( 'NONE',  ( 2.979161166585997833, -1.175249999999997907, -0.6785309038651068381 ) ) ;
#2606 = CARTESIAN_POINT ( 'NONE',  ( 6.479161166585996945, -1.175249999999997463, -0.6785309038651067270 ) ) ;
#2607 = CARTESIAN_POINT ( 'NONE',  ( 5.583325999892436720, -0.5876249999999987317, -1.017796355797659924 ) ) ;
#2608 = CARTESIAN_POINT ( 'NONE',  ( 1.316579359322630927, 0.5456678625711712805, 1.701205233177604192 ) ) ;
#2609 = CARTESIAN_POINT ( 'NONE',  ( 2.291659333225770201, 1.175249999999997463, 0.6785309038651070601 ) ) ;
#2610 = CARTESIAN_POINT ( 'NONE',  ( -1.465769222633900160E-16, -2.700000000000000178, 3.306546357697853733E-16 ) ) ;
#2611 = CARTESIAN_POINT ( 'NONE',  ( 0.9999999999999995559, 2.629726223912281835, 0.7067192952352192581 ) ) ;
#2612 = CARTESIAN_POINT ( 'NONE',  ( 6.020827833252663908, -0.5876249999999987317, -1.017796355797659924 ) ) ;
#2613 =( GEOMETRIC_REPRESENTATION_CONTEXT ( 3 ) GLOBAL_UNCERTAINTY_ASSIGNED_CONTEXT ( ( #853 ) ) GLOBAL_UNIT_ASSIGNED_CONTEXT ( ( #3016, #2997, #12 ) ) REPRESENTATION_CONTEXT ( 'NONE', 'WORKASPACE' ) );
#2614 = CARTESIAN_POINT ( 'NONE',  ( 2.240776768108901695, 1.086405314437710823, 1.000956661594289088 ) ) ;
#2615 = CARTESIAN_POINT ( 'NONE',  ( 1.802664735280358865, 1.320405338314063259, 0.7465992410873953933 ) ) ;
#2616 = CARTESIAN_POINT ( 'NONE',  ( 2.067942432790259577, -0.1000363925661328784, -1.279136098784616538 ) ) ;
#2617 = EDGE_LOOP ( 'NONE', ( #2740 ) ) ;
#2618 = CARTESIAN_POINT ( 'NONE',  ( 2.017999524097147557, -1.360376594870046807, -0.1090752905765037806 ) ) ;
#2619 = CARTESIAN_POINT ( 'NONE',  ( 4.520820499811768478, 0.7499999999999980016, 1.299038105676656896 ) ) ;
#2620 = CARTESIAN_POINT ( 'NONE',  ( 2.979161166585997833, -1.175249999999997463, -0.6785309038651067270 ) ) ;
#2621 = CARTESIAN_POINT ( 'NONE',  ( 1.362361477276473831, 0.5540889358842771006, 1.728820425100082936 ) ) ;
#2622 = ADVANCED_FACE ( 'NONE', ( #2470 ), #468, .T. ) ;
#2623 = CARTESIAN_POINT ( 'NONE',  ( 5.333325999892436720, 0.5876249999999980655, 1.017796355797660368 ) ) ;
#2624 = CARTESIAN_POINT ( 'NONE',  ( 1.812499999999918066, -1.161621569950748167, -1.161451898917579273 ) ) ;
#2625 = CARTESIAN_POINT ( 'NONE',  ( 3.187494499919330870, 1.175249999999997907, 0.000000000000000000 ) ) ;
#2626 = CARTESIAN_POINT ( 'NONE',  ( -8.164656124110223655E-18, 0.000000000000000000, 0.000000000000000000 ) ) ;
#2627 = CARTESIAN_POINT ( 'NONE',  ( 6.249992666559103682, 1.175249999999997907, 0.000000000000000000 ) ) ;
#2628 = CARTESIAN_POINT ( 'NONE',  ( 1.813044436083723454, 0.4961421416476873847, 1.360508135334491220 ) ) ;
#2629 = CARTESIAN_POINT ( 'NONE',  ( 3.833325999892436720, 0.5876249999999980655, 1.017796355797660368 ) ) ;
#2630 = CARTESIAN_POINT ( 'NONE',  ( -1.544117292080356052E-16, 2.359433474564078370, 1.359077177855569252 ) ) ;
#2631 = CARTESIAN_POINT ( 'NONE',  ( 0.9999999999999996669, -1.510856932818068321, -2.621359168498585746 ) ) ;
#2632 = CARTESIAN_POINT ( 'NONE',  ( 7.104161166585996945, 0.5876249999999990647, -1.017796355797659702 ) ) ;
#2633 = CARTESIAN_POINT ( 'NONE',  ( 2.188615123225700287, 1.173916277887288917, 0.02108713078739435018 ) ) ;
#2634 = CARTESIAN_POINT ( 'NONE',  ( 1.243693608804995021, -1.154700538379251462, 2.084102228803699218E-16 ) ) ;
#2635 = VERTEX_POINT ( 'NONE', #2504 ) ;
#2636 = CARTESIAN_POINT ( 'NONE',  ( 1.901914676793770687, 0.1743481083714690794, 1.500183671024444942 ) ) ;
#2637 = CARTESIAN_POINT ( 'NONE',  ( 3.395820499811768034, 1.499999999999998224, -0.8660254037844371533 ) ) ;
#2638 = CARTESIAN_POINT ( 'NONE',  ( 0.5999999999999998668, 1.510856941112700635, -2.621359165062773222 ) ) ;
#2639 = CARTESIAN_POINT ( 'NONE',  ( 4.833325999892436720, 0.5876249999999980655, 1.017796355797660368 ) ) ;
#2640 = CARTESIAN_POINT ( 'NONE',  ( 1.976562499998526290, 1.452696458076380370, -0.4406780979298293155 ) ) ;
#2641 = CARTESIAN_POINT ( 'NONE',  ( 3.895827833252664796, -1.175249999999998352, 0.6785309038651060609 ) ) ;
#2642 = ADVANCED_FACE ( 'NONE', ( #3380 ), #1790, .F. ) ;
#2643 = CARTESIAN_POINT ( 'NONE',  ( 6.833325999892436720, 0.5876249999999980655, 1.017796355797660368 ) ) ;
#2644 = CARTESIAN_POINT ( 'NONE',  ( 1.532055247638059114, -1.112183591149690676, -1.214287879122397884 ) ) ;
#2645 = CARTESIAN_POINT ( 'NONE',  ( 3.749992666559103238, 1.175249999999997907, 0.000000000000000000 ) ) ;
#2646 = CARTESIAN_POINT ( 'NONE',  ( -1.468951892709182435E-16, -2.494474737780476570, -1.033245267385738630 ) ) ;
#2647 = CARTESIAN_POINT ( 'NONE',  ( 0.9999999999999995559, -2.629726223912287164, 0.7067192952352117086 ) ) ;
#2648 = CARTESIAN_POINT ( 'NONE',  ( 5.062494499919330870, 9.093561706240480898E-17, -1.357061807730212788 ) ) ;
#2649 = CARTESIAN_POINT ( 'NONE',  ( 5.692701458232495071, 1.148187499999999917, -0.6629063622051631910 ) ) ;
#2650 = CARTESIAN_POINT ( 'NONE',  ( 1.774563437594434356, 1.516774979947178581, 0.2467775088104346981 ) ) ;
#2651 = PLANE ( 'NONE',  #3295 ) ;
#2652 = EDGE_LOOP ( 'NONE', ( #537 ) ) ;
#2653 = CARTESIAN_POINT ( 'NONE',  ( 1.821299815931507471, 1.101708371864182912, 1.023427264473321108 ) ) ;
#2654 = CARTESIAN_POINT ( 'NONE',  ( 3.437487166478434553, 1.499999999999998002, 0.000000000000000000 ) ) ;
#2655 = CARTESIAN_POINT ( 'NONE',  ( 0.9999999999999995559, -2.494474737780473017, -1.033245267385746180 ) ) ;
#2656 = CARTESIAN_POINT ( 'NONE',  ( 0.5999999999999997558, 0.7852436530778419410, 2.921918030004946321 ) ) ;
#2657 = CARTESIAN_POINT ( 'NONE',  ( 5.458325999892435831, -1.175249999999998129, 0.6785309038651060609 ) ) ;
#2658 = CARTESIAN_POINT ( 'NONE',  ( 1.587500000000013900, 0.8179551226048702439, 1.604874172196034454 ) ) ;
#2659 = CARTESIAN_POINT ( 'NONE',  ( 2.520827833252664796, -0.5876249999999987317, -1.017796355797659924 ) ) ;
#2660 = CARTESIAN_POINT ( 'NONE',  ( 3.166659333225770201, 0.5876249999999990647, -1.017796355797659702 ) ) ;
#2661 = CIRCLE ( 'NONE', #513, 0.03608333333333030996 ) ;
#2662 = CARTESIAN_POINT ( 'NONE',  ( 1.391558079929970937, -1.033062842830350547, 1.407455927120935479 ) ) ;
#2663 = CARTESIAN_POINT ( 'NONE',  ( 3.249992666559103238, 1.175249999999997907, 0.000000000000000000 ) ) ;
#2664 = CARTESIAN_POINT ( 'NONE',  ( -1.549391149305703015E-16, 2.700000000000000178, 0.000000000000000000 ) ) ;
#2665 = CARTESIAN_POINT ( 'NONE',  ( 0.9999999999999995559, 1.843640166273192715, -2.399000520846168882 ) ) ;
#2666 = EDGE_CURVE ( 'NONE', #1397, #571, #1910, .T. ) ;
#2667 = VECTOR ( 'NONE', #511, 1000.000000000000000 ) ;
#2668 = CARTESIAN_POINT ( 'NONE',  ( 7.062494499919330870, 9.403272545765675335E-17, -1.357061807730212788 ) ) ;
#2669 = CARTESIAN_POINT ( 'NONE',  ( 1.999999998269276436, 1.500000001214209178, -1.631159561256398433E-08 ) ) ;
#2670 = CARTESIAN_POINT ( 'NONE',  ( 2.482637772028666756, 1.425253773374076882, 0.8482313508773210442 ) ) ;
#2671 = CARTESIAN_POINT ( 'NONE',  ( 0.08933168628693824442, -0.1948455906043684294, -0.9999999999999995559 ) ) ;
#2672 = ORIENTED_EDGE ( 'NONE', *, *, #774, .T. ) ;
#2673 = CARTESIAN_POINT ( 'NONE',  ( 2.139878302999441040, 0.05314713523559593672, -1.277525391503627761 ) ) ;
#2674 = CARTESIAN_POINT ( 'NONE',  ( 2.437487166478434553, 1.499999999999998002, 0.000000000000000000 ) ) ;
#2675 = CARTESIAN_POINT ( 'NONE',  ( 3.645827833252663908, 1.175249999999997907, -0.6785309038651063940 ) ) ;
#2676 = CARTESIAN_POINT ( 'NONE',  ( -1.554036811898580814E-16, 3.000000000000000000, 0.000000000000000000 ) ) ;
#2677 = CARTESIAN_POINT ( 'NONE',  ( 5.208325999892436720, 1.175249999999997907, -0.6785309038651063940 ) ) ;
#2678 = CARTESIAN_POINT ( 'NONE',  ( 1.118749999999938849, 0.1653295642923242603, 2.125187131492462633 ) ) ;
#2679 = CARTESIAN_POINT ( 'NONE',  ( 2.479161166585997833, -1.175249999999997907, -0.6785309038651068381 ) ) ;
#2680 = CARTESIAN_POINT ( 'NONE',  ( 4.291659333225769757, 1.175249999999997463, 0.6785309038651070601 ) ) ;
#2681 = CARTESIAN_POINT ( 'NONE',  ( 2.234306857461477502, 1.148257321337101455, -0.001153097139796314778 ) ) ;
#2682 = CARTESIAN_POINT ( 'NONE',  ( 3.999992666559103682, -1.175249999999997907, -1.439266150697924440E-16 ) ) ;
#2683 = CARTESIAN_POINT ( 'NONE',  ( 0.05449440786073878745, 0.6717373523295561144, 0.8365167764234127112 ) ) ;
#2684 = CARTESIAN_POINT ( 'NONE',  ( 0.9999999999999992228, -3.000000000000000000, 0.000000000000000000 ) ) ;
#2685 = CARTESIAN_POINT ( 'NONE',  ( 4.270827833252664796, 0.5876249999999980655, 1.017796355797660368 ) ) ;
#2686 = CARTESIAN_POINT ( 'NONE',  ( 2.208333333333333037, -1.499999999999998224, 0.8660254037844368202 ) ) ;
#2687 = CARTESIAN_POINT ( 'NONE',  ( 5.859368124899160257, -2.344742972774423283E-16, 1.325812724410326382 ) ) ;
#2688 = CARTESIAN_POINT ( 'NONE',  ( 1.484092223320129467, -1.636367817241965339, 0.5972755570302018535 ) ) ;
#2689 = CARTESIAN_POINT ( 'NONE',  ( 1.403001319482316323, -1.461613795401716542, 0.9672242898682260615 ) ) ;
#2690 = DIRECTION ( 'NONE',  ( -1.000000000000000000, -7.070799616643647036E-18, 0.000000000000000000 ) ) ;
#2691 = CARTESIAN_POINT ( 'NONE',  ( 3.312487166478434109, 1.111870897787229084E-16, -1.732050807568874973 ) ) ;
#2692 = CARTESIAN_POINT ( 'NONE',  ( 3.229161166585997833, 1.175249999999997463, 0.6785309038651070601 ) ) ;
#2693 = CARTESIAN_POINT ( 'NONE',  ( -999.3333333333332575, 0.000000000000000000, 0.000000000000000000 ) ) ;
#2694 = CARTESIAN_POINT ( 'NONE',  ( 4.999992666559102794, -1.175249999999997907, -1.439266150697924440E-16 ) ) ;
#2695 = CARTESIAN_POINT ( 'NONE',  ( 2.186357519089081158, 1.176268395517694909, -0.02141960547422981295 ) ) ;
#2696 = CARTESIAN_POINT ( 'NONE',  ( 6.536452374912605556, -0.5740937499999996252, -0.9943595433077451196 ) ) ;
#2697 = CARTESIAN_POINT ( 'NONE',  ( 4.124992666559103682, 8.948384466307276139E-17, -1.357061807730212788 ) ) ;
#2698 = CARTESIAN_POINT ( 'NONE',  ( 2.186085600984957633, 0.8654866296835335149, -0.8314050132628428846 ) ) ;
#2699 = CARTESIAN_POINT ( 'NONE',  ( 1.858867196031876556, 0.5058819389692067459, 1.387832858324129282 ) ) ;
#2700 = CARTESIAN_POINT ( 'NONE',  ( 6.708325999892436720, 1.175249999999997907, -0.6785309038651063940 ) ) ;
#2701 = CARTESIAN_POINT ( 'NONE',  ( 5.729153833145101515, -1.499999999999997558, -0.8660254037844379305 ) ) ;
#2702 = CARTESIAN_POINT ( 'NONE',  ( 6.846534516954037031, 0.8393605163915911493, 0.9007598649658311585 ) ) ;
#2703 = CARTESIAN_POINT ( 'NONE',  ( 2.729161166585997833, 1.175249999999997463, 0.6785309038651070601 ) ) ;
#2704 = CARTESIAN_POINT ( 'NONE',  ( 1.487305515636218933, -1.505255907009183103, -0.7751554054780033232 ) ) ;
#2705 = CARTESIAN_POINT ( 'NONE',  ( 3.109368124899160701, 8.599764052267395337E-17, -1.325812724410326382 ) ) ;
#2706 = CARTESIAN_POINT ( 'NONE',  ( 2.436022107527699099, 1.501214155987770527, -0.02760563792041350467 ) ) ;
#2707 = FACE_OUTER_BOUND ( 'NONE', #1192, .T. ) ;
#2708 = CARTESIAN_POINT ( 'NONE',  ( 6.208333333333333037, -1.499999999999998446, 0.8660254037844368202 ) ) ;
#2709 = CARTESIAN_POINT ( 'NONE',  ( 4.458333333333333037, 1.499999999999997780, -0.8660254037844371533 ) ) ;
#2710 = CARTESIAN_POINT ( 'NONE',  ( 0.9999999999999995559, -2.700000000000000178, 0.3537908699368047527 ) ) ;
#2711 = CARTESIAN_POINT ( 'NONE',  ( 1.747269060492121051, 1.235663667514079744, 0.8492547548973722327 ) ) ;
#2712 = UNCERTAINTY_MEASURE_WITH_UNIT (LENGTH_MEASURE( 1.000000000000000082E-05 ), #2473, 'distance_accuracy_value', 'NONE');
#2713 = EDGE_CURVE ( 'NONE', #2766, #341, #920, .T. ) ;
#2714 = CARTESIAN_POINT ( 'NONE',  ( 3.749992666559103238, 1.175249999999997907, 0.000000000000000000 ) ) ;
#2715 = CARTESIAN_POINT ( 'NONE',  ( 1.099999999999998090, 0.6582639175690427891, 2.025928022218729030 ) ) ;
#2716 = CARTESIAN_POINT ( 'NONE',  ( 6.328119041579272519, -2.337484110777763230E-16, 1.325812724410326382 ) ) ;
#2717 = CARTESIAN_POINT ( 'NONE',  ( 2.181392070537376160, 0.8172744489996954798, -0.8832684848741378936 ) ) ;
#2718 = CARTESIAN_POINT ( 'NONE',  ( 1.680798119381175626, 0.8415877758288003996, -1.364293202267334193 ) ) ;
#2719 = CARTESIAN_POINT ( 'NONE',  ( 6.914751196771567798, -1.014257578779514501, 0.5627706383266525281 ) ) ;
#2720 = CARTESIAN_POINT ( 'NONE',  ( 4.562487166478435441, -3.111073129642068084E-16, 1.732050807568874973 ) ) ;
#2721 = CARTESIAN_POINT ( 'NONE',  ( 0.9999999999999995559, 0.3534291654486198531, -2.700000000000000178 ) ) ;
#2722 = CARTESIAN_POINT ( 'NONE',  ( 3.187494499919330870, 1.175249999999997907, 0.000000000000000000 ) ) ;
#2723 = CARTESIAN_POINT ( 'NONE',  ( 1.768315300257010447, 0.9666152184065074371, 1.140002442754894485 ) ) ;
#2724 = CARTESIAN_POINT ( 'NONE',  ( 3.151034791565828108, 0.5740937499999999583, -0.9943595433077447865 ) ) ;
#2725 = CARTESIAN_POINT ( 'NONE',  ( 2.418704715686395890, 1.478578886019016991, -0.3542337092900278983 ) ) ;
#2726 = AXIS2_PLACEMENT_3D ( 'NONE', #2823, #1691, #3090 ) ;
#2727 = CARTESIAN_POINT ( 'NONE',  ( -1.626303258728256651E-16, 0.7852436613726837544, -2.921918026569122695 ) ) ;
#2728 = CARTESIAN_POINT ( 'NONE',  ( 4.708333333333332149, -1.499999999999998446, 0.8660254037844368202 ) ) ;
#2729 = AXIS2_PLACEMENT_3D ( 'NONE', #1037, #2474, #2750 ) ;
#2730 = CARTESIAN_POINT ( 'NONE',  ( 6.208333333333333037, -1.499999999999998224, 0.8660254037844368202 ) ) ;
#2731 = AXIS2_PLACEMENT_3D ( 'NONE', #1113, #3330, #1698 ) ;
#2732 = CARTESIAN_POINT ( 'NONE',  ( 2.333325999892436720, 0.5876249999999980655, 1.017796355797660368 ) ) ;
#2733 = AXIS2_PLACEMENT_3D ( 'NONE', #1340, #1652, #269 ) ;
#2734 = CARTESIAN_POINT ( 'NONE',  ( 2.172799976091211338, 1.159334355012410667, -0.2771721826545424094 ) ) ;
#2735 = CARTESIAN_POINT ( 'NONE',  ( 7.078119041579273407, 9.214346641403085208E-17, -1.325812724410326382 ) ) ;
#2736 = CARTESIAN_POINT ( 'NONE',  ( 1.947185191226424195, -1.115158641408589890, 0.8071797618358576010 ) ) ;
#2737 = CARTESIAN_POINT ( 'NONE',  ( 1.521649067100110164, -1.702504783081725037, -0.2099584021538524747 ) ) ;
#2738 = CARTESIAN_POINT ( 'NONE',  ( 5.437487166478434553, 1.499999999999998002, 0.000000000000000000 ) ) ;
#2739 = DIRECTION ( 'NONE',  ( -1.000000000000000000, 0.000000000000000000, 0.000000000000000000 ) ) ;
#2740 = ORIENTED_EDGE ( 'NONE', *, *, #2994, .F. ) ;
#2741 = CARTESIAN_POINT ( 'NONE',  ( 4.312494499919330870, -2.426100784021998526E-16, 1.357061807730212788 ) ) ;
#2742 = CARTESIAN_POINT ( 'NONE',  ( 2.096041830862343414, 0.3432465487870575149, -1.215666188097602296 ) ) ;
#2743 = CARTESIAN_POINT ( 'NONE',  ( 4.484368124899161145, -1.148187499999999917, -1.406124146696001694E-16 ) ) ;
#2744 = CARTESIAN_POINT ( 'NONE',  ( 2.435142880335603888, 1.501713791958180222, -0.04418783925832003162 ) ) ;
#2745 = CARTESIAN_POINT ( 'NONE',  ( 0.3999999999999998002, 0.7852436613726794246, -2.921918026569112481 ) ) ;
#2746 = CARTESIAN_POINT ( 'NONE',  ( 6.749999999999999112, -1.499999999999997780, -1.836970198721027222E-16 ) ) ;
#2747 = CARTESIAN_POINT ( 'NONE',  ( 0.08919135541306531800, 0.7673029373090735072, -0.6709923277838480971 ) ) ;
#2748 = CARTESIAN_POINT ( 'NONE',  ( 0.9999999999999995559, -0.3527074872391877669, -2.699928614742588717 ) ) ;
#2749 = CARTESIAN_POINT ( 'NONE',  ( 1.179999999999999716, -1.499999999999998668, 0.000000000000000000 ) ) ;
#2750 = DIRECTION ( 'NONE',  ( 1.548554197625976421E-18, -1.000000000000000000, 0.000000000000000000 ) ) ;
#2751 = CARTESIAN_POINT ( 'NONE',  ( 2.189311478491626772, 1.172976997549616263, 0.03418340290224246292 ) ) ;
#2752 = CARTESIAN_POINT ( 'NONE',  ( 5.494785708245939482, -1.148187499999999472, -0.6629063622051637461 ) ) ;
#2753 = CARTESIAN_POINT ( 'NONE',  ( 2.229915152343598717, 1.150157525316650053, -0.08401331703687714425 ) ) ;
#2754 = CARTESIAN_POINT ( 'NONE',  ( 0.08919135541306542903, 0.9647478702598041300, 0.3290076722161519585 ) ) ;
#2755 = CARTESIAN_POINT ( 'NONE',  ( 6.802571971645885895, 1.283519027942140234, -0.04935502181011200418 ) ) ;
#2756 = ORIENTED_EDGE ( 'NONE', *, *, #948, .F. ) ;
#2757 = CARTESIAN_POINT ( 'NONE',  ( 4.895827833252664796, -1.175249999999998352, 0.6785309038651060609 ) ) ;
#2758 = CARTESIAN_POINT ( 'NONE',  ( 2.150486978992028231, 1.009170148206559814, -0.6751992127060942872 ) ) ;
#2759 = CARTESIAN_POINT ( 'NONE',  ( 3.609368124899160701, 8.677191762148691173E-17, -1.325812724410326382 ) ) ;
#2760 = CARTESIAN_POINT ( 'NONE',  ( 2.362196321056060810, 0.9247823152239630362, -1.270028939535175372 ) ) ;
#2761 = CARTESIAN_POINT ( 'NONE',  ( 0.3999999999999998002, -1.510856932818117171, 2.621359168498501813 ) ) ;
#2762 = CARTESIAN_POINT ( 'NONE',  ( 6.083333333333333037, 0.7499999999999978906, 1.299038105676656674 ) ) ;
#2763 = CARTESIAN_POINT ( 'NONE',  ( 4.541666666666666963, 1.499999999999997335, 0.8660254037844381525 ) ) ;
#2764 = CARTESIAN_POINT ( 'NONE',  ( 0.9999999999999995559, -1.359131813764867580, 2.359565377321328761 ) ) ;
#2765 = CARTESIAN_POINT ( 'NONE',  ( 0.08919135541306523474, -0.7673029373090732852, 0.6709923277838483191 ) ) ;
#2766 = VERTEX_POINT ( 'NONE', #280 ) ;
#2767 = CARTESIAN_POINT ( 'NONE',  ( 3.499992666559103238, -1.175249999999997907, -1.439266150697924440E-16 ) ) ;
#2768 = CARTESIAN_POINT ( 'NONE',  ( 3.708325999892437164, 1.175249999999998129, -0.6785309038651062830 ) ) ;
#2769 = CARTESIAN_POINT ( 'NONE',  ( 1.852617376194022114, -0.5011074379903746046, 1.344765562810545712 ) ) ;
#2770 = CARTESIAN_POINT ( 'NONE',  ( 5.703119041579272519, 1.148187499999999917, 0.000000000000000000 ) ) ;
#2771 = CARTESIAN_POINT ( 'NONE',  ( 2.249929888219709628, 1.175320695677016580, -0.001181588976379093370 ) ) ;
#2772 = CARTESIAN_POINT ( 'NONE',  ( 1.830765986565010994, 0.9676724405929474360, 1.142214699744027895 ) ) ;
#2773 = CARTESIAN_POINT ( 'NONE',  ( 3.520820499811768478, 0.7499999999999980016, 1.299038105676656896 ) ) ;
#2774 = CARTESIAN_POINT ( 'NONE',  ( 6.796063771369063033, 1.269646252739589087, -0.2330039880144220699 ) ) ;
#2775 = ORIENTED_EDGE ( 'NONE', *, *, #2555, .F. ) ;
#2776 = CARTESIAN_POINT ( 'NONE',  ( 6.700062482309300016, -0.04625649311924633772, 1.386999392258628783 ) ) ;
#2777 = CARTESIAN_POINT ( 'NONE',  ( 1.318696415902473440, 0.1339089274702748300, 1.807255464795489042 ) ) ;
#2778 = CARTESIAN_POINT ( 'NONE',  ( 2.901034791565828108, -0.5740937500000005134, 0.9943595433077446755 ) ) ;
#2779 = CARTESIAN_POINT ( 'NONE',  ( 2.438898005262512214, 1.498397997408316806, 0.02655328290329827742 ) ) ;
#2780 = CARTESIAN_POINT ( 'NONE',  ( 0.3999999999999998002, 2.921918026569205296, 0.7852436613724551595 ) ) ;
#2781 = CARTESIAN_POINT ( 'NONE',  ( 2.499999999999999556, 1.499999999999997780, 0.000000000000000000 ) ) ;
#2782 = CARTESIAN_POINT ( 'NONE',  ( 5.375000000000000000, 1.143810026847301356E-16, -1.732050807568874973 ) ) ;
#2783 = CIRCLE ( 'NONE', #861, 1.154700538379251684 ) ;
#2784 = CARTESIAN_POINT ( 'NONE',  ( 0.9999999999999995559, -2.494474737780474793, 1.033245267385742405 ) ) ;
#2785 = CARTESIAN_POINT ( 'NONE',  ( -1.465769222633900160E-16, -2.700000000000000178, 3.306546357697853733E-16 ) ) ;
#2786 = CARTESIAN_POINT ( 'NONE',  ( 3.791659333225769757, 1.175249999999997463, 0.6785309038651070601 ) ) ;
#2787 = CARTESIAN_POINT ( 'NONE',  ( 3.458325999892436720, -1.175249999999998352, 0.6785309038651060609 ) ) ;
#2788 = CARTESIAN_POINT ( 'NONE',  ( 1.571609064322925464, -0.05738616613183090270, -1.632569103992814519 ) ) ;
#2789 = CARTESIAN_POINT ( 'NONE',  ( 6.984368124899160257, -1.148187499999999917, -1.406124146696001694E-16 ) ) ;
#2790 = COLOUR_RGB ( '',0.3764705882352941124, 0.3764705882352941124, 0.3764705882352941124 ) ;
#2791 = CARTESIAN_POINT ( 'NONE',  ( 2.250212520858968279, 1.174997316704079253, 0.004137660074946728980 ) ) ;
#2792 = CARTESIAN_POINT ( 'NONE',  ( 2.185218318859549758, 1.176892319326802827, -0.04290788016589215659 ) ) ;
#2793 = CARTESIAN_POINT ( 'NONE',  ( 3.895820499811768478, 1.499999999999997780, -0.8660254037844371533 ) ) ;
#2794 = CARTESIAN_POINT ( 'NONE',  ( 5.062494499919330870, 9.093561706240480898E-17, -1.357061807730212788 ) ) ;
#2795 = ORIENTED_EDGE ( 'NONE', *, *, #2869, .T. ) ;
#2796 = CARTESIAN_POINT ( 'NONE',  ( 1.819986099763269971, -0.9419915384631206701, 1.170704054466559452 ) ) ;
#2797 = CARTESIAN_POINT ( 'NONE',  ( 1.431102794158464864, -1.686707809066602781, 0.3970825500918975792 ) ) ;
#2798 = CARTESIAN_POINT ( 'NONE',  ( 5.291659333225770645, 1.175249999999997463, 0.6785309038651070601 ) ) ;
#2799 = CARTESIAN_POINT ( 'NONE',  ( 1.574602039841866752, -0.3407912639977191960, 2.108247857548552595 ) ) ;
#2800 = CARTESIAN_POINT ( 'NONE',  ( -1.628397701294103304E-16, -2.359223251648664199, 1.359771239536272880 ) ) ;
#2801 = CARTESIAN_POINT ( 'NONE',  ( 4.041666666666665186, 1.499999999999997335, 0.8660254037844380415 ) ) ;
#2802 = CARTESIAN_POINT ( 'NONE',  ( 4.291666666666666075, -1.499999999999997335, -0.8660254037844378194 ) ) ;
#2803 = CARTESIAN_POINT ( 'NONE',  ( 2.267152864636153620, 1.147167813268555658, 0.3224051377075656255 ) ) ;
#2804 = FILL_AREA_STYLE ('',( #1690 ) ) ;
#2805 = VERTEX_POINT ( 'NONE', #2368 ) ;
#2806 = CARTESIAN_POINT ( 'NONE',  ( 2.158498311128437486, 0.3440965256385452586, -1.217800408451336747 ) ) ;
#2807 = CARTESIAN_POINT ( 'NONE',  ( 5.354153833145101515, 0.7499999999999992228, -1.299038105676656230 ) ) ;
#2808 = CARTESIAN_POINT ( 'NONE',  ( 2.536452374912606889, -0.5740937499999996252, -0.9943595433077451196 ) ) ;
#2809 = CARTESIAN_POINT ( 'NONE',  ( 1.581912120934795052, -0.7941553382198202060, -1.428850673348910805 ) ) ;
#2810 = CARTESIAN_POINT ( 'NONE',  ( 2.124166729717586577, 0.7274638449277505137, -1.000309722726129946 ) ) ;
#2811 = CARTESIAN_POINT ( 'NONE',  ( 2.000352752241425058, 1.499738456318521651, 0.006648266292766446400 ) ) ;
#2812 = CARTESIAN_POINT ( 'NONE',  ( 6.729161166585996945, 1.175249999999997463, 0.6785309038651070601 ) ) ;
#2813 = CARTESIAN_POINT ( 'NONE',  ( 0.3999999999999997446, -2.921918030004945432, 0.7852436530778399426 ) ) ;
#2814 = CARTESIAN_POINT ( 'NONE',  ( 6.620760976369024498, 0.5391777201467432556, 1.353531221767491965 ) ) ;
#2815 = CARTESIAN_POINT ( 'NONE',  ( 2.168748773912748007, 1.004249343096280223, -0.6300605549835173180 ) ) ;
#2816 = CARTESIAN_POINT ( 'NONE',  ( 6.958325999892435831, -1.175249999999998352, 0.6785309038651060609 ) ) ;
#2817 = CARTESIAN_POINT ( 'NONE',  ( 2.052790844824730065, 0.2074434890660586672, 1.785838528273660630 ) ) ;
#2818 = CARTESIAN_POINT ( 'NONE',  ( -1.628397701294102318E-16, -2.359223251648667308, -1.359771239536226917 ) ) ;
#2819 = CARTESIAN_POINT ( 'NONE',  ( 2.041666666666666519, 1.499999999999997335, 0.8660254037844380415 ) ) ;
#2820 = CARTESIAN_POINT ( 'NONE',  ( 3.083333333333333037, 0.7499999999999978906, 1.299038105676656674 ) ) ;
#2821 = CARTESIAN_POINT ( 'NONE',  ( 2.240837248914252733, 1.172856919417913257, -0.1728890370449921166 ) ) ;
#2822 = EDGE_LOOP ( 'NONE', ( #1740 ) ) ;
#2823 = CARTESIAN_POINT ( 'NONE',  ( 7.000999999999999446, -0.5773502691896258421, 1.000000000000000000 ) ) ;
#2824 = CARTESIAN_POINT ( 'NONE',  ( 2.333325999892436720, 0.5876249999999980655, 1.017796355797660368 ) ) ;
#2825 = CARTESIAN_POINT ( 'NONE',  ( 5.437494499919330870, -1.175249999999997907, -1.439266150697924440E-16 ) ) ;
#2826 = ADVANCED_FACE ( 'NONE', ( #1183 ), #928, .F. ) ;
#2827 = CARTESIAN_POINT ( 'NONE',  ( 2.786452374912606000, 0.5740937499999990701, 0.9943595433077454526 ) ) ;
#2828 = CARTESIAN_POINT ( 'NONE',  ( 1.450879565403132343, -1.441035614103974405, 0.9522974238841727113 ) ) ;
#2829 = CARTESIAN_POINT ( 'NONE',  ( 2.067942432790259577, -0.1000363925661328784, -1.279136098784616538 ) ) ;
#2830 = CARTESIAN_POINT ( 'NONE',  ( 2.937487166478434997, 1.499999999999998002, 0.000000000000000000 ) ) ;
#2831 = CARTESIAN_POINT ( 'NONE',  ( 6.395827833252664796, -1.175249999999998352, 0.6785309038651060609 ) ) ;
#2832 = CARTESIAN_POINT ( 'NONE',  ( 0.3999999999999998002, 3.000000000000000444, -0.3926990816987238064 ) ) ;
#2833 = CARTESIAN_POINT ( 'NONE',  ( 6.794960006498119043, -0.6596952655046851577, 1.100607421680303899 ) ) ;
#2834 = CARTESIAN_POINT ( 'NONE',  ( 2.206824522041654912, 1.142920979350483535, 0.06967088230190748854 ) ) ;
#2835 = CARTESIAN_POINT ( 'NONE',  ( 4.874992666559102794, -2.417390195050930128E-16, 1.357061807730212788 ) ) ;
#2836 = CARTESIAN_POINT ( 'NONE',  ( 1.809004358334832974, -0.06974539242664642980, -1.968768039993678665 ) ) ;
#2837 = CARTESIAN_POINT ( 'NONE',  ( 0.5999999999999996447, 0.7852436613724239622, 2.921918026569218174 ) ) ;
#2838 = CARTESIAN_POINT ( 'NONE',  ( 2.625000000000000000, -3.141076168487033960E-16, 1.732050807568874529 ) ) ;
#2839 = CARTESIAN_POINT ( 'NONE',  ( 4.249999999999999112, -1.499999999999997780, -1.836970198721027222E-16 ) ) ;
#2840 = CARTESIAN_POINT ( 'NONE',  ( 2.250102284145529818, 1.175125539675649700, 0.002063104410593061787 ) ) ;
#2841 = CARTESIAN_POINT ( 'NONE',  ( 6.645820499811768478, -1.499999999999998668, 0.8660254037844369313 ) ) ;
#2842 = CARTESIAN_POINT ( 'NONE',  ( 6.401034791565827220, -0.5740937500000005134, 0.9943595433077446755 ) ) ;
#2843 = CARTESIAN_POINT ( 'NONE',  ( 4.604161166585997833, 0.5876249999999990647, -1.017796355797659702 ) ) ;
#2844 = CARTESIAN_POINT ( 'NONE',  ( 3.994785708245939926, -1.148187499999999472, -0.6629063622051637461 ) ) ;
#2845 = CARTESIAN_POINT ( 'NONE',  ( 1.844270025137947355, 0.4962683429411278713, 1.361721149952393350 ) ) ;
#2846 = CARTESIAN_POINT ( 'NONE',  ( 2.187267284385395971, 1.175485422459962015, -0.004278035577200143928 ) ) ;
#2847 = CARTESIAN_POINT ( 'NONE',  ( 3.770820499811768034, -0.7499999999999986677, -1.299038105676656452 ) ) ;
#2848 = CARTESIAN_POINT ( 'NONE',  ( 4.854161166585997833, -0.5876249999999995088, 1.017796355797659480 ) ) ;
#2849 = CARTESIAN_POINT ( 'NONE',  ( 1.811938707955170980, 1.211567969860510630, 0.8843659052722908642 ) ) ;
#2850 = CARTESIAN_POINT ( 'NONE',  ( 1.804215940218862446, -0.4794298285662184078, 1.432410701537655928 ) ) ;
#2851 = CARTESIAN_POINT ( 'NONE',  ( 2.202009382659199321, 1.149226438482020107, -0.02090231771973910177 ) ) ;
#2852 = CARTESIAN_POINT ( 'NONE',  ( 5.791659333225769757, 1.175249999999997463, 0.6785309038651070601 ) ) ;
#2853 = CARTESIAN_POINT ( 'NONE',  ( 2.109047525691269520, -0.9796433827520560911, 1.459878959648696961 ) ) ;
#2854 = CARTESIAN_POINT ( 'NONE',  ( 4.208333333333333037, -1.499999999999998446, 0.8660254037844368202 ) ) ;
#2855 = CARTESIAN_POINT ( 'NONE',  ( 1.989899705389991391, -1.333223616542508871, 0.3736570652069020615 ) ) ;
#2856 = CARTESIAN_POINT ( 'NONE',  ( 1.871246732464431739, -0.7918654987982296500, 1.181082867645369960 ) ) ;
#2857 = ORIENTED_EDGE ( 'NONE', *, *, #680, .T. ) ;
#2858 = SURFACE_SIDE_STYLE ('',( #69 ) ) ;
#2859 = CARTESIAN_POINT ( 'NONE',  ( 7.270820499811768478, -0.7499999999999986677, -1.299038105676656452 ) ) ;
#2860 = CARTESIAN_POINT ( 'NONE',  ( 6.609368124899160257, 9.141758021436485910E-17, -1.325812724410326382 ) ) ;
#2861 = CARTESIAN_POINT ( 'NONE',  ( 1.988281249998071099, 1.492108641869316799, -0.2212897128093559984 ) ) ;
#2862 = CARTESIAN_POINT ( 'NONE',  ( 6.479161166585996945, -1.175249999999997907, -0.6785309038651068381 ) ) ;
#2863 = CARTESIAN_POINT ( 'NONE',  ( 1.747998403023460767, 1.436482879514811239, 0.4318832887952195332 ) ) ;
#2864 = DIRECTION ( 'NONE',  ( 0.000000000000000000, 0.000000000000000000, 1.000000000000000000 ) ) ;
#2865 = CARTESIAN_POINT ( 'NONE',  ( 1.363458393136587565, -0.4876226099845288320, 1.697079711572011096 ) ) ;
#2866 = CARTESIAN_POINT ( 'NONE',  ( 6.041659333225768869, -1.175249999999997907, -0.6785309038651068381 ) ) ;
#2867 = CARTESIAN_POINT ( 'NONE',  ( 1.837133106272746286, 0.6096682076333594935, -1.852385365454088495 ) ) ;
#2868 = CARTESIAN_POINT ( 'NONE',  ( -1.621246827080179907E-16, 0.7067192952351722957, 2.629726223912287608 ) ) ;
#2869 = EDGE_CURVE ( 'NONE', #2805, #3320, #3188, .T. ) ;
#2870 = CARTESIAN_POINT ( 'NONE',  ( 3.291666666666666075, -1.499999999999997335, -0.8660254037844378194 ) ) ;
#2871 = CARTESIAN_POINT ( 'NONE',  ( 2.209246259168093474, 0.9726029554262960453, -0.7365468825883225712 ) ) ;
#2872 = CARTESIAN_POINT ( 'NONE',  ( 1.421647397527360024, -1.633768961600709835, 0.5973370076204650436 ) ) ;
#2873 = ORIENTED_EDGE ( 'NONE', *, *, #929, .T. ) ;
#2874 =( LENGTH_UNIT ( ) NAMED_UNIT ( * ) SI_UNIT ( .MILLI., .METRE. ) );
#2875 = CARTESIAN_POINT ( 'NONE',  ( 7.187487166478434553, -1.499999999999998002, -1.836970198721027469E-16 ) ) ;
#2876 = CARTESIAN_POINT ( 'NONE',  ( 4.229161166585996945, 1.175249999999997463, 0.6785309038651070601 ) ) ;
#2877 = CARTESIAN_POINT ( 'NONE',  ( 1.999267578122629452, 1.500449352544805937, -0.01380984275640445395 ) ) ;
#2878 = CARTESIAN_POINT ( 'NONE',  ( 4.437494499919330870, -1.175249999999997907, -1.439266150697924440E-16 ) ) ;
#2879 = CARTESIAN_POINT ( 'NONE',  ( 6.041659333225768869, -1.175249999999997907, -0.6785309038651068381 ) ) ;
#2880 = CARTESIAN_POINT ( 'NONE',  ( 1.841143100142427880, -0.005179975587305127131, 1.428291456150722061 ) ) ;
#2881 = CARTESIAN_POINT ( 'NONE',  ( 6.905467494796058148, -1.046498630761143689, 0.5210396898304733293 ) ) ;
#2882 = CARTESIAN_POINT ( 'NONE',  ( -1.502118319370804885E-16, -0.3527074872400337568, 2.699928614742588717 ) ) ;
#2883 = CARTESIAN_POINT ( 'NONE',  ( 0.9999999999999995559, 2.159100468761514513, 1.659276149645842802 ) ) ;
#2884 = CARTESIAN_POINT ( 'NONE',  ( 6.354161166585996945, -0.5876249999999995088, 1.017796355797659480 ) ) ;
#2885 = CARTESIAN_POINT ( 'NONE',  ( 2.182933565774245910, 1.176957154542861650, -0.08606034707600801470 ) ) ;
#2886 = CARTESIAN_POINT ( 'NONE',  ( 1.849399939798670234, 0.6705735296134369694, 1.323699745210542789 ) ) ;
#2887 = CARTESIAN_POINT ( 'NONE',  ( 2.147708967762717691, 0.9806639531848957425, -0.7205107647270136972 ) ) ;
#2888 = ORIENTED_EDGE ( 'NONE', *, *, #530, .F. ) ;
#2889 = CARTESIAN_POINT ( 'NONE',  ( 2.133104717210921653, -1.371127679492007978, -0.6332357091678258998 ) ) ;
#2890 = CARTESIAN_POINT ( 'NONE',  ( 3.645820499811767590, -1.499999999999998668, 0.8660254037844369313 ) ) ;
#2891 = CARTESIAN_POINT ( 'NONE',  ( 3.958325999892436720, -1.175249999999998129, 0.6785309038651060609 ) ) ;
#2892 = CARTESIAN_POINT ( 'NONE',  ( 1.924999999999876366, 0.9143162037732740499, -1.257960418408146319 ) ) ;
#2893 = CARTESIAN_POINT ( 'NONE',  ( 3.437494499919330870, -1.175249999999997907, -1.439266150697924440E-16 ) ) ;
#2894 = CARTESIAN_POINT ( 'NONE',  ( 6.899250000000001215, -1.041069188233228360, 0.5453324745615305558 ) ) ;
#2895 = CARTESIAN_POINT ( 'NONE',  ( 6.791659333225770645, 1.175249999999997463, 0.6785309038651070601 ) ) ;
#2896 = CARTESIAN_POINT ( 'NONE',  ( 1.353998908224476772, -0.2831766462378377258, 1.749698527432682393 ) ) ;
#2897 = CARTESIAN_POINT ( 'NONE',  ( 2.193670534269955841, 0.8101340676913679761, -0.9290020647476591176 ) ) ;
#2898 = CARTESIAN_POINT ( 'NONE',  ( 3.499992666559103238, -1.175249999999997907, -1.439266150697924440E-16 ) ) ;
#2899 = CARTESIAN_POINT ( 'NONE',  ( -1.486534139283134152E-16, -1.359077177856099050, 2.359433474564059274 ) ) ;
#2900 = CARTESIAN_POINT ( 'NONE',  ( 0.5999999999999996447, 0.7852436613724323999, -2.921918026569215066 ) ) ;
#2901 = CARTESIAN_POINT ( 'NONE',  ( 5.937494499919330870, -1.175249999999997907, -1.439266150697924440E-16 ) ) ;
#2902 = CONICAL_SURFACE ( 'NONE', #3136, 1732.050807568901064, 1.047197551196603627 ) ;
#2903 = CARTESIAN_POINT ( 'NONE',  ( 2.499999999999999556, 1.499999999999997780, 0.000000000000000000 ) ) ;
#2904 = CARTESIAN_POINT ( 'NONE',  ( 0.3999999999999998002, -1.843640166273154080, -2.399000520846130691 ) ) ;
#2905 = EDGE_LOOP ( 'NONE', ( #323 ) ) ;
#2906 = CARTESIAN_POINT ( 'NONE',  ( 1.953360086363735482, -0.5281441743496506636, 1.414908956574383758 ) ) ;
#2907 = CARTESIAN_POINT ( 'NONE',  ( 3.895820499811768478, 1.499999999999998224, -0.8660254037844371533 ) ) ;
#2908 = CARTESIAN_POINT ( 'NONE',  ( 2.604161166585997389, 0.5876249999999990647, -1.017796355797659702 ) ) ;
#2909 = CARTESIAN_POINT ( 'NONE',  ( 1.243693608804995021, 1.154700538379251684, 8.475088043082009923E-17 ) ) ;
#2910 = CARTESIAN_POINT ( 'NONE',  ( 5.541659333225769757, -1.175249999999997463, -0.6785309038651067270 ) ) ;
#2911 = CARTESIAN_POINT ( 'NONE',  ( 1.737499999999946754, -1.674748764399079937, 0.2635486031168158827 ) ) ;
#2912 = CARTESIAN_POINT ( 'NONE',  ( 3.854161166585997833, -0.5876249999999995088, 1.017796355797659480 ) ) ;
#2913 = DIRECTION ( 'NONE',  ( 0.000000000000000000, 0.000000000000000000, -1.000000000000000000 ) ) ;
#2914 = CARTESIAN_POINT ( 'NONE',  ( 5.374992666559104570, -2.409647424062799805E-16, 1.357061807730212788 ) ) ;
#2915 = CARTESIAN_POINT ( 'NONE',  ( 1.897340365563119136, -0.9053836038174832845, 1.052851567392373067 ) ) ;
#2916 = CARTESIAN_POINT ( 'NONE',  ( 2.186623347011320107, 0.7289590037064200834, -1.002033797172853236 ) ) ;
#2917 = CARTESIAN_POINT ( 'NONE',  ( 4.333325999892436720, 0.5876249999999980655, 1.017796355797660368 ) ) ;
#2918 = CARTESIAN_POINT ( 'NONE',  ( -1.507580185969801341E-16, 1.734723475976807094E-15, -2.700000000000000178 ) ) ;
#2919 = CARTESIAN_POINT ( 'NONE',  ( 0.9999999999999996669, 2.921918026569260807, 0.7852436613724830261 ) ) ;
#2920 = CARTESIAN_POINT ( 'NONE',  ( 6.729161166585996945, 1.175249999999997463, 0.6785309038651070601 ) ) ;
#2921 = CARTESIAN_POINT ( 'NONE',  ( 2.187380905246622653, 1.175370022539085957, -0.002138576996384540518 ) ) ;
#2922 = CARTESIAN_POINT ( 'NONE',  ( 5.359368124899160257, -2.352485743762553606E-16, 1.325812724410326382 ) ) ;
#2923 = CARTESIAN_POINT ( 'NONE',  ( 1.652697542704119504, 0.3214302453292836037, -1.590689772990725670 ) ) ;
#2924 = FACE_OUTER_BOUND ( 'NONE', #3027, .T. ) ;
#2925 = VERTEX_POINT ( 'NONE', #2334 ) ;
#2926 = CARTESIAN_POINT ( 'NONE',  ( 2.102298825955618788, -0.5453440739982737817, -1.185793394346792873 ) ) ;
#2927 = CARTESIAN_POINT ( 'NONE',  ( 2.604153833145101071, -0.7499999999999996669, 1.299038105676656008 ) ) ;
#2928 = DIRECTION ( 'NONE',  ( 0.000000000000000000, 0.000000000000000000, -1.000000000000000000 ) ) ;
#2929 = CARTESIAN_POINT ( 'NONE',  ( 0.5999999999999999778, -0.7852436530778408308, 2.921918030004946765 ) ) ;
#2930 = CARTESIAN_POINT ( 'NONE',  ( 6.499992666559103682, -1.175249999999997907, -1.439266150697924440E-16 ) ) ;
#2931 = ADVANCED_FACE ( 'NONE', ( #694 ), #699, .T. ) ;
#2932 = CARTESIAN_POINT ( 'NONE',  ( 1.946093749999878497, 1.198331855979275051, -0.9639067041600990482 ) ) ;
#2933 = CARTESIAN_POINT ( 'NONE',  ( 2.604161166585997389, 0.5876249999999990647, -1.017796355797659702 ) ) ;
#2934 = CARTESIAN_POINT ( 'NONE',  ( 1.953537598859980795, -1.332942829429105913, 0.2068940036059670473 ) ) ;
#2935 = CARTESIAN_POINT ( 'NONE',  ( 4.249992666559102794, 1.175249999999997907, 0.000000000000000000 ) ) ;
#2936 = CARTESIAN_POINT ( 'NONE',  ( -1.466860705559117993E-16, -2.629516000996862779, -0.7074133569164153812 ) ) ;
#2937 = CARTESIAN_POINT ( 'NONE',  ( 0.5999999999999996447, 1.510856932818113840, -2.621359168498502701 ) ) ;
#2938 = CARTESIAN_POINT ( 'NONE',  ( 6.520827833252663908, -0.5876249999999987317, -1.017796355797659924 ) ) ;
#2939 = CARTESIAN_POINT ( 'NONE',  ( 2.666666666666666075, -0.7499999999999995559, 1.299038105676655785 ) ) ;
#2940 = CARTESIAN_POINT ( 'NONE',  ( 5.109368124899161145, 8.909474891792589774E-17, -1.325812724410326382 ) ) ;
#2941 = CARTESIAN_POINT ( 'NONE',  ( 1.708898613205142247, 1.246060511197687015, -0.9765459800516573807 ) ) ;
#2942 = CARTESIAN_POINT ( 'NONE',  ( 6.574499999999997790, 0.8984594842372308765, 1.201153843262453336 ) ) ;
#2943 = ORIENTED_EDGE ( 'NONE', *, *, #3021, .F. ) ;
#2944 = CARTESIAN_POINT ( 'NONE',  ( 1.811967753413773030, 1.211227284154123840, 0.8847975225763342610 ) ) ;
#2945 = CARTESIAN_POINT ( 'NONE',  ( 2.562487166478434553, -3.142044213594587404E-16, 1.732050807568874973 ) ) ;
#2946 = FACE_OUTER_BOUND ( 'NONE', #2563, .T. ) ;
#2947 = CARTESIAN_POINT ( 'NONE',  ( 4.666659333225769757, 0.5876249999999990647, -1.017796355797659702 ) ) ;
#2948 = CARTESIAN_POINT ( 'NONE',  ( 1.165625000000054090, -1.025169226064911676, 1.831321443043271380 ) ) ;
#2949 = CARTESIAN_POINT ( 'NONE',  ( 3.354161166585997833, -0.5876249999999995088, 1.017796355797659480 ) ) ;
#2950 = CARTESIAN_POINT ( 'NONE',  ( 4.374992666559102794, -2.425132966039059465E-16, 1.357061807730212788 ) ) ;
#2951 = AXIS2_PLACEMENT_3D ( 'NONE', #2594, #1116, #2234 ) ;
#2952 = CARTESIAN_POINT ( 'NONE',  ( 2.220009239505240650, 1.133572533844943386, -0.2708778671617840805 ) ) ;
#2953 = CARTESIAN_POINT ( 'NONE',  ( 6.901001910826164654, -1.044133500787560953, 0.5356367030034374643 ) ) ;
#2954 = CARTESIAN_POINT ( 'NONE',  ( 0.05416291408154099568, -0.3897244310392121713, 1.000000000000000000 ) ) ;
#2955 = CARTESIAN_POINT ( 'NONE',  ( 0.9999999999999996669, -2.921918026569199967, 0.7852436613724529391 ) ) ;
#2956 = CARTESIAN_POINT ( 'NONE',  ( 3.937494499919331314, -1.175249999999997907, -1.439266150697924440E-16 ) ) ;
#2957 = CARTESIAN_POINT ( 'NONE',  ( 2.199010902333702777, 1.156861480084339755, 0.2163998375225285042 ) ) ;
#2958 = CARTESIAN_POINT ( 'NONE',  ( 6.359368124899161145, -2.337000201786293453E-16, 1.325812724410326382 ) ) ;
#2959 = CARTESIAN_POINT ( 'NONE',  ( 1.605954460862660138, -0.6264608732073693176, -1.532761339446684801 ) ) ;
#2960 = CARTESIAN_POINT ( 'NONE',  ( 1.278560403205111440, -0.3857588085834557923, -1.000000000000000000 ) ) ;
#2961 = CARTESIAN_POINT ( 'NONE',  ( 1.978949301525582127, -0.8409831310721578301, 1.254452469225500133 ) ) ;
#2962 = CARTESIAN_POINT ( 'NONE',  ( 4.062487166478435441, -3.118815900630198407E-16, 1.732050807568874973 ) ) ;
#2963 = CARTESIAN_POINT ( 'NONE',  ( -8.164656124110223655E-18, -0.5773502691896259531, 1.000000000000000000 ) ) ;
#2964 = CARTESIAN_POINT ( 'NONE',  ( 0.5999999999999998668, -1.843640159924745392, 2.399000527194540044 ) ) ;
#2965 = CARTESIAN_POINT ( 'NONE',  ( 4.458325999892436720, -1.175249999999998129, 0.6785309038651060609 ) ) ;
#2966 = CARTESIAN_POINT ( 'NONE',  ( 1.362499999999948530, -0.3068890192247963333, -1.935757793907084912 ) ) ;
#2967 = CARTESIAN_POINT ( 'NONE',  ( 5.619785708245939482, 0.5740937499999999583, -0.9943595433077447865 ) ) ;
#2968 = CARTESIAN_POINT ( 'NONE',  ( 4.458325999892436720, -1.175249999999998352, 0.6785309038651060609 ) ) ;
#2969 = CARTESIAN_POINT ( 'NONE',  ( 2.233258450607773060, 1.149258029627872713, -0.02090078767633158849 ) ) ;
#2970 = CARTESIAN_POINT ( 'NONE',  ( 6.864648312709304534, 0.1458864223437148500, 1.272834242518957826 ) ) ;
#2971 = CARTESIAN_POINT ( 'NONE',  ( 0.05442668078526844561, 1.060430761978163217, 0.1632800423448425575 ) ) ;
#2972 = CARTESIAN_POINT ( 'NONE',  ( 2.520827833252664796, -0.5876249999999987317, -1.017796355797659924 ) ) ;
#2973 = CARTESIAN_POINT ( 'NONE',  ( 1.712113758964329824, 1.514532721371487201, 0.2457229679510739284 ) ) ;
#2974 = CARTESIAN_POINT ( 'NONE',  ( 2.234368124899160701, 1.148187499999999917, 0.000000000000000000 ) ) ;
#2975 = EDGE_CURVE ( 'NONE', #2805, #3320, #708, .T. ) ;
#2976 = CARTESIAN_POINT ( 'NONE',  ( 2.385674325715970934, 1.237261032804643168, -0.9352197027737714219 ) ) ;
#2977 = CARTESIAN_POINT ( 'NONE',  ( 1.243693608804995021, 0.5773502691896258421, 1.000000000000000000 ) ) ;
#2978 = CARTESIAN_POINT ( 'NONE',  ( 5.791666666666665186, -1.499999999999997335, -0.8660254037844378194 ) ) ;
#2979 = CARTESIAN_POINT ( 'NONE',  ( -8.164656124110223655E-18, -0.5773502691896263972, -1.000000000000000000 ) ) ;
#2980 = CARTESIAN_POINT ( 'NONE',  ( 1.796416017923430308, 0.5056295363823196665, 1.385406829088325242 ) ) ;
#2981 = CARTESIAN_POINT ( 'NONE',  ( 3.124992666559103238, 8.793529046544679536E-17, -1.357061807730213010 ) ) ;
#2982 = CARTESIAN_POINT ( 'NONE',  ( 2.204654938249260621, 1.147340376618672497, 0.3224210299635718591 ) ) ;
#2983 = CARTESIAN_POINT ( 'NONE',  ( 7.203119041579273407, 1.148187499999999917, 0.000000000000000000 ) ) ;
#2984 = CARTESIAN_POINT ( 'NONE',  ( 2.012863177359677014, -1.303853635789227194, -0.2635423397055788319 ) ) ;
#2985 = CARTESIAN_POINT ( 'NONE',  ( 1.718360686377448099, 1.347728539080321752, -0.8177702401575299707 ) ) ;
#2986 = CARTESIAN_POINT ( 'NONE',  ( 6.541659333225770645, -1.175249999999997463, -0.6785309038651067270 ) ) ;
#2987 = CARTESIAN_POINT ( 'NONE',  ( 4.812487166478435441, 1.135099210751618821E-16, -1.732050807568874973 ) ) ;
#2988 = DIRECTION ( 'NONE',  ( 0.000000000000000000, 0.000000000000000000, 1.000000000000000000 ) ) ;
#2989 = CARTESIAN_POINT ( 'NONE',  ( 4.229161166585996945, 1.175249999999997463, 0.6785309038651070601 ) ) ;
#2990 = CARTESIAN_POINT ( 'NONE',  ( 1.730748862692110146, 1.404178708396035757, 0.5851257711384425519 ) ) ;
#2991 = CARTESIAN_POINT ( 'NONE',  ( 4.567701458232494183, -0.5740937499999996252, -0.9943595433077451196 ) ) ;
#2992 = CARTESIAN_POINT ( 'NONE',  ( 2.425755156879676022, 1.495573860691090218, -0.2215417236561445791 ) ) ;
#2993 = CARTESIAN_POINT ( 'NONE',  ( -5.421010862427522170E-17, -1.843640166273192271, -2.399000520846169326 ) ) ;
#2994 = EDGE_CURVE ( 'NONE', #509, #509, #3356, .T. ) ;
#2995 = CARTESIAN_POINT ( 'NONE',  ( 4.791666666666666963, -1.499999999999997335, -0.8660254037844378194 ) ) ;
#2996 = DIRECTION ( 'NONE',  ( 0.000000000000000000, -1.000000000000000000, 0.000000000000000000 ) ) ;
#2997 =( NAMED_UNIT ( * ) PLANE_ANGLE_UNIT ( ) SI_UNIT ( $, .RADIAN. ) );
#2998 = CARTESIAN_POINT ( 'NONE',  ( 2.666659333225769757, 0.5876249999999990647, -1.017796355797659702 ) ) ;
#2999 = CARTESIAN_POINT ( 'NONE',  ( 2.240837248914252733, 1.172856919417913257, -0.1728890370449921166 ) ) ;
#3000 = CARTESIAN_POINT ( 'NONE',  ( 2.240776768108901695, 1.086405314437710823, 1.000956661594289088 ) ) ;
#3001 = CARTESIAN_POINT ( 'NONE',  ( 4.953119041579273407, -1.148187499999999917, -1.406124146696001694E-16 ) ) ;
#3002 = CARTESIAN_POINT ( 'NONE',  ( 1.984764339840138003, -1.334131458334723241, 0.2068581452197348070 ) ) ;
#3003 = CARTESIAN_POINT ( 'NONE',  ( 1.540294362901615255, -1.595071420394800654, -0.5944940553991328036 ) ) ;
#3004 = CARTESIAN_POINT ( 'NONE',  ( -8.164656124110223655E-18, 0.5773502691896256200, 1.000000000000000444 ) ) ;
#3005 = CARTESIAN_POINT ( 'NONE',  ( 0.9999999999999995559, 0.7067192952352108204, -2.629726223912290717 ) ) ;
#3006 = ORIENTED_EDGE ( 'NONE', *, *, #929, .F. ) ;
#3007 = CIRCLE ( 'NONE', #3407, 1.499999999999997780 ) ;
#3008 = CARTESIAN_POINT ( 'NONE',  ( 4.395827833252664796, -1.175249999999998352, 0.6785309038651060609 ) ) ;
#3009 = CARTESIAN_POINT ( 'NONE',  ( 2.169084096871178868, 1.144400189355231801, -0.3465990499804569858 ) ) ;
#3010 = CARTESIAN_POINT ( 'NONE',  ( 2.317701458232494627, 0.5740937499999990701, 0.9943595433077454526 ) ) ;
#3011 = CARTESIAN_POINT ( 'NONE',  ( 2.437839906657196298, 1.499633992820298856, 0.006641165958590432815 ) ) ;
#3012 = CONICAL_SURFACE ( 'NONE', #3184, 1732.050807568901064, 1.047197551196603627 ) ;
#3013 = CARTESIAN_POINT ( 'NONE',  ( 5.500000000000000000, 1.499999999999997780, 0.000000000000000000 ) ) ;
#3014 = DIRECTION ( 'NONE',  ( -1.000000000000000000, -1.548554197625976421E-18, -0.000000000000000000 ) ) ;
#3015 = CARTESIAN_POINT ( 'NONE',  ( 0.9999999999999995559, 2.699928614742730382, -0.3527074872414178164 ) ) ;
#3016 =( LENGTH_UNIT ( ) NAMED_UNIT ( * ) SI_UNIT ( .MILLI., .METRE. ) );
#3017 = MECHANICAL_DESIGN_GEOMETRIC_PRESENTATION_REPRESENTATION (  '', ( #1213 ), #2613 ) ;
#3018 = CARTESIAN_POINT ( 'NONE',  ( 2.916659333225770201, -0.5876249999999995088, 1.017796355797659480 ) ) ;
#3019 = CARTESIAN_POINT ( 'NONE',  ( 2.231574953055641242, 1.145355187317425694, -0.3468034870855017382 ) ) ;
#3021 = EDGE_CURVE ( 'NONE', #2635, #392, #1899, .T. ) ;
#3020 = CARTESIAN_POINT ( 'NONE',  ( 2.209170166981645256, 1.139723493846164670, 0.4072379839164469995 ) ) ;
#3022 = CARTESIAN_POINT ( 'NONE',  ( 4.578119041579272519, 8.827208091996591238E-17, -1.325812724410326382 ) ) ;
#3023 = CARTESIAN_POINT ( 'NONE',  ( 2.242422945921453969, 1.135419307418535917, 0.1513608556811303074 ) ) ;
#3024 = CARTESIAN_POINT ( 'NONE',  ( 1.427889701612484963, -0.8760975623233083764, 1.551388130417632905 ) ) ;
#3025 = CARTESIAN_POINT ( 'NONE',  ( 4.895820499811767590, 1.499999999999997780, -0.8660254037844371533 ) ) ;
#3026 = CARTESIAN_POINT ( 'NONE',  ( 0.9999999999999995559, -1.359771239536273102, -2.359223251648658426 ) ) ;
#3027 = EDGE_LOOP ( 'NONE', ( #3126, #2035, #1561, #1892 ) ) ;
#3028 = CARTESIAN_POINT ( 'NONE',  ( 3.729161166585997389, 1.175249999999997463, 0.6785309038651070601 ) ) ;
#3029 = CARTESIAN_POINT ( 'NONE',  ( 1.786948168261715653, 0.6700570036450804734, 1.321331317276464468 ) ) ;
#3030 = CARTESIAN_POINT ( 'NONE',  ( 4.734368124899161145, 1.148187499999999917, 0.000000000000000000 ) ) ;
#3031 = CARTESIAN_POINT ( 'NONE',  ( 2.230930181544595658, -1.423365411235432587, -0.8772547064852119769 ) ) ;
#3032 = CARTESIAN_POINT ( 'NONE',  ( 0.3999999999999998002, 2.621359168498595071, -1.510856932817892462 ) ) ;
#3033 = CARTESIAN_POINT ( 'NONE',  ( 5.958333333333333037, 1.499999999999997780, -0.8660254037844371533 ) ) ;
#3034 = CARTESIAN_POINT ( 'NONE',  ( 4.874999999999999112, 1.136067255859171526E-16, -1.732050807568874973 ) ) ;
#3035 = CARTESIAN_POINT ( 'NONE',  ( 0.9999999999999995559, 1.659836930199208638, 2.158640642207232396 ) ) ;
#3036 = ORIENTED_EDGE ( 'NONE', *, *, #177, .T. ) ;
#3037 = CARTESIAN_POINT ( 'NONE',  ( 1.278716660926762838, -0.6735753140545633899, 0.8333333333333333703 ) ) ;
#3038 = CARTESIAN_POINT ( 'NONE',  ( 2.666659333225769757, 0.5876249999999990647, -1.017796355797659702 ) ) ;
#3039 = CARTESIAN_POINT ( 'NONE',  ( 2.138257759483476406, 0.8836766558043056552, -0.8490599548169703858 ) ) ;
#3040 = CARTESIAN_POINT ( 'NONE',  ( 5.161452374912606444, 1.148187499999999917, -0.6629063622051631910 ) ) ;
#3041 = CARTESIAN_POINT ( 'NONE',  ( 2.250546332406432093, 1.174594063556289925, 0.01041870746977317623 ) ) ;
#3042 = CARTESIAN_POINT ( 'NONE',  ( 1.933699950420353142, -0.7935927374295805858, 1.182728807760941026 ) ) ;
#3043 = CARTESIAN_POINT ( 'NONE',  ( 4.937487166478434553, 1.499999999999998002, 0.000000000000000000 ) ) ;
#3044 = CARTESIAN_POINT ( 'NONE',  ( 6.774212348729675703, 1.084901482231861891, -0.7388547860796581546 ) ) ;
#3045 = CARTESIAN_POINT ( 'NONE',  ( 0.3999999999999996891, 0.3926990816987243060, -2.999999999999999556 ) ) ;
#3046 = B_SPLINE_CURVE_WITH_KNOTS ( 'NONE', 3,
 ( #1828, #978, #2671, #3198, #1014, #3250, #2105, #759 ),
 .UNSPECIFIED., .F., .F.,
 ( 4, 2, 2, 4 ),
 ( 0.0009900442231526689063, 0.001573880837411543478, 0.001865799144540980763, 0.002157717451670418049 ),
 .UNSPECIFIED. ) ;
#3047 = CARTESIAN_POINT ( 'NONE',  ( 1.980354622261214947, 1.374379628376541040, -0.6074647524071531413 ) ) ;
#3048 = CARTESIAN_POINT ( 'NONE',  ( 2.077422877100886467, 0.05279387873281850274, -1.275226637557821174 ) ) ;
#3049 = CARTESIAN_POINT ( 'NONE',  ( 3.067701458232494627, -0.5740937499999996252, -0.9943595433077451196 ) ) ;
#3050 = CARTESIAN_POINT ( 'NONE',  ( 2.382118532037034608, 1.197646724504530580, -0.9912237045970333504 ) ) ;
#3051 = CARTESIAN_POINT ( 'NONE',  ( 9.417086618115283468E-15, -2.921918026569260807, 0.7852436613724830261 ) ) ;
#3052 = CARTESIAN_POINT ( 'NONE',  ( 5.541666666666666075, 1.499999999999997335, 0.8660254037844380415 ) ) ;
#3053 = CARTESIAN_POINT ( 'NONE',  ( 4.916666666666666075, 0.7499999999999991118, -1.299038105676656008 ) ) ;
#3054 = CARTESIAN_POINT ( 'NONE',  ( 0.9999999999999995559, -0.7073587210066150099, 2.629384098239620826 ) ) ;
#3055 = CARTESIAN_POINT ( 'NONE',  ( 6.999999999999999112, -1.074499999999999345, 0.000000000000000000 ) ) ;
#3056 = ORIENTED_EDGE ( 'NONE', *, *, #1531, .T. ) ;
#3057 = CARTESIAN_POINT ( 'NONE',  ( 2.791659333225770201, 1.175249999999997463, 0.6785309038651070601 ) ) ;
#3058 = CARTESIAN_POINT ( 'NONE',  ( 3.666659333225769757, 0.5876249999999990647, -1.017796355797659702 ) ) ;
#3059 = CARTESIAN_POINT ( 'NONE',  ( 1.824516707823713224, -0.004914394280719280167, 1.454936422532458362 ) ) ;
#3060 = CARTESIAN_POINT ( 'NONE',  ( 4.036452374912607333, -0.5740937499999996252, -0.9943595433077451196 ) ) ;
#3061 = CARTESIAN_POINT ( 'NONE',  ( 1.900467807639785622, -0.4927779139247034368, 1.320690418952883638 ) ) ;
#3062 = CARTESIAN_POINT ( 'NONE',  ( 1.381138522506677457, 0.1330684920716175834, 1.809784172367262300 ) ) ;
#3063 = CARTESIAN_POINT ( 'NONE',  ( 2.645820499811768922, -1.499999999999998446, 0.8660254037844369313 ) ) ;
#3064 = CARTESIAN_POINT ( 'NONE',  ( 6.562494499919331759, 9.325844835884375801E-17, -1.357061807730212788 ) ) ;
#3065 = CARTESIAN_POINT ( 'NONE',  ( 6.883008897946612414, -1.010498192535835615, 0.6386954764684957819 ) ) ;
#3066 = CARTESIAN_POINT ( 'NONE',  ( 1.421647397527360024, -1.633768961600709835, 0.5973370076204650436 ) ) ;
#3067 = CARTESIAN_POINT ( 'NONE',  ( 5.708325999892436720, 1.175249999999998129, -0.6785309038651062830 ) ) ;
#3068 = DIRECTION ( 'NONE',  ( -1.000000000000000000, -7.070799616643647036E-18, 0.000000000000000000 ) ) ;
#3069 = CARTESIAN_POINT ( 'NONE',  ( 0.3999999999999998002, -0.3926990727204555665, -3.000000000000000444 ) ) ;
#3070 = CARTESIAN_POINT ( 'NONE',  ( 2.333333333333333037, -0.7499999999999985567, -1.299038105676656230 ) ) ;
#3071 = CARTESIAN_POINT ( 'NONE',  ( 3.041666666666666519, 1.499999999999997335, 0.8660254037844381525 ) ) ;
#3072 = CARTESIAN_POINT ( 'NONE',  ( 0.9999999999999995559, 1.909188309203676992, -1.909188309203679657 ) ) ;
#3073 = CARTESIAN_POINT ( 'NONE',  ( 2.203066928270979385, 0.9089657834881439413, -0.8229021118475150498 ) ) ;
#3074 = CARTESIAN_POINT ( 'NONE',  ( 2.749992666559103682, 1.175249999999997907, 0.000000000000000000 ) ) ;
#3075 = CONICAL_SURFACE ( 'NONE', #1509, 1.074499999999999345, 0.7853981633974460586 ) ;
#3076 = CARTESIAN_POINT ( 'NONE',  ( 4.411452374912605556, -1.148187499999999917, 0.6629063622051628579 ) ) ;
#3077 = CARTESIAN_POINT ( 'NONE',  ( 2.260380021537487849, 1.158593137427355924, 0.1951797067783185013 ) ) ;
#3078 = CARTESIAN_POINT ( 'NONE',  ( 2.138257759483476406, 0.8836766558043056552, -0.8490599548169703858 ) ) ;
#3079 = CARTESIAN_POINT ( 'NONE',  ( 2.001128807179698654, 1.499068466117075227, 0.02126822915287706478 ) ) ;
#3080 = CARTESIAN_POINT ( 'NONE',  ( 7.062494499919330870, 9.403272545765675335E-17, -1.357061807730212788 ) ) ;
#3081 = CARTESIAN_POINT ( 'NONE',  ( 1.947011155727533360, 0.5662720672726472282, -1.400307229188748392 ) ) ;
#3082 = CARTESIAN_POINT ( 'NONE',  ( 2.200897319389699014, 1.149880225506866527, -0.04187689830021946308 ) ) ;
#3083 = CARTESIAN_POINT ( 'NONE',  ( 6.624992666559103682, 9.335523015713771342E-17, -1.357061807730212788 ) ) ;
#3084 = CARTESIAN_POINT ( 'NONE',  ( 2.090289934680958694, -0.6182459284191769155, 1.659927954016906959 ) ) ;
#3085 = CARTESIAN_POINT ( 'NONE',  ( -1.622433233491046032E-16, -2.159100468761514513, 1.659276149645842802 ) ) ;
#3086 = CARTESIAN_POINT ( 'NONE',  ( 2.291666666666665630, -1.499999999999997335, -0.8660254037844378194 ) ) ;
#3087 = EDGE_CURVE ( 'NONE', #1397, #341, #1070, .T. ) ;
#3088 = CARTESIAN_POINT ( 'NONE',  ( 2.251809590456436361, 1.172892364065655224, 0.03417680195127916626 ) ) ;
#3089 = ORIENTED_EDGE ( 'NONE', *, *, #1488, .T. ) ;
#3090 = DIRECTION ( 'NONE',  ( 0.000000000000000000, 0.4999999999999999445, 0.8660254037844387076 ) ) ;
#3091 = B_SPLINE_CURVE_WITH_KNOTS ( 'NONE', 3,
 ( #1305, #1585, #1036, #1815, #3504, #2964, #2163, #2929, #1323, #1548, #2656, #1250, #3537, #1852, #2364, #1869, #1053, #2128, #2385, #3485, #474, #3270, #2638, #200, #3220, #763, #1000, #2422, #728, #1834, #780, #1884, #415, #3521 ),
 .UNSPECIFIED., .T., .F.,
 ( 4, 2, 2, 2, 2, 2, 2, 2, 2, 2, 2, 2, 2, 2, 2, 2, 4 ),
 ( 0.000000000000000000, 0.06249999999999995837, 0.1249999999999999167, 0.1874999999999998890, 0.2499999999999998335, 0.3124999999999997780, 0.3749999999999997780, 0.4374999999999997224, 0.4999999999999996669, 0.5624999999999996669, 0.6249999999999995559, 0.6874999999999996669, 0.7499999999999996669, 0.8124999999999997780, 0.8749999999999998890, 0.9374999999999998890, 1.000000000000000000 ),
 .UNSPECIFIED. ) ;
#3092 = CARTESIAN_POINT ( 'NONE',  ( 6.229153833145101515, -1.499999999999997558, -0.8660254037844379305 ) ) ;
#3093 = CARTESIAN_POINT ( 'NONE',  ( 4.104161166585996945, 0.5876249999999990647, -1.017796355797659702 ) ) ;
#3094 = CARTESIAN_POINT ( 'NONE',  ( 3.328119041579273407, -2.383940736706542211E-16, 1.325812724410326382 ) ) ;
#3095 = CARTESIAN_POINT ( 'NONE',  ( 1.610010530989757216, -0.2476013716552937782, -1.595768657313088479 ) ) ;
#3096 = CARTESIAN_POINT ( 'NONE',  ( 2.157916637928853021, 1.075615941300682721, -0.5488117474382451233 ) ) ;
#3097 = CARTESIAN_POINT ( 'NONE',  ( 3.187487166478435441, -1.499999999999998002, -1.836970198721027469E-16 ) ) ;
#3098 = CARTESIAN_POINT ( 'NONE',  ( 6.899250000000001215, -0.3421011735169777745, 1.124357305120708528 ) ) ;
#3099 = CARTESIAN_POINT ( 'NONE',  ( 0.3999999999999998002, 1.510856941112698859, 2.621359165062773222 ) ) ;
#3100 = CARTESIAN_POINT ( 'NONE',  ( 1.867667466176174740, -1.487055040508387105, -0.2646724675771158219 ) ) ;
#3101 = CARTESIAN_POINT ( 'NONE',  ( 2.160691449921354312, 0.9196921785257355930, -0.7622232159015709385 ) ) ;
#3102 = CARTESIAN_POINT ( 'NONE',  ( 6.458325999892436720, -1.175249999999998352, 0.6785309038651060609 ) ) ;
#3103 = CARTESIAN_POINT ( 'NONE',  ( 1.612102525637964856, -1.246830466384600156, 1.701064478701693528 ) ) ;
#3104 = CARTESIAN_POINT ( 'NONE',  ( -1.626303258728256651E-16, -2.700000000000000178, 3.306546357697853733E-16 ) ) ;
#3105 = CARTESIAN_POINT ( 'NONE',  ( 2.791666666666666075, -1.499999999999997335, -0.8660254037844378194 ) ) ;
#3106 = CARTESIAN_POINT ( 'NONE',  ( 2.249424449582472896, 1.175840133750158278, -0.01069894859980845964 ) ) ;
#3107 = ORIENTED_EDGE ( 'NONE', *, *, #3283, .F. ) ;
#3108 = DIRECTION ( 'NONE',  ( 1.000000000000000000, -0.000000000000000000, -0.000000000000000000 ) ) ;
#3109 = CARTESIAN_POINT ( 'NONE',  ( 6.020820499811767590, 0.7499999999999980016, 1.299038105676656896 ) ) ;
#3110 = CARTESIAN_POINT ( 'NONE',  ( 2.203066928270979385, 0.9089657834881439413, -0.8229021118475150498 ) ) ;
#3111 = CARTESIAN_POINT ( 'NONE',  ( 5.187494499919330870, 1.175249999999997907, 0.000000000000000000 ) ) ;
#3112 = CARTESIAN_POINT ( 'NONE',  ( 3.203119041579272519, 1.148187499999999917, 0.000000000000000000 ) ) ;
#3113 = CARTESIAN_POINT ( 'NONE',  ( 2.285213779565754777, 1.116700282178286319, 0.6616729535200917001 ) ) ;
#3114 = CARTESIAN_POINT ( 'NONE',  ( 1.955544963425791760, -1.358105147658332568, -0.1084733895844214036 ) ) ;
#3115 = CARTESIAN_POINT ( 'NONE',  ( 3.645820499811768034, -1.499999999999998446, 0.8660254037844369313 ) ) ;
#3116 = PLANE ( 'NONE',  #689 ) ;
#3117 = CARTESIAN_POINT ( 'NONE',  ( 1.788354274987490999, 0.05009969997555631382, 1.509723555769463710 ) ) ;
#3118 = CARTESIAN_POINT ( 'NONE',  ( 2.157210867210927141, 0.8875622064636787822, -0.8036830310104082775 ) ) ;
#3119 = CARTESIAN_POINT ( 'NONE',  ( 4.833325999892436720, 0.5876249999999980655, 1.017796355797660368 ) ) ;
#3120 = CARTESIAN_POINT ( 'NONE',  ( 1.687117673677578589, -2.056131675126350533, -0.006203014760862489083 ) ) ;
#3121 = CARTESIAN_POINT ( 'NONE',  ( 0.5999999999999996447, 2.399000520846169771, 1.843640166273115888 ) ) ;
#3122 = CARTESIAN_POINT ( 'NONE',  ( 3.833333333333332593, -0.7499999999999985567, -1.299038105676656230 ) ) ;
#3123 = CARTESIAN_POINT ( 'NONE',  ( 3.708333333333332593, -1.499999999999998224, 0.8660254037844368202 ) ) ;
#3124 = CARTESIAN_POINT ( 'NONE',  ( 2.250884498473271211, 1.174165387943992611, 0.01678036372887447419 ) ) ;
#3125 = CARTESIAN_POINT ( 'NONE',  ( 1.965019977003041207, -1.328923728117445968, -0.2681458888366206605 ) ) ;
#3126 = ORIENTED_EDGE ( 'NONE', *, *, #2975, .F. ) ;
#3127 = CARTESIAN_POINT ( 'NONE',  ( 1.243693608804994799, -0.5773502691896258421, -1.000000000000000000 ) ) ;
#3128 = CARTESIAN_POINT ( 'NONE',  ( 6.979153833145102404, 1.499999999999997558, 0.8660254037844383745 ) ) ;
#3129 = CARTESIAN_POINT ( 'NONE',  ( 6.229161166585996945, 1.175249999999997463, 0.6785309038651070601 ) ) ;
#3130 = CIRCLE ( 'NONE', #1563, 1.154700538379251684 ) ;
#3131 = CARTESIAN_POINT ( 'NONE',  ( 4.453119041579273407, -1.148187499999999917, -1.406124146696001694E-16 ) ) ;
#3132 = ADVANCED_FACE ( 'NONE', ( #446 ), #2902, .F. ) ;
#3133 = CARTESIAN_POINT ( 'NONE',  ( 3.562487166478435441, -3.126558671618327744E-16, 1.732050807568874973 ) ) ;
#3134 = CARTESIAN_POINT ( 'NONE',  ( 5.354161166585996945, -0.5876249999999995088, 1.017796355797659480 ) ) ;
#3135 = CARTESIAN_POINT ( 'NONE',  ( 1.761046659917640422, 1.433465670798955927, 0.4418150552445531121 ) ) ;
#3136 = AXIS2_PLACEMENT_3D ( 'NONE', #2086, #2064, #1224 ) ;
#3137 = CARTESIAN_POINT ( 'NONE',  ( 6.541659333225770645, -1.175249999999997907, -0.6785309038651068381 ) ) ;
#3138 = CARTESIAN_POINT ( 'NONE',  ( 2.238265355122486255, 1.089804292458247836, 0.6602705255272893758 ) ) ;
#3139 = CARTESIAN_POINT ( 'NONE',  ( 6.999992666559102794, -1.175249999999997907, -1.439266150697924440E-16 ) ) ;
#3140 = CARTESIAN_POINT ( 'NONE',  ( 2.034033246759425761, 0.6212450913061732249, 1.701173358785182277 ) ) ;
#3141 = CARTESIAN_POINT ( 'NONE',  ( -1.628397701294103304E-16, 2.629726223912287164, 0.7067192952352117086 ) ) ;
#3142 = CARTESIAN_POINT ( 'NONE',  ( 5.187494499919330870, 1.175249999999997907, 0.000000000000000000 ) ) ;
#3143 = CARTESIAN_POINT ( 'NONE',  ( 2.245431248783551048, 1.177207956698421043, -0.08606121809198039041 ) ) ;
#3144 = CARTESIAN_POINT ( 'NONE',  ( 1.505948804909856609, -1.274487840224395985, -1.094567582576305931 ) ) ;
#3145 = EDGE_LOOP ( 'NONE', ( #1112, #3107 ) ) ;
#3146 = CARTESIAN_POINT ( 'NONE',  ( 2.214814203173229856, 1.028447548938318912, -0.6449812331994232428 ) ) ;
#3147 = CARTESIAN_POINT ( 'NONE',  ( 2.249992666559103238, 1.175249999999997907, 0.000000000000000000 ) ) ;
#3148 = CARTESIAN_POINT ( 'NONE',  ( 4.270827833252664796, 0.5876249999999980655, 1.017796355797660368 ) ) ;
#3149 = CARTESIAN_POINT ( 'NONE',  ( 1.948437499999777112, 1.224821901805143387, -0.9271938017852576763 ) ) ;
#3150 = CARTESIAN_POINT ( 'NONE',  ( 3.645827833252663908, 1.175249999999998129, -0.6785309038651062830 ) ) ;
#3151 = CARTESIAN_POINT ( 'NONE',  ( 0.3999999999999999667, -2.399000527194540933, 1.843640159924744060 ) ) ;
#3152 = CARTESIAN_POINT ( 'NONE',  ( 6.374992666559103682, -2.394161882086540145E-16, 1.357061807730212788 ) ) ;
#3153 = CARTESIAN_POINT ( 'NONE',  ( 1.634982744692685674, 0.8260569322230623124, -1.339777859347258460 ) ) ;
#3154 = CARTESIAN_POINT ( 'NONE',  ( 2.416659333225769757, -0.5876249999999995088, 1.017796355797659480 ) ) ;
#3155 = CARTESIAN_POINT ( 'NONE',  ( -1.486533293216471939E-16, -1.359131813765115160, -2.359565377321226620 ) ) ;
#3156 = CARTESIAN_POINT ( 'NONE',  ( 0.5999999999999996447, 1.510856932818117171, 2.621359168498501813 ) ) ;
#3157 = CARTESIAN_POINT ( 'NONE',  ( 6.562494499919331759, 9.325844835884375801E-17, -1.357061807730212788 ) ) ;
#3158 = CARTESIAN_POINT ( 'NONE',  ( 2.185218318859549758, 1.176892319326802827, -0.04290788016589215659 ) ) ;
#3159 = CARTESIAN_POINT ( 'NONE',  ( 2.460061628366517539, 1.463338187237017030, 0.4241465811100544880 ) ) ;
#3160 = CARTESIAN_POINT ( 'NONE',  ( 1.758848545109967798, 1.100420128257229679, 1.021358381729111420 ) ) ;
#3161 = VERTEX_POINT ( 'NONE', #466 ) ;
#3162 = CARTESIAN_POINT ( 'NONE',  ( 1.830765986565010994, 0.9676724405929474360, 1.142214699744027895 ) ) ;
#3163 = CARTESIAN_POINT ( 'NONE',  ( 2.416659333225769757, -0.5876249999999995088, 1.017796355797659480 ) ) ;
#3164 = CARTESIAN_POINT ( 'NONE',  ( 6.187494499919330870, 1.175249999999997907, 0.000000000000000000 ) ) ;
#3165 = CARTESIAN_POINT ( 'NONE',  ( 4.083325999892436720, -0.5876249999999987317, -1.017796355797659924 ) ) ;
#3166 = CARTESIAN_POINT ( 'NONE',  ( 1.999633789060115241, 1.500240544819825272, -0.006903938101068970989 ) ) ;
#3167 = CARTESIAN_POINT ( 'NONE',  ( 4.062494499919331759, 8.938706286477883063E-17, -1.357061807730212788 ) ) ;
#3168 = DIRECTION ( 'NONE',  ( 1.000000000000000000, -0.000000000000000000, -0.000000000000000000 ) ) ;
#3169 = CARTESIAN_POINT ( 'NONE',  ( -999.3333333333332575, 0.000000000000000000, 0.000000000000000000 ) ) ;
#3170 = PRODUCT_DEFINITION_SHAPE ( 'NONE', 'NONE',  #1969 ) ;
#3171 = CARTESIAN_POINT ( 'NONE',  ( 1.578786739673369466, -0.2478274388198137557, -1.594523303232434408 ) ) ;
#3172 = CARTESIAN_POINT ( 'NONE',  ( 2.916659333225770201, -0.5876249999999995088, 1.017796355797659480 ) ) ;
#3173 = CARTESIAN_POINT ( 'NONE',  ( 0.04938988834700432096, 0.3894467518565811748, 1.000000000000000000 ) ) ;
#3174 = CARTESIAN_POINT ( 'NONE',  ( 0.9999999999999992228, -0.3926990727206982612, -3.000000000000000000 ) ) ;
#3175 = CARTESIAN_POINT ( 'NONE',  ( 5.895827833252664796, -1.175249999999998352, 0.6785309038651060609 ) ) ;
#3176 = CARTESIAN_POINT ( 'NONE',  ( 2.624999999999999556, -3.141076168487033960E-16, 1.732050807568874973 ) ) ;
#3177 = CARTESIAN_POINT ( 'NONE',  ( 0.3999999999999998002, -2.621359168498542669, -1.510856932818019915 ) ) ;
#3178 = ORIENTED_EDGE ( 'NONE', *, *, #2555, .T. ) ;
#3179 = CARTESIAN_POINT ( 'NONE',  ( 2.248807813536350952, -0.1178665691853171549, -1.505751581306786990 ) ) ;
#3180 = CARTESIAN_POINT ( 'NONE',  ( 4.645820499811768478, -1.499999999999998668, 0.8660254037844369313 ) ) ;
#3181 = CARTESIAN_POINT ( 'NONE',  ( 3.562494499919330870, 8.861278576596584762E-17, -1.357061807730213010 ) ) ;
#3182 = CARTESIAN_POINT ( 'NONE',  ( 0.9999999999999995559, 1.499999999999999778, 0.000000000000000000 ) ) ;
#3183 = CARTESIAN_POINT ( 'NONE',  ( 6.291659333225770645, 1.175249999999997463, 0.6785309038651070601 ) ) ;
#3184 = AXIS2_PLACEMENT_3D ( 'NONE', #62, #25, #1150 ) ;
#3185 = CARTESIAN_POINT ( 'NONE',  ( 1.994140624997823075, 1.500057518190740513, -0.1106299336414146017 ) ) ;
#3186 = CARTESIAN_POINT ( 'NONE',  ( 4.770827833252663908, 0.5876249999999980655, 1.017796355797660368 ) ) ;
#3187 = CARTESIAN_POINT ( 'NONE',  ( 6.770827833252663908, 0.5876249999999980655, 1.017796355797660368 ) ) ;
#3188 = CIRCLE ( 'NONE', #2268, 1.154700538379251684 ) ;
#3189 = CARTESIAN_POINT ( 'NONE',  ( 5.416659333225769757, -0.5876249999999995088, 1.017796355797659480 ) ) ;
#3190 = CARTESIAN_POINT ( 'NONE',  ( 1.728748238877987120, 1.488169494286404770, 0.2418851255609081041 ) ) ;
#3191 = CARTESIAN_POINT ( 'NONE',  ( 2.333325999892436720, 0.5876249999999980655, 1.017796355797660368 ) ) ;
#3192 = CARTESIAN_POINT ( 'NONE',  ( -1.549392254745103123E-16, 2.700071385257411194, -0.3527074872410055351 ) ) ;
#3193 = CARTESIAN_POINT ( 'NONE',  ( 0.9999999999999996669, -2.621359168498506254, -1.510856932818076981 ) ) ;
#3194 = CARTESIAN_POINT ( 'NONE',  ( 5.479161166585996945, -1.175249999999997907, -0.6785309038651068381 ) ) ;
#3195 = CARTESIAN_POINT ( 'NONE',  ( 2.189311478491626772, 1.172976997549616263, 0.03418340290224246292 ) ) ;
#3196 = CARTESIAN_POINT ( 'NONE',  ( 5.817701458232494183, 0.5740937499999990701, 0.9943595433077454526 ) ) ;
#3197 = CARTESIAN_POINT ( 'NONE',  ( 1.427889701612484963, -0.8760975623233083764, 1.551388130417632905 ) ) ;
#3198 = CARTESIAN_POINT ( 'NONE',  ( 0.08930874507954131292, 0.09762658564734369437, -1.000000000000000222 ) ) ;
#3199 = ORIENTED_EDGE ( 'NONE', *, *, #1838, .T. ) ;
#3200 = EDGE_CURVE ( 'NONE', #1901, #1901, #1568, .T. ) ;
#3201 = CARTESIAN_POINT ( 'NONE',  ( 2.184517230619216210, -0.9326292134258095112, -1.187982204560822597 ) ) ;
#3202 = CARTESIAN_POINT ( 'NONE',  ( 2.770820499811768478, -0.7499999999999986677, -1.299038105676656452 ) ) ;
#3203 = CARTESIAN_POINT ( 'NONE',  ( -8.164656124110223655E-18, 0.000000000000000000, 0.000000000000000000 ) ) ;
#3204 = CARTESIAN_POINT ( 'NONE',  ( 1.936919322024610146, -1.359235593657541097, 0.2112520497221850591 ) ) ;
#3205 = CARTESIAN_POINT ( 'NONE',  ( 6.374992666559103682, -2.394161882086540145E-16, 1.357061807730213010 ) ) ;
#3206 = CARTESIAN_POINT ( 'NONE',  ( 1.990624999997986144, 1.496482843589529654, -0.1770465774964792016 ) ) ;
#3207 = CARTESIAN_POINT ( 'NONE',  ( 2.895827833252664352, -1.175249999999998352, 0.6785309038651060609 ) ) ;
#3208 = CARTESIAN_POINT ( 'NONE',  ( 6.458325999892436720, -1.175249999999998352, 0.6785309038651060609 ) ) ;
#3209 = CARTESIAN_POINT ( 'NONE',  ( 1.494492045700972715, -1.567996981290481040, -0.5839869295912195613 ) ) ;
#3210 = CARTESIAN_POINT ( 'NONE',  ( 3.374992666559103238, -2.440618508015319126E-16, 1.357061807730212788 ) ) ;
#3211 = DIRECTION ( 'NONE',  ( -1.000000000000000000, -7.070799616643647036E-18, 0.000000000000000000 ) ) ;
#3212 = CARTESIAN_POINT ( 'NONE',  ( 0.5999999999999996447, -2.921918026569201743, -0.7852436613724651515 ) ) ;
#3213 = CARTESIAN_POINT ( 'NONE',  ( 2.187714355304374525, 1.175009311962919245, 0.004138469719343148938 ) ) ;
#3214 = CARTESIAN_POINT ( 'NONE',  ( 5.192701458232493295, 1.148187499999999917, -0.6629063622051631910 ) ) ;
#3215 = CARTESIAN_POINT ( 'NONE',  ( 1.437342984037426552, -1.050540205165956475, 1.430684637057338504 ) ) ;
#3216 = ORIENTED_EDGE ( 'NONE', *, *, #2489, .F. ) ;
#3217 = CARTESIAN_POINT ( 'NONE',  ( 2.223052133037034750, -0.4643121107519834201, -1.437217664986220500 ) ) ;
#3218 = CARTESIAN_POINT ( 'NONE',  ( 2.645820499811768478, -1.499999999999998668, 0.8660254037844369313 ) ) ;
#3219 = CARTESIAN_POINT ( 'NONE',  ( 3.520827833252664352, -0.5876249999999987317, -1.017796355797659924 ) ) ;
#3220 = CARTESIAN_POINT ( 'NONE',  ( 0.5999999999999995337, 0.3926990816987228072, -3.000000000000000888 ) ) ;
#3221 = CARTESIAN_POINT ( 'NONE',  ( 6.333325999892436720, 0.5876249999999980655, 1.017796355797660368 ) ) ;
#3222 = CARTESIAN_POINT ( 'NONE',  ( 2.245431248783551048, 1.177207956698421043, -0.08606121809198039041 ) ) ;
#3223 = CARTESIAN_POINT ( 'NONE',  ( 2.187544502460499807, 1.175196470529096038, 0.0009413104238713171671 ) ) ;
#3224 = CARTESIAN_POINT ( 'NONE',  ( 3.104161166585997833, 0.5876249999999990647, -1.017796355797659702 ) ) ;
#3225 = CARTESIAN_POINT ( 'NONE',  ( 3.749992666559103238, 1.175249999999997907, 0.000000000000000000 ) ) ;
#3226 = CARTESIAN_POINT ( 'NONE',  ( 1.382097742234944304, -0.8614423044030518062, 1.526296054029475213 ) ) ;
#3227 = CARTESIAN_POINT ( 'NONE',  ( 3.624992666559103682, 8.870956756425979070E-17, -1.357061807730212788 ) ) ;
#3228 = CARTESIAN_POINT ( 'NONE',  ( 0.08071684052638701534, 0.1964395724771316465, 1.000000000000000000 ) ) ;
#3229 = CARTESIAN_POINT ( 'NONE',  ( 0.9999999999999995559, -0.3534291654486238499, 2.700000000000000178 ) ) ;
#3230 = CARTESIAN_POINT ( 'NONE',  ( 2.645827833252663908, 1.175249999999998129, -0.6785309038651062830 ) ) ;
#3231 = CARTESIAN_POINT ( 'NONE',  ( 2.458333333333332149, 1.499999999999997780, -0.8660254037844371533 ) ) ;
#3232 = CARTESIAN_POINT ( 'NONE',  ( 4.942701458232493295, -1.148187499999999917, 0.6629063622051628579 ) ) ;
#3233 = CARTESIAN_POINT ( 'NONE',  ( 1.662157702714212704, 0.5064109085441301783, -1.534743239375219837 ) ) ;
#3234 = CARTESIAN_POINT ( 'NONE',  ( 2.261590304372417481, 0.06129987010085168747, -1.509144945450489050 ) ) ;
#3235 = CARTESIAN_POINT ( 'NONE',  ( 3.687487166478434997, -1.499999999999998002, -1.836970198721027469E-16 ) ) ;
#3236 = CARTESIAN_POINT ( 'NONE',  ( 2.437494499919330870, -1.175249999999997907, -1.439266150697924440E-16 ) ) ;
#3237 = CARTESIAN_POINT ( 'NONE',  ( 1.786948168261715653, 0.6700570036450804734, 1.321331317276464468 ) ) ;
#3238 = CARTESIAN_POINT ( 'NONE',  ( 5.708325999892436720, 1.175249999999997907, -0.6785309038651063940 ) ) ;
#3239 = CARTESIAN_POINT ( 'NONE',  ( 2.197882095150613058, 1.158765700777472762, 0.1951955990343332281 ) ) ;
#3240 = CARTESIAN_POINT ( 'NONE',  ( 4.828119041579274295, -2.360712423742152227E-16, 1.325812724410326382 ) ) ;
#3241 = ADVANCED_FACE ( 'NONE', ( #390 ), #1444, .T. ) ;
#3242 = CARTESIAN_POINT ( 'NONE',  ( 3.208325999892436720, 1.175249999999998129, -0.6785309038651062830 ) ) ;
#3243 = CARTESIAN_POINT ( 'NONE',  ( 2.234582784207660655, 1.147937983037518483, 0.004039705793044023018 ) ) ;
#3244 = CARTESIAN_POINT ( 'NONE',  ( 1.765099362973724606, 1.542067668682110204, 0.06470844297501869569 ) ) ;
#3245 = CARTESIAN_POINT ( 'NONE',  ( 6.912317888265983257, -1.030708550512833277, 0.5370382946824137083 ) ) ;
#3246 = CARTESIAN_POINT ( 'NONE',  ( 6.437487166478434553, 1.499999999999998002, 0.000000000000000000 ) ) ;
#3247 = CARTESIAN_POINT ( 'NONE',  ( 0.5999999999999996447, -3.000000000000000000, -0.3926990727206970955 ) ) ;
#3248 = CARTESIAN_POINT ( 'NONE',  ( 4.020827833252663908, -0.5876249999999987317, -1.017796355797659924 ) ) ;
#3249 = CARTESIAN_POINT ( 'NONE',  ( 1.534049094624587495, -0.8073053895770294641, -1.450641028312202208 ) ) ;
#3250 = CARTESIAN_POINT ( 'NONE',  ( 0.04938988834700421687, 0.3894467518565818964, -1.000000000000000222 ) ) ;
#3251 = CARTESIAN_POINT ( 'NONE',  ( 6.291666666666666075, -1.499999999999997335, -0.8660254037844378194 ) ) ;
#3252 = CARTESIAN_POINT ( 'NONE',  ( 6.499999999999999112, 1.499999999999997780, 0.000000000000000000 ) ) ;
#3253 = CARTESIAN_POINT ( 'NONE',  ( 3.354161166585997833, -0.5876249999999995088, 1.017796355797659480 ) ) ;
#3254 = DIRECTION ( 'NONE',  ( 1.000000000000000000, 1.548554197625976421E-18, 0.000000000000000000 ) ) ;
#3255 = CARTESIAN_POINT ( 'NONE',  ( 1.321283339073236807, 0.8660254037844387076, 0.4999999999999998890 ) ) ;
#3256 = CARTESIAN_POINT ( 'NONE',  ( 2.183848719927134585, 1.177167810338800580, -0.06876567253062861040 ) ) ;
#3257 = CARTESIAN_POINT ( 'NONE',  ( 5.203119041579272519, 1.148187499999999917, 0.000000000000000000 ) ) ;
#3258 = CARTESIAN_POINT ( 'NONE',  ( 2.097159799829526161, -0.3895956669606322476, -1.209467591865052150 ) ) ;
#3259 = CYLINDRICAL_SURFACE ( 'NONE', #108, 3.000000000000000000 ) ;
#3260 = CARTESIAN_POINT ( 'NONE',  ( 4.979153833145101515, 1.499999999999997558, 0.8660254037844383745 ) ) ;
#3261 = CARTESIAN_POINT ( 'NONE',  ( 6.674026284346345150, -1.202187227370845157, -0.7403530306706093134 ) ) ;
#3262 = CARTESIAN_POINT ( 'NONE',  ( 2.354161166585997389, -0.5876249999999995088, 1.017796355797659480 ) ) ;
#3263 = CARTESIAN_POINT ( 'NONE',  ( 1.824516707823713224, -0.004914394280719280167, 1.454936422532458362 ) ) ;
#3264 = CARTESIAN_POINT ( 'NONE',  ( 2.776034791565827664, 1.148187499999999250, 0.6629063622051638571 ) ) ;
#3265 = CARTESIAN_POINT ( 'NONE',  ( 2.437340680410024163, 1.500144896499892688, -0.002758441134759094006 ) ) ;
#3266 = CARTESIAN_POINT ( 'NONE',  ( -1.626303258728256651E-16, 0.7852436613724136372, 2.921918026569199967 ) ) ;
#3267 = CARTESIAN_POINT ( 'NONE',  ( 4.916666666666666075, 0.7499999999999991118, -1.299038105676656008 ) ) ;
#3268 = CARTESIAN_POINT ( 'NONE',  ( 5.874999999999999112, 1.151552797835431432E-16, -1.732050807568874973 ) ) ;
#3269 = CARTESIAN_POINT ( 'NONE',  ( 0.9999999999999995559, 0.3527074872391791072, -2.700071385257411638 ) ) ;
#3270 = CARTESIAN_POINT ( 'NONE',  ( 0.5999999999999995337, 1.843640159924746058, -2.399000527194539600 ) ) ;
#3271 = CARTESIAN_POINT ( 'NONE',  ( 3.624992666559103682, 8.870956756425979070E-17, -1.357061807730213010 ) ) ;
#3272 = CARTESIAN_POINT ( 'NONE',  ( 1.306249999999949285, -1.520705264644167221, -1.298393493291264855 ) ) ;
#3273 = CARTESIAN_POINT ( 'NONE',  ( 5.911452374912605556, -1.148187499999999917, 0.6629063622051628579 ) ) ;
#3274 = CARTESIAN_POINT ( 'NONE',  ( 2.003380157380242554, -1.332654206964261512, -0.1068260947333653649 ) ) ;
#3275 = CARTESIAN_POINT ( 'NONE',  ( 6.545873471958453926, 0.2990465013596653732, 1.559396229508656084 ) ) ;
#3276 = CARTESIAN_POINT ( 'NONE',  ( 6.574499999999998678, -0.2162310033881660876, 1.484332898366717668 ) ) ;
#3277 = VERTEX_POINT ( 'NONE', #1109 ) ;
#3278 = CARTESIAN_POINT ( 'NONE',  ( 4.562494499919330870, 9.016133996359181364E-17, -1.357061807730212788 ) ) ;
#3279 = CARTESIAN_POINT ( 'NONE',  ( 1.740214549053217929, 1.318657369464452112, 0.7448614488564508918 ) ) ;
#3280 = CARTESIAN_POINT ( 'NONE',  ( 2.276034791565828108, 1.148187499999999250, 0.6629063622051638571 ) ) ;
#3281 = CARTESIAN_POINT ( 'NONE',  ( 2.437551610087379750, 1.499935334491120598, 0.001213450483413828097 ) ) ;
#3282 = CARTESIAN_POINT ( 'NONE',  ( 6.999999999999999112, 1.499999999999997780, 0.000000000000000000 ) ) ;
#3283 = EDGE_CURVE ( 'NONE', #871, #392, #1271, .T. ) ;
#3284 = CARTESIAN_POINT ( 'NONE',  ( 4.666666666666666075, -0.7499999999999995559, 1.299038105676655785 ) ) ;
#3285 = CARTESIAN_POINT ( 'NONE',  ( 0.9999999999999995559, -0.7074133569171043856, -2.629516000996408476 ) ) ;
#3286 = CARTESIAN_POINT ( 'NONE',  ( 0.3999999999999998002, -3.000000000000000000, -7.347880794884119736E-16 ) ) ;
#3287 = CYLINDRICAL_SURFACE ( 'NONE', #515, 1.499999999999998668 ) ;
#3288 = CARTESIAN_POINT ( 'NONE',  ( 1.390624999999938716, 0.3782201357984634749, -1.902880116321830961 ) ) ;
#3289 = CARTESIAN_POINT ( 'NONE',  ( 6.911452374912605556, -1.148187499999999917, 0.6629063622051628579 ) ) ;
#3290 = CARTESIAN_POINT ( 'NONE',  ( 2.195449281453520030, 0.9601258293458900805, -0.7053875193104609531 ) ) ;
#3291 = CARTESIAN_POINT ( 'NONE',  ( 1.455991010836274802, -1.343705062618341994, 1.139498808373808014 ) ) ;
#3292 = CARTESIAN_POINT ( 'NONE',  ( 5.812487166478435441, 1.150584752727878481E-16, -1.732050807568874973 ) ) ;
#3293 = CARTESIAN_POINT ( 'NONE',  ( 6.597687429671331927, -0.8982925055288668581, 1.226078763928636128 ) ) ;
#3294 = CARTESIAN_POINT ( 'NONE',  ( 0.3999999999999998557, -3.000000000000000444, -1.002887009549091601E-15 ) ) ;
#3295 = AXIS2_PLACEMENT_3D ( 'NONE', #410, #2144, #1245 ) ;
#3296 = CARTESIAN_POINT ( 'NONE',  ( 3.895827833252664796, -1.175249999999998352, 0.6785309038651060609 ) ) ;
#3297 = CARTESIAN_POINT ( 'NONE',  ( 2.144093790312005421, 0.9400741106849321849, -0.7791276489871867827 ) ) ;
#3298 = CARTESIAN_POINT ( 'NONE',  ( 3.026034791565828108, -1.148187499999999472, -0.6629063622051637461 ) ) ;
#3299 = CARTESIAN_POINT ( 'NONE',  ( 2.437406257318507130, 1.500081187756010959, -0.001523491015372447320 ) ) ;
#3300 = CARTESIAN_POINT ( 'NONE',  ( -5.421010862427522170E-17, -1.843640166273119441, 2.399000520846166218 ) ) ;
#3301 = CARTESIAN_POINT ( 'NONE',  ( 6.499999999999999112, 1.499999999999997780, 0.000000000000000000 ) ) ;
#3302 = CARTESIAN_POINT ( 'NONE',  ( 5.666666666666666075, -0.7499999999999995559, 1.299038105676655785 ) ) ;
#3303 = DIRECTION ( 'NONE',  ( -0.8660254037844494768, -0.4999999999999810707, 0.000000000000000000 ) ) ;
#3304 = VERTEX_POINT ( 'NONE', #2785 ) ;
#3305 = AXIS2_PLACEMENT_3D ( 'NONE', #1231, #348, #34 ) ;
#3306 = DIRECTION ( 'NONE',  ( 1.548554197625976421E-18, -1.000000000000000000, 0.000000000000000000 ) ) ;
#3307 = CARTESIAN_POINT ( 'NONE',  ( 1.993120649791639831, -1.137184710406613508, -0.7009503247506381207 ) ) ;
#3308 = CARTESIAN_POINT ( 'NONE',  ( 5.286452374912606444, 0.5740937499999990701, 0.9943595433077454526 ) ) ;
#3309 = CARTESIAN_POINT ( 'NONE',  ( 2.251113265552421971, 1.173860467362867865, 0.02108299973683546227 ) ) ;
#3310 = CARTESIAN_POINT ( 'NONE',  ( 6.479153833145101515, 1.499999999999997558, 0.8660254037844383745 ) ) ;
#3311 = CARTESIAN_POINT ( 'NONE',  ( 0.9999999999999995559, 1.359771239536280873, -2.359223251648655761 ) ) ;
#3312 = CARTESIAN_POINT ( 'NONE',  ( 0.3999999999999995226, -1.510856941112698859, -2.621359165062772778 ) ) ;
#3313 = CARTESIAN_POINT ( 'NONE',  ( 1.915268240834270053, -0.4854429519872690557, -1.430297174205176880 ) ) ;
#3314 = CARTESIAN_POINT ( 'NONE',  ( 1.590249417944929133, 0.3201702446211415753, -1.588509944715777999 ) ) ;
#3315 = CARTESIAN_POINT ( 'NONE',  ( 2.942701458232493739, -1.148187499999999917, 0.6629063622051628579 ) ) ;
#3316 = CARTESIAN_POINT ( 'NONE',  ( 2.413998493289807978, 1.459381443811698986, -0.4421091576651451360 ) ) ;
#3317 = CARTESIAN_POINT ( 'NONE',  ( -9.742347269860934798E-15, -2.621359168498456516, 1.510856932818063658 ) ) ;
#3318 = CARTESIAN_POINT ( 'NONE',  ( 6.333333333333332149, -0.7499999999999985567, -1.299038105676656230 ) ) ;
#3319 = CARTESIAN_POINT ( 'NONE',  ( 0.9999999999999995559, 1.548554197625975651E-18, 0.000000000000000000 ) ) ;
#3320 = VERTEX_POINT ( 'NONE', #2518 ) ;
#3321 = CARTESIAN_POINT ( 'NONE',  ( 3.541659333225770201, -1.175249999999997463, -0.6785309038651067270 ) ) ;
#3322 = CARTESIAN_POINT ( 'NONE',  ( 4.624992666559102794, 9.025812176188574440E-17, -1.357061807730212788 ) ) ;
#3323 = CARTESIAN_POINT ( 'NONE',  ( 2.096041830862343414, 0.3432465487870575149, -1.215666188097602296 ) ) ;
#3324 = CARTESIAN_POINT ( 'NONE',  ( 3.078119041579272963, 8.594924962352695102E-17, -1.325812724410326382 ) ) ;
#3325 = CARTESIAN_POINT ( 'NONE',  ( 1.638108848486544256, 0.3159627540437663917, -1.563402344552769385 ) ) ;
#3326 = CARTESIAN_POINT ( 'NONE',  ( 2.152342618227103710, 1.026830427424558767, -0.6441335944275293768 ) ) ;
#3327 = CARTESIAN_POINT ( 'NONE',  ( 3.979153833145101959, 1.499999999999997558, 0.8660254037844383745 ) ) ;
#3328 = CARTESIAN_POINT ( 'NONE',  ( 5.645827833252663908, 1.175249999999998129, -0.6785309038651062830 ) ) ;
#3329 = ORIENTED_EDGE ( 'NONE', *, *, #464, .F. ) ;
#3330 = DIRECTION ( 'NONE',  ( -1.000000000000000000, -0.000000000000000000, -0.000000000000000000 ) ) ;
#3331 = CARTESIAN_POINT ( 'NONE',  ( 2.202841854900801533, 1.148483334595899130, -0.005218400801679559317 ) ) ;
#3332 = CARTESIAN_POINT ( 'NONE',  ( 2.526034791565827664, -1.148187499999999472, -0.6629063622051637461 ) ) ;
#3333 = DIRECTION ( 'NONE',  ( -1.000000000000000000, -1.548554197625976421E-18, -0.000000000000000000 ) ) ;
#3334 = CARTESIAN_POINT ( 'NONE',  ( 0.3999999999999998002, 1.510856932818115173, 2.621359168498502701 ) ) ;
#3335 = CARTESIAN_POINT ( 'NONE',  ( 3.874999999999999112, 1.120581713882911866E-16, -1.732050807568874529 ) ) ;
#3336 = CARTESIAN_POINT ( 'NONE',  ( 0.9999999999999995559, 0.7074133569155944823, 2.629516000996861891 ) ) ;
#3337 = CARTESIAN_POINT ( 'NONE',  ( 2.181943420561839098, 0.6703512164420081243, -1.046148274530159350 ) ) ;
#3338 = CARTESIAN_POINT ( 'NONE',  ( 3.124992666559103238, 8.793529046544679536E-17, -1.357061807730212788 ) ) ;
#3339 = CARTESIAN_POINT ( 'NONE',  ( 2.911452374912606000, -1.148187499999999917, 0.6629063622051628579 ) ) ;
#3340 = CARTESIAN_POINT ( 'NONE',  ( 1.422779688904094453, -1.034182683397734337, 1.408152983586936857 ) ) ;
#3341 = DIRECTION ( 'NONE',  ( 1.548554197625976421E-18, -1.000000000000000000, 0.000000000000000000 ) ) ;
#3342 = CARTESIAN_POINT ( 'NONE',  ( 2.002822017954178246, 1.497180613082702338, 0.05313830072383850245 ) ) ;
#3343 = CARTESIAN_POINT ( 'NONE',  ( 6.770827833252663908, 0.5876249999999980655, 1.017796355797660368 ) ) ;
#3344 = CARTESIAN_POINT ( 'NONE',  ( 1.746135065337897752, 1.248193282595211340, 0.8318735055789349131 ) ) ;
#3345 = EDGE_CURVE ( 'NONE', #2049, #3161, #3428, .T. ) ;
#3346 = CARTESIAN_POINT ( 'NONE',  ( 2.229161166585997833, 1.175249999999997463, 0.6785309038651070601 ) ) ;
#3347 = CARTESIAN_POINT ( 'NONE',  ( 2.211173982728015908, 1.135505589093593892, 0.1513688018091372545 ) ) ;
#3348 = CARTESIAN_POINT ( 'NONE',  ( 5.749992666559103682, 1.175249999999997907, 0.000000000000000000 ) ) ;
#3349 = CARTESIAN_POINT ( 'NONE',  ( 2.146546316103356666, -1.513255472904551979, 0.8417000156584328874 ) ) ;
#3350 = CARTESIAN_POINT ( 'NONE',  ( -1.626303258728256651E-16, 2.700000000000000178, -0.3534291654486271250 ) ) ;
#3351 = CARTESIAN_POINT ( 'NONE',  ( 4.249999999999999112, -1.499999999999997780, -1.836970198721027222E-16 ) ) ;
#3352 = CARTESIAN_POINT ( 'NONE',  ( 3.833333333333332593, -0.7499999999999985567, -1.299038105676656230 ) ) ;
#3353 = CARTESIAN_POINT ( 'NONE',  ( 2.258122407171283541, 1.162401578813612169, 0.1527712298019300863 ) ) ;
#3354 = CARTESIAN_POINT ( 'NONE',  ( 5.312487166478434553, 1.142841981739748651E-16, -1.732050807568874973 ) ) ;
#3355 = CARTESIAN_POINT ( 'NONE',  ( 3.869785708245939482, -0.5740937500000005134, 0.9943595433077446755 ) ) ;
#3356 = CIRCLE ( 'NONE', #809, 1.679999999999998828 ) ;
#3357 = CARTESIAN_POINT ( 'NONE',  ( 1.834794734718627529, 0.6579904233826056048, 1.298886960000206869 ) ) ;
#3358 = CARTESIAN_POINT ( 'NONE',  ( 1.409240794870532554, -0.4959899752704056142, 1.724923045900407459 ) ) ;
#3359 = CARTESIAN_POINT ( 'NONE',  ( 4.229153833145100627, -1.499999999999997558, -0.8660254037844379305 ) ) ;
#3360 = CARTESIAN_POINT ( 'NONE',  ( 6.604161166585997833, 0.5876249999999990647, -1.017796355797659702 ) ) ;
#3361 = CARTESIAN_POINT ( 'NONE',  ( 0.3999999999999998557, -3.000000000000000444, -1.002887009549091601E-15 ) ) ;
#3362 = CARTESIAN_POINT ( 'NONE',  ( 6.837000217343817354, -0.8647316823224957538, 0.8903786663237772681 ) ) ;
#3363 = CARTESIAN_POINT ( 'NONE',  ( 2.202675474724656191, 1.148650006606501295, -0.008351634678048698926 ) ) ;
#3364 = CARTESIAN_POINT ( 'NONE',  ( 4.999992666559102794, -1.175249999999997907, -1.439266150697924440E-16 ) ) ;
#3365 = CARTESIAN_POINT ( 'NONE',  ( 1.752746783677841647, -1.358345969389230135, -1.481197645931879636 ) ) ;
#3366 = CARTESIAN_POINT ( 'NONE',  ( 0.5999999999999996447, -3.000000000000000000, 0.3926990727206966514 ) ) ;
#3367 = CARTESIAN_POINT ( 'NONE',  ( 3.166666666666666075, -0.7499999999999995559, 1.299038105676655785 ) ) ;
#3368 = CARTESIAN_POINT ( 'NONE',  ( 3.416666666666666075, 0.7499999999999991118, -1.299038105676656008 ) ) ;
#3369 = CARTESIAN_POINT ( 'NONE',  ( 2.200714232572551499, 0.8854390022598496168, -0.8505118521165661027 ) ) ;
#3370 = CARTESIAN_POINT ( 'NONE',  ( 2.250212520858968279, 1.174997316704079253, 0.004137660074946728980 ) ) ;
#3371 = ORIENTED_EDGE ( 'NONE', *, *, #15, .T. ) ;
#3372 = CARTESIAN_POINT ( 'NONE',  ( 2.235293506903785143, 1.160111484012189775, -0.2772898550178032884 ) ) ;
#3373 = CARTESIAN_POINT ( 'NONE',  ( 6.437487166478434553, 1.499999999999998002, 0.000000000000000000 ) ) ;
#3374 = CARTESIAN_POINT ( 'NONE',  ( 5.354161166585996945, -0.5876249999999995088, 1.017796355797659480 ) ) ;
#3375 = CARTESIAN_POINT ( 'NONE',  ( 2.244785708245939482, 1.148187499999999250, 0.6629063622051638571 ) ) ;
#3376 = CARTESIAN_POINT ( 'NONE',  ( 2.271668093368520047, 1.139550930496048053, 0.4072220916604325502 ) ) ;
#3377 = CARTESIAN_POINT ( 'NONE',  ( 1.983644332201694560, -1.218689823518084303, -0.5633149976482008103 ) ) ;
#3378 = CARTESIAN_POINT ( 'NONE',  ( 2.562487166478434997, -3.142044213594587404E-16, 1.732050807568874973 ) ) ;
#3379 = FACE_OUTER_BOUND ( 'NONE', #2013, .T. ) ;
#3380 = FACE_OUTER_BOUND ( 'NONE', #845, .T. ) ;
#3381 = CARTESIAN_POINT ( 'NONE',  ( 1.309232128107292059, 0.3493351407455699276, 1.785067598080757545 ) ) ;
#3382 = CARTESIAN_POINT ( 'NONE',  ( 5.333325999892436720, 0.5876249999999980655, 1.017796355797660368 ) ) ;
#3383 = CARTESIAN_POINT ( 'NONE',  ( 2.137175749121142498, -1.408180744886092128, 1.019071860316024924 ) ) ;
#3384 = CARTESIAN_POINT ( 'NONE',  ( -1.630173283965467270E-16, -1.659276149645845688, 2.159100468761510960 ) ) ;
#3385 = CARTESIAN_POINT ( 'NONE',  ( 3.041666666666666519, 1.499999999999997335, 0.8660254037844380415 ) ) ;
#3386 = CARTESIAN_POINT ( 'NONE',  ( 2.046099312233181866, -1.220622204323915438, -0.5646319305835907354 ) ) ;
#3387 = CARTESIAN_POINT ( 'NONE',  ( 1.880718029750483522, -0.9225156820562213644, 1.073263701048333463 ) ) ;
#3388 = ORIENTED_EDGE ( 'NONE', *, *, #1167, .T. ) ;
#3389 = ADVANCED_FACE ( 'NONE', ( #311, #894 ), #1125, .F. ) ;
#3390 = CARTESIAN_POINT ( 'NONE',  ( 5.687487166478434553, -1.499999999999998002, -1.836970198721027469E-16 ) ) ;
#3391 = CARTESIAN_POINT ( 'NONE',  ( 6.526034791565827220, -1.148187499999999472, -0.6629063622051637461 ) ) ;
#3392 = CARTESIAN_POINT ( 'NONE',  ( 6.062494499919330870, 9.248417126003077500E-17, -1.357061807730213010 ) ) ;
#3393 = CARTESIAN_POINT ( 'NONE',  ( 2.994785708245939482, -1.148187499999999472, -0.6629063622051637461 ) ) ;
#3394 = CARTESIAN_POINT ( 'NONE',  ( 4.020820499811767590, 0.7499999999999980016, 1.299038105676656896 ) ) ;
#3395 = CARTESIAN_POINT ( 'NONE',  ( 5.937494499919330870, -1.175249999999997907, -1.439266150697924440E-16 ) ) ;
#3396 = CARTESIAN_POINT ( 'NONE',  ( 5.124992666559102794, 9.103239886069875206E-17, -1.357061807730212788 ) ) ;
#3397 = CARTESIAN_POINT ( 'NONE',  ( 2.207852704504520425, 1.141156917995610920, 0.08898297497020857261 ) ) ;
#3398 = CARTESIAN_POINT ( 'NONE',  ( 6.416659333225769757, -0.5876249999999995088, 1.017796355797659480 ) ) ;
#3399 = CARTESIAN_POINT ( 'NONE',  ( 1.555844746229259279, 0.1594465165017210639, 2.142888084494875667 ) ) ;
#3400 = CARTESIAN_POINT ( 'NONE',  ( 0.5999999999999996447, 2.399000520846128026, -1.843640166273157632 ) ) ;
#3401 = CARTESIAN_POINT ( 'NONE',  ( 4.291666666666665186, -1.499999999999997335, -0.8660254037844378194 ) ) ;
#3402 = CARTESIAN_POINT ( 'NONE',  ( 3.958333333333332593, 1.499999999999997780, -0.8660254037844371533 ) ) ;
#3403 = CARTESIAN_POINT ( 'NONE',  ( 2.130398567659713471, -0.09993975590207163084, -1.281440885078793723 ) ) ;
#3404 = CARTESIAN_POINT ( 'NONE',  ( 1.562149298160022903, -0.2523706373125106373, -1.620772110207398864 ) ) ;
#3405 = ORIENTED_EDGE ( 'NONE', *, *, #306, .F. ) ;
#3406 = CARTESIAN_POINT ( 'NONE',  ( 2.196021176887786197, 0.8360687371889177211, -0.9035151958425625685 ) ) ;
#3407 = AXIS2_PLACEMENT_3D ( 'NONE', #2028, #3333, #849 ) ;
#3408 = CARTESIAN_POINT ( 'NONE',  ( 5.604153833145101515, -0.7499999999999996669, 1.299038105676656008 ) ) ;
#3409 = CARTESIAN_POINT ( 'NONE',  ( 6.651034791565828108, 0.5740937499999999583, -0.9943595433077447865 ) ) ;
#3410 = CARTESIAN_POINT ( 'NONE',  ( 4.645827833252663908, 1.175249999999997907, -0.6785309038651063940 ) ) ;
#3411 = EDGE_CURVE ( 'NONE', #649, #2766, #963, .T. ) ;
#3412 = CARTESIAN_POINT ( 'NONE',  ( 1.967187499998935163, 1.396892258654844898, -0.6108957372451396806 ) ) ;
#3413 = CARTESIAN_POINT ( 'NONE',  ( 2.312494499919330870, -2.457071867974518340E-16, 1.357061807730212788 ) ) ;
#3414 = CARTESIAN_POINT ( 'NONE',  ( 0.3999999999999996336, 0.7852436530778397206, 2.921918030004946321 ) ) ;
#3415 = CARTESIAN_POINT ( 'NONE',  ( 6.916659333225770645, -0.5876249999999995088, 1.017796355797659480 ) ) ;
#3416 = CARTESIAN_POINT ( 'NONE',  ( 1.410196471447883404, -1.321280050309111775, 1.121025377757324692 ) ) ;
#3417 = CARTESIAN_POINT ( 'NONE',  ( 6.899250000000001215, -1.041069188233228360, 0.5453324745615305558 ) ) ;
#3418 = CARTESIAN_POINT ( 'NONE',  ( -1.546208479230420740E-16, 2.494474737780474349, 1.033245267385742405 ) ) ;
#3419 = CARTESIAN_POINT ( 'NONE',  ( -1.624208816162409998E-16, -2.629726223912281835, 0.7067192952352192581 ) ) ;
#3420 = CARTESIAN_POINT ( 'NONE',  ( 6.770827833252663908, 0.5876249999999980655, 1.017796355797660368 ) ) ;
#3421 = CARTESIAN_POINT ( 'NONE',  ( 2.186585112853148161, 1.176099234695429319, -0.01712939613307266906 ) ) ;
#3422 = CARTESIAN_POINT ( 'NONE',  ( 2.254796149333418320, 1.168066364006170144, 0.09029219531473726967 ) ) ;
#3423 = CARTESIAN_POINT ( 'NONE',  ( 2.161642294832557099, 1.102538702267060966, -0.4824226327489202215 ) ) ;
#3424 = ORIENTED_EDGE ( 'NONE', *, *, #1145, .T. ) ;
#3425 = CARTESIAN_POINT ( 'NONE',  ( 2.364612426306917925, 1.256387275186986674, -0.8384503398514232542 ) ) ;
#3426 = CARTESIAN_POINT ( 'NONE',  ( 5.145820499811767590, -1.499999999999998668, 0.8660254037844369313 ) ) ;
#3427 = CARTESIAN_POINT ( 'NONE',  ( 4.395827833252664796, -1.175249999999998129, 0.6785309038651060609 ) ) ;
#3428 = B_SPLINE_CURVE_WITH_KNOTS ( 'NONE', 3,
 ( #2909, #858, #1461, #18, #602 ),
 .UNSPECIFIED., .F., .F.,
 ( 4, 1, 4 ),
 ( 2.309401076757994861E-07, 0.0005775812092973015748, 0.001154931478486927480 ),
 .UNSPECIFIED. ) ;
#3429 = CARTESIAN_POINT ( 'NONE',  ( 1.999707031247611955, 1.500195214051836423, -0.005522973608447006785 ) ) ;
#3430 = CARTESIAN_POINT ( 'NONE',  ( 4.812494499919329982, -2.418358013033869189E-16, 1.357061807730212788 ) ) ;
#3431 = CARTESIAN_POINT ( 'NONE',  ( 6.395827833252664796, -1.175249999999998129, 0.6785309038651060609 ) ) ;
#3432 = CARTESIAN_POINT ( 'NONE',  ( 6.958325999892435831, -1.175249999999998352, 0.6785309038651060609 ) ) ;
#3433 = CARTESIAN_POINT ( 'NONE',  ( 2.112639066767575180, 0.3360460518444856048, -1.189992001433607616 ) ) ;
#3434 = CARTESIAN_POINT ( 'NONE',  ( 2.196021176887786197, 0.8360687371889177211, -0.9035151958425625685 ) ) ;
#3435 = CARTESIAN_POINT ( 'NONE',  ( 2.541659333225770201, -1.175249999999997907, -0.6785309038651068381 ) ) ;
#3436 = CARTESIAN_POINT ( 'NONE',  ( -1.548297623794793216E-16, 2.629384098239117673, -0.7073587210079022025 ) ) ;
#3437 = CARTESIAN_POINT ( 'NONE',  ( 0.9999999999999996669, 1.510856932818125165, 2.621359168498520908 ) ) ;
#3438 = CARTESIAN_POINT ( 'NONE',  ( 6.229161166585996945, 1.175249999999997463, 0.6785309038651070601 ) ) ;
#3439 = CARTESIAN_POINT ( 'NONE',  ( 2.791666666666666075, -1.499999999999997335, -0.8660254037844378194 ) ) ;
#3440 = CARTESIAN_POINT ( 'NONE',  ( 1.830765986565010994, 0.9676724405929474360, 1.142214699744027895 ) ) ;
#3441 = EDGE_LOOP ( 'NONE', ( #1155, #2342, #1246, #1680 ) ) ;
#3442 = CARTESIAN_POINT ( 'NONE',  ( 2.300132049306142790, 0.5793700826071191967, -1.394889815451273440 ) ) ;
#3443 = CARTESIAN_POINT ( 'NONE',  ( 3.729153833145101515, -1.499999999999997558, -0.8660254037844379305 ) ) ;
#3444 = CARTESIAN_POINT ( 'NONE',  ( 2.729161166585997389, 1.175249999999997463, 0.6785309038651070601 ) ) ;
#3445 = CARTESIAN_POINT ( 'NONE',  ( 1.371674689588833651, 0.3487876959507389962, 1.787660427904582017 ) ) ;
#3446 = CARTESIAN_POINT ( 'NONE',  ( 5.916659333225770645, -0.5876249999999995088, 1.017796355797659480 ) ) ;
#3447 = CARTESIAN_POINT ( 'NONE',  ( 2.000141100894627488, 1.499899356836210673, 0.002659567940641968664 ) ) ;
#3448 = CARTESIAN_POINT ( 'NONE',  ( 4.520827833252664796, -0.5876249999999987317, -1.017796355797659924 ) ) ;
#3449 = CARTESIAN_POINT ( 'NONE',  ( 6.875096431089978033, -0.8828750352996205253, 0.8473336684391767903 ) ) ;
#3450 = CARTESIAN_POINT ( 'NONE',  ( 5.749992666559103682, 1.175249999999997907, 0.000000000000000000 ) ) ;
#3451 = CARTESIAN_POINT ( 'NONE',  ( 1.644451616659687199, 0.9755680512112751002, -1.226594641456442147 ) ) ;
#3452 = CARTESIAN_POINT ( 'NONE',  ( 3.916659333225770201, -0.5876249999999995088, 1.017796355797659480 ) ) ;
#3453 = CARTESIAN_POINT ( 'NONE',  ( -1.507580185969801341E-16, 0.000000000000000000, 2.700000000000000178 ) ) ;
#3454 = CARTESIAN_POINT ( 'NONE',  ( 0.9999999999999995559, 2.399000520846089390, -1.843640166273119219 ) ) ;
#3455 = ADVANCED_FACE ( 'NONE', ( #218 ), #2031, .F. ) ;
#3456 = CARTESIAN_POINT ( 'NONE',  ( 5.354161166585996945, -0.5876249999999995088, 1.017796355797659480 ) ) ;
#3457 = CARTESIAN_POINT ( 'NONE',  ( 2.187267284385395971, 1.175485422459962015, -0.004278035577200143928 ) ) ;
#3458 = CARTESIAN_POINT ( 'NONE',  ( 1.521649067100110164, -1.702504783081725037, -0.2099584021538524747 ) ) ;
#3459 = CARTESIAN_POINT ( 'NONE',  ( 1.179999999999999716, 1.827293953198651399E-18, 0.000000000000000000 ) ) ;
#3460 = EDGE_LOOP ( 'NONE', ( #2530 ) ) ;
#3461 = CARTESIAN_POINT ( 'NONE',  ( 1.971271720912376901, -1.221815474264864143, 0.6788654305549570722 ) ) ;
#3462 = CARTESIAN_POINT ( 'NONE',  ( 4.104153833145101515, -0.7499999999999996669, 1.299038105676656008 ) ) ;
#3463 = CARTESIAN_POINT ( 'NONE',  ( 3.312494499919330870, -2.441586325998258680E-16, 1.357061807730213010 ) ) ;
#3464 = CARTESIAN_POINT ( 'NONE',  ( 0.05442668078526836928, -0.6716200455907138656, 0.8367199576551574980 ) ) ;
#3465 = VECTOR ( 'NONE', #3068, 1000.000000000000000 ) ;
#3466 = CARTESIAN_POINT ( 'NONE',  ( 4.749992666559102794, 1.175249999999997907, 0.000000000000000000 ) ) ;
#3467 = CARTESIAN_POINT ( 'NONE',  ( 1.512500000000024603, 1.830891446392346023, 0.2917770766330916032 ) ) ;
#3468 = CARTESIAN_POINT ( 'NONE',  ( 3.020827833252664352, -0.5876249999999987317, -1.017796355797659924 ) ) ;
#3469 = CARTESIAN_POINT ( 'NONE',  ( 6.624992666559103682, 9.335523015713771342E-17, -1.357061807730212788 ) ) ;
#3470 = CARTESIAN_POINT ( 'NONE',  ( 1.944055627240201201, -1.305258742771807645, 0.3660742302950148463 ) ) ;
#3471 = CARTESIAN_POINT ( 'NONE',  ( 2.167979483671266028, 0.4841471885969648170, -1.161949153348792230 ) ) ;
#3472 = CARTESIAN_POINT ( 'NONE',  ( 4.499992666559103682, -1.175249999999997907, -1.439266150697924440E-16 ) ) ;
#3473 = CARTESIAN_POINT ( 'NONE',  ( -1.518534019136229220E-16, 0.7073587210070306774, 2.629384098239389900 ) ) ;
#3474 = CARTESIAN_POINT ( 'NONE',  ( 0.9999999999999992228, -0.3926990727206931542, 3.000000000000000000 ) ) ;
#3475 = CARTESIAN_POINT ( 'NONE',  ( 5.437494499919330870, -1.175249999999997907, -1.439266150697924440E-16 ) ) ;
#3476 = EDGE_CURVE ( 'NONE', #528, #528, #3091, .T. ) ;
#3477 = CARTESIAN_POINT ( 'NONE',  ( 2.750000000000000000, -1.499999999999997780, -1.836970198721027222E-16 ) ) ;
#3478 = CARTESIAN_POINT ( 'NONE',  ( 6.484368124899160257, -1.148187499999999917, -1.406124146696001694E-16 ) ) ;
#3479 = CARTESIAN_POINT ( 'NONE',  ( 1.577852736147380641, -1.131579797484041139, -1.235913018143544706 ) ) ;
#3480 = CARTESIAN_POINT ( 'NONE',  ( 1.278568165539553103, 0.3857161549062537165, -1.000000000000000000 ) ) ;
#3481 = ORIENTED_EDGE ( 'NONE', *, *, #3411, .T. ) ;
#3482 = CARTESIAN_POINT ( 'NONE',  ( 1.811938707955170980, 1.211567969860510630, 0.8843659052722908642 ) ) ;
#3483 = CARTESIAN_POINT ( 'NONE',  ( 3.020820499811768034, 0.7499999999999980016, 1.299038105676656896 ) ) ;
#3484 = CARTESIAN_POINT ( 'NONE',  ( 3.729161166585997389, 1.175249999999997463, 0.6785309038651070601 ) ) ;
#3485 = CARTESIAN_POINT ( 'NONE',  ( 0.5999999999999996447, 2.621359165062774110, -1.510856941112697971 ) ) ;
#3486 = PRODUCT ( 'TORNILLO ALLEN CABEZA PLANA M3x0.5x6', 'TORNILLO ALLEN CABEZA PLANA M3x0.5x6', '', ( #2182 ) ) ;
#3487 = CARTESIAN_POINT ( 'NONE',  ( 5.499992666559103682, -1.175249999999997907, -1.439266150697924440E-16 ) ) ;
#3488 = CARTESIAN_POINT ( 'NONE',  ( 1.955468749999434319, 1.297803439363995448, -0.8130100677556304500 ) ) ;
#3489 = CARTESIAN_POINT ( 'NONE',  ( 4.187494499919330870, 1.175249999999997907, 0.000000000000000000 ) ) ;
#3490 = CARTESIAN_POINT ( 'NONE',  ( 2.916659333225770201, -0.5876249999999995088, 1.017796355797659480 ) ) ;
#3491 = CARTESIAN_POINT ( 'NONE',  ( 1.672550546248686487, 1.322780356542249347, -0.8029287800558043697 ) ) ;
#3492 = CARTESIAN_POINT ( 'NONE',  ( 2.111777162685052112, -0.3981522794028528045, -1.235933213598869651 ) ) ;
#3493 = CARTESIAN_POINT ( 'NONE',  ( 2.958325999892436720, -1.175249999999998352, 0.6785309038651060609 ) ) ;
#3494 = CARTESIAN_POINT ( 'NONE',  ( -1.465769222633900160E-16, -2.700000000000000178, 0.3530667380073113648 ) ) ;
#3495 = CARTESIAN_POINT ( 'NONE',  ( 0.9999999999999995559, -2.700000000000000178, 0.3534291654486271250 ) ) ;
#3496 = CARTESIAN_POINT ( 'NONE',  ( 5.229161166585998721, 1.175249999999997463, 0.6785309038651070601 ) ) ;
#3497 = CARTESIAN_POINT ( 'NONE',  ( 2.231746310643992981, 1.101639079983317338, 0.8313227536837011211 ) ) ;
#3498 = CARTESIAN_POINT ( 'NONE',  ( 5.651034791565828108, 0.5740937499999999583, -0.9943595433077447865 ) ) ;
#3499 = CARTESIAN_POINT ( 'NONE',  ( 2.473607314563696313, 1.440487538919227761, 0.6785974429696581822 ) ) ;
#3500 = CARTESIAN_POINT ( 'NONE',  ( 1.318696415902473440, 0.1339089274702748300, 1.807255464795489042 ) ) ;
#3501 = ORIENTED_EDGE ( 'NONE', *, *, #238, .F. ) ;
#3502 = CARTESIAN_POINT ( 'NONE',  ( 2.027473881549213264, -1.331130760572126093, -0.2690013151613204756 ) ) ;
#3503 = CARTESIAN_POINT ( 'NONE',  ( 4.604153833145101515, -0.7499999999999996669, 1.299038105676656008 ) ) ;
#3504 = CARTESIAN_POINT ( 'NONE',  ( 0.5999999999999998668, -2.399000527194540489, 1.843640159924745392 ) ) ;
#3505 = ADVANCED_FACE ( 'NONE', ( #2946, #454 ), #1566, .F. ) ;
#3506 = CARTESIAN_POINT ( 'NONE',  ( 6.041659333225768869, -1.175249999999997463, -0.6785309038651067270 ) ) ;
#3507 = CARTESIAN_POINT ( 'NONE',  ( 2.187039981476423645, 1.175705435988138037, -0.008558985219216219686 ) ) ;
#3508 = CARTESIAN_POINT ( 'NONE',  ( 6.994785708245940370, -1.148187499999999472, -0.6629063622051637461 ) ) ;
#3509 = CARTESIAN_POINT ( 'NONE',  ( 3.374992666559103238, -2.440618508015319126E-16, 1.357061807730212788 ) ) ;
#3510 = CARTESIAN_POINT ( 'NONE',  ( 2.198168167546938001, 0.9878734867706105982, -0.6609490149947874205 ) ) ;
#3511 = CARTESIAN_POINT ( 'NONE',  ( 6.899250000000001215, -0.3421011735169777745, 1.124357305120708528 ) ) ;
#3512 = CARTESIAN_POINT ( 'NONE',  ( 4.479153833145101515, 1.499999999999997558, 0.8660254037844383745 ) ) ;
#3513 = CARTESIAN_POINT ( 'NONE',  ( 0.9999999999999995559, 0.7067192952352128188, 2.629726223912286720 ) ) ;
#3514 = CARTESIAN_POINT ( 'NONE',  ( 3.062494499919330870, 8.783850866715283996E-17, -1.357061807730212788 ) ) ;
#3515 = CARTESIAN_POINT ( 'NONE',  ( 1.871246732464431739, -0.7918654987982296500, 1.181082867645369960 ) ) ;
#3516 = CARTESIAN_POINT ( 'NONE',  ( 5.442701458232494183, -1.148187499999999917, 0.6629063622051628579 ) ) ;
#3517 = PLANE ( 'NONE',  #2437 ) ;
#3518 = CARTESIAN_POINT ( 'NONE',  ( 5.999999999999999112, 1.499999999999997780, 0.000000000000000000 ) ) ;
#3519 = CARTESIAN_POINT ( 'NONE',  ( 4.270820499811768478, -0.7499999999999986677, -1.299038105676656452 ) ) ;
#3520 = CARTESIAN_POINT ( 'NONE',  ( 0.05442668078526843867, -1.060430761978163439, -0.1632800423448422245 ) ) ;
#3521 = CARTESIAN_POINT ( 'NONE',  ( 0.5999999999999994227, -2.999999999999999112, -1.897353801849632760E-16 ) ) ;
#3522 = CARTESIAN_POINT ( 'NONE',  ( 4.124992666559103682, 8.948384466307277371E-17, -1.357061807730213010 ) ) ;
#3523 = CARTESIAN_POINT ( 'NONE',  ( 2.185218318859549758, 1.176892319326802827, -0.04290788016589215659 ) ) ;
#3524 = CARTESIAN_POINT ( 'NONE',  ( 5.744785708245940370, 1.148187499999999250, 0.6629063622051638571 ) ) ;
#3525 = CARTESIAN_POINT ( 'NONE',  ( 2.230809003093750853, 1.150303081943280903, -0.06712143983879564901 ) ) ;
#3526 = CARTESIAN_POINT ( 'NONE',  ( 1.989899705389991391, -1.333223616542508871, 0.3736570652069020615 ) ) ;
#3527 = CARTESIAN_POINT ( 'NONE',  ( 6.915445698477816983, -1.003599246067486073, 0.5801823219966162348 ) ) ;
#3528 = CARTESIAN_POINT ( 'NONE',  ( 5.104153833145101515, -0.7499999999999996669, 1.299038105676656008 ) ) ;
#3529 = CARTESIAN_POINT ( 'NONE',  ( 2.395827833252664796, -1.175249999999998352, 0.6785309038651060609 ) ) ;
#3530 = CARTESIAN_POINT ( 'NONE',  ( 1.852617376194022114, -0.5011074379903746046, 1.344765562810545712 ) ) ;
#3531 = CARTESIAN_POINT ( 'NONE',  ( 3.276034791565827664, 1.148187499999999250, 0.6629063622051638571 ) ) ;
#3532 = CARTESIAN_POINT ( 'NONE',  ( 2.436315156821146743, 1.501015871605276386, -0.02208062720839498033 ) ) ;
#3533 = CARTESIAN_POINT ( 'NONE',  ( 1.626303258728256651E-16, 3.000000000000000000, 0.3926990727206965959 ) ) ;
#3534 = CARTESIAN_POINT ( 'NONE',  ( 6.791666666666666075, -1.499999999999997335, -0.8660254037844378194 ) ) ;
#3535 = CARTESIAN_POINT ( 'NONE',  ( 0.08944074098031240538, 0.9636478961709181723, -0.3309128832251110874 ) ) ;
#3536 = CARTESIAN_POINT ( 'NONE',  ( 0.9999999999999995559, 2.700071385257269529, 0.3527074872414184270 ) ) ;
#3537 = CARTESIAN_POINT ( 'NONE',  ( 0.5999999999999998668, 1.843640159924744726, 2.399000527194541821 ) ) ;
#3538 = CARTESIAN_POINT ( 'NONE',  ( 2.249992666559104126, 1.175249999999997463, 1.205689276649585665E-14 ) ) ;
#3539 = CARTESIAN_POINT ( 'NONE',  ( 2.192298191535852592, 1.168227450781166965, 0.09030673902989461155 ) ) ;
#3540 = CARTESIAN_POINT ( 'NONE',  ( 6.369785708245939482, -0.5740937500000005134, 0.9943595433077446755 ) ) ;
#3541 = CARTESIAN_POINT ( 'NONE',  ( 2.069060897009441291, -0.7961832047633251586, -1.015643110612717059 ) ) ;
#3542 = CARTESIAN_POINT ( 'NONE',  ( 1.596496131474262947, -0.8077240368264008152, -1.453151415617623510 ) ) ;
#3543 = CARTESIAN_POINT ( 'NONE',  ( 6.917327644481686022, -0.9475165410896552176, 0.6655108757055492319 ) ) ;
#3544 = CARTESIAN_POINT ( 'NONE',  ( 5.145820499811768478, -1.499999999999998446, 0.8660254037844369313 ) ) ;
#3545 = CARTESIAN_POINT ( 'NONE',  ( 6.719667147187381673, -0.1455161339846721691, -1.358839520894277619 ) ) ;
#3546 = CARTESIAN_POINT ( 'NONE',  ( 3.312494499919330870, -2.441586325998258680E-16, 1.357061807730212788 ) ) ;
#3547 = CARTESIAN_POINT ( 'NONE',  ( 1.843147256482907670, -0.3389638334791298391, 1.401410532645889440 ) ) ;
#3548 = CARTESIAN_POINT ( 'NONE',  ( 4.692701458232493295, 1.148187499999999917, -0.6629063622051631910 ) ) ;
#3549 = CARTESIAN_POINT ( 'NONE',  ( 2.383306907373913486, 1.211088556114059411, -0.9726879593936064161 ) ) ;
#3550 = CARTESIAN_POINT ( 'NONE',  ( 0.3999999999999998002, 0.3926990727206932097, 3.000000000000000000 ) ) ;
#3551 = CARTESIAN_POINT ( 'NONE',  ( 5.749999999999999112, -1.499999999999997780, -1.836970198721027222E-16 ) ) ;
#3552 = CARTESIAN_POINT ( 'NONE',  ( 6.166666666666666075, -0.7499999999999995559, 1.299038105676655785 ) ) ;
#3553 = APPLICATION_PROTOCOL_DEFINITION ( 'draft international standard', 'automotive_design', 1998, #2027 ) ;
#3554 = FACE_OUTER_BOUND ( 'NONE', #519, .T. ) ;
#3555 = CARTESIAN_POINT ( 'NONE',  ( 2.189789090018629203, 1.172276839018951300, 0.04316210750292068937 ) ) ;
#3556 = CARTESIAN_POINT ( 'NONE',  ( 4.661452374912604668, 1.148187499999999917, -0.6629063622051631910 ) ) ;
#3557 = CARTESIAN_POINT ( 'NONE',  ( 2.234475119007502286, 1.148064588883894954, 0.002013634081964942903 ) ) ;
#3558 = CARTESIAN_POINT ( 'NONE',  ( 1.493547118533463447, -1.689295259315732434, 0.3967297626505559283 ) ) ;
#3559 = CARTESIAN_POINT ( 'NONE',  ( 6.020820499811767590, 0.7499999999999980016, 1.299038105676656896 ) ) ;
#3560 = CARTESIAN_POINT ( 'NONE',  ( 0.9999999999999995559, 2.629726223912284944, -0.7067192952352504554 ) ) ;
#3561 = DIRECTION ( 'NONE',  ( -0.5000000000000011102, 0.8660254037844379305, -0.000000000000000000 ) ) ;
#3562 = CARTESIAN_POINT ( 'NONE',  ( 3.770827833252664352, 0.5876249999999980655, 1.017796355797660368 ) ) ;
#3563 = CARTESIAN_POINT ( 'NONE',  ( 2.131214001288193494, 0.8085005044866301338, -0.9274090084974205839 ) ) ;
#3564 = CARTESIAN_POINT ( 'NONE',  ( 3.984368124899160701, -1.148187499999999917, -1.406124146696001694E-16 ) ) ;
#3565 = EDGE_CURVE ( 'NONE', #392, #377, #1741, .T. ) ;
#3566 = CARTESIAN_POINT ( 'NONE',  ( 2.434556623106658435, 1.501919937598162669, -0.05525220629757147950 ) ) ;
#3567 = CARTESIAN_POINT ( 'NONE',  ( -1.932206421386052659E-14, 2.921918026569199967, 0.7852436613724529391 ) ) ;
#3568 = CARTESIAN_POINT ( 'NONE',  ( 6.583333333333332149, 0.7499999999999978906, 1.299038105676656674 ) ) ;
#3569 = CARTESIAN_POINT ( 'NONE',  ( 5.249999999999999112, -1.499999999999997780, -1.836970198721027222E-16 ) ) ;
#3570 = CARTESIAN_POINT ( 'NONE',  ( 2.218743583239216832, 1.193291666666662421, 0.000000000000000000 ) ) ;
#3571 = CARTESIAN_POINT ( 'NONE',  ( -8.164656124110223655E-18, -0.5773502691896263972, -1.000000000000000000 ) ) ;
#3572 = CARTESIAN_POINT ( 'NONE',  ( 3.833325999892436720, 0.5876249999999980655, 1.017796355797660368 ) ) ;
#3573 = CARTESIAN_POINT ( 'NONE',  ( 2.791659333225770201, 1.175249999999997463, 0.6785309038651070601 ) ) ;
#3574 = CARTESIAN_POINT ( 'NONE',  ( 1.221874999999992495, -1.931692572521729101, 0.7130068105564779657 ) ) ;
#3575 = CARTESIAN_POINT ( 'NONE',  ( 5.411452374912606444, -1.148187499999999917, 0.6629063622051628579 ) ) ;
#3576 = CARTESIAN_POINT ( 'NONE',  ( 2.233480602209449994, 1.149077632606607002, -0.01671393235638820446 ) ) ;
#3577 = CARTESIAN_POINT ( 'NONE',  ( 1.943170625065354207, -0.9244272090188084823, 1.074718106568018250 ) ) ;
#3578 = CARTESIAN_POINT ( 'NONE',  ( 4.687487166478434553, -1.499999999999998002, -1.836970198721027469E-16 ) ) ;
#3579 = CARTESIAN_POINT ( 'NONE',  ( -999.3333333333332575, 0.000000000000000000, 0.000000000000000000 ) ) ;
#3580 = CARTESIAN_POINT ( 'NONE',  ( 0.3999999999999996891, -0.7852436530778409418, -2.921918030004946321 ) ) ;
#3581 = CARTESIAN_POINT ( 'NONE',  ( 4.937494499919330870, -1.175249999999997907, -1.439266150697924440E-16 ) ) ;
#3582 = CARTESIAN_POINT ( 'NONE',  ( 2.152342618227103710, 1.026830427424558767, -0.6441335944275293768 ) ) ;
#3583 = CARTESIAN_POINT ( 'NONE',  ( 3.692701458232494183, 1.148187499999999917, -0.6629063622051631910 ) ) ;
#3584 = CARTESIAN_POINT ( 'NONE',  ( 2.202802331823113580, -1.658456257966927083, -0.3345090206302043789 ) ) ;
#3585 = CARTESIAN_POINT ( 'NONE',  ( 1.899680356211487842E-14, 2.399000520846104934, 1.843640166273104342 ) ) ;
#3586 = CARTESIAN_POINT ( 'NONE',  ( 4.958333333333333037, 1.499999999999997780, -0.8660254037844371533 ) ) ;
#3587 = CARTESIAN_POINT ( 'NONE',  ( 5.583333333333332149, 0.7499999999999978906, 1.299038105676656674 ) ) ;
#3588 = CARTESIAN_POINT ( 'NONE',  ( 0.9999999999999995559, -2.700000000000000178, 0.000000000000000000 ) ) ;
#3589 = VERTEX_POINT ( 'NONE', #3571 ) ;
#3590 = CARTESIAN_POINT ( 'NONE',  ( 3.708325999892436275, 1.175249999999997907, -0.6785309038651063940 ) ) ;
#3591 = CARTESIAN_POINT ( 'NONE',  ( 4.833325999892436720, 0.5876249999999980655, 1.017796355797660368 ) ) ;
#3592 = CARTESIAN_POINT ( 'NONE',  ( 1.590249417944929133, 0.3201702446211415753, -1.588509944715777999 ) ) ;
#3593 = CARTESIAN_POINT ( 'NONE',  ( 4.078119041579273407, 8.749780382115292937E-17, -1.325812724410326382 ) ) ;
#3594 = CARTESIAN_POINT ( 'NONE',  ( 1.750501249482823374, 1.514266211506604121, 0.06356929716509210349 ) ) ;
ENDSEC;
END-ISO-10303-21;
