ISO-10303-21;
HEADER;
FILE_DESCRIPTION (( 'STEP AP214' ),
    '1' );
FILE_NAME ('TORNILLO ALLEN CABEZA PLANA M5x0.8x16.STEP',
    '2025-06-17T20:08:56',
    ( '' ),
    ( '' ),
    'SwSTEP 2.0',
    'SolidWorks 2022',
    '' );
FILE_SCHEMA (( 'AUTOMOTIVE_DESIGN' ));
ENDSEC;

DATA;
#1 = CARTESIAN_POINT ( 'NONE',  ( 2.258321619055310592, -2.159302112335562462, -1.663440600336815178 ) ) ;
#2 = CARTESIAN_POINT ( 'NONE',  ( -1.825851877866765678E-16, 1.657019262140839944, -4.000398375773872139 ) ) ;
#3 = CARTESIAN_POINT ( 'NONE',  ( 7.749988266494568734, -1.980399999999995941, 0.8203085389236750569 ) ) ;
#4 = CARTESIAN_POINT ( 'NONE',  ( 3.233320885711163495, 0.3531826574451442657, -1.301900328402353590 ) ) ;
#5 = CARTESIAN_POINT ( 'NONE',  ( 12.89997946636549742, -2.499999999999996891, -3.061616997868379197E-16 ) ) ;
#6 = CARTESIAN_POINT ( 'NONE',  ( 3.199988266494568467, 1.262198813140046779E-16, -1.980399999999995497 ) ) ;
#7 = CARTESIAN_POINT ( 'NONE',  ( 8.599991199870922642, -1.400354269461837831, -1.400354269461838053 ) ) ;
#8 = CARTESIAN_POINT ( 'NONE',  ( 1.399999999999999689, 2.167975876676366373E-18, 0.000000000000000000 ) ) ;
#9 = CARTESIAN_POINT ( 'NONE',  ( 8.349991199870922642, -0.8203085389236779434, 1.980399999999998162 ) ) ;
#10 = CIRCLE ( 'NONE', #3538, 2.799999999999998046 ) ;
#11 = CARTESIAN_POINT ( 'NONE',  ( 2.392542154751877259, 0.5982530881047007920, -2.427366491663466519 ) ) ;
#12 = CARTESIAN_POINT ( 'NONE',  ( 9.824988999838655701, 1.937099999999994049, 0.8023730916729217011 ) ) ;
#13 = CARTESIAN_POINT ( 'NONE',  ( 11.54998826649456944, 0.8203085389236763891, 1.980399999999995497 ) ) ;
#14 = CARTESIAN_POINT ( 'NONE',  ( 12.94998826649456980, 1.980399999999995497, -0.8203085389236757230 ) ) ;
#15 = PLANE ( 'NONE',  #3086 ) ;
#16 = CARTESIAN_POINT ( 'NONE',  ( 12.79999119987092371, 1.400354269461837831, -1.400354269461837831 ) ) ;
#17 = CARTESIAN_POINT ( 'NONE',  ( 2.849999999999997868, 1.035533905932736642, -2.499999999999996891 ) ) ;
#18 = CARTESIAN_POINT ( 'NONE',  ( 14.09997946636549671, 2.499999999999996891, 0.000000000000000000 ) ) ;
#19 = AXIS2_PLACEMENT_3D ( 'NONE', #4901, #5306, #4822 ) ;
#20 = CARTESIAN_POINT ( 'NONE',  ( 5.624990466526832655, 1.369736545836458763, -1.369736545836458763 ) ) ;
#21 = CARTESIAN_POINT ( 'NONE',  ( 0.5599999999999997202, 4.750000000000001776, 0.6217735460229808497 ) ) ;
#22 = CARTESIAN_POINT ( 'NONE',  ( 2.966657152421070531, -1.383766791692897513, -0.8012361466107761343 ) ) ;
#23 = CARTESIAN_POINT ( 'NONE',  ( -3.252606517456513302E-16, 1.243302455812478780, -4.626370212059701892 ) ) ;
#24 = CARTESIAN_POINT ( 'NONE',  ( 11.54999999999999893, -1.035533905932736420, -2.499999999999996891 ) ) ;
#25 = CARTESIAN_POINT ( 'NONE',  ( 2.633312085582154349, -1.604518759215114887, -2.790230107276003846 ) ) ;
#26 = ORIENTED_EDGE ( 'NONE', *, *, #3785, .T. ) ;
#27 = CARTESIAN_POINT ( 'NONE',  ( 6.199979466365496350, 1.767766952966366212, 1.767766952966367100 ) ) ;
#28 = CARTESIAN_POINT ( 'NONE',  ( 10.89999999999999858, 1.767766952966366878, -1.767766952966366878 ) ) ;
#29 = CARTESIAN_POINT ( 'NONE',  ( 1.948322763456964868, 0.6603773674336678168, 3.110625950446651355 ) ) ;
#30 = CARTESIAN_POINT ( 'NONE',  ( 3.130575584783505949, -2.163708086091788108, -0.2853898629898405370 ) ) ;
#31 = CARTESIAN_POINT ( 'NONE',  ( 7.799988266494568556, -1.980399999999995497, -2.425290521031412773E-16 ) ) ;
#32 = CARTESIAN_POINT ( 'NONE',  ( 16.89043745722205259, -1.788006282238881361, -1.499570017017667345 ) ) ;
#33 = CARTESIAN_POINT ( 'NONE',  ( 17.74998826649456873, 1.980399999999995497, -0.8203085389236755010 ) ) ;
#34 = CARTESIAN_POINT ( 'NONE',  ( 12.59997946636549493, 1.767766952966366212, 1.767766952966367100 ) ) ;
#35 = CARTESIAN_POINT ( 'NONE',  ( 3.516645418915464116, 0.2496062633037822998, -1.882269498443931655 ) ) ;
#36 = CARTESIAN_POINT ( 'NONE',  ( 6.549991199870923708, 1.980399999999998606, 0.8203085389236783875 ) ) ;
#37 = CARTESIAN_POINT ( 'NONE',  ( 4.949988266494568023, 1.980399999999995497, -0.8203085389236755010 ) ) ;
#38 = CARTESIAN_POINT ( 'NONE',  ( 3.899999999999999023, 1.767766952966366212, 1.767766952966367100 ) ) ;
#39 = CARTESIAN_POINT ( 'NONE',  ( 10.84999119987092620, -1.980399999999999050, 0.8203085389236763891 ) ) ;
#40 = CARTESIAN_POINT ( 'NONE',  ( 2.349516420831780472, 0.9480786916881546178, -2.313254589186908738 ) ) ;
#41 = CARTESIAN_POINT ( 'NONE',  ( 9.374988999838652859, -1.937099999999994715, -2.372263314628331252E-16 ) ) ;
#42 = CARTESIAN_POINT ( 'NONE',  ( 9.399988266494567313, -1.980399999999995941, -2.425290521031413266E-16 ) ) ;
#43 = CARTESIAN_POINT ( 'NONE',  ( 12.39998826649456909, -3.445915242741188070E-16, 1.980399999999995497 ) ) ;
#44 = CARTESIAN_POINT ( 'NONE',  ( 17.49999119987092655, 1.483642108825486297E-16, -1.980399999999998828 ) ) ;
#45 = CARTESIAN_POINT ( 'NONE',  ( 10.64999119987092335, 0.8203085389236773883, 1.980399999999997718 ) ) ;
#46 = CARTESIAN_POINT ( 'NONE',  ( 17.29999119987092371, -1.980399999999998384, -2.425290521031416718E-16 ) ) ;
#47 = CARTESIAN_POINT ( 'NONE',  ( 13.14997946636550097, 1.035533905932736642, -2.499999999999996891 ) ) ;
#48 = CARTESIAN_POINT ( 'NONE',  ( 4.874990466526833544, 1.937099999999996713, -0.8023730916729211460 ) ) ;
#49 = CARTESIAN_POINT ( 'NONE',  ( 16.24998826649456873, 1.980399999999995497, 0.8203085389236771663 ) ) ;
#50 = CARTESIAN_POINT ( 'NONE',  ( 3.233323819087652762, 1.040777003121989175, -0.5961787943258993749 ) ) ;
#51 = CARTESIAN_POINT ( 'NONE',  ( 3.120742819605692997, -0.4575118307673629592, -1.897144350663497958 ) ) ;
#52 = CARTESIAN_POINT ( 'NONE',  ( 11.50000000000000000, -1.767766952966366434, -1.767766952966366878 ) ) ;
#53 = CARTESIAN_POINT ( 'NONE',  ( 1.399999999999999689, -4.216959509701502462, -1.134007751417514864 ) ) ;
#54 = ORIENTED_EDGE ( 'NONE', *, *, #3531, .F. ) ;
#55 = CARTESIAN_POINT ( 'NONE',  ( 5.199979466365497238, 1.767766952966366878, -1.767766952966366878 ) ) ;
#56 = CARTESIAN_POINT ( 'NONE',  ( 3.116654219044554974, -0.9262582715337394079, -1.210513020713129828 ) ) ;
#57 = CARTESIAN_POINT ( 'NONE',  ( -1.862140373497220571E-16, 4.000398375773873028, -1.657019262140837945 ) ) ;
#58 = CARTESIAN_POINT ( 'NONE',  ( 5.799988266494568556, 1.980399999999995497, 0.000000000000000000 ) ) ;
#59 = CARTESIAN_POINT ( 'NONE',  ( 16.99112651411503450, 0.8256314769918640106, -2.074963893357839151 ) ) ;
#60 = CARTESIAN_POINT ( 'NONE',  ( 17.59998826649457015, 1.485190617598187315E-16, -1.980399999999995497 ) ) ;
#61 = CARTESIAN_POINT ( 'NONE',  ( 14.39997946636549742, -1.767766952966367100, 1.767766952966366434 ) ) ;
#62 = CARTESIAN_POINT ( 'NONE',  ( 7.999991199870922998, 1.400354269461838053, -1.400354269461838053 ) ) ;
#63 = CARTESIAN_POINT ( 'NONE',  ( 4.499999999999999112, 1.767766952966366878, -1.767766952966366878 ) ) ;
#64 = CARTESIAN_POINT ( 'NONE',  ( 14.52499046652683568, 1.937099999999996269, 0.000000000000000000 ) ) ;
#65 = CARTESIAN_POINT ( 'NONE',  ( 9.999991199870922998, -1.400354269461838053, 1.400354269461837609 ) ) ;
#66 = CARTESIAN_POINT ( 'NONE',  ( 2.415540413207492687, -0.8660254037844390407, 1.500000000000000000 ) ) ;
#67 = CARTESIAN_POINT ( 'NONE',  ( 9.274988999838654991, -1.369736545836457653, 1.369736545836457431 ) ) ;
#68 = CARTESIAN_POINT ( 'NONE',  ( 6.949988266494568023, -1.980399999999996385, 0.8203085389236752789 ) ) ;
#69 = CARTESIAN_POINT ( 'NONE',  ( 11.59998826649456838, -3.458303676322196193E-16, 1.980399999999995497 ) ) ;
#70 = CARTESIAN_POINT ( 'NONE',  ( 16.14999119987092158, 1.980399999999998606, 0.8203085389236783875 ) ) ;
#71 = CARTESIAN_POINT ( 'NONE',  ( 10.79999119987092371, -1.400354269461838053, 1.400354269461837609 ) ) ;
#72 = B_SPLINE_CURVE_WITH_KNOTS ( 'NONE', 3,
 ( #713, #746, #2804, #2436, #4168, #5514, #655, #2374, #1615, #345, #2010, #228, #5484, #1585, #3318, #5050, #5079, #2497, #856, #3059, #5567, #2631, #453, #1294, #1321, #2174, #1777, #57, #3035, #5592, #371, #1667, #397, #2, #4335, #3509, #1267, #1215, #5138, #2119, #3909, #2956, #481, #4761, #4366, #2095, #2204, #803, #4678, #3829, #882, #4790 ),
 .UNSPECIFIED., .T., .F.,
 ( 4, 3, 3, 3, 3, 3, 3, 3, 3, 3, 3, 3, 3, 3, 3, 3, 3, 4 ),
 ( 0.000000000000000000, 0.05882352941176470507, 0.1176470588235294101, 0.1764705882352941291, 0.2352941176470588203, 0.2941176470588235392, 0.3529411764705882582, 0.4117647058823529216, 0.4705882352941176405, 0.5294117647058823595, 0.5882352941176470784, 0.6470588235294117974, 0.7058823529411765163, 0.7647058823529411242, 0.8235294117647058432, 0.8823529411764705621, 0.9411764705882352811, 1.000000000000000000 ),
 .UNSPECIFIED. ) ;
#73 = CARTESIAN_POINT ( 'NONE',  ( 3.149999999999998135, 1.035533905932736864, 2.499999999999996447 ) ) ;
#74 = CARTESIAN_POINT ( 'NONE',  ( 12.34997946636549671, 1.035533905932736642, -2.499999999999996891 ) ) ;
#75 = CARTESIAN_POINT ( 'NONE',  ( 5.574990466526833721, 0.8023730916729211460, -1.937099999999996713 ) ) ;
#76 = ADVANCED_FACE ( 'NONE', ( #5156 ), #145, .T. ) ;
#77 = CARTESIAN_POINT ( 'NONE',  ( 17.49998826649456873, -1.400354269461835610, -1.400354269461835832 ) ) ;
#78 = CARTESIAN_POINT ( 'NONE',  ( 1.866665952550042418, -2.874145769059765598, -1.660222309686828712 ) ) ;
#79 = CARTESIAN_POINT ( 'NONE',  ( 3.150803773439804001, -0.6772675701935105819, -1.853606773233604343 ) ) ;
#80 = CARTESIAN_POINT ( 'NONE',  ( 12.69999999999999929, 1.767766952966366212, 1.767766952966367100 ) ) ;
#81 = CARTESIAN_POINT ( 'NONE',  ( 1.399999999999999689, -0.5660739880704237503, -4.329928559083335848 ) ) ;
#82 = EDGE_LOOP ( 'NONE', ( #421, #3561, #3733, #4035 ) ) ;
#83 = CARTESIAN_POINT ( 'NONE',  ( 5.149979466365495639, 1.035533905932736642, -2.499999999999996891 ) ) ;
#84 = CARTESIAN_POINT ( 'NONE',  ( 3.383325164621390435, 1.115566050047443358, -0.1427685641494297608 ) ) ;
#85 = CARTESIAN_POINT ( 'NONE',  ( 17.79998826649456944, 1.980399999999995497, 0.000000000000000000 ) ) ;
#86 = CARTESIAN_POINT ( 'NONE',  ( 14.09997946636549671, 2.499999999999996891, 0.000000000000000000 ) ) ;
#87 = CARTESIAN_POINT ( 'NONE',  ( 3.116645888362735928, -0.3272367471995517030, 2.475292033030544125 ) ) ;
#88 = CARTESIAN_POINT ( 'NONE',  ( 9.399991199870923353, -1.400354269461837831, -1.400354269461838053 ) ) ;
#89 = CARTESIAN_POINT ( 'NONE',  ( 4.149988266494568201, 1.980399999999995497, -0.8203085389236755010 ) ) ;
#90 = CARTESIAN_POINT ( 'NONE',  ( 3.183323819087584550, 0.7789593726212470370, -1.008363699460243623 ) ) ;
#91 = CARTESIAN_POINT ( 'NONE',  ( 6.199991199870924063, -1.400354269461837609, -1.400354269461837831 ) ) ;
#92 = CARTESIAN_POINT ( 'NONE',  ( 2.349368810935871021, 0.8267586734909058155, -2.360229444500658413 ) ) ;
#93 = CARTESIAN_POINT ( 'NONE',  ( 12.02498899983865854, 0.8023730916729207019, -1.937099999999994937 ) ) ;
#94 = CARTESIAN_POINT ( 'NONE',  ( 6.599988266494568379, 1.980399999999995941, 0.000000000000000000 ) ) ;
#95 = CARTESIAN_POINT ( 'NONE',  ( 14.44998826649456802, 0.8203085389236757230, -1.980399999999995497 ) ) ;
#96 = CARTESIAN_POINT ( 'NONE',  ( 17.19999119987092229, -1.400354269461838275, 1.400354269461837831 ) ) ;
#97 = CARTESIAN_POINT ( 'NONE',  ( 9.549991199870921932, 0.8203085389236771663, -1.980399999999998384 ) ) ;
#98 = CARTESIAN_POINT ( 'NONE',  ( 17.69999119987092229, 1.980399999999998384, 0.000000000000000000 ) ) ;
#99 = CARTESIAN_POINT ( 'NONE',  ( 11.44997946636549813, -1.035533905932736420, -2.499999999999996891 ) ) ;
#100 = CARTESIAN_POINT ( 'NONE',  ( 6.224990466526834076, -1.369736545836458541, -1.369736545836458763 ) ) ;
#101 = CARTESIAN_POINT ( 'NONE',  ( 16.94289388278351538, -0.2570940767933915794, 2.267383485816671929 ) ) ;
#102 = CARTESIAN_POINT ( 'NONE',  ( 1.560000700576195332, 1.157366333424244109, 3.561946264567439346 ) ) ;
#103 = CARTESIAN_POINT ( 'NONE',  ( -2.168404344971008868E-16, 4.330000000000000071, -0.5667956695471798589 ) ) ;
#104 = CARTESIAN_POINT ( 'NONE',  ( 13.74999999999999822, -2.499999999999997335, 1.035533905932735976 ) ) ;
#105 = ADVANCED_FACE ( 'NONE', ( #4943 ), #3665, .T. ) ;
#106 = CARTESIAN_POINT ( 'NONE',  ( 1.399999999999999689, -4.330000000000000071, -0.5664333783919301979 ) ) ;
#107 = ORIENTED_EDGE ( 'NONE', *, *, #3183, .T. ) ;
#108 = CARTESIAN_POINT ( 'NONE',  ( 5.499979466365497061, -4.507255333907599864E-16, 2.499999999999996891 ) ) ;
#109 = CARTESIAN_POINT ( 'NONE',  ( 2.683332619216646897, -1.660984786952807823, -1.280494248447674011 ) ) ;
#110 = CARTESIAN_POINT ( 'NONE',  ( 1.399999999999999689, -2.799999999999998046, 0.000000000000000000 ) ) ;
#111 = CARTESIAN_POINT ( 'NONE',  ( 14.14998826649456909, -1.980399999999995941, 0.8203085389236750569 ) ) ;
#112 = CARTESIAN_POINT ( 'NONE',  ( 13.69997946636549635, -2.499999999999996891, -3.061616997868379197E-16 ) ) ;
#113 = CARTESIAN_POINT ( 'NONE',  ( 7.199991199870923175, 1.400354269461838053, -1.400354269461838053 ) ) ;
#114 = CARTESIAN_POINT ( 'NONE',  ( 3.199988266494568467, 1.262198813140046779E-16, -1.980399999999995497 ) ) ;
#115 = CARTESIAN_POINT ( 'NONE',  ( 2.916657152420901955, -1.659181764175242213, -0.2204036300665340176 ) ) ;
#116 = CARTESIAN_POINT ( 'NONE',  ( 5.399991199870923353, -1.400354269461837609, -1.400354269461837831 ) ) ;
#117 = CARTESIAN_POINT ( 'NONE',  ( 3.899979466365496084, -4.532032201069614138E-16, 2.499999999999996891 ) ) ;
#118 = CARTESIAN_POINT ( 'NONE',  ( 11.42498899983865357, 1.937099999999994049, 0.8023730916729217011 ) ) ;
#119 = CARTESIAN_POINT ( 'NONE',  ( 7.499988266494568734, 1.400354269461835388, 1.400354269461836054 ) ) ;
#120 = CARTESIAN_POINT ( 'NONE',  ( 11.14998826649456909, -0.8203085389236755010, -1.980399999999995497 ) ) ;
#121 = CARTESIAN_POINT ( 'NONE',  ( 16.29999119987092371, -3.385521583608859322E-16, 1.980399999999998828 ) ) ;
#122 = CARTESIAN_POINT ( 'NONE',  ( 9.099991199870924419, -3.497017485837928481E-16, 1.980399999999998384 ) ) ;
#123 = CARTESIAN_POINT ( 'NONE',  ( 16.99999119987092300, 1.400354269461837387, 1.400354269461838053 ) ) ;
#124 = CARTESIAN_POINT ( 'NONE',  ( 10.64997946636549564, -1.035533905932736420, -2.499999999999996891 ) ) ;
#125 = CARTESIAN_POINT ( 'NONE',  ( 2.680010281682782658, -2.123305146466571536, 0.8596184292848437769 ) ) ;
#126 = CARTESIAN_POINT ( 'NONE',  ( 6.174990466526834254, -1.937099999999996713, -0.8023730916729213680 ) ) ;
#127 = CARTESIAN_POINT ( 'NONE',  ( 17.00720345491725993, -0.7169645838970041263, 2.116864022107146415 ) ) ;
#128 = CARTESIAN_POINT ( 'NONE',  ( 3.046093084410535834, 0.5710959351115433291, 2.451015505957774732 ) ) ;
#129 = CARTESIAN_POINT ( 'NONE',  ( 3.122709142305633900, -0.4580334822433305697, -1.897070818360698574 ) ) ;
#130 = CARTESIAN_POINT ( 'NONE',  ( 8.349999999999997868, -1.035533905932736420, -2.499999999999996891 ) ) ;
#131 = CARTESIAN_POINT ( 'NONE',  ( 1.683332619216776349, -2.191586905299407473, 2.846547571542621391 ) ) ;
#132 = ORIENTED_EDGE ( 'NONE', *, *, #5171, .F. ) ;
#133 = CARTESIAN_POINT ( 'NONE',  ( 3.849979466365497149, 1.035533905932736864, 2.499999999999996447 ) ) ;
#134 = CARTESIAN_POINT ( 'NONE',  ( 9.549999999999997158, 1.035533905932736864, 2.499999999999996447 ) ) ;
#135 = CARTESIAN_POINT ( 'NONE',  ( 2.366654219044554974, -0.6835616992973608808, -2.555809339967968885 ) ) ;
#136 = CARTESIAN_POINT ( 'NONE',  ( 13.49998826649456873, -1.400354269461835388, -1.400354269461835610 ) ) ;
#137 = CARTESIAN_POINT ( 'NONE',  ( 11.29997946636549599, -2.499999999999996891, -3.061616997868379197E-16 ) ) ;
#138 = EDGE_CURVE ( 'NONE', #4391, #2439, #2387, .T. ) ;
#139 = CARTESIAN_POINT ( 'NONE',  ( 16.69999999999999929, 1.767766952966366212, 1.767766952966367100 ) ) ;
#140 = CARTESIAN_POINT ( 'NONE',  ( 3.299991199870922376, 1.980399999999998828, 0.000000000000000000 ) ) ;
#141 = CARTESIAN_POINT ( 'NONE',  ( 2.999988266494567846, -1.980399999999995497, -2.425290521031412773E-16 ) ) ;
#142 = CARTESIAN_POINT ( 'NONE',  ( 2.866657152420963417, -1.689427386361661787, 0.4507185640882304667 ) ) ;
#143 = CARTESIAN_POINT ( 'NONE',  ( 7.349991199870924419, 1.980399999999998162, 0.8203085389236781655 ) ) ;
#144 = FACE_OUTER_BOUND ( 'NONE', #3279, .T. ) ;
#145 = B_SPLINE_SURFACE_WITH_KNOTS ( 'NONE', 1, 3, ( 
 ( #3765, #769, #2976, #5130, #3341, #2920, #2572, #3307, #3419, #3824, #1635, #2889, #1661, #4220, #1575, #2139, #1152, #4247, #3370, #339, #4617, #5102, #1210, #2950, #4699, #5505, #733, #365, #4673, #1235, #822, #2544, #4726, #393, #2459, #3847, #2114, #1685, #1261, #3000, #4189, #3980, #3557, #4752, #1799, #2166, #78, #2250, #3052, #2703, #875, #500, #4781, #5293, #1713, #4860, #4356, #4414, #955, #102 ),
 ( #472, #3900, #902, #50, #3130, #4807, #2223, #3501, #1825, #1391, #2623, #2651, #2596, #2678, #22, #3957, #2195, #4326, #3929, #526, #981, #4440, #1770, #554, #5237, #1340, #3874, #1742, #5184, #3078, #5611, #445, #3447, #929, #1312, #4387, #1286, #3027, #3528, #3474, #5265, #1367, #3104, #4833, #5208, #582, #3637, #3157, #4089, #5004, #1446, #612, #211, #4006, #1535, #1936, #3694, #1420, #3273, #1853 ) ),
 .UNSPECIFIED., .F., .F., .F.,
 ( 2, 2 ),
 ( 4, 2, 2, 2, 2, 2, 2, 2, 2, 2, 2, 2, 2, 2, 2, 2, 2, 2, 2, 2, 2, 2, 2, 2, 2, 2, 2, 2, 2, 4 ),
 ( 0.000000000000000000, 1.000000000000000000 ),
 ( 0.000000000000000000, 0.03125000000000000000, 0.06250000000000000000, 0.09375000000000000000, 0.1250000000000000000, 0.1562500000000000000, 0.1875000000000000000, 0.2187500000000000000, 0.2500000000000000000, 0.2812500000000000000, 0.3125000000000000000, 0.3437500000000000000, 0.3750000000000000000, 0.4062500000000000000, 0.4375000000000000000, 0.4687500000000000000, 0.5000000000000000000, 0.5312500000000000000, 0.5625000000000000000, 0.5937500000000000000, 0.6250000000000000000, 0.6562500000000000000, 0.6875000000000000000, 0.7187500000000000000, 0.7500000000000000000, 0.7812500000000000000, 0.8125000000000000000, 0.8437500000000000000, 0.8750000000000000000, 0.8999991158169599048 ),
 .UNSPECIFIED. ) ;
#146 = CARTESIAN_POINT ( 'NONE',  ( 9.649988266494569089, 0.8203085389236759450, -1.980399999999995941 ) ) ;
#147 = CARTESIAN_POINT ( 'NONE',  ( 10.89998826649456909, -1.400354269461835832, 1.400354269461835388 ) ) ;
#148 = CARTESIAN_POINT ( 'NONE',  ( 16.54999119987092726, -1.980399999999999050, -0.8203085389236773883 ) ) ;
#149 = CARTESIAN_POINT ( 'NONE',  ( 10.59999119987092264, 1.400354269461837387, 1.400354269461838053 ) ) ;
#150 = CARTESIAN_POINT ( 'NONE',  ( 15.54999119987092371, -0.8203085389236779434, 1.980399999999998162 ) ) ;
#151 = CARTESIAN_POINT ( 'NONE',  ( 9.049979466365499547, -1.035533905932736420, -2.499999999999996891 ) ) ;
#152 = CARTESIAN_POINT ( 'NONE',  ( 0.08174185994869705152, 1.007606458318599518, 1.254774420157654946 ) ) ;
#153 = CARTESIAN_POINT ( 'NONE',  ( 2.974990466526833188, -1.937099999999996713, -0.8023730916729213680 ) ) ;
#154 = CARTESIAN_POINT ( 'NONE',  ( 2.964808979289795587, 1.364600333561356571, 2.114557329254642681 ) ) ;
#155 = FACE_OUTER_BOUND ( 'NONE', #1717, .T. ) ;
#156 = CARTESIAN_POINT ( 'NONE',  ( 9.949999999999997513, -1.035533905932736420, -2.499999999999996891 ) ) ;
#157 = CARTESIAN_POINT ( 'NONE',  ( 2.133332619216621318, 2.531143088574635769, -1.455187334125312537 ) ) ;
#158 = CARTESIAN_POINT ( 'NONE',  ( 3.333320885711328341, 1.040777003146828195, -0.5961787946308271247 ) ) ;
#159 = ORIENTED_EDGE ( 'NONE', *, *, #419, .T. ) ;
#160 = CARTESIAN_POINT ( 'NONE',  ( 0.5599999999999997202, -1.243302455813502849, -4.626370212059145004 ) ) ;
#161 = CARTESIAN_POINT ( 'NONE',  ( 2.283320885711222825, -2.193927835766704248, -1.690050279198082928 ) ) ;
#162 = CARTESIAN_POINT ( 'NONE',  ( 14.19998826649456802, -1.980399999999995497, -2.425290521031412773E-16 ) ) ;
#163 = CARTESIAN_POINT ( 'NONE',  ( 10.39997946636549742, -1.767766952966367100, 1.767766952966366434 ) ) ;
#164 = CARTESIAN_POINT ( 'NONE',  ( 16.19999999999999929, -2.499999999999996891, -3.061616997868379197E-16 ) ) ;
#165 = CARTESIAN_POINT ( 'NONE',  ( 4.749991199870922109, 0.8203085389236772773, -1.980399999999999050 ) ) ;
#166 = CARTESIAN_POINT ( 'NONE',  ( 4.649988266494568201, -1.980399999999995497, -0.8203085389236758340 ) ) ;
#167 = CARTESIAN_POINT ( 'NONE',  ( 3.058323085743471115, -0.7237036814845941857, -1.262028973919700814 ) ) ;
#168 = CARTESIAN_POINT ( 'NONE',  ( 6.049991199870922820, -1.980399999999999050, 0.8203085389236763891 ) ) ;
#169 = PRODUCT_RELATED_PRODUCT_CATEGORY ( 'part', '', ( #4895 ) ) ;
#170 = CARTESIAN_POINT ( 'NONE',  ( 2.999999285883337752, 1.610464477574515385, -1.402164780948711407E-05 ) ) ;
#171 = CARTESIAN_POINT ( 'NONE',  ( 8.374988999838654635, -3.428703728234781532E-16, 1.937099999999994715 ) ) ;
#172 = CARTESIAN_POINT ( 'NONE',  ( 6.049988266494568556, -0.8203085389236768332, 1.980399999999995497 ) ) ;
#173 = CARTESIAN_POINT ( 'NONE',  ( 10.79998826649456944, -3.470692109903204315E-16, 1.980399999999995497 ) ) ;
#174 = CARTESIAN_POINT ( 'NONE',  ( 15.19999119987092229, 1.400354269461838053, -1.400354269461838053 ) ) ;
#175 = CARTESIAN_POINT ( 'NONE',  ( 7.449991199870923175, 0.8203085389236773883, 1.980399999999997718 ) ) ;
#176 = CARTESIAN_POINT ( 'NONE',  ( 8.299999999999998934, -1.767766952966366434, -1.767766952966366878 ) ) ;
#177 = CARTESIAN_POINT ( 'NONE',  ( 14.74999119987092300, -0.8203085389236779434, 1.980399999999998162 ) ) ;
#178 = CARTESIAN_POINT ( 'NONE',  ( 8.849979466365494929, -2.499999999999997335, 1.035533905932735976 ) ) ;
#179 = CARTESIAN_POINT ( 'NONE',  ( 0.08164020241298008962, -1.007430382299709493, 1.255079392768366997 ) ) ;
#180 = CARTESIAN_POINT ( 'NONE',  ( 3.224990466526833632, 1.369736545836458763, -1.369736545836458763 ) ) ;
#181 = CARTESIAN_POINT ( 'NONE',  ( 13.14998826649456731, 0.8203085389236763891, 1.980399999999995497 ) ) ;
#182 = CARTESIAN_POINT ( 'NONE',  ( 3.324989752410171473, 1.047564477583367681, -1.086453358870298673E-05 ) ) ;
#183 = CARTESIAN_POINT ( 'NONE',  ( 1.399999999999999911, -4.750000000000000888, 0.000000000000000000 ) ) ;
#184 = CARTESIAN_POINT ( 'NONE',  ( 10.09999999999999787, 1.767766952966366878, -1.767766952966366878 ) ) ;
#185 = CARTESIAN_POINT ( 'NONE',  ( 1.399999999999999689, -3.462097634513835676, 2.661548123274857236 ) ) ;
#186 = CARTESIAN_POINT ( 'NONE',  ( 12.47499046652683141, -1.937099999999996935, 0.8023730916729207019 ) ) ;
#187 = CARTESIAN_POINT ( 'NONE',  ( 3.266654219044651697, 0.6519096158704311694, -1.124676953384787348 ) ) ;
#188 = ORIENTED_EDGE ( 'NONE', *, *, #2499, .T. ) ;
#189 = CARTESIAN_POINT ( 'NONE',  ( 0.5599999999999997202, 2.392190151655923636, -4.150485346797637476 ) ) ;
#190 = CARTESIAN_POINT ( 'NONE',  ( 2.883320885711338821, -1.143395735257282553, 1.482589356485640497 ) ) ;
#191 = SURFACE_SIDE_STYLE ('',( #1890 ) ) ;
#192 = CARTESIAN_POINT ( 'NONE',  ( 3.083320885711259063, -1.245476528746239930, -0.9611775539878002483 ) ) ;
#193 = B_SPLINE_CURVE_WITH_KNOTS ( 'NONE', 3,
 ( #4253, #3401, #3427, #2982, #2146, #4705, #1750, #4733, #828, #3482, #2551, #4280, #2577, #4307, #3881, #5190, #2604, #30, #1346, #3617, #3565, #2257, #5356, #4924, #508, #3165, #3537, #1426, #1454, #4422 ),
 .UNSPECIFIED., .F., .F.,
 ( 4, 2, 2, 2, 2, 2, 2, 2, 2, 2, 2, 2, 2, 2, 4 ),
 ( 0.000000000000000000, 0.0007696320110937382528, 0.001539264022187476506, 0.001924080027734345524, 0.002308896033281214975, 0.002693712038828083993, 0.003078528044374952144, 0.003463344049921821162, 0.003848160055468689313, 0.004232976061015558331, 0.004617792066562427349, 0.005002608072109297234, 0.005387424077656166252, 0.005772240083203035270, 0.006157056088749904288 ),
 .UNSPECIFIED. ) ;
#194 = CARTESIAN_POINT ( 'NONE',  ( 14.84998826649456838, -0.8203085389236766112, 1.980399999999995053 ) ) ;
#195 = CARTESIAN_POINT ( 'NONE',  ( 12.44997946636549635, 2.499999999999996891, -1.035533905932736642 ) ) ;
#196 = CARTESIAN_POINT ( 'NONE',  ( 4.899991199870923353, 1.980399999999998828, 0.000000000000000000 ) ) ;
#197 = CARTESIAN_POINT ( 'NONE',  ( 15.54999999999999716, -1.035533905932736420, -2.499999999999996891 ) ) ;
#198 = CARTESIAN_POINT ( 'NONE',  ( 3.033323819087562434, -0.7455105951340100789, -1.299863802395706314 ) ) ;
#199 = CARTESIAN_POINT ( 'NONE',  ( 5.599991199870922642, 1.400354269461837831, -1.400354269461837831 ) ) ;
#200 = CARTESIAN_POINT ( 'NONE',  ( 0.8399999999999998579, 2.919096919880846297, 3.798417501391357032 ) ) ;
#201 = CARTESIAN_POINT ( 'NONE',  ( 8.224988999838656056, 1.937099999999994049, 0.8023730916729217011 ) ) ;
#202 = CARTESIAN_POINT ( 'NONE',  ( 3.999988266494567402, 1.274587246721054901E-16, -1.980399999999995941 ) ) ;
#203 = CARTESIAN_POINT ( 'NONE',  ( 8.449988266494568023, -0.8203085389236767222, 1.980399999999995053 ) ) ;
#204 = CARTESIAN_POINT ( 'NONE',  ( 13.49999119987092300, 1.421699940920447163E-16, -1.980399999999998828 ) ) ;
#205 = CARTESIAN_POINT ( 'NONE',  ( 7.199991199870923175, 1.400354269461837831, -1.400354269461837831 ) ) ;
#206 = CARTESIAN_POINT ( 'NONE',  ( 15.19999119987092229, 1.400354269461837831, -1.400354269461837831 ) ) ;
#207 = CARTESIAN_POINT ( 'NONE',  ( 8.449979466365496350, 2.499999999999996891, -1.035533905932736642 ) ) ;
#208 = CARTESIAN_POINT ( 'NONE',  ( -1.224698418616533548E-17, -0.8660254037844389297, 1.500000000000000000 ) ) ;
#209 = CARTESIAN_POINT ( 'NONE',  ( 16.32498899983865925, 0.8023730916729209239, 1.937099999999994493 ) ) ;
#210 = CARTESIAN_POINT ( 'NONE',  ( 13.69998826649456980, 1.400354269461835832, -1.400354269461835832 ) ) ;
#211 = CARTESIAN_POINT ( 'NONE',  ( 2.016657152420972654, -2.396058595234483946, 1.837373314205272834 ) ) ;
#212 = CARTESIAN_POINT ( 'NONE',  ( -1.224698418616533548E-17, -0.8660254037844399289, -1.499999999999999778 ) ) ;
#213 = CARTESIAN_POINT ( 'NONE',  ( 10.69999999999999751, -1.767766952966366434, -1.767766952966366878 ) ) ;
#214 = CARTESIAN_POINT ( 'NONE',  ( 1.399999999999999689, -0.5660739880712338801, 4.330071440916664294 ) ) ;
#215 = CARTESIAN_POINT ( 'NONE',  ( 12.22499046652683496, 1.369736545836458319, 1.369736545836458985 ) ) ;
#216 = CARTESIAN_POINT ( 'NONE',  ( 3.699978752248835878, 1.610464477574514941, -1.402164780948711407E-05 ) ) ;
#217 = ORIENTED_EDGE ( 'NONE', *, *, #3878, .F. ) ;
#218 = CARTESIAN_POINT ( 'NONE',  ( 17.26764963309274847, -1.604762643075457573, 1.112604146566749330 ) ) ;
#219 = CARTESIAN_POINT ( 'NONE',  ( -999.0000000000000000, 0.000000000000000000, 0.000000000000000000 ) ) ;
#220 = DIRECTION ( 'NONE',  ( 1.000000000000000000, 0.000000000000000000, 0.000000000000000000 ) ) ;
#221 = CARTESIAN_POINT ( 'NONE',  ( 2.449829530736435057, 0.9536400755803556839, -2.310462901527624346 ) ) ;
#222 = CARTESIAN_POINT ( 'NONE',  ( 14.79998826649456944, -3.408749941998164688E-16, 1.980399999999995497 ) ) ;
#223 = CARTESIAN_POINT ( 'NONE',  ( 11.39997946636549564, -1.767766952966366434, -1.767766952966366878 ) ) ;
#224 = CARTESIAN_POINT ( 'NONE',  ( 15.29999999999999716, -1.767766952966367100, 1.767766952966366434 ) ) ;
#225 = CARTESIAN_POINT ( 'NONE',  ( 5.499991199870922998, 1.297815605110368895E-16, -1.980399999999998828 ) ) ;
#226 = CARTESIAN_POINT ( 'NONE',  ( 15.14999999999999680, 1.035533905932736864, 2.499999999999996447 ) ) ;
#227 = CARTESIAN_POINT ( 'NONE',  ( 2.366657152420990062, 1.249215737120153102, -2.161036309339024353 ) ) ;
#228 = CARTESIAN_POINT ( 'NONE',  ( -1.791426074023466984E-16, -0.5660739880712338801, 4.329928559083336737 ) ) ;
#229 = CARTESIAN_POINT ( 'NONE',  ( 0.8399999999999996358, -4.626370214174496454, -1.243302450706584183 ) ) ;
#230 = ORIENTED_EDGE ( 'NONE', *, *, #2881, .F. ) ;
#231 = CARTESIAN_POINT ( 'NONE',  ( 6.424988999838654458, 0.8023730916729207019, -1.937099999999994937 ) ) ;
#232 = CARTESIAN_POINT ( 'NONE',  ( 4.049988266494568556, 0.8203085389236759450, -1.980399999999995941 ) ) ;
#233 = CARTESIAN_POINT ( 'NONE',  ( 10.59998826649456660, 1.980399999999995497, 0.000000000000000000 ) ) ;
#234 = CARTESIAN_POINT ( 'NONE',  ( 14.69999119987092406, -3.410298450770874581E-16, 1.980399999999998828 ) ) ;
#235 = CARTESIAN_POINT ( 'NONE',  ( 5.749991199870922998, 1.980399999999997718, 0.8203085389236781655 ) ) ;
#236 = CARTESIAN_POINT ( 'NONE',  ( 15.74999119987092300, -1.980399999999998606, -0.8203085389236771663 ) ) ;
#237 = CARTESIAN_POINT ( 'NONE',  ( 8.999979466365497061, -1.767766952966366434, -1.767766952966366878 ) ) ;
#238 = CARTESIAN_POINT ( 'NONE',  ( 2.448774887667062750, -0.5144808945225645136, 2.419654835199732901 ) ) ;
#239 = CARTESIAN_POINT ( 'NONE',  ( 16.07498899983865570, 1.369736545836457653, -1.369736545836457653 ) ) ;
#240 = CARTESIAN_POINT ( 'NONE',  ( 14.19998826649456802, -1.980399999999995941, -2.425290521031413266E-16 ) ) ;
#241 = CARTESIAN_POINT ( 'NONE',  ( 2.476854916003112361, 1.215809525588380735, -2.203526114020874171 ) ) ;
#242 = CARTESIAN_POINT ( 'NONE',  ( 0.8399999999999998579, 4.150485346797891495, -2.392190151655311681 ) ) ;
#243 = CARTESIAN_POINT ( 'NONE',  ( 9.250000000000001776, 1.035533905932736642, -2.499999999999996891 ) ) ;
#244 = EDGE_CURVE ( 'NONE', #561, #4444, #5320, .T. ) ;
#245 = FACE_OUTER_BOUND ( 'NONE', #5158, .T. ) ;
#246 = CARTESIAN_POINT ( 'NONE',  ( 12.12499046652683354, 1.937099999999996269, 0.000000000000000000 ) ) ;
#247 = CARTESIAN_POINT ( 'NONE',  ( 2.766654219044514473, 0.5283329379844912133, 1.978221371206884349 ) ) ;
#248 = ORIENTED_EDGE ( 'NONE', *, *, #5530, .T. ) ;
#249 = CARTESIAN_POINT ( 'NONE',  ( 17.26343901054131891, -1.715251634655418966, 0.9402480959540011618 ) ) ;
#250 =( LENGTH_UNIT ( ) NAMED_UNIT ( * ) SI_UNIT ( .MILLI., .METRE. ) );
#251 = CARTESIAN_POINT ( 'NONE',  ( 3.133320885711207815, -0.7455105951339986436, -1.299863802395703649 ) ) ;
#252 = CARTESIAN_POINT ( 'NONE',  ( -2.174610718864070192E-16, -2.660987301054188681, -3.462557424021190489 ) ) ;
#253 = CARTESIAN_POINT ( 'NONE',  ( 11.94997946636549813, -1.035533905932737753, 2.499999999999996447 ) ) ;
#254 = CARTESIAN_POINT ( 'NONE',  ( 4.049991199870922820, 1.980399999999999050, -0.8203085389236769442 ) ) ;
#255 = CARTESIAN_POINT ( 'NONE',  ( 16.44999999999999929, 1.035533905932736642, -2.499999999999996891 ) ) ;
#256 = CARTESIAN_POINT ( 'NONE',  ( 2.991656419076842877, -1.345931722666158903, -0.7794296527996140700 ) ) ;
#257 = CARTESIAN_POINT ( 'NONE',  ( 2.799991199870923708, -1.400354269461838053, 1.400354269461837609 ) ) ;
#258 = CARTESIAN_POINT ( 'NONE',  ( 10.59998826649456660, 1.980399999999995497, 0.000000000000000000 ) ) ;
#259 = CARTESIAN_POINT ( 'NONE',  ( 0.04062218556123151081, -0.7253060251713822071, -1.500000000000000666 ) ) ;
#260 = CARTESIAN_POINT ( 'NONE',  ( 8.824988999838653925, 0.8023730916729207019, -1.937099999999994937 ) ) ;
#261 = CARTESIAN_POINT ( 'NONE',  ( 3.449988266494568467, 1.980399999999995497, 0.8203085389236771663 ) ) ;
#262 = CARTESIAN_POINT ( 'NONE',  ( 14.54999119987092193, 1.980399999999998606, 0.8203085389236783875 ) ) ;
#263 = CARTESIAN_POINT ( 'NONE',  ( 7.849991199870922642, -0.8203085389236768332, -1.980399999999998384 ) ) ;
#264 = CARTESIAN_POINT ( 'NONE',  ( 7.299999999999997158, -1.767766952966367100, 1.767766952966366434 ) ) ;
#265 = CARTESIAN_POINT ( 'NONE',  ( 12.99999119987092477, 1.400354269461837387, 1.400354269461838053 ) ) ;
#266 = CARTESIAN_POINT ( 'NONE',  ( 7.299979466365495995, -2.499999999999996891, -3.061616997868379197E-16 ) ) ;
#267 = CARTESIAN_POINT ( 'NONE',  ( 16.89999119987092513, 1.980399999999998384, 0.000000000000000000 ) ) ;
#268 = CARTESIAN_POINT ( 'NONE',  ( 16.47498899983865783, -1.369736545836457653, 1.369736545836457431 ) ) ;
#269 = CARTESIAN_POINT ( 'NONE',  ( 13.44998826649456802, -1.980399999999995941, -0.8203085389236761671 ) ) ;
#270 = CARTESIAN_POINT ( 'NONE',  ( 15.99998826649456873, 1.460413750436171563E-16, -1.980399999999995497 ) ) ;
#271 = CARTESIAN_POINT ( 'NONE',  ( 0.8399999999999998579, -2.392190151655363195, -4.150485346797869290 ) ) ;
#272 = CARTESIAN_POINT ( 'NONE',  ( 10.29999999999999893, 1.767766952966366212, 1.767766952966367100 ) ) ;
#273 = CARTESIAN_POINT ( 'NONE',  ( 8.049999999999997158, -1.035533905932737753, 2.499999999999996447 ) ) ;
#274 = CARTESIAN_POINT ( 'NONE',  ( 10.32499046652683283, 1.346019730588050029E-16, -1.937099999999996269 ) ) ;
#275 = CARTESIAN_POINT ( 'NONE',  ( 2.683320885711232506, 1.719702186645831521, 1.325613914623700262 ) ) ;
#276 = EDGE_LOOP ( 'NONE', ( #1316 ) ) ;
#277 = DIRECTION ( 'NONE',  ( 1.548554197625976421E-18, -1.000000000000000000, 0.000000000000000000 ) ) ;
#278 = APPLICATION_CONTEXT ( 'automotive_design' ) ;
#279 = CARTESIAN_POINT ( 'NONE',  ( 3.166654219044606755, -0.3731041870542742833, -1.400633402320429433 ) ) ;
#280 = CARTESIAN_POINT ( 'NONE',  ( 0.5599999999999997202, -2.919096923789190612, 3.798417497483012273 ) ) ;
#281 = CARTESIAN_POINT ( 'NONE',  ( 8.399979466365497416, 1.767766952966366878, -1.767766952966366878 ) ) ;
#282 = CARTESIAN_POINT ( 'NONE',  ( 13.84999999999999787, -2.499999999999996891, -1.035533905932736864 ) ) ;
#283 = CARTESIAN_POINT ( 'NONE',  ( 2.849991199870923531, -1.980399999999999494, 0.8203085389236765002 ) ) ;
#284 = CARTESIAN_POINT ( 'NONE',  ( 2.392649019563767965, 0.9789970952267764703, 2.304825941547797630 ) ) ;
#285 = CARTESIAN_POINT ( 'NONE',  ( 2.758323085743515257, -0.4970662109279985197, 1.837318377447423767 ) ) ;
#286 = DIRECTION ( 'NONE',  ( -1.000000000000000000, 0.000000000000000000, 0.000000000000000000 ) ) ;
#287 = CARTESIAN_POINT ( 'NONE',  ( 9.799988266494567668, 1.980399999999995497, 0.000000000000000000 ) ) ;
#288 = CARTESIAN_POINT ( 'NONE',  ( 3.183323819087526818, 0.7789593693100348437, -1.008363708334896192 ) ) ;
#289 = ORIENTED_EDGE ( 'NONE', *, *, #1512, .T. ) ;
#290 = CARTESIAN_POINT ( 'NONE',  ( 5.424988999838656234, -1.937099999999994937, -0.8023730916729207019 ) ) ;
#291 = CARTESIAN_POINT ( 'NONE',  ( 6.399988266494568201, 1.311752547464078283E-16, -1.980399999999995941 ) ) ;
#292 = CARTESIAN_POINT ( 'NONE',  ( 5.399988266494567313, -1.980399999999995497, -2.425290521031412773E-16 ) ) ;
#293 = CARTESIAN_POINT ( 'NONE',  ( 9.799991199870923708, 1.400354269461837609, 1.400354269461838275 ) ) ;
#294 = CARTESIAN_POINT ( 'NONE',  ( 5.349988266494569267, -1.980399999999995941, 0.8203085389236750569 ) ) ;
#295 = CARTESIAN_POINT ( 'NONE',  ( 8.049991199870923708, 1.980399999999998384, -0.8203085389236769442 ) ) ;
#296 = CARTESIAN_POINT ( 'NONE',  ( 5.949999999999998401, -1.035533905932736420, -2.499999999999996891 ) ) ;
#297 = CARTESIAN_POINT ( 'NONE',  ( 11.44999119987092229, 0.8203085389236773883, 1.980399999999998162 ) ) ;
#298 = CARTESIAN_POINT ( 'NONE',  ( 7.199979466365497238, -1.767766952966367100, 1.767766952966366434 ) ) ;
#299 = CARTESIAN_POINT ( 'NONE',  ( 15.04999119987092193, -0.8203085389236768332, -1.980399999999998384 ) ) ;
#300 = CARTESIAN_POINT ( 'NONE',  ( 14.82498899983865570, -0.8023730916729214790, 1.937099999999994049 ) ) ;
#301 = CARTESIAN_POINT ( 'NONE',  ( 14.99998826649456873, -1.980399999999995941, -2.425290521031413266E-16 ) ) ;
#302 = CARTESIAN_POINT ( 'NONE',  ( 14.89998826649456909, -1.400354269461835832, 1.400354269461835388 ) ) ;
#303 = CARTESIAN_POINT ( 'NONE',  ( 3.082979246947859853, -0.5470071982860614801, -1.882671639814119224 ) ) ;
#304 = CARTESIAN_POINT ( 'NONE',  ( 7.599999999999998757, 1.648498617953763805E-16, -2.499999999999996891 ) ) ;
#305 = LINE ( 'NONE', #4614, #1005 ) ;
#306 = CARTESIAN_POINT ( 'NONE',  ( 11.92499046652683603, 1.370796597750065535E-16, -1.937099999999996269 ) ) ;
#307 = CARTESIAN_POINT ( 'NONE',  ( 2.783320885711387138, 0.2592543019912638691, 2.005107766596173846 ) ) ;
#308 = ORIENTED_EDGE ( 'NONE', *, *, #2082, .T. ) ;
#309 = CARTESIAN_POINT ( 'NONE',  ( 13.39999119987092335, -1.400354269461837609, -1.400354269461837831 ) ) ;
#310 = CARTESIAN_POINT ( 'NONE',  ( 3.533312085582171136, 0.4891843751135505070, -1.807977193719238151 ) ) ;
#311 = CARTESIAN_POINT ( 'NONE',  ( 1.229042203480362770E-13, -3.798417497482950544, -2.919096923789375353 ) ) ;
#312 = CARTESIAN_POINT ( 'NONE',  ( 7.299979466365495995, -2.499999999999996891, -3.061616997868379197E-16 ) ) ;
#313 = CARTESIAN_POINT ( 'NONE',  ( 15.34999999999999964, -2.499999999999997335, 1.035533905932735976 ) ) ;
#314 = CARTESIAN_POINT ( 'NONE',  ( 3.099991199870923531, 1.260650304367345513E-16, -1.980399999999998828 ) ) ;
#315 = CARTESIAN_POINT ( 'NONE',  ( 15.64999999999999680, 1.035533905932736642, -2.499999999999996891 ) ) ;
#316 = CARTESIAN_POINT ( 'NONE',  ( 2.391656419076899187, 1.227409247612908150, -2.123201236359952837 ) ) ;
#317 = CARTESIAN_POINT ( 'NONE',  ( 4.349991199870921754, -0.8203085389236779434, 1.980399999999998162 ) ) ;
#318 = CARTESIAN_POINT ( 'NONE',  ( 8.999988266494568734, 1.980399999999995497, 0.000000000000000000 ) ) ;
#319 = EDGE_CURVE ( 'NONE', #4444, #4559, #5443, .T. ) ;
#320 = CARTESIAN_POINT ( 'NONE',  ( 2.966657152421070531, -1.383766791692897513, -0.8012361466107761343 ) ) ;
#321 = ORIENTED_EDGE ( 'NONE', *, *, #1148, .F. ) ;
#322 = CARTESIAN_POINT ( 'NONE',  ( 6.374988999838654635, 1.284851817069361405E-16, -1.937099999999994715 ) ) ;
#323 = CARTESIAN_POINT ( 'NONE',  ( 17.94997946636549457, 1.035533905932736642, -2.499999999999996891 ) ) ;
#324 = CARTESIAN_POINT ( 'NONE',  ( 5.799988266494568556, 1.980399999999995497, 0.000000000000000000 ) ) ;
#325 = CARTESIAN_POINT ( 'NONE',  ( 11.04999119987092371, -0.8203085389236768332, -1.980399999999999050 ) ) ;
#326 = CARTESIAN_POINT ( 'NONE',  ( 5.049991199870924596, 0.8203085389236773883, 1.980399999999997718 ) ) ;
#327 = CARTESIAN_POINT ( 'NONE',  ( 6.249999999999998224, 2.499999999999996447, 1.035533905932737975 ) ) ;
#328 = CARTESIAN_POINT ( 'NONE',  ( 12.49999119987092300, -1.980399999999998384, -2.425290521031416718E-16 ) ) ;
#329 = CARTESIAN_POINT ( 'NONE',  ( 4.299979466365495107, 1.597396011457647578E-16, -2.499999999999996891 ) ) ;
#330 = CARTESIAN_POINT ( 'NONE',  ( 14.44999119987092584, 1.980399999999998384, -0.8203085389236769442 ) ) ;
#331 = CARTESIAN_POINT ( 'NONE',  ( 14.72498899983865606, 0.8023730916729209239, 1.937099999999994493 ) ) ;
#332 = CARTESIAN_POINT ( 'NONE',  ( 12.84998826649457015, 0.8203085389236759450, -1.980399999999995941 ) ) ;
#333 = CARTESIAN_POINT ( 'NONE',  ( 14.69998826649456802, 1.400354269461835166, 1.400354269461835832 ) ) ;
#334 = CARTESIAN_POINT ( 'NONE',  ( 1.399999999999999911, -4.750000000000000888, -0.6217735404963300461 ) ) ;
#335 = CARTESIAN_POINT ( 'NONE',  ( 8.099999999999997868, -1.767766952966367100, 1.767766952966366434 ) ) ;
#336 = CARTESIAN_POINT ( 'NONE',  ( 15.79997946636549777, 1.767766952966366212, 1.767766952966367100 ) ) ;
#337 = CARTESIAN_POINT ( 'NONE',  ( 8.274990466526835675, 0.8023730916729214790, 1.937099999999996269 ) ) ;
#338 = CARTESIAN_POINT ( 'NONE',  ( 0.5599999999999997202, -2.919096919880846297, -3.798417501391357476 ) ) ;
#339 = CARTESIAN_POINT ( 'NONE',  ( 2.533332619216759340, -2.012969051296997325, 1.156524482716780877 ) ) ;
#340 = CARTESIAN_POINT ( 'NONE',  ( 3.066645418915557197, 0.6643386269267790301, 2.484297168957085855 ) ) ;
#341 = CARTESIAN_POINT ( 'NONE',  ( 7.749979466365497061, 2.499999999999996447, 1.035533905932737975 ) ) ;
#342 = CARTESIAN_POINT ( 'NONE',  ( 2.899991199870922909, -1.980399999999998828, -2.425290521031417211E-16 ) ) ;
#343 = CARTESIAN_POINT ( 'NONE',  ( 12.54999999999999716, 2.499999999999996891, -1.035533905932736642 ) ) ;
#344 = CARTESIAN_POINT ( 'NONE',  ( 3.158321619055358020, -0.1759533450893086270, -1.368784197041125417 ) ) ;
#345 = CARTESIAN_POINT ( 'NONE',  ( -1.774532195188059818E-16, -1.657019262140840388, 4.000398375773872139 ) ) ;
#346 = CARTESIAN_POINT ( 'NONE',  ( 9.199988266494568023, -3.495468977065219574E-16, 1.980399999999995497 ) ) ;
#347 = CARTESIAN_POINT ( 'NONE',  ( 2.616657152420819088, 1.290704284573677807, 1.684731252044670891 ) ) ;
#348 = CARTESIAN_POINT ( 'NONE',  ( 5.074988999838653925, 1.369736545836457431, 1.369736545836457653 ) ) ;
#349 = CARTESIAN_POINT ( 'NONE',  ( 17.09997946636549671, 1.795610948753772609E-16, -2.499999999999996891 ) ) ;
#350 = CARTESIAN_POINT ( 'NONE',  ( 6.349988266494568379, -0.8203085389236755010, -1.980399999999995497 ) ) ;
#351 = CARTESIAN_POINT ( 'NONE',  ( 10.29999119987092371, 1.372146206596415905E-16, -1.980399999999998828 ) ) ;
#352 = CARTESIAN_POINT ( 'NONE',  ( 4.599991199870922642, -1.400354269461837609, -1.400354269461837831 ) ) ;
#353 = CARTESIAN_POINT ( 'NONE',  ( 7.449999999999998401, -2.499999999999996891, -1.035533905932736864 ) ) ;
#354 = CARTESIAN_POINT ( 'NONE',  ( 12.34999119987092442, -0.8203085389236779434, 1.980399999999998162 ) ) ;
#355 = PRODUCT_DEFINITION ( 'UNKNOWN', '', #5097, #2169 ) ;
#356 = CARTESIAN_POINT ( 'NONE',  ( 5.749979466365497061, -2.499999999999996891, -1.035533905932736864 ) ) ;
#357 = CARTESIAN_POINT ( 'NONE',  ( 13.17498899983865535, -3.354373126748735262E-16, 1.937099999999994715 ) ) ;
#358 = CARTESIAN_POINT ( 'NONE',  ( 12.94998826649456980, 1.980399999999995941, -0.8203085389236758340 ) ) ;
#359 = CARTESIAN_POINT ( 'NONE',  ( 16.89998826649456731, 1.400354269461835610, -1.400354269461835610 ) ) ;
#360 = CARTESIAN_POINT ( 'NONE',  ( 1.399999999999999689, -4.330000000000000071, 0.000000000000000000 ) ) ;
#361 = CARTESIAN_POINT ( 'NONE',  ( 6.149999999999996803, 2.499999999999996891, -1.035533905932736642 ) ) ;
#362 = CARTESIAN_POINT ( 'NONE',  ( 16.29997946636549599, 1.783222515172764733E-16, -2.499999999999996891 ) ) ;
#363 = CARTESIAN_POINT ( 'NONE',  ( 8.624990466526833544, -1.369736545836458541, -1.369736545836458763 ) ) ;
#364 = CARTESIAN_POINT ( 'NONE',  ( 2.783312085582119622, 1.827149842681093705, -2.372322457869542767 ) ) ;
#365 = CARTESIAN_POINT ( 'NONE',  ( 2.333332619216597958, 1.305855908333435345, 2.272056069986040150 ) ) ;
#366 = CARTESIAN_POINT ( 'NONE',  ( 2.999999285883337752, 1.610464477574515385, -1.402164780948711407E-05 ) ) ;
#367 = CARTESIAN_POINT ( 'NONE',  ( 6.849979466365495817, 2.499999999999996891, -1.035533905932736642 ) ) ;
#368 = CARTESIAN_POINT ( 'NONE',  ( 12.89999999999999858, -1.767766952966367100, 1.767766952966366434 ) ) ;
#369 = CARTESIAN_POINT ( 'NONE',  ( 17.47499046652683319, -0.8023730916729210350, -1.937099999999996713 ) ) ;
#370 = CARTESIAN_POINT ( 'NONE',  ( 2.691656419076884799, 0.5169990218672718685, 1.936048417472703731 ) ) ;
#371 = CARTESIAN_POINT ( 'NONE',  ( -1.847605240969243348E-16, 3.061772362537753089, -3.061772362537749093 ) ) ;
#372 = CARTESIAN_POINT ( 'NONE',  ( 10.74998826649456696, 0.8203085389236761671, 1.980399999999995053 ) ) ;
#373 = CARTESIAN_POINT ( 'NONE',  ( 17.19093060816524243, 0.5881346608233907203, 1.964087977186750988 ) ) ;
#374 = MECHANICAL_DESIGN_GEOMETRIC_PRESENTATION_REPRESENTATION (  '', ( #3622 ), #4894 ) ;
#375 = CARTESIAN_POINT ( 'NONE',  ( 3.374988999838653303, 1.937099999999994715, 0.000000000000000000 ) ) ;
#376 = CARTESIAN_POINT ( 'NONE',  ( 17.64997946636549742, -2.499999999999997335, 1.035533905932735976 ) ) ;
#377 = CARTESIAN_POINT ( 'NONE',  ( 6.949988266494568023, -1.980399999999995941, 0.8203085389236751679 ) ) ;
#378 = CARTESIAN_POINT ( 'NONE',  ( 11.74999119987092477, -1.980399999999999050, -0.8203085389236773883 ) ) ;
#379 = CARTESIAN_POINT ( 'NONE',  ( 3.076213905268594839, -0.3900943558958590573, -1.980399999999997940 ) ) ;
#380 = CARTESIAN_POINT ( 'NONE',  ( 5.549999999999998934, 1.035533905932736864, 2.499999999999996447 ) ) ;
#381 = CARTESIAN_POINT ( 'NONE',  ( 8.899991199870923353, 1.980399999999998384, 0.000000000000000000 ) ) ;
#382 = MECHANICAL_DESIGN_GEOMETRIC_PRESENTATION_REPRESENTATION (  '', ( #5269 ), #1822 ) ;
#383 = CARTESIAN_POINT ( 'NONE',  ( 6.949979466365496350, 2.499999999999996447, 1.035533905932737975 ) ) ;
#384 = CARTESIAN_POINT ( 'NONE',  ( 16.49999119987092300, -1.980399999999998384, -2.425290521031416718E-16 ) ) ;
#385 = CARTESIAN_POINT ( 'NONE',  ( 12.62498899983865641, -1.937099999999994937, -0.8023730916729207019 ) ) ;
#386 = CARTESIAN_POINT ( 'NONE',  ( 11.59998826649456838, -3.458303676322197179E-16, 1.980399999999995941 ) ) ;
#387 = CARTESIAN_POINT ( 'NONE',  ( 17.19998826649456802, -3.371584641255141306E-16, 1.980399999999995497 ) ) ;
#388 = FACE_OUTER_BOUND ( 'NONE', #618, .T. ) ;
#389 = CARTESIAN_POINT ( 'NONE',  ( 6.099999999999997868, 1.767766952966366878, -1.767766952966366878 ) ) ;
#390 = CARTESIAN_POINT ( 'NONE',  ( 15.29997946636549599, -2.499999999999996891, -3.061616997868379197E-16 ) ) ;
#391 = CARTESIAN_POINT ( 'NONE',  ( 9.174990466526834254, -0.8023730916729222562, 1.937099999999996269 ) ) ;
#392 = CARTESIAN_POINT ( 'NONE',  ( 3.066645418915443067, 0.6643386273731486380, 2.484297168811809620 ) ) ;
#393 = CARTESIAN_POINT ( 'NONE',  ( 2.183332619216637127, 2.821219413095510387, -0.3660872841495610430 ) ) ;
#394 = CARTESIAN_POINT ( 'NONE',  ( 2.316645418915501242, -0.4824709114096152884, 3.661344685782462083 ) ) ;
#395 = CARTESIAN_POINT ( 'NONE',  ( 17.57499046652683816, 0.8023730916729211460, -1.937099999999996713 ) ) ;
#396 = CARTESIAN_POINT ( 'NONE',  ( 2.591654952388629418, 2.208906908209737452, 0.2923565921565617898 ) ) ;
#397 = CARTESIAN_POINT ( 'NONE',  ( -1.833950147843738620E-16, 2.179976094351669946, -3.783705236245148207 ) ) ;
#398 = CARTESIAN_POINT ( 'NONE',  ( 7.449988266494568023, 1.980399999999995053, 0.8203085389236768332 ) ) ;
#399 = CARTESIAN_POINT ( 'NONE',  ( 2.883323819087633133, -1.708595967536370441, 0.2204379267129661923 ) ) ;
#400 = CARTESIAN_POINT ( 'NONE',  ( 6.024988999838654991, -0.8023730916729214790, 1.937099999999994049 ) ) ;
#401 = CARTESIAN_POINT ( 'NONE',  ( 17.84997946636549671, -1.035533905932736420, -2.499999999999996891 ) ) ;
#402 = CARTESIAN_POINT ( 'NONE',  ( 3.999988266494567402, 1.274587246721054655E-16, -1.980399999999995497 ) ) ;
#403 = CARTESIAN_POINT ( 'NONE',  ( 10.49999119987092122, 1.980399999999998828, 0.000000000000000000 ) ) ;
#404 = CARTESIAN_POINT ( 'NONE',  ( 3.749991199870923886, -1.980399999999998384, -0.8203085389236771663 ) ) ;
#405 = CARTESIAN_POINT ( 'NONE',  ( 2.849999999999998312, 1.035533905932736642, -2.499999999999996891 ) ) ;
#406 = CARTESIAN_POINT ( 'NONE',  ( 8.849991199870924419, 1.980399999999998606, -0.8203085389236768332 ) ) ;
#407 = CARTESIAN_POINT ( 'NONE',  ( 4.899979466365497416, -2.499999999999996891, -3.061616997868379197E-16 ) ) ;
#408 = CARTESIAN_POINT ( 'NONE',  ( 12.42498899983865535, -0.8023730916729214790, 1.937099999999994049 ) ) ;
#409 = CARTESIAN_POINT ( 'NONE',  ( 10.79998826649456944, -3.470692109903205301E-16, 1.980399999999995941 ) ) ;
#410 = CARTESIAN_POINT ( 'NONE',  ( 12.74998826649457051, -0.8203085389236755010, -1.980399999999995497 ) ) ;
#411 = CARTESIAN_POINT ( 'NONE',  ( 1.399999999999999689, 2.180670180350997356, -3.783495063501950195 ) ) ;
#412 = CARTESIAN_POINT ( 'NONE',  ( 13.94999119987092584, -0.8203085389236779434, 1.980399999999997718 ) ) ;
#413 = CARTESIAN_POINT ( 'NONE',  ( 3.399999999999998579, -2.499999999999996891, -3.061616997868379197E-16 ) ) ;
#414 = CARTESIAN_POINT ( 'NONE',  ( 15.74997946636549706, 2.499999999999996447, 1.035533905932737975 ) ) ;
#415 = CARTESIAN_POINT ( 'NONE',  ( 7.174990466526833366, 0.8023730916729211460, -1.937099999999996713 ) ) ;
#416 = CARTESIAN_POINT ( 'NONE',  ( 2.566645418915439070, -2.874145769068587875, -1.660222309748182079 ) ) ;
#417 = ORIENTED_EDGE ( 'NONE', *, *, #4368, .T. ) ;
#418 = CARTESIAN_POINT ( 'NONE',  ( 0.5599999999999997202, 4.626370212059319975, 1.243302455813075635 ) ) ;
#419 = EDGE_CURVE ( 'NONE', #1607, #3984, #3093, .T. ) ;
#420 = CARTESIAN_POINT ( 'NONE',  ( 2.633332619216705250, -2.096772645517529288, -0.5667932993227535743 ) ) ;
#421 = ORIENTED_EDGE ( 'NONE', *, *, #5134, .F. ) ;
#422 = CARTESIAN_POINT ( 'NONE',  ( 5.349979466365496705, 2.499999999999996447, 1.035533905932737975 ) ) ;
#423 = CARTESIAN_POINT ( 'NONE',  ( 11.25000000000000000, -1.035533905932737753, 2.499999999999996447 ) ) ;
#424 = CARTESIAN_POINT ( 'NONE',  ( 2.458321619055268137, 1.481222418950362885, -1.922189286316701828 ) ) ;
#425 = DIRECTION ( 'NONE',  ( 1.000000000000000000, -0.000000000000000000, -0.000000000000000000 ) ) ;
#426 = CARTESIAN_POINT ( 'NONE',  ( 6.699988266494568023, 1.400354269461835166, 1.400354269461835832 ) ) ;
#427 = CARTESIAN_POINT ( 'NONE',  ( 16.79822881246652599, -2.195201235511490268, 1.031755741305435015 ) ) ;
#428 = CARTESIAN_POINT ( 'NONE',  ( 16.99998826649456873, 1.980399999999995497, 0.000000000000000000 ) ) ;
#429 = CARTESIAN_POINT ( 'NONE',  ( 13.24997946636549528, 2.499999999999996891, -1.035533905932736642 ) ) ;
#430 = CARTESIAN_POINT ( 'NONE',  ( 3.899988266494567757, -1.400354269461835388, -1.400354269461835610 ) ) ;
#431 = CARTESIAN_POINT ( 'NONE',  ( 8.399991199870923353, -1.400354269461838275, 1.400354269461837831 ) ) ;
#432 = CARTESIAN_POINT ( 'NONE',  ( 2.599999999999998312, -2.499999999999996891, -3.061616997868379197E-16 ) ) ;
#433 = CARTESIAN_POINT ( 'NONE',  ( 8.949991199870920511, 1.980399999999998162, 0.8203085389236781655 ) ) ;
#434 = AXIS2_PLACEMENT_3D ( 'NONE', #4843, #3141, #4870 ) ;
#435 = CARTESIAN_POINT ( 'NONE',  ( 2.422974975092631489, 0.7334022318209686420, -2.390225104223835828 ) ) ;
#436 = CARTESIAN_POINT ( 'NONE',  ( 10.77498899983865499, -3.391538427491758644E-16, 1.937099999999994715 ) ) ;
#437 = CARTESIAN_POINT ( 'NONE',  ( 9.949988266494568023, 0.8203085389236763891, 1.980399999999995497 ) ) ;
#438 = CARTESIAN_POINT ( 'NONE',  ( 12.04998826649456944, 0.8203085389236757230, -1.980399999999995497 ) ) ;
#439 = CARTESIAN_POINT ( 'NONE',  ( 1.399999999999999911, 2.392190151655328556, -4.150485346797749386 ) ) ;
#440 = CARTESIAN_POINT ( 'NONE',  ( 11.74999119987092477, -1.980399999999998384, -0.8203085389236771663 ) ) ;
#441 = CARTESIAN_POINT ( 'NONE',  ( 17.49999119987092655, 1.483642108825486050E-16, -1.980399999999998384 ) ) ;
#442 = CARTESIAN_POINT ( 'NONE',  ( 15.19997946636549635, -1.767766952966367100, 1.767766952966366434 ) ) ;
#443 = CARTESIAN_POINT ( 'NONE',  ( 9.774990466526835675, 1.937099999999996269, 0.8023730916729223672 ) ) ;
#444 = CARTESIAN_POINT ( 'NONE',  ( 0.5599999999999996092, -3.798417501391355700, -2.919096919880845409 ) ) ;
#445 = CARTESIAN_POINT ( 'NONE',  ( 2.533323819087612172, 2.168287026447664800, 0.5860081529711904658 ) ) ;
#446 = CARTESIAN_POINT ( 'NONE',  ( 0.5599999999999997202, 4.150485346797659680, -2.392190151655870345 ) ) ;
#447 = CARTESIAN_POINT ( 'NONE',  ( 11.65000000000000036, 1.035533905932736642, -2.499999999999996891 ) ) ;
#448 = CARTESIAN_POINT ( 'NONE',  ( 2.366645418915590326, -1.809549223174220733, 3.133235387528102489 ) ) ;
#449 = VERTEX_POINT ( 'NONE', #5433 ) ;
#450 = CARTESIAN_POINT ( 'NONE',  ( 5.999979466365495284, 1.767766952966366878, -1.767766952966366878 ) ) ;
#451 = CARTESIAN_POINT ( 'NONE',  ( 11.00000000000000000, 2.499999999999996891, 0.000000000000000000 ) ) ;
#452 = CARTESIAN_POINT ( 'NONE',  ( 2.408321619055266094, 0.6522832067468771200, -2.414909510149301219 ) ) ;
#453 = CARTESIAN_POINT ( 'NONE',  ( -1.865495984205347006E-16, 4.217091515301755855, 1.134062429931697036 ) ) ;
#454 = CARTESIAN_POINT ( 'NONE',  ( 8.099988266494568379, 1.400354269461835610, -1.400354269461835610 ) ) ;
#455 = CARTESIAN_POINT ( 'NONE',  ( 16.98557983150094230, 0.6867171876327776703, -2.130694900626979305 ) ) ;
#456 = CARTESIAN_POINT ( 'NONE',  ( 16.24998826649456873, 1.980399999999995053, 0.8203085389236768332 ) ) ;
#457 = CARTESIAN_POINT ( 'NONE',  ( 14.69997946636549635, 1.758445648010749228E-16, -2.499999999999996891 ) ) ;
#458 = CARTESIAN_POINT ( 'NONE',  ( 3.683314194830651367, 1.635168873912907550, -0.2107968909837577010 ) ) ;
#459 = CARTESIAN_POINT ( 'NONE',  ( 8.649991199870923353, -0.8203085389236768332, -1.980399999999999050 ) ) ;
#460 = CARTESIAN_POINT ( 'NONE',  ( 2.549999999999998934, -2.499999999999997335, 1.035533905932735976 ) ) ;
#461 = CARTESIAN_POINT ( 'NONE',  ( 9.549991199870921932, 0.8203085389236769442, -1.980399999999998606 ) ) ;
#462 = CARTESIAN_POINT ( 'NONE',  ( 2.370309130030513245, 0.5941354879765908814, -2.428377383095303710 ) ) ;
#463 = CARTESIAN_POINT ( 'NONE',  ( 11.87498899983865464, -1.369736545836457431, -1.369736545836457653 ) ) ;
#464 = CARTESIAN_POINT ( 'NONE',  ( 7.249988266494567846, 0.8203085389236759450, -1.980399999999995941 ) ) ;
#465 = CARTESIAN_POINT ( 'NONE',  ( 11.74998826649456873, -1.980399999999995941, 0.8203085389236751679 ) ) ;
#466 = CARTESIAN_POINT ( 'NONE',  ( 12.14999119987092513, 1.980399999999997718, 0.8203085389236781655 ) ) ;
#467 = CARTESIAN_POINT ( 'NONE',  ( 3.249999999999997780, -1.035533905932737753, 2.499999999999996447 ) ) ;
#468 =( GEOMETRIC_REPRESENTATION_CONTEXT ( 3 ) GLOBAL_UNCERTAINTY_ASSIGNED_CONTEXT ( ( #4836 ) ) GLOBAL_UNIT_ASSIGNED_CONTEXT ( ( #4038, #4867, #2339 ) ) REPRESENTATION_CONTEXT ( 'NONE', 'WORKASPACE' ) );
#469 = CARTESIAN_POINT ( 'NONE',  ( 11.34997946636549848, -2.499999999999996891, -1.035533905932736864 ) ) ;
#470 = CARTESIAN_POINT ( 'NONE',  ( 5.824990466526832833, 1.369736545836458319, 1.369736545836458985 ) ) ;
#471 = CARTESIAN_POINT ( 'NONE',  ( 16.71919999999999717, 1.474218708424465563, 2.019078799782536127 ) ) ;
#472 = CARTESIAN_POINT ( 'NONE',  ( 3.299990485754262348, 1.090864477582689229, -1.110738852876331777E-05 ) ) ;
#473 = CARTESIAN_POINT ( 'NONE',  ( -2.171763210317983940E-16, 4.217301688045702157, 1.133368343930676980 ) ) ;
#474 = CARTESIAN_POINT ( 'NONE',  ( 13.14999999999999858, -1.035533905932736420, -2.499999999999996891 ) ) ;
#475 = CARTESIAN_POINT ( 'NONE',  ( 1.816665952550060137, -3.364832154257901387, -0.4436601371687355910 ) ) ;
#476 = ORIENTED_EDGE ( 'NONE', *, *, #5276, .T. ) ;
#477 = CARTESIAN_POINT ( 'NONE',  ( 4.349979466365496705, 1.035533905932736642, -2.499999999999996891 ) ) ;
#478 = CARTESIAN_POINT ( 'NONE',  ( 12.64999999999999858, 2.499999999999996447, 1.035533905932737975 ) ) ;
#479 = CARTESIAN_POINT ( 'NONE',  ( 3.316654219044585350, 0.9734039060718202574, -0.7440352653851735054 ) ) ;
#480 = B_SPLINE_CURVE_WITH_KNOTS ( 'NONE', 3,
 ( #3289, #2749, #2291, #628, #4571, #5335 ),
 .UNSPECIFIED., .F., .F.,
 ( 4, 2, 4 ),
 ( 0.005912205253898048657, 0.006781531684666433288, 0.007650858115434818786 ),
 .UNSPECIFIED. ) ;
#481 = CARTESIAN_POINT ( 'NONE',  ( -1.752778832085582394E-16, -3.061772362537749093, -3.061772362537753089 ) ) ;
#482 = CARTESIAN_POINT ( 'NONE',  ( 6.499988266494567846, 1.400354269461835610, -1.400354269461835610 ) ) ;
#483 = CARTESIAN_POINT ( 'NONE',  ( 3.166654219044494845, -0.3731041797250562175, -1.400633402490945478 ) ) ;
#484 = CARTESIAN_POINT ( 'NONE',  ( 16.19998826649456802, 1.980399999999995497, 0.000000000000000000 ) ) ;
#485 = CARTESIAN_POINT ( 'NONE',  ( 13.94997946636549635, 1.035533905932736642, -2.499999999999996891 ) ) ;
#486 = CARTESIAN_POINT ( 'NONE',  ( 3.699988266494567135, -1.400354269461835832, 1.400354269461835388 ) ) ;
#487 = CARTESIAN_POINT ( 'NONE',  ( 8.749991199870926550, 0.8203085389236772773, -1.980399999999999050 ) ) ;
#488 = CARTESIAN_POINT ( 'NONE',  ( 3.799999999999998046, 2.499999999999996891, 0.000000000000000000 ) ) ;
#489 = CARTESIAN_POINT ( 'NONE',  ( 8.399991199870923353, -1.400354269461838053, 1.400354269461837609 ) ) ;
#490 = CARTESIAN_POINT ( 'NONE',  ( -999.0000000000000000, 0.000000000000000000, 0.000000000000000000 ) ) ;
#491 = CARTESIAN_POINT ( 'NONE',  ( 9.574988999838653925, 1.334405551393392662E-16, -1.937099999999994715 ) ) ;
#492 = CARTESIAN_POINT ( 'NONE',  ( 8.999988266494568734, 1.980399999999995941, 0.000000000000000000 ) ) ;
#493 = CARTESIAN_POINT ( 'NONE',  ( 13.39998826649456731, -1.980399999999995497, -2.425290521031412773E-16 ) ) ;
#494 = CARTESIAN_POINT ( 'NONE',  ( 16.59999119987092442, -1.400354269461837831, -1.400354269461838053 ) ) ;
#495 = CARTESIAN_POINT ( 'NONE',  ( 11.64999119987092158, -1.980399999999998828, 0.8203085389236765002 ) ) ;
#496 = CARTESIAN_POINT ( 'NONE',  ( 3.599999999999997424, 1.586556450048724671E-16, -2.499999999999996891 ) ) ;
#497 = CARTESIAN_POINT ( 'NONE',  ( 13.24997946636549884, 2.499999999999996891, -1.035533905932736642 ) ) ;
#498 = CARTESIAN_POINT ( 'NONE',  ( 5.924990466526834254, -3.466643283364159614E-16, 1.937099999999996269 ) ) ;
#499 = CARTESIAN_POINT ( 'NONE',  ( 17.18979558408003783, -1.635576291705004071, 1.212006660403263991 ) ) ;
#500 = CARTESIAN_POINT ( 'NONE',  ( 1.733332619216704229, -3.049317126018586066, 1.753850183958866049 ) ) ;
#501 = CARTESIAN_POINT ( 'NONE',  ( -2.174610718864071671E-16, 3.462557424021381003, 2.660987301053998610 ) ) ;
#502 = CARTESIAN_POINT ( 'NONE',  ( 14.49999999999999822, -1.767766952966367100, 1.767766952966366434 ) ) ;
#503 = B_SPLINE_CURVE_WITH_KNOTS ( 'NONE', 3,
 ( #2283, #5326, #1066, #589, #4037, #1425, #3645, #4952, #1011, #2310, #4923, #1453, #1889, #109, #3616, #5300, #5355, #1482, #647, #2367, #1038, #4866, #1806, #3110, #1398, #5442 ),
 .UNSPECIFIED., .F., .F.,
 ( 4, 2, 2, 2, 2, 2, 2, 2, 2, 2, 2, 2, 4 ),
 ( 0.000000000000000000, 0.03125000000000000000, 0.06250000000000000000, 0.09374999999999998612, 0.1250000000000000000, 0.1562500000000000000, 0.1874999999999999722, 0.2187500000000000000, 0.2500000000000000000, 0.2812500000000000000, 0.3125000000000000000, 0.3437500000000000555, 0.3749993097838258960 ),
 .UNSPECIFIED. ) ;
#504 = CARTESIAN_POINT ( 'NONE',  ( 2.366665952550058627, 0.6643386269267790301, 2.484297168957085855 ) ) ;
#505 = ORIENTED_EDGE ( 'NONE', *, *, #4159, .F. ) ;
#506 = CARTESIAN_POINT ( 'NONE',  ( 8.999999999999998224, -2.499999999999996891, -3.061616997868379197E-16 ) ) ;
#507 = CARTESIAN_POINT ( 'NONE',  ( 2.891654952388564848, -1.412996710619725205, 1.081871211854251280 ) ) ;
#508 = CARTESIAN_POINT ( 'NONE',  ( 3.142588370500051909, -1.532119687303381328, -1.389786367423512914 ) ) ;
#509 = CARTESIAN_POINT ( 'NONE',  ( 8.699988266494568023, -1.400354269461835388, -1.400354269461835610 ) ) ;
#510 = CARTESIAN_POINT ( 'NONE',  ( 17.19998826649456802, -3.371584641255141306E-16, 1.980399999999995497 ) ) ;
#511 = CARTESIAN_POINT ( 'NONE',  ( 14.19997946636549635, 1.767766952966366212, 1.767766952966367100 ) ) ;
#512 = CARTESIAN_POINT ( 'NONE',  ( 7.949991199870923175, 0.8203085389236772773, -1.980399999999999050 ) ) ;
#513 = CARTESIAN_POINT ( 'NONE',  ( 2.386313055000005789, 1.699116311251711808, 1.839482640539054747 ) ) ;
#514 = CARTESIAN_POINT ( 'NONE',  ( 3.233323819087595474, 1.040777002475780089, -0.5961787838114153137 ) ) ;
#515 = CARTESIAN_POINT ( 'NONE',  ( 7.499991199870922998, -3.521794352999944234E-16, 1.980399999999998384 ) ) ;
#516 = CARTESIAN_POINT ( 'NONE',  ( 2.436342647557909302, 0.8261736349026094217, -2.360435691760145005 ) ) ;
#517 = CARTESIAN_POINT ( 'NONE',  ( 11.97498899983865606, 1.371570852136416044E-16, -1.937099999999994715 ) ) ;
#518 = CARTESIAN_POINT ( 'NONE',  ( 7.099988266494567490, -1.400354269461835610, -1.400354269461835832 ) ) ;
#519 = CARTESIAN_POINT ( 'NONE',  ( 14.54998826649456944, 1.980399999999995497, -0.8203085389236757230 ) ) ;
#520 = CARTESIAN_POINT ( 'NONE',  ( 10.49999119987092122, 1.980399999999998384, 0.000000000000000000 ) ) ;
#521 = ADVANCED_FACE ( 'NONE', ( #2818, #4493 ), #4118, .F. ) ;
#522 = CARTESIAN_POINT ( 'NONE',  ( 4.899999999999997691, -1.767766952966367100, 1.767766952966366434 ) ) ;
#523 = CARTESIAN_POINT ( 'NONE',  ( 13.04997946636549422, -1.035533905932736420, -2.499999999999996891 ) ) ;
#524 = CARTESIAN_POINT ( 'NONE',  ( 3.624990466526832211, -1.369736545836458985, 1.369736545836458541 ) ) ;
#525 = CARTESIAN_POINT ( 'NONE',  ( 16.59998826649457015, -1.980399999999995941, -2.425290521031413266E-16 ) ) ;
#526 = CARTESIAN_POINT ( 'NONE',  ( 2.833323819087683937, -1.558950601007641712, 0.8948424099745149185 ) ) ;
#527 = CARTESIAN_POINT ( 'NONE',  ( 3.121406997725269861, -0.4576456277413793461, -1.897125493358013504 ) ) ;
#528 = CARTESIAN_POINT ( 'NONE',  ( 13.44999999999999929, 2.499999999999996447, 1.035533905932737975 ) ) ;
#529 = CARTESIAN_POINT ( 'NONE',  ( 1.399999999999999689, -1.657019262140833282, -4.000398375773873916 ) ) ;
#530 = ORIENTED_EDGE ( 'NONE', *, *, #772, .T. ) ;
#531 = CARTESIAN_POINT ( 'NONE',  ( 5.849979466365497593, -1.035533905932736420, -2.499999999999996891 ) ) ;
#532 = CARTESIAN_POINT ( 'NONE',  ( 9.899999999999998579, -1.767766952966366434, -1.767766952966366878 ) ) ;
#533 = CARTESIAN_POINT ( 'NONE',  ( 2.433320885711178772, 0.6636166537445299385, -2.457082590557575497 ) ) ;
#534 = DIRECTION ( 'NONE',  ( -6.123492093082669282E-18, 0.8660254037844388186, 0.4999999999999997780 ) ) ;
#535 = CARTESIAN_POINT ( 'NONE',  ( 5.399988266494567313, -1.980399999999995497, -2.425290521031412773E-16 ) ) ;
#536 = ADVANCED_BREP_SHAPE_REPRESENTATION ( 'TORNILLO ALLEN CABEZA PLANA M5x0.8x16', ( #1317, #4274 ), #468 ) ;
#537 = CARTESIAN_POINT ( 'NONE',  ( 16.59998826649457015, -1.980399999999995497, -2.425290521031412773E-16 ) ) ;
#538 = CARTESIAN_POINT ( 'NONE',  ( 14.89997946636549742, 2.499999999999996891, 0.000000000000000000 ) ) ;
#539 = CARTESIAN_POINT ( 'NONE',  ( 3.166645418915537746, -1.212241569331237390, 2.096876913901083217 ) ) ;
#540 = CARTESIAN_POINT ( 'NONE',  ( 8.999991199870922998, 1.400354269461837609, 1.400354269461838275 ) ) ;
#541 = CARTESIAN_POINT ( 'NONE',  ( 2.183323819087577888, -2.193927835766706469, -1.690050279198123784 ) ) ;
#542 = CARTESIAN_POINT ( 'NONE',  ( 6.599991199870923531, 1.400354269461837387, 1.400354269461838053 ) ) ;
#543 = DIRECTION ( 'NONE',  ( 0.000000000000000000, 0.000000000000000000, 1.000000000000000000 ) ) ;
#544 = CARTESIAN_POINT ( 'NONE',  ( 11.12498899983865819, -0.8023730916729203688, -1.937099999999994937 ) ) ;
#545 = CARTESIAN_POINT ( 'NONE',  ( 8.949988266494568023, 1.980399999999995941, -0.8203085389236758340 ) ) ;
#546 = CARTESIAN_POINT ( 'NONE',  ( 9.349988266494568379, -1.980399999999995941, 0.8203085389236751679 ) ) ;
#547 = CARTESIAN_POINT ( 'NONE',  ( 16.99999119987092300, 1.400354269461837609, 1.400354269461838275 ) ) ;
#548 = CARTESIAN_POINT ( 'NONE',  ( 9.599991199870924419, 1.400354269461837831, -1.400354269461837831 ) ) ;
#549 = CARTESIAN_POINT ( 'NONE',  ( 16.54999119987092726, -1.980399999999998606, -0.8203085389236771663 ) ) ;
#550 = CARTESIAN_POINT ( 'NONE',  ( 10.79997946636549599, 1.767766952966366878, -1.767766952966366878 ) ) ;
#551 = CARTESIAN_POINT ( 'NONE',  ( 2.415540413207492687, -1.732050807568877193, -5.384932408639257615E-17 ) ) ;
#552 = CARTESIAN_POINT ( 'NONE',  ( 4.324990466526833721, -3.491420150526174873E-16, 1.937099999999996269 ) ) ;
#553 = CARTESIAN_POINT ( 'NONE',  ( 0.5599999999999996092, 0.6217735460229807387, 4.750000000000000888 ) ) ;
#554 = CARTESIAN_POINT ( 'NONE',  ( 2.733323819087719819, -0.5083996545274183099, 1.879491460645956291 ) ) ;
#555 = CARTESIAN_POINT ( 'NONE',  ( 3.138525341559571746, -0.4894348707877332338, -1.892462435186153202 ) ) ;
#556 = CARTESIAN_POINT ( 'NONE',  ( 9.199999999999997513, 1.673275485115779311E-16, -2.499999999999996891 ) ) ;
#557 = B_SPLINE_SURFACE_WITH_KNOTS ( 'NONE', 1, 3, ( 
 ( #3161, #913, #2307, #158, #3190, #1035, #187, #4, #4369, #1296, #483, #3430, #4763, #884, #1941, #4188, #3671, #1064, #674, #5381, #4590, #3642, #3278, #2794, #1479, #307, #247, #3306, #3700, #275, #4949, #2824, #2919, #1970, #4219, #1092, #3340, #4528, #2364, #4558, #1181, #3732, #5439, #4616, #3218, #1507, #1606, #4644, #4094, #5474, #2001, #1574, #5070, #644, #1542, #5039, #5009, #1151, #2888, #4155 ),
 ( #216, #4123, #5409, #2856, #5504, #2458, #2395, #3247, #2029, #4979, #1122, #703, #2425, #732, #3764, #768, #2489, #1913, #4325, #4273, #1712, #2113, #4299, #3369, #1234, #1311, #392, #2622, #5129, #1741, #4751, #1285, #3026, #1660, #4672, #1209, #3418, #364, #3795, #3846, #3823, #5155, #4780, #3051, #2517, #2059, #416, #2999, #901, #2975, #4725, #796, #4246, #2949, #3446, #2165, #5101, #5183, #2086, #5534 ) ),
 .UNSPECIFIED., .F., .F., .F.,
 ( 2, 2 ),
 ( 4, 2, 2, 2, 2, 2, 2, 2, 2, 2, 2, 2, 2, 2, 2, 2, 2, 2, 2, 2, 2, 2, 2, 2, 2, 2, 2, 2, 2, 4 ),
 ( 0.000000000000000000, 1.000000000000000000 ),
 ( 0.000000000000000000, 0.03125000000000000000, 0.06250000000000000000, 0.09375000000000000000, 0.1250000000000000000, 0.1562500000000000000, 0.1875000000000000000, 0.2187500000000000000, 0.2500000000000000000, 0.2812500000000000000, 0.3125000000000000000, 0.3437500000000000000, 0.3750000000000000000, 0.4062500000000000000, 0.4375000000000000000, 0.4687500000000000000, 0.5000000000000000000, 0.5312500000000000000, 0.5625000000000000000, 0.5937500000000000000, 0.6250000000000000000, 0.6562500000000000000, 0.6875000000000000000, 0.7187500000000000000, 0.7500000000000000000, 0.7812500000000000000, 0.8125000000000000000, 0.8437500000000000000, 0.8750000000000000000, 0.8999988733425978715 ),
 .UNSPECIFIED. ) ;
#558 = CIRCLE ( 'NONE', #1363, 1.732050807568877415 ) ;
#559 = EDGE_CURVE ( 'NONE', #2857, #1803, #1785, .T. ) ;
#560 = CARTESIAN_POINT ( 'NONE',  ( 2.416665952550012264, -0.3272278139122165030, 2.475294560220812290 ) ) ;
#561 = VERTEX_POINT ( 'NONE', #1725 ) ;
#562 = CARTESIAN_POINT ( 'NONE',  ( 3.149979466365495639, -1.035533905932737753, 2.499999999999996447 ) ) ;
#563 = CARTESIAN_POINT ( 'NONE',  ( 2.566654219044488094, 2.267015355320164183, -0.6059473204806782309 ) ) ;
#564 = B_SPLINE_CURVE_WITH_KNOTS ( 'NONE', 3,
 ( #3886, #458, #4794, #916, #2609, #833, #3914, #2124, #35, #2663, #4399, #2556, #2638, #3433, #4372, #5167, #651, #1837, #5279, #5330, #1920, #3225, #539, #2260, #87, #4957 ),
 .UNSPECIFIED., .F., .F.,
 ( 4, 2, 2, 2, 2, 2, 2, 2, 2, 2, 2, 2, 4 ),
 ( 0.000000000000000000, 0.03472226568895514509, 0.06944453137791029018, 0.1041667970668654353, 0.1388890627558205804, 0.1736113284447757255, 0.2083335941337308705, 0.2430558598226860156, 0.2777781255116411607, 0.3125003912005963058, 0.3472226568895514509, 0.3819449225785065960, 0.4166666992591627761 ),
 .UNSPECIFIED. ) ;
#565 = CARTESIAN_POINT ( 'NONE',  ( 14.44998826649456802, 0.8203085389236757230, -1.980399999999995497 ) ) ;
#566 = CARTESIAN_POINT ( 'NONE',  ( 12.09997946636549671, -2.499999999999996891, -3.061616997868379197E-16 ) ) ;
#567 = CARTESIAN_POINT ( 'NONE',  ( -1.224698418616533548E-17, 0.000000000000000000, 0.000000000000000000 ) ) ;
#568 = CARTESIAN_POINT ( 'NONE',  ( 3.999991199870923442, 1.400354269461838053, -1.400354269461838053 ) ) ;
#569 = CARTESIAN_POINT ( 'NONE',  ( 3.349988266494567490, 1.980399999999995497, -0.8203085389236755010 ) ) ;
#570 = CARTESIAN_POINT ( 'NONE',  ( 2.583323819087572470, 1.719702183358930103, 1.325613916523278757 ) ) ;
#571 = CARTESIAN_POINT ( 'NONE',  ( 5.999991199870922998, -1.400354269461838053, 1.400354269461837609 ) ) ;
#572 = CARTESIAN_POINT ( 'NONE',  ( 0.8399999999999998579, -2.392190156761773157, 4.150485344682726563 ) ) ;
#573 = CARTESIAN_POINT ( 'NONE',  ( 7.074988999838653037, -1.369736545836457431, -1.369736545836457653 ) ) ;
#574 = CARTESIAN_POINT ( 'NONE',  ( 8.749988266494566957, -0.8203085389236757230, -1.980399999999995941 ) ) ;
#575 = CARTESIAN_POINT ( 'NONE',  ( 8.699988266494568023, -1.400354269461835388, -1.400354269461835610 ) ) ;
#576 = CARTESIAN_POINT ( 'NONE',  ( 8.799991199870923708, 1.400354269461837831, -1.400354269461837831 ) ) ;
#577 = CARTESIAN_POINT ( 'NONE',  ( 15.29999119987092371, 1.980399999999998384, 0.000000000000000000 ) ) ;
#578 = CARTESIAN_POINT ( 'NONE',  ( 13.34997946636549671, 2.499999999999996447, 1.035533905932737975 ) ) ;
#579 = CARTESIAN_POINT ( 'NONE',  ( 2.575447084763096584, -1.602262819756401280, 1.751751194137990408 ) ) ;
#580 = CARTESIAN_POINT ( 'NONE',  ( 6.674990466526833366, 0.8023730916729214790, 1.937099999999996269 ) ) ;
#581 = CARTESIAN_POINT ( 'NONE',  ( 0.5599999999999996092, -4.749999999999999112, -9.757819552369539906E-16 ) ) ;
#582 = CARTESIAN_POINT ( 'NONE',  ( 2.183323819087549911, -2.193927837750418330, -1.690050277866380624 ) ) ;
#583 = CARTESIAN_POINT ( 'NONE',  ( 3.119373983185544041, -0.4576091089971505710, -1.897130639943135355 ) ) ;
#584 = CARTESIAN_POINT ( 'NONE',  ( 10.94999999999999751, 2.499999999999996891, -1.035533905932736642 ) ) ;
#585 = CARTESIAN_POINT ( 'NONE',  ( 1.983332619216759518, -0.4049032222371689027, -3.117731269192077104 ) ) ;
#586 = CARTESIAN_POINT ( 'NONE',  ( 16.93764262079738714, -0.6474538409301577868, -2.192859963021016600 ) ) ;
#587 = ORIENTED_EDGE ( 'NONE', *, *, #3183, .F. ) ;
#588 = CARTESIAN_POINT ( 'NONE',  ( 0.5599999999999997202, -2.919096923789307851, -3.798417497482894145 ) ) ;
#589 = CARTESIAN_POINT ( 'NONE',  ( 2.933332619216641568, 1.494795013224899716, -0.8578616320042437016 ) ) ;
#590 = CARTESIAN_POINT ( 'NONE',  ( 17.39999999999999858, -1.819200000000001261, 0.000000000000000000 ) ) ;
#591 = CARTESIAN_POINT ( 'NONE',  ( 12.29998826649456767, 1.400354269461835166, 1.400354269461835832 ) ) ;
#592 = CARTESIAN_POINT ( 'NONE',  ( 10.89997946636549564, 2.499999999999996891, 0.000000000000000000 ) ) ;
#593 = CARTESIAN_POINT ( 'NONE',  ( 16.29999999999999716, -1.767766952966366434, -1.767766952966366878 ) ) ;
#594 = CARTESIAN_POINT ( 'NONE',  ( 5.749991199870922998, 1.980399999999998606, 0.8203085389236783875 ) ) ;
#595 =( BOUNDED_CURVE ( )  B_SPLINE_CURVE ( 2, ( #1993, #2077, #5031, #2448, #4264, #813, #5497, #1566, #267, #3361, #2967, #5466, #4146, #2535, #1226, #2941, #384, #3691, #3787, #4180, #2847, #5092, #1532, #3298, #5062, #4580, #5525, #3270, #2878, #2022, #1626, #5001, #4690, #1201, #5121, #694, #1115, #2416, #1143, #4609, #4664, #724, #788, #1597, #2509, #299, #3756, #3388, #3331, #1174, #2910, #4636, #758, #2481, #3815, #4211, #4238, #330, #2051, #5552, #1652, #2002, #5607, #2161, #2890, #2617, #705, #412, #734, #5203, #1544, #4776, #4190, #4321, #870, #3895, #2921, #2566, #309, #3734, #2461, #3869, #844, #897, #3766, #4295, #4157, #5476, #1576, #1281, #16, #2858, #5177, #3308, #5441, #5506, #5041, #2134, #1153, #1608, #1737, #3342, #5072, #466, #4721, #1707, #3442, #3469, #3021, #4351, #2591, #440, #3702, #495, #3178, #2697, #4879, #3552, #4000, #4828, #3578, #975, #5314, #4487, #2244, #2190, #2218, #3099, #1414, #1847, #71, #1794, #4909, #45, #149, #4433, #520, #5231, #2646, #950, #1439, #3975, #2673, #2270, #4854, #1765, #5287, #5340, #1024, #1385, #4409, #4382, #3523, #3952, #548, #97, #4024, #2296, #3124, #2753, #1819, #1335, #5260, #1361, #122, #3150, #997, #3924, #2724, #4459, #576, #1875, #3603, #3495, #3073, #4802, #924, #2324, #1958, #5370, #4051, #2413, #4082, #3235, #720, #295, #1467, #4142, #4517, #263, #4605, #5398, #5058, #3207, #2843, #1495, #2018, #175, #1592, #1080, #1139, #661, #205, #5427, #1170, #3327, #2782, #1902, #691, #3266, #2906, #4967, #4998, #4936, #633, #1052, #3719, #2444, #2351, #1989, #1930, #3658, #2810, #2874, #4176, #3752, #4112, #5493, #4546, #2381, #604, #235, #3631, #3688, #1529, #1112, #4576, #5462, #1562, #3294, #5026, #3861, #5599, #4260, #4234, #326, #5521, #4660, #2963, #3836, #4631, #5548, #754, #5087, #352, #1674, #5574, #784, #2505, #2477, #2047, #4207, #1622, #3357, #2936, #3408, #3782, #1197, #1249, #5145, #2073, #404, #1648, #4287, #3811, #3384, #5117, #2558, #2101, #2988, #4712, #1222, #4686, #809, #2531, #379, #835 ),
 .UNSPECIFIED., .F., .F. ) 
 B_SPLINE_CURVE_WITH_KNOTS ( ( 3, 2, 2, 2, 2, 2, 2, 2, 2, 2, 2, 2, 2, 2, 2, 2, 2, 2, 2, 2, 2, 2, 2, 2, 2, 2, 2, 2, 2, 2, 2, 2, 2, 2, 2, 2, 2, 2, 2, 2, 2, 2, 2, 2, 2, 2, 2, 2, 2, 2, 2, 2, 2, 2, 2, 2, 2, 2, 2, 2, 2, 2, 2, 2, 2, 2, 2, 2, 2, 2, 2, 2, 2, 2, 2, 2, 2, 2, 2, 2, 2, 2, 2, 2, 2, 2, 2, 2, 2, 2, 2, 2, 2, 2, 2, 2, 2, 2, 2, 2, 2, 2, 2, 2, 2, 2, 2, 2, 2, 2, 2, 2, 2, 2, 2, 2, 2, 2, 2, 2, 2, 2, 2, 2, 2, 2, 2, 2, 2, 2, 2, 2, 2, 2, 2, 2, 2, 2, 2, 2, 2, 2, 2, 3 ),
 ( 0.03031480776005445604, 0.03289473684210526133, 0.03947368421052631360, 0.04605263157894736586, 0.05263157894736841813, 0.05921052631578947040, 0.06578947368421052266, 0.07236842105263158187, 0.07894736842105262720, 0.08552631578947368640, 0.09210526315789473173, 0.09868421052631579093, 0.1052631578947368363, 0.1118421052631579093, 0.1184210526315789547, 0.1249999999999999722, 0.1315789473684210453, 0.1381578947368421184, 0.1447368421052631637, 0.1513157894736842091, 0.1578947368421052544, 0.1644736842105263275, 0.1710526315789473728, 0.1776315789473684181, 0.1842105263157894635, 0.1907894736842105365, 0.1973684210526315819, 0.2039473684210526272, 0.2105263157894737003, 0.2171052631578947456, 0.2236842105263157909, 0.2302631578947368363, 0.2368421052631578816, 0.2434210526315789824, 0.2500000000000000000, 0.2565789473684210731, 0.2631578947368420907, 0.2697368421052631637, 0.2763157894736842368, 0.2828947368421052544, 0.2894736842105263275, 0.2960526315789473450, 0.3026315789473684181, 0.3092105263157894912, 0.3157894736842105088, 0.3223684210526315819, 0.3289473684210526550, 0.3355263157894736725, 0.3421052631578947456, 0.3486842105263157077, 0.3552631578947368363, 0.3618421052631579093, 0.3684210526315789269, 0.3750000000000000000, 0.3815789473684210731, 0.3881578947368420907, 0.3947368421052631637, 0.4013157894736842368, 0.4078947368421052544, 0.4144736842105262720, 0.4210526315789473450, 0.4276315789473684181, 0.4342105263157894912, 0.4407894736842105088, 0.4473684210526315819, 0.4539473684210526550, 0.4605263157894736725, 0.4671052631578947456, 0.4736842105263157077, 0.4802631578947368363, 0.4868421052631579093, 0.4934210526315789269, 0.5000000000000000000, 0.5065789473684210176, 0.5131578947368421462, 0.5197368421052631637, 0.5263157894736841813, 0.5328947368421053099, 0.5394736842105263275, 0.5460526315789473450, 0.5526315789473684736, 0.5592105263157894912, 0.5657894736842105088, 0.5723684210526315264, 0.5789473684210526550, 0.5855263157894736725, 0.5921052631578946901, 0.5986842105263158187, 0.6052631578947368363, 0.6118421052631578538, 0.6184210526315789824, 0.6250000000000000000, 0.6315789473684210176, 0.6381578947368421462, 0.6447368421052631637, 0.6513157894736841813, 0.6578947368421053099, 0.6644736842105263275, 0.6710526315789473450, 0.6776315789473684736, 0.6842105263157894912, 0.6907894736842103978, 0.6973684210526315264, 0.7039473684210526550, 0.7105263157894736725, 0.7171052631578946901, 0.7236842105263158187, 0.7302631578947368363, 0.7368421052631578538, 0.7434210526315789824, 0.7500000000000000000, 0.7565789473684210176, 0.7631578947368421462, 0.7697368421052631637, 0.7763157894736841813, 0.7828947368421053099, 0.7894736842105263275, 0.7960526315789473450, 0.8026315789473684736, 0.8092105263157894912, 0.8157894736842103978, 0.8223684210526315264, 0.8289473684210526550, 0.8355263157894736725, 0.8421052631578946901, 0.8486842105263158187, 0.8552631578947368363, 0.8618421052631578538, 0.8684210526315789824, 0.8750000000000000000, 0.8815789473684210176, 0.8881578947368421462, 0.8947368421052631637, 0.9013157894736841813, 0.9078947368421053099, 0.9144736842105263275, 0.9210526315789473450, 0.9276315789473684736, 0.9342105263157894912, 0.9407894736842103978, 0.9473684210526315264, 0.9539473684210526550, 0.9605263157894736725, 0.9637849993453485586 ),
 .UNSPECIFIED. ) 
 CURVE ( )  GEOMETRIC_REPRESENTATION_ITEM ( )  RATIONAL_B_SPLINE_CURVE ( ( 0.9637106009388780592, 0.9701494180123579891, 1.000000000000000000, 0.9238795325112867385, 1.000000000000000000, 0.9238795325112867385, 1.000000000000000000, 0.9238795325112867385, 1.000000000000000000, 0.9238795325112867385, 1.000000000000000000, 0.9238795325112867385, 1.000000000000000000, 0.9238795325112867385, 1.000000000000000000, 0.9238795325112867385, 1.000000000000000000, 0.9238795325112867385, 1.000000000000000000, 0.9238795325112867385, 1.000000000000000000, 0.9238795325112867385, 1.000000000000000000, 0.9238795325112867385, 1.000000000000000000, 0.9238795325112867385, 1.000000000000000000, 0.9238795325112867385, 1.000000000000000000, 0.9238795325112867385, 1.000000000000000000, 0.9238795325112867385, 1.000000000000000000, 0.9238795325112867385, 1.000000000000000000, 0.9238795325112867385, 1.000000000000000000, 0.9238795325112867385, 1.000000000000000000, 0.9238795325112867385, 1.000000000000000000, 0.9238795325112867385, 1.000000000000000000, 0.9238795325112867385, 1.000000000000000000, 0.9238795325112867385, 1.000000000000000000, 0.9238795325112867385, 1.000000000000000000, 0.9238795325112867385, 1.000000000000000000, 0.9238795325112867385, 1.000000000000000000, 0.9238795325112867385, 1.000000000000000000, 0.9238795325112867385, 1.000000000000000000, 0.9238795325112867385, 1.000000000000000000, 0.9238795325112867385, 1.000000000000000000, 0.9238795325112867385, 1.000000000000000000, 0.9238795325112867385, 1.000000000000000000, 0.9238795325112867385, 1.000000000000000000, 0.9238795325112867385, 1.000000000000000000, 0.9238795325112867385, 1.000000000000000000, 0.9238795325112867385, 1.000000000000000000, 0.9238795325112867385, 1.000000000000000000, 0.9238795325112867385, 1.000000000000000000, 0.9238795325112867385, 1.000000000000000000, 0.9238795325112867385, 1.000000000000000000, 0.9238795325112867385, 1.000000000000000000, 0.9238795325112867385, 1.000000000000000000, 0.9238795325112867385, 1.000000000000000000, 0.9238795325112867385, 1.000000000000000000, 0.9238795325112867385, 1.000000000000000000, 0.9238795325112867385, 1.000000000000000000, 0.9238795325112867385, 1.000000000000000000, 0.9238795325112867385, 1.000000000000000000, 0.9238795325112867385, 1.000000000000000000, 0.9238795325112867385, 1.000000000000000000, 0.9238795325112867385, 1.000000000000000000, 0.9238795325112867385, 1.000000000000000000, 0.9238795325112867385, 1.000000000000000000, 0.9238795325112867385, 1.000000000000000000, 0.9238795325112867385, 1.000000000000000000, 0.9238795325112867385, 1.000000000000000000, 0.9238795325112867385, 1.000000000000000000, 0.9238795325112867385, 1.000000000000000000, 0.9238795325112867385, 1.000000000000000000, 0.9238795325112867385, 1.000000000000000000, 0.9238795325112867385, 1.000000000000000000, 0.9238795325112867385, 1.000000000000000000, 0.9238795325112867385, 1.000000000000000000, 0.9238795325112867385, 1.000000000000000000, 0.9238795325112867385, 1.000000000000000000, 0.9238795325112867385, 1.000000000000000000, 0.9238795325112867385, 1.000000000000000000, 0.9238795325112867385, 1.000000000000000000, 0.9238795325112867385, 1.000000000000000000, 0.9238795325112867385, 1.000000000000000000, 0.9238795325112867385, 1.000000000000000000, 0.9238795325112867385, 1.000000000000000000, 0.9238795325112867385, 1.000000000000000000, 0.9238795325112867385, 1.000000000000000000, 0.9238795325112867385, 1.000000000000000000, 0.9238795325112867385, 1.000000000000000000, 0.9238795325112867385, 1.000000000000000000, 0.9238795325112867385, 1.000000000000000000, 0.9238795325112867385, 1.000000000000000000, 0.9238795325112867385, 1.000000000000000000, 0.9238795325112867385, 1.000000000000000000, 0.9238795325112867385, 1.000000000000000000, 0.9238795325112867385, 1.000000000000000000, 0.9238795325112867385, 1.000000000000000000, 0.9238795325112867385, 1.000000000000000000, 0.9238795325112867385, 1.000000000000000000, 0.9238795325112867385, 1.000000000000000000, 0.9238795325112867385, 1.000000000000000000, 0.9238795325112867385, 1.000000000000000000, 0.9238795325112867385, 1.000000000000000000, 0.9238795325112867385, 1.000000000000000000, 0.9238795325112867385, 1.000000000000000000, 0.9238795325112867385, 1.000000000000000000, 0.9238795325112867385, 1.000000000000000000, 0.9238795325112867385, 1.000000000000000000, 0.9238795325112867385, 1.000000000000000000, 0.9238795325112867385, 1.000000000000000000, 0.9238795325112867385, 1.000000000000000000, 0.9238795325112867385, 1.000000000000000000, 0.9238795325112867385, 1.000000000000000000, 0.9238795325112867385, 1.000000000000000000, 0.9238795325112867385, 1.000000000000000000, 0.9238795325112867385, 1.000000000000000000, 0.9238795325112867385, 1.000000000000000000, 0.9238795325112867385, 1.000000000000000000, 0.9238795325112867385, 1.000000000000000000, 0.9238795325112867385, 1.000000000000000000, 0.9238795325112867385, 1.000000000000000000, 0.9238795325112867385, 1.000000000000000000, 0.9238795325112867385, 1.000000000000000000, 0.9238795325112867385, 1.000000000000000000, 0.9238795325112867385, 1.000000000000000000, 0.9238795325112867385, 1.000000000000000000, 0.9238795325112867385, 1.000000000000000000, 0.9238795325112867385, 1.000000000000000000, 0.9238795325112867385, 1.000000000000000000, 0.9238795325112867385, 1.000000000000000000, 0.9238795325112867385, 1.000000000000000000, 0.9238795325112867385, 1.000000000000000000, 0.9238795325112867385, 1.000000000000000000, 0.9238795325112867385, 1.000000000000000000, 0.9238795325112867385, 1.000000000000000000, 0.9238795325112867385, 1.000000000000000000, 0.9238795325112867385, 1.000000000000000000, 0.9238795325112867385, 1.000000000000000000, 0.9238795325112867385, 1.000000000000000000, 0.9238795325112867385, 1.000000000000000000, 0.9238795325112867385, 1.000000000000000000, 0.9238795325112867385, 1.000000000000000000, 0.9238795325112867385, 1.000000000000000000, 0.9238795325112867385, 1.000000000000000000, 0.9238795325112867385, 1.000000000000000000, 0.9238795325112867385, 1.000000000000000000, 0.9238795325112867385, 1.000000000000000000, 0.9238795325112867385, 1.000000000000000000, 0.9238795325112867385, 1.000000000000000000, 0.9238795325112867385, 1.000000000000000000, 0.9238795325112867385, 1.000000000000000000, 0.9238795325112867385, 1.000000000000000000, 0.9238795325112867385, 1.000000000000000000, 0.9238795325112867385, 1.000000000000000000, 0.9238795325112867385, 1.000000000000000000, 0.9622960176180110903, 0.9619431008392942406 ) ) 
 REPRESENTATION_ITEM ( '' )  );
#596 = CARTESIAN_POINT ( 'NONE',  ( 2.383091788831503965, 1.988817348416382469, 1.521507338443787827 ) ) ;
#597 = CARTESIAN_POINT ( 'NONE',  ( 3.108323085743533554, -0.1759533450893089879, -1.368784197041126971 ) ) ;
#598 = CARTESIAN_POINT ( 'NONE',  ( 7.599991199870922642, -1.400354269461838053, 1.400354269461837609 ) ) ;
#599 = CARTESIAN_POINT ( 'NONE',  ( 0.8399999999999996358, -2.392190156761773601, -4.150485344682723898 ) ) ;
#600 = CARTESIAN_POINT ( 'NONE',  ( 6.924988999838653569, -1.937099999999995603, 0.8023730916729199247 ) ) ;
#601 = CARTESIAN_POINT ( 'NONE',  ( 4.749988266494567846, -0.8203085389236757230, -1.980399999999995941 ) ) ;
#602 = CARTESIAN_POINT ( 'NONE',  ( 10.69998826649456802, 1.400354269461835166, 1.400354269461835832 ) ) ;
#603 = CARTESIAN_POINT ( 'NONE',  ( 15.24999119987092300, 1.980399999999999050, -0.8203085389236769442 ) ) ;
#604 = CARTESIAN_POINT ( 'NONE',  ( 5.799991199870922820, 1.400354269461837387, 1.400354269461838053 ) ) ;
#605 = CARTESIAN_POINT ( 'NONE',  ( 8.449999999999999289, 1.035533905932736642, -2.499999999999996891 ) ) ;
#606 = CARTESIAN_POINT ( 'NONE',  ( 16.84999119987092442, 1.980399999999998606, -0.8203085389236768332 ) ) ;
#607 = CARTESIAN_POINT ( 'NONE',  ( 9.299979466365495995, 2.499999999999996891, 0.000000000000000000 ) ) ;
#608 = CARTESIAN_POINT ( 'NONE',  ( 0.1337868247210997619, 1.447121641891568222, 0.4935117915113100273 ) ) ;
#609 = CARTESIAN_POINT ( 'NONE',  ( 17.47498899983865428, -1.369736545836457431, -1.369736545836457653 ) ) ;
#610 = B_SPLINE_CURVE_WITH_KNOTS ( 'NONE', 3,
 ( #1017, #1378, #3543, #4073, #3116, #4452, #1786, #3516, #2288, #4845, #3968, #2745, #3090, #942, #596, #4043, #513, #2236, #775, #4650, #284, #4959, #653, #4988 ),
 .UNSPECIFIED., .F., .F.,
 ( 4, 2, 2, 2, 2, 2, 2, 2, 2, 2, 2, 4 ),
 ( 0.000000000000000000, 0.0008559899982431089759, 0.001711979996486218169, 0.002567969994729327361, 0.003423959992972436337, 0.003851954992093990608, 0.004279949991215546180, 0.004707944990337100018, 0.005135939989458653855, 0.005563934988580206825, 0.005991929987701760663, 0.006847919985944868337 ),
 .UNSPECIFIED. ) ;
#611 = CARTESIAN_POINT ( 'NONE',  ( 15.84998826649456660, -1.980399999999995941, -0.8203085389236761671 ) ) ;
#612 = CARTESIAN_POINT ( 'NONE',  ( 2.033323819087579309, -2.595297794785130119, 1.492169639313571494 ) ) ;
#613 = CARTESIAN_POINT ( 'NONE',  ( 1.399999999999999911, -0.6217735404957802636, 4.750000000000000888 ) ) ;
#614 = CARTESIAN_POINT ( 'NONE',  ( 8.799999999999998934, -4.456152727411483638E-16, 2.499999999999996891 ) ) ;
#615 = CARTESIAN_POINT ( 'NONE',  ( -1.224698418616533548E-17, -0.8660254037844389297, 1.500000000000000000 ) ) ;
#616 = CARTESIAN_POINT ( 'NONE',  ( 10.52499046652683390, 1.937099999999996269, 0.000000000000000000 ) ) ;
#617 = CARTESIAN_POINT ( 'NONE',  ( 16.95882248197643349, -0.05045987923502213979, -2.264784287179641531 ) ) ;
#618 = EDGE_LOOP ( 'NONE', ( #933 ) ) ;
#619 = CARTESIAN_POINT ( 'NONE',  ( 0.5599999999999997202, -0.6217735404951785227, -4.750000000000001776 ) ) ;
#620 = CARTESIAN_POINT ( 'NONE',  ( 2.083320885711255954, -1.872268460627068087, 2.431040661607648534 ) ) ;
#621 = CARTESIAN_POINT ( 'NONE',  ( 11.94998826649456802, -0.8203085389236753899, -1.980399999999995497 ) ) ;
#622 = CARTESIAN_POINT ( 'NONE',  ( 10.54997946636549955, -2.499999999999996891, -1.035533905932736642 ) ) ;
#623 = CARTESIAN_POINT ( 'NONE',  ( 15.94999999999999929, 1.035533905932736864, 2.499999999999996447 ) ) ;
#624 = CARTESIAN_POINT ( 'NONE',  ( 3.899991199870922021, 1.273038737948353390E-16, -1.980399999999998828 ) ) ;
#625 = CARTESIAN_POINT ( 'NONE',  ( 3.949988266494567135, -0.8203085389236753899, -1.980399999999995497 ) ) ;
#626 = CARTESIAN_POINT ( 'NONE',  ( 2.633323819087548756, 1.044174213560768782, 1.818037400042180618 ) ) ;
#627 = CARTESIAN_POINT ( 'NONE',  ( 4.599991199870922642, -1.400354269461837609, -1.400354269461837831 ) ) ;
#628 = CARTESIAN_POINT ( 'NONE',  ( 2.500088744991354694, -0.2875901740676777285, -1.499999999999999778 ) ) ;
#629 = CARTESIAN_POINT ( 'NONE',  ( 7.224988999838655168, 0.8023730916729207019, -1.937099999999994937 ) ) ;
#630 = CARTESIAN_POINT ( 'NONE',  ( 5.599988266494567490, 1.299364113883070407E-16, -1.980399999999995941 ) ) ;
#631 = CARTESIAN_POINT ( 'NONE',  ( 9.049988266494569444, 1.980399999999995053, 0.8203085389236769442 ) ) ;
#632 = CARTESIAN_POINT ( 'NONE',  ( 14.44999119987092762, 1.980399999999999050, -0.8203085389236769442 ) ) ;
#633 = CARTESIAN_POINT ( 'NONE',  ( 6.599991199870923531, 1.400354269461837387, 1.400354269461838053 ) ) ;
#634 = CARTESIAN_POINT ( 'NONE',  ( 14.39999119987092335, 1.400354269461837831, -1.400354269461837831 ) ) ;
#635 = CARTESIAN_POINT ( 'NONE',  ( 8.949979466365496350, -2.499999999999996891, -1.035533905932736864 ) ) ;
#636 = CARTESIAN_POINT ( 'NONE',  ( 0.07474491119465292988, -0.5810488303901966134, 1.500000000000000222 ) ) ;
#637 = CARTESIAN_POINT ( 'NONE',  ( 16.42498899983865712, -0.8023730916729214790, 1.937099999999994049 ) ) ;
#638 = CARTESIAN_POINT ( 'NONE',  ( 13.19998826649456802, -3.433526809160181919E-16, 1.980399999999995941 ) ) ;
#639 = DIRECTION ( 'NONE',  ( -1.000000000000000000, -7.070799616643645495E-18, 0.000000000000000000 ) ) ;
#640 = CARTESIAN_POINT ( 'NONE',  ( 3.095648758798103639, -0.5001564648144858349, -1.890722157332719533 ) ) ;
#641 = CARTESIAN_POINT ( 'NONE',  ( 9.999999999999998224, 1.685663918696787187E-16, -2.499999999999996891 ) ) ;
#642 = CARTESIAN_POINT ( 'NONE',  ( 2.415540413207492687, 0.8660254037844390407, -1.500000000000000000 ) ) ;
#643 = CARTESIAN_POINT ( 'NONE',  ( 10.72499046652683496, -3.392312681878113344E-16, 1.937099999999996269 ) ) ;
#644 = CARTESIAN_POINT ( 'NONE',  ( 2.083320885711363868, -1.872268459511487126, 2.431040663306411886 ) ) ;
#645 = ORIENTED_EDGE ( 'NONE', *, *, #2881, .T. ) ;
#646 = CARTESIAN_POINT ( 'NONE',  ( 17.25944916104853988, -1.742440401093409585, 0.8969924631501143830 ) ) ;
#647 = CARTESIAN_POINT ( 'NONE',  ( 2.566665952550112983, -2.195503069762130277, 0.5867246740605229771 ) ) ;
#648 = CARTESIAN_POINT ( 'NONE',  ( 2.983320885711267412, -1.708595965738750166, 0.2204379214166443668 ) ) ;
#649 = CARTESIAN_POINT ( 'NONE',  ( 12.94998826649456980, 1.980399999999995497, -0.8203085389236755010 ) ) ;
#650 = CARTESIAN_POINT ( 'NONE',  ( 12.34997946636549671, 1.035533905932736642, -2.499999999999996891 ) ) ;
#651 = CARTESIAN_POINT ( 'NONE',  ( 3.316645418915522558, -2.178782029272179344, -0.2884170385133932868 ) ) ;
#652 = CARTESIAN_POINT ( 'NONE',  ( 4.799991199870923708, 1.400354269461838053, -1.400354269461838053 ) ) ;
#653 = CARTESIAN_POINT ( 'NONE',  ( 2.397876735160823003, 0.2894380875313663504, 2.499999103386611132 ) ) ;
#654 = CARTESIAN_POINT ( 'NONE',  ( 2.216657152420946630, -1.655150306252472392, -2.158949479535215765 ) ) ;
#655 = CARTESIAN_POINT ( 'NONE',  ( -1.752778832085582394E-16, -3.061772362537753978, 3.061772362537749093 ) ) ;
#656 = CARTESIAN_POINT ( 'NONE',  ( 0.8399999999999997469, 3.798417501391356588, -2.919096919880846741 ) ) ;
#657 = CARTESIAN_POINT ( 'NONE',  ( 7.874988999838654635, -1.369736545836457431, -1.369736545836457653 ) ) ;
#658 = CARTESIAN_POINT ( 'NONE',  ( 5.999988266494568734, -3.545022711389252065E-16, 1.980399999999995941 ) ) ;
#659 = CARTESIAN_POINT ( 'NONE',  ( 10.64998826649456909, 1.980399999999995053, 0.8203085389236769442 ) ) ;
#660 = CARTESIAN_POINT ( 'NONE',  ( 15.29999119987092371, 1.980399999999998828, 0.000000000000000000 ) ) ;
#661 = CARTESIAN_POINT ( 'NONE',  ( 7.249991199870922998, 1.980399999999998384, -0.8203085389236769442 ) ) ;
#662 = CARTESIAN_POINT ( 'NONE',  ( 7.899999999999999467, 1.767766952966366212, 1.767766952966367100 ) ) ;
#663 = CARTESIAN_POINT ( 'NONE',  ( 17.04999119987092016, 0.8203085389236773883, 1.980399999999998162 ) ) ;
#664 = EDGE_CURVE ( 'NONE', #4418, #4391, #564, .T. ) ;
#665 = CARTESIAN_POINT ( 'NONE',  ( 7.499979466365497061, 1.646949745781678836E-16, -2.499999999999996891 ) ) ;
#666 = CARTESIAN_POINT ( 'NONE',  ( -1.224698418616533548E-17, -0.8660254037844389297, 1.500000000000000000 ) ) ;
#667 = CARTESIAN_POINT ( 'NONE',  ( 16.17498899983865357, 1.937099999999994715, 0.000000000000000000 ) ) ;
#668 = CARTESIAN_POINT ( 'NONE',  ( 14.34998826649456838, -0.8203085389236757230, -1.980399999999995941 ) ) ;
#669 = DIRECTION ( 'NONE',  ( 0.000000000000000000, -1.000000000000000000, -2.503857664561931390E-16 ) ) ;
#670 = CARTESIAN_POINT ( 'NONE',  ( 0.8399999999999998579, -2.919096923789177289, -3.798417497483022931 ) ) ;
#671 = CARTESIAN_POINT ( 'NONE',  ( 10.54999999999999893, -2.499999999999997335, 1.035533905932735976 ) ) ;
#672 = CARTESIAN_POINT ( 'NONE',  ( 9.849999999999997868, -2.499999999999996891, -1.035533905932736642 ) ) ;
#673 = CARTESIAN_POINT ( 'NONE',  ( 1.399999999999999689, -4.330000000000000071, 0.2835787549480986436 ) ) ;
#674 = CARTESIAN_POINT ( 'NONE',  ( 2.966654219044551066, -1.689427386777814455, 0.4507185587831972762 ) ) ;
#675 = ORIENTED_EDGE ( 'NONE', *, *, #3336, .F. ) ;
#676 = CARTESIAN_POINT ( 'NONE',  ( 17.24010984084990028, -1.760727793937903574, 0.9037181117826323939 ) ) ;
#677 = DIRECTION ( 'NONE',  ( -1.000000000000000000, 0.000000000000000000, 0.000000000000000000 ) ) ;
#678 = CARTESIAN_POINT ( 'NONE',  ( 2.633320885711256665, 2.168287024376244432, 0.5860081557719116763 ) ) ;
#679 = CARTESIAN_POINT ( 'NONE',  ( 14.69998826649456802, 1.400354269461835166, 1.400354269461835832 ) ) ;
#680 = CARTESIAN_POINT ( 'NONE',  ( 11.59997946636549671, 1.767766952966366878, -1.767766952966366878 ) ) ;
#681 = CARTESIAN_POINT ( 'NONE',  ( 4.649991199870922465, -0.8203085389236768332, -1.980399999999999050 ) ) ;
#682 = CARTESIAN_POINT ( 'NONE',  ( 15.29999999999999716, -1.767766952966367100, 1.767766952966366434 ) ) ;
#683 = CARTESIAN_POINT ( 'NONE',  ( 3.108321619055295582, -0.7237036814845936306, -1.262028973919719910 ) ) ;
#684 = CARTESIAN_POINT ( 'NONE',  ( 3.499991199870922998, -3.583736520904983367E-16, 1.980399999999998384 ) ) ;
#685 = CARTESIAN_POINT ( 'NONE',  ( 11.39998826649456909, 1.980399999999995497, 0.000000000000000000 ) ) ;
#686 = DIRECTION ( 'NONE',  ( -1.000000000000000000, -1.548554197625976421E-18, -0.000000000000000000 ) ) ;
#687 = CARTESIAN_POINT ( 'NONE',  ( 8.924988999838657122, 1.937099999999994937, -0.8023730916729204798 ) ) ;
#688 = CARTESIAN_POINT ( 'NONE',  ( 5.749988266494568734, 1.980399999999995941, -0.8203085389236758340 ) ) ;
#689 = CARTESIAN_POINT ( 'NONE',  ( 5.449988266494568911, -1.980399999999995497, -0.8203085389236758340 ) ) ;
#690 = CARTESIAN_POINT ( 'NONE',  ( 13.09999119987092442, -3.435075317932890827E-16, 1.980399999999998828 ) ) ;
#691 = CARTESIAN_POINT ( 'NONE',  ( 6.899991199870923353, -1.980399999999998384, -2.425290521031416718E-16 ) ) ;
#692 = CARTESIAN_POINT ( 'NONE',  ( 13.89999119987092335, -3.422686884351881718E-16, 1.980399999999998384 ) ) ;
#693 = CARTESIAN_POINT ( 'NONE',  ( 7.399979466365495639, -1.767766952966366434, -1.767766952966366878 ) ) ;
#694 = CARTESIAN_POINT ( 'NONE',  ( 15.54999119987092193, -0.8203085389236779434, 1.980399999999997718 ) ) ;
#695 = CARTESIAN_POINT ( 'NONE',  ( 3.274990466526833011, 1.937099999999996713, -0.8023730916729211460 ) ) ;
#696 = CARTESIAN_POINT ( 'NONE',  ( 13.54998826649456767, -0.8203085389236757230, -1.980399999999995941 ) ) ;
#697 = CARTESIAN_POINT ( 'NONE',  ( 15.34998826649456483, 1.980399999999995497, -0.8203085389236757230 ) ) ;
#698 = CARTESIAN_POINT ( 'NONE',  ( 0.8399999999999998579, -4.150485346797904818, 2.392190151655277930 ) ) ;
#699 = CARTESIAN_POINT ( 'NONE',  ( 10.09999999999999787, 1.767766952966366878, -1.767766952966366878 ) ) ;
#700 = CARTESIAN_POINT ( 'NONE',  ( 5.249999999999998224, 1.035533905932736642, -2.499999999999996891 ) ) ;
#701 = CARTESIAN_POINT ( 'NONE',  ( 1.399999999999999689, -4.190896549981454555, 1.124236099754903240 ) ) ;
#702 = CARTESIAN_POINT ( 'NONE',  ( 11.02499046652683390, -1.369736545836458541, -1.369736545836458763 ) ) ;
#703 = CARTESIAN_POINT ( 'NONE',  ( 3.433312085582246986, -1.007193056929396535, -1.753882032402941826 ) ) ;
#704 = EDGE_LOOP ( 'NONE', ( #132 ) ) ;
#705 = CARTESIAN_POINT ( 'NONE',  ( 13.99999119987092300, -1.400354269461838053, 1.400354269461837609 ) ) ;
#706 = CARTESIAN_POINT ( 'NONE',  ( 3.316654219044585350, 0.9734039060718202574, -0.7440352653851735054 ) ) ;
#707 = CARTESIAN_POINT ( 'NONE',  ( -1.229042203480362770E-13, -2.919096923789247455, -3.798417497482833305 ) ) ;
#708 = CARTESIAN_POINT ( 'NONE',  ( 8.949979466365496350, -2.499999999999996891, -1.035533905932736642 ) ) ;
#709 = CARTESIAN_POINT ( 'NONE',  ( 15.39999999999999858, -2.499999999999996891, -3.061616997868379197E-16 ) ) ;
#710 = CARTESIAN_POINT ( 'NONE',  ( 15.62499046652683354, -1.369736545836458985, 1.369736545836458541 ) ) ;
#711 = CARTESIAN_POINT ( 'NONE',  ( 15.04999999999999716, 2.499999999999996447, 1.035533905932737975 ) ) ;
#712 = CARTESIAN_POINT ( 'NONE',  ( 2.991654952388635103, -1.615881732386267311, -0.2147359165058160546 ) ) ;
#713 = CARTESIAN_POINT ( 'NONE',  ( -1.733139639770208084E-16, -4.330000000000000071, 5.302720640308039725E-16 ) ) ;
#714 = CARTESIAN_POINT ( 'NONE',  ( 10.69998826649456802, 1.400354269461835166, 1.400354269461835832 ) ) ;
#715 = CARTESIAN_POINT ( 'NONE',  ( 2.349516420831780472, 0.9480786916881546178, -2.313254589186908738 ) ) ;
#716 = CARTESIAN_POINT ( 'NONE',  ( 5.024988999838654102, 1.937099999999994049, 0.8023730916729217011 ) ) ;
#717 = CARTESIAN_POINT ( 'NONE',  ( 5.249988266494568734, -0.8203085389236768332, 1.980399999999995497 ) ) ;
#718 = CARTESIAN_POINT ( 'NONE',  ( 7.149988266494570865, -0.8203085389236755010, -1.980399999999995497 ) ) ;
#719 = CARTESIAN_POINT ( 'NONE',  ( 15.69999119987092229, -1.980399999999998828, -2.425290521031417211E-16 ) ) ;
#720 = CARTESIAN_POINT ( 'NONE',  ( 8.099991199870922642, 1.980399999999998384, 0.000000000000000000 ) ) ;
#721 = CARTESIAN_POINT ( 'NONE',  ( 6.449999999999999289, -1.035533905932737753, 2.499999999999996447 ) ) ;
#722 = CARTESIAN_POINT ( 'NONE',  ( 12.24999119987092300, 0.8203085389236773883, 1.980399999999998162 ) ) ;
#723 = CARTESIAN_POINT ( 'NONE',  ( 9.699979466365496350, -2.499999999999996891, -3.061616997868379197E-16 ) ) ;
#724 = CARTESIAN_POINT ( 'NONE',  ( 15.24999119987092300, 1.980399999999998384, -0.8203085389236769442 ) ) ;
#725 = CARTESIAN_POINT ( 'NONE',  ( 15.62498899983865819, -0.8023730916729214790, 1.937099999999994049 ) ) ;
#726 = CARTESIAN_POINT ( 'NONE',  ( 14.44998826649456802, 0.8203085389236759450, -1.980399999999995941 ) ) ;
#727 = CARTESIAN_POINT ( 'NONE',  ( 16.34998826649457015, 0.8203085389236761671, 1.980399999999995053 ) ) ;
#728 = CARTESIAN_POINT ( 'NONE',  ( 3.091397566236938399, -0.5158769986419713405, -1.888020845664745373 ) ) ;
#729 = CARTESIAN_POINT ( 'NONE',  ( 6.549999999999998934, -2.499999999999997335, 1.035533905932735976 ) ) ;
#730 = CARTESIAN_POINT ( 'NONE',  ( 1.399999999999999689, -3.061772362537751313, 3.061772362537751313 ) ) ;
#731 = CARTESIAN_POINT ( 'NONE',  ( 11.97499046652683319, 0.8023730916729211460, -1.937099999999996713 ) ) ;
#732 = CARTESIAN_POINT ( 'NONE',  ( 3.383312085582122375, -1.660984786149404480, -1.280494248882301234 ) ) ;
#733 = CARTESIAN_POINT ( 'NONE',  ( 2.366665952550076835, 0.6643386275052236556, 2.484297168835258862 ) ) ;
#734 = CARTESIAN_POINT ( 'NONE',  ( 13.89999119987092335, -3.422686884351881718E-16, 1.980399999999998384 ) ) ;
#735 = FILL_AREA_STYLE_COLOUR ( '', #1540 ) ;
#736 = ADVANCED_FACE ( 'NONE', ( #1809, #3541 ), #1403, .F. ) ;
#737 = CARTESIAN_POINT ( 'NONE',  ( 2.466654219044635443, 1.249215737120134229, -2.161036309339092742 ) ) ;
#738 = CARTESIAN_POINT ( 'NONE',  ( 0.5599999999999997202, -0.6217735404957795975, 4.750000000000000888 ) ) ;
#739 = CARTESIAN_POINT ( 'NONE',  ( 7.699979466365495462, 2.499999999999996891, 0.000000000000000000 ) ) ;
#740 = CARTESIAN_POINT ( 'NONE',  ( 14.09999999999999787, 1.767766952966366878, -1.767766952966366878 ) ) ;
#741 = CARTESIAN_POINT ( 'NONE',  ( 16.47499046652683674, -1.937099999999996935, 0.8023730916729207019 ) ) ;
#742 = CARTESIAN_POINT ( 'NONE',  ( 14.74999999999999822, -1.035533905932736420, -2.499999999999996891 ) ) ;
#743 = VECTOR ( 'NONE', #2333, 1000.000000000000000 ) ;
#744 = CARTESIAN_POINT ( 'NONE',  ( 1.911656991277645545, 0.3270736445307985130, 3.142913112929338393 ) ) ;
#745 = CARTESIAN_POINT ( 'NONE',  ( 13.22499046652683496, -1.369736545836458985, 1.369736545836458541 ) ) ;
#746 = CARTESIAN_POINT ( 'NONE',  ( -1.733139639770208084E-16, -4.330000000000000071, 0.5664333783967137048 ) ) ;
#747 = CARTESIAN_POINT ( 'NONE',  ( 9.099988266494568379, 1.400354269461835166, 1.400354269461835832 ) ) ;
#748 = CARTESIAN_POINT ( 'NONE',  ( 17.40099999999999980, -0.8660254037844388186, -1.500000000000000444 ) ) ;
#749 = ORIENTED_EDGE ( 'NONE', *, *, #5486, .T. ) ;
#750 = CARTESIAN_POINT ( 'NONE',  ( 3.474988999838654724, 1.369736545836457431, 1.369736545836457653 ) ) ;
#751 = CARTESIAN_POINT ( 'NONE',  ( 16.24997946636549528, -1.035533905932736420, -2.499999999999996891 ) ) ;
#752 = CARTESIAN_POINT ( 'NONE',  ( 6.749988266494567846, 0.8203085389236761671, 1.980399999999995053 ) ) ;
#753 = CARTESIAN_POINT ( 'NONE',  ( 12.59999119987092264, -1.400354269461837831, -1.400354269461838053 ) ) ;
#754 = CARTESIAN_POINT ( 'NONE',  ( 4.699991199870922287, 1.285427171529361019E-16, -1.980399999999998384 ) ) ;
#755 = CARTESIAN_POINT ( 'NONE',  ( 5.349999999999998757, 2.499999999999996891, -1.035533905932736642 ) ) ;
#756 = CARTESIAN_POINT ( 'NONE',  ( 13.09999119987092442, -3.435075317932889841E-16, 1.980399999999998384 ) ) ;
#757 = CARTESIAN_POINT ( 'NONE',  ( 4.149979466365496528, -2.499999999999996891, -1.035533905932736864 ) ) ;
#758 = CARTESIAN_POINT ( 'NONE',  ( 14.69999119987092406, -3.410298450770873595E-16, 1.980399999999998384 ) ) ;
#759 = CARTESIAN_POINT ( 'NONE',  ( 14.12498899983865464, -1.937099999999995603, 0.8023730916729199247 ) ) ;
#760 = CARTESIAN_POINT ( 'NONE',  ( 11.39998826649456909, 1.980399999999995941, 0.000000000000000000 ) ) ;
#761 = CARTESIAN_POINT ( 'NONE',  ( 14.79998826649456944, -3.408749941998164688E-16, 1.980399999999995497 ) ) ;
#762 = CARTESIAN_POINT ( 'NONE',  ( 1.399999999999999689, 4.330000000000000071, -0.5667956695466787043 ) ) ;
#763 = CARTESIAN_POINT ( 'NONE',  ( 8.799999999999998934, -4.456152727411483638E-16, 2.499999999999996891 ) ) ;
#764 = B_SPLINE_CURVE_WITH_KNOTS ( 'NONE', 3,
 ( #3163, #5325, #3249, #1972, #5298 ),
 .UNSPECIFIED., .F., .F.,
 ( 4, 1, 4 ),
 ( 2.309401076757153916E-07, 0.0008662563438921144733, 0.001732281747676553277 ),
 .UNSPECIFIED. ) ;
#765 = CARTESIAN_POINT ( 'NONE',  ( 7.349999999999999645, -2.499999999999997335, 1.035533905932735976 ) ) ;
#766 = CARTESIAN_POINT ( 'NONE',  ( 13.69997946636549635, -2.499999999999996891, -3.061616997868379197E-16 ) ) ;
#767 = CARTESIAN_POINT ( 'NONE',  ( 8.374990466526835320, -0.8023730916729222562, 1.937099999999996269 ) ) ;
#768 = CARTESIAN_POINT ( 'NONE',  ( 3.333312085582218032, -2.096772645005292368, -0.5667932999705493913 ) ) ;
#769 = CARTESIAN_POINT ( 'NONE',  ( 2.983334728561385152, 1.635168874067895350, -0.2107968906620528715 ) ) ;
#770 = CARTESIAN_POINT ( 'NONE',  ( 3.616645418915441113, 1.388909116630033802, -1.063355914493242294 ) ) ;
#771 = CARTESIAN_POINT ( 'NONE',  ( 7.599979466365496705, 1.767766952966366878, -1.767766952966366878 ) ) ;
#772 = EDGE_CURVE ( 'NONE', #4559, #1009, #1876, .T. ) ;
#773 = CARTESIAN_POINT ( 'NONE',  ( 13.54999999999999893, 1.035533905932736864, 2.499999999999996447 ) ) ;
#774 = CARTESIAN_POINT ( 'NONE',  ( 15.32499046652683461, 1.937099999999996269, 0.000000000000000000 ) ) ;
#775 = CARTESIAN_POINT ( 'NONE',  ( 2.389375595118698570, 1.359216333232640572, 2.103074106453337588 ) ) ;
#776 = CARTESIAN_POINT ( 'NONE',  ( 2.208323085743486569, -2.159302112335524715, -1.663440600336777653 ) ) ;
#777 = CARTESIAN_POINT ( 'NONE',  ( 0.1337868247210999562, 1.150954569461748456, -1.006488208488690583 ) ) ;
#778 = CARTESIAN_POINT ( 'NONE',  ( 11.59998826649456838, -3.458303676322196193E-16, 1.980399999999995497 ) ) ;
#779 = DIRECTION ( 'NONE',  ( -1.000000000000000000, -1.548554197625976421E-18, -0.000000000000000000 ) ) ;
#780 = CARTESIAN_POINT ( 'NONE',  ( 4.974988999838654280, 1.937099999999994715, 0.000000000000000000 ) ) ;
#781 = CARTESIAN_POINT ( 'NONE',  ( 17.59997946636549671, -1.767766952966367100, 1.767766952966366434 ) ) ;
#782 = CARTESIAN_POINT ( 'NONE',  ( 6.699988266494568023, 1.400354269461835166, 1.400354269461835832 ) ) ;
#783 = CARTESIAN_POINT ( 'NONE',  ( 10.84999119987092620, -1.980399999999999494, 0.8203085389236765002 ) ) ;
#784 = CARTESIAN_POINT ( 'NONE',  ( 4.449991199870922287, -1.980399999999998828, 0.8203085389236765002 ) ) ;
#785 = CARTESIAN_POINT ( 'NONE',  ( 6.599999999999997868, -2.499999999999996891, -3.061616997868379197E-16 ) ) ;
#786 = CARTESIAN_POINT ( 'NONE',  ( 11.64999119987092513, -1.980399999999999050, 0.8203085389236763891 ) ) ;
#787 = CARTESIAN_POINT ( 'NONE',  ( 6.599979466365497593, -1.767766952966366434, -1.767766952966366878 ) ) ;
#788 = CARTESIAN_POINT ( 'NONE',  ( 15.19999119987092229, 1.400354269461837831, -1.400354269461837831 ) ) ;
#789 = CARTESIAN_POINT ( 'NONE',  ( 15.42498899983865535, 1.937099999999994049, 0.8023730916729217011 ) ) ;
#790 = CARTESIAN_POINT ( 'NONE',  ( 10.74998826649456696, 0.8203085389236763891, 1.980399999999995497 ) ) ;
#791 = CARTESIAN_POINT ( 'NONE',  ( 17.04998826649456944, 1.980399999999995053, 0.8203085389236769442 ) ) ;
#792 = CARTESIAN_POINT ( 'NONE',  ( 1.399999999999999689, 4.217301688045794528, -1.133368343930680089 ) ) ;
#793 = CARTESIAN_POINT ( 'NONE',  ( 8.149999999999996803, -2.499999999999997335, 1.035533905932735976 ) ) ;
#794 = CARTESIAN_POINT ( 'NONE',  ( 14.79997946636549599, 1.767766952966366878, -1.767766952966366878 ) ) ;
#795 = CARTESIAN_POINT ( 'NONE',  ( 9.824990466526832833, 1.369736545836458319, 1.369736545836458985 ) ) ;
#796 = CARTESIAN_POINT ( 'NONE',  ( 2.433312085582200357, -3.049317125962043740, 1.753850183985801836 ) ) ;
#797 = ORIENTED_EDGE ( 'NONE', *, *, #845, .T. ) ;
#798 = CARTESIAN_POINT ( 'NONE',  ( 2.916665952549942542, 1.388909116630033802, -1.063355914493242294 ) ) ;
#799 = CARTESIAN_POINT ( 'NONE',  ( 6.649979466365496528, -1.035533905932736420, -2.499999999999996891 ) ) ;
#800 = CARTESIAN_POINT ( 'NONE',  ( 11.64999999999999858, 1.035533905932736642, -2.499999999999996891 ) ) ;
#801 = CARTESIAN_POINT ( 'NONE',  ( 2.949991199870922731, -1.980399999999999050, -0.8203085389236773883 ) ) ;
#802 = CARTESIAN_POINT ( 'NONE',  ( 2.741656419076837548, -0.2535462545572073623, 1.912394320089887412 ) ) ;
#803 = CARTESIAN_POINT ( 'NONE',  ( -1.735293732084511754E-16, -4.190896549981511399, -1.124236099756366514 ) ) ;
#804 = CARTESIAN_POINT ( 'NONE',  ( 11.89998826649456909, -1.400354269461835388, -1.400354269461835610 ) ) ;
#805 = CARTESIAN_POINT ( 'NONE',  ( 2.433323819087589879, 2.077124198050038562, -1.193506024866387127 ) ) ;
#806 = CARTESIAN_POINT ( 'NONE',  ( 5.124988999838655523, 0.8023730916729209239, 1.937099999999994493 ) ) ;
#807 = CARTESIAN_POINT ( 'NONE',  ( 17.14997946636549742, 1.035533905932736642, -2.499999999999996891 ) ) ;
#808 = CARTESIAN_POINT ( 'NONE',  ( 9.849991199870924419, 0.8203085389236777214, 1.980399999999998606 ) ) ;
#809 = CARTESIAN_POINT ( 'NONE',  ( 3.149991199870923353, 0.8203085389236771663, -1.980399999999998384 ) ) ;
#810 = CARTESIAN_POINT ( 'NONE',  ( 5.049999999999998934, -2.499999999999996891, -1.035533905932736864 ) ) ;
#811 = CARTESIAN_POINT ( 'NONE',  ( 13.49999119987092300, 1.421699940920446916E-16, -1.980399999999998384 ) ) ;
#812 = CARTESIAN_POINT ( 'NONE',  ( 6.899979466365497416, 2.499999999999996891, 0.000000000000000000 ) ) ;
#813 = CARTESIAN_POINT ( 'NONE',  ( 17.04999119987092371, 0.8203085389236773883, 1.980399999999997718 ) ) ;
#814 = CARTESIAN_POINT ( 'NONE',  ( 13.62498899983865286, 0.8023730916729207019, -1.937099999999994937 ) ) ;
#815 = CARTESIAN_POINT ( 'NONE',  ( 11.69998826649456802, -1.400354269461836054, 1.400354269461835610 ) ) ;
#816 = CARTESIAN_POINT ( 'NONE',  ( 15.94998826649456802, -0.8203085389236755010, -1.980399999999995497 ) ) ;
#817 = CARTESIAN_POINT ( 'NONE',  ( 1.399999999999999911, -0.6217735404957880352, -4.750000000000000888 ) ) ;
#818 = CARTESIAN_POINT ( 'NONE',  ( 7.299999999999997158, -1.767766952966367100, 1.767766952966366434 ) ) ;
#819 = CARTESIAN_POINT ( 'NONE',  ( 16.49997946636549528, 2.499999999999996891, 0.000000000000000000 ) ) ;
#820 = CARTESIAN_POINT ( 'NONE',  ( 9.224990466526833188, -1.369736545836458985, 1.369736545836458541 ) ) ;
#821 = CARTESIAN_POINT ( 'NONE',  ( 0.5599999999999996092, 3.798417501391356588, -2.919096919880845853 ) ) ;
#822 = CARTESIAN_POINT ( 'NONE',  ( 2.266665952549987484, 2.355966532215645337, 1.361568482842809402 ) ) ;
#823 =( BOUNDED_CURVE ( )  B_SPLINE_CURVE ( 2, ( #3367, #5153, #2593, #4271, #2916, #1710, #819, #3416, #1258, #1207, #362, #3444, #3024, #4217, #2997, #1632, #4723, #5180, #2515, #2163, #336, #414, #4670, #2057, #3793, #2541, #5099, #1179, #3394, #2947, #390, #3897, #442, #5532, #5068, #847, #2111, #4323, #4244, #3844, #794, #2084, #5582, #2568, #4297, #1682, #2487, #3821, #5559, #1658, #1283, #4748, #872, #1232, #18, #5127, #2973, #3338, #4696, #4642, #2136, #3871, #766, #3926, #2192, #4461, #4881, #977, #2299, #578, #1821, #497, #899, #47, #926, #523, #4856, #4026, #1796, #1739, #1767, #2699, #1387, #5234, #1337, #2727, #5205, #5316, #3977, #74, #4778, #3497, #4384, #999, #3554, #3525, #4435, #3471, #3075, #1416, #1308, #3050, #952, #3954, #4804, #2648, #2220, #99, #5262, #469, #2620, #4830, #1364, #4353, #3101, #2675, #4411, #2246, #5289, #3126, #550, #2272, #4002, #124, #1849, #3580, #3153, #4939, #4549, #1531, #5429, #4970, #4911, #1055, #4489, #2785, #2415, #1992, #4145, #3661, #3722, #4519, #723, #2877, #1932, #3633, #2326, #3269, #5030, #4054, #607, #4608, #3297, #5000, #2447, #151, #237, #635, #1026, #178, #2353, #1905, #1497, #2756, #1961, #1878, #4085, #207, #3690, #3605, #1142, #1114, #1565, #5373, #5343, #1442, #3181, #1469, #2846, #5465, #3209, #5400, #4579, #3238, #1082, #2814, #665, #2384, #693, #4114, #266, #3864, #298, #2076, #4263, #5551, #2104, #383, #812, #2561, #1276, #3330, #3786, #3360, #787, #1677, #4635, #5172, #4689, #5091, #2534, #4210, #3839, #3437, #5120, #3755, #4290, #1651, #5577, #3411, #2050, #356, #5147, #1596, #1200, #3016, #2508, #865, #2940, #5602, #2991, #1252, #4716, #5524, #4179, #4663, #1702, #839, #407, #2129, #1625, #2021, #4742, #4237, #5496, #5061, #1173, #3387, #2966, #3814, #329, #1225, #2909, #757, #2480, #4824, #2213, #2693, #117, #1761, #1356, #4429, #1732, #3971, #1303, #4316, #3490, #3890, #946, #2185, #892, #971, #3919, #1330, #3145 ),
 .UNSPECIFIED., .F., .T. ) 
 B_SPLINE_CURVE_WITH_KNOTS ( ( 3, 2, 2, 2, 2, 2, 2, 2, 2, 2, 2, 2, 2, 2, 2, 2, 2, 2, 2, 2, 2, 2, 2, 2, 2, 2, 2, 2, 2, 2, 2, 2, 2, 2, 2, 2, 2, 2, 2, 2, 2, 2, 2, 2, 2, 2, 2, 2, 2, 2, 2, 2, 2, 2, 2, 2, 2, 2, 2, 2, 2, 2, 2, 2, 2, 2, 2, 2, 2, 2, 2, 2, 2, 2, 2, 2, 2, 2, 2, 2, 2, 2, 2, 2, 2, 2, 2, 2, 2, 2, 2, 2, 2, 2, 2, 2, 2, 2, 2, 2, 2, 2, 2, 2, 2, 2, 2, 2, 2, 2, 2, 2, 2, 2, 2, 2, 2, 2, 2, 2, 2, 2, 2, 2, 2, 2, 2, 2, 2, 2, 2, 2, 2, 2, 2, 2, 2, 3 ),
 ( 0.09079148575740139671, 0.09210526315789473173, 0.09868421052631579093, 0.1052631578947368363, 0.1118421052631578955, 0.1184210526315789408, 0.1250000000000000000, 0.1315789473684210453, 0.1381578947368421184, 0.1447368421052631637, 0.1513157894736842091, 0.1578947368421052544, 0.1644736842105263275, 0.1710526315789473728, 0.1776315789473684181, 0.1842105263157894357, 0.1907894736842105365, 0.1973684210526315819, 0.2039473684210526272, 0.2105263157894736725, 0.2171052631578947456, 0.2236842105263157909, 0.2302631578947368363, 0.2368421052631578816, 0.2434210526315789547, 0.2500000000000000000, 0.2565789473684210731, 0.2631578947368420907, 0.2697368421052631637, 0.2763157894736842368, 0.2828947368421052544, 0.2894736842105263275, 0.2960526315789473450, 0.3026315789473684736, 0.3092105263157894912, 0.3157894736842105088, 0.3223684210526315819, 0.3289473684210526550, 0.3355263157894736725, 0.3421052631578946901, 0.3486842105263157077, 0.3552631578947368363, 0.3618421052631578538, 0.3684210526315788714, 0.3750000000000000000, 0.3815789473684210176, 0.3881578947368420351, 0.3947368421052631637, 0.4013157894736841813, 0.4078947368421051989, 0.4144736842105263275, 0.4210526315789473450, 0.4276315789473683626, 0.4342105263157894912, 0.4407894736842105088, 0.4473684210526316374, 0.4539473684210526550, 0.4605263157894736725, 0.4671052631578946901, 0.4736842105263157077, 0.4802631578947368363, 0.4868421052631578538, 0.4934210526315788714, 0.5000000000000000000, 0.5065789473684210176, 0.5131578947368421462, 0.5197368421052631637, 0.5263157894736841813, 0.5328947368421053099, 0.5394736842105264385, 0.5460526315789473450, 0.5526315789473684736, 0.5592105263157894912, 0.5657894736842105088, 0.5723684210526315264, 0.5789473684210526550, 0.5855263157894736725, 0.5921052631578946901, 0.5986842105263158187, 0.6052631578947368363, 0.6118421052631578538, 0.6184210526315789824, 0.6250000000000000000, 0.6315789473684210176, 0.6381578947368421462, 0.6447368421052631637, 0.6513157894736840703, 0.6578947368421053099, 0.6644736842105264385, 0.6710526315789473450, 0.6776315789473684736, 0.6842105263157894912, 0.6907894736842105088, 0.6973684210526315264, 0.7039473684210526550, 0.7105263157894736725, 0.7171052631578946901, 0.7236842105263158187, 0.7302631578947368363, 0.7368421052631578538, 0.7434210526315789824, 0.7500000000000000000, 0.7565789473684210176, 0.7631578947368421462, 0.7697368421052631637, 0.7763157894736841813, 0.7828947368421053099, 0.7894736842105263275, 0.7960526315789473450, 0.8026315789473684736, 0.8092105263157894912, 0.8157894736842103978, 0.8223684210526316374, 0.8289473684210525439, 0.8355263157894736725, 0.8421052631578946901, 0.8486842105263158187, 0.8552631578947368363, 0.8618421052631578538, 0.8684210526315789824, 0.8750000000000000000, 0.8815789473684210176, 0.8881578947368421462, 0.8947368421052631637, 0.9013157894736841813, 0.9078947368421053099, 0.9144736842105263275, 0.9210526315789473450, 0.9276315789473684736, 0.9342105263157894912, 0.9407894736842105088, 0.9473684210526315264, 0.9539473684210526550, 0.9605263157894736725, 0.9671052631578946901, 0.9736842105263158187, 0.9802631578947368363, 0.9868421052631577428 ),
 .UNSPECIFIED. ) 
 CURVE ( )  GEOMETRIC_REPRESENTATION_ITEM ( )  RATIONAL_B_SPLINE_CURVE ( ( 0.9756694010187150212, 0.9847991868149478245, 1.000000000000000000, 0.9238795325112867385, 1.000000000000000000, 0.9238795325112867385, 1.000000000000000000, 0.9238795325112867385, 1.000000000000000000, 0.9238795325112867385, 1.000000000000000000, 0.9238795325112867385, 1.000000000000000000, 0.9238795325112867385, 1.000000000000000000, 0.9238795325112867385, 1.000000000000000000, 0.9238795325112867385, 1.000000000000000000, 0.9238795325112867385, 1.000000000000000000, 0.9238795325112867385, 1.000000000000000000, 0.9238795325112867385, 1.000000000000000000, 0.9238795325112867385, 1.000000000000000000, 0.9238795325112867385, 1.000000000000000000, 0.9238795325112867385, 1.000000000000000000, 0.9238795325112867385, 1.000000000000000000, 0.9238795325112867385, 1.000000000000000000, 0.9238795325112867385, 1.000000000000000000, 0.9238795325112867385, 1.000000000000000000, 0.9238795325112867385, 1.000000000000000000, 0.9238795325112867385, 1.000000000000000000, 0.9238795325112867385, 1.000000000000000000, 0.9238795325112867385, 1.000000000000000000, 0.9238795325112867385, 1.000000000000000000, 0.9238795325112867385, 1.000000000000000000, 0.9238795325112867385, 1.000000000000000000, 0.9238795325112867385, 1.000000000000000000, 0.9238795325112867385, 1.000000000000000000, 0.9238795325112867385, 1.000000000000000000, 0.9238795325112867385, 1.000000000000000000, 0.9238795325112867385, 1.000000000000000000, 0.9238795325112867385, 1.000000000000000000, 0.9238795325112867385, 1.000000000000000000, 0.9238795325112867385, 1.000000000000000000, 0.9238795325112867385, 1.000000000000000000, 0.9238795325112867385, 1.000000000000000000, 0.9238795325112867385, 1.000000000000000000, 0.9238795325112867385, 1.000000000000000000, 0.9238795325112867385, 1.000000000000000000, 0.9238795325112867385, 1.000000000000000000, 0.9238795325112867385, 1.000000000000000000, 0.9238795325112867385, 1.000000000000000000, 0.9238795325112867385, 1.000000000000000000, 0.9238795325112867385, 1.000000000000000000, 0.9238795325112867385, 1.000000000000000000, 0.9238795325112867385, 1.000000000000000000, 0.9238795325112867385, 1.000000000000000000, 0.9238795325112867385, 1.000000000000000000, 0.9238795325112867385, 1.000000000000000000, 0.9238795325112867385, 1.000000000000000000, 0.9238795325112867385, 1.000000000000000000, 0.9238795325112867385, 1.000000000000000000, 0.9238795325112867385, 1.000000000000000000, 0.9238795325112867385, 1.000000000000000000, 0.9238795325112867385, 1.000000000000000000, 0.9238795325112867385, 1.000000000000000000, 0.9238795325112867385, 1.000000000000000000, 0.9238795325112867385, 1.000000000000000000, 0.9238795325112867385, 1.000000000000000000, 0.9238795325112867385, 1.000000000000000000, 0.9238795325112867385, 1.000000000000000000, 0.9238795325112867385, 1.000000000000000000, 0.9238795325112867385, 1.000000000000000000, 0.9238795325112867385, 1.000000000000000000, 0.9238795325112867385, 1.000000000000000000, 0.9238795325112867385, 1.000000000000000000, 0.9238795325112867385, 1.000000000000000000, 0.9238795325112867385, 1.000000000000000000, 0.9238795325112867385, 1.000000000000000000, 0.9238795325112867385, 1.000000000000000000, 0.9238795325112867385, 1.000000000000000000, 0.9238795325112867385, 1.000000000000000000, 0.9238795325112867385, 1.000000000000000000, 0.9238795325112867385, 1.000000000000000000, 0.9238795325112867385, 1.000000000000000000, 0.9238795325112867385, 1.000000000000000000, 0.9238795325112867385, 1.000000000000000000, 0.9238795325112867385, 1.000000000000000000, 0.9238795325112867385, 1.000000000000000000, 0.9238795325112867385, 1.000000000000000000, 0.9238795325112867385, 1.000000000000000000, 0.9238795325112867385, 1.000000000000000000, 0.9238795325112867385, 1.000000000000000000, 0.9238795325112867385, 1.000000000000000000, 0.9238795325112867385, 1.000000000000000000, 0.9238795325112867385, 1.000000000000000000, 0.9238795325112867385, 1.000000000000000000, 0.9238795325112867385, 1.000000000000000000, 0.9238795325112867385, 1.000000000000000000, 0.9238795325112867385, 1.000000000000000000, 0.9238795325112867385, 1.000000000000000000, 0.9238795325112867385, 1.000000000000000000, 0.9238795325112867385, 1.000000000000000000, 0.9238795325112867385, 1.000000000000000000, 0.9238795325112867385, 1.000000000000000000, 0.9238795325112867385, 1.000000000000000000, 0.9238795325112867385, 1.000000000000000000, 0.9238795325112867385, 1.000000000000000000, 0.9238795325112867385, 1.000000000000000000, 0.9238795325112867385, 1.000000000000000000, 0.9238795325112867385, 1.000000000000000000, 0.9238795325112867385, 1.000000000000000000, 0.9238795325112867385, 1.000000000000000000, 0.9238795325112867385, 1.000000000000000000, 0.9238795325112867385, 1.000000000000000000, 0.9238795325112867385, 1.000000000000000000, 0.9238795325112867385, 1.000000000000000000, 0.9238795325112867385, 1.000000000000000000, 0.9238795325112867385, 1.000000000000000000, 0.9238795325112867385, 1.000000000000000000, 0.9238795325112867385, 1.000000000000000000, 0.9238795325112867385, 1.000000000000000000, 0.9238795325112867385, 1.000000000000000000, 0.9238795325112867385, 1.000000000000000000, 0.9238795325112867385, 1.000000000000000000, 0.9238795325112867385, 1.000000000000000000, 0.9238795325112867385, 1.000000000000000000, 0.9238795325112867385, 1.000000000000000000, 0.9238795325112867385, 1.000000000000000000, 0.9238795325112867385, 1.000000000000000000, 0.9238795325112867385, 1.000000000000000000, 0.9238795325112867385, 1.000000000000000000, 0.9238795325112867385, 1.000000000000000000, 0.9238795325112867385, 1.000000000000000000, 0.9238795325112867385, 1.000000000000000000, 0.9238795325112867385, 1.000000000000000000, 0.9238795325112867385, 1.000000000000000000, 0.9238795325112867385, 1.000000000000000000, 0.9238795325112867385, 1.000000000000000000, 0.9238795325112867385, 1.000000000000000000, 0.9238795325112867385, 1.000000000000000000, 0.9238795325112867385, 1.000000000000000000, 0.9238795325112867385, 1.000000000000000000, 0.9238795325112867385, 1.000000000000000000, 0.9238795325112867385, 1.000000000000000000, 0.9238795325112867385, 1.000000000000000000, 0.9238795325112867385, 1.000000000000000000 ) ) 
 REPRESENTATION_ITEM ( '' )  );
#824 = CARTESIAN_POINT ( 'NONE',  ( 2.466645418915414556, -3.350679466568678322, 0.8971804863271440889 ) ) ;
#825 = CARTESIAN_POINT ( 'NONE',  ( 13.39999999999999858, 2.499999999999996891, 0.000000000000000000 ) ) ;
#826 = CARTESIAN_POINT ( 'NONE',  ( 15.67499046652683603, -1.937099999999996935, 0.8023730916729207019 ) ) ;
#827 = CARTESIAN_POINT ( 'NONE',  ( 1.991654952388632660, -0.4087876034748935128, 3.098444673750975653 ) ) ;
#828 = CARTESIAN_POINT ( 'NONE',  ( 3.115973349445788632, -1.833487080455241891, 1.442292457733141076 ) ) ;
#829 = CARTESIAN_POINT ( 'NONE',  ( 6.649988266494569977, 1.980399999999995053, 0.8203085389236768332 ) ) ;
#830 = CARTESIAN_POINT ( 'NONE',  ( 2.933323819087453987, -1.590695894621837025, -0.4307911560921582894 ) ) ;
#831 = CARTESIAN_POINT ( 'NONE',  ( 4.924988999838655346, 1.937099999999994937, -0.8023730916729204798 ) ) ;
#832 = CARTESIAN_POINT ( 'NONE',  ( 15.99997946636549528, -1.767766952966367100, 1.767766952966366434 ) ) ;
#833 = CARTESIAN_POINT ( 'NONE',  ( 3.583312085582144313, 1.098275717695381903, -1.423872228102887272 ) ) ;
#834 = CARTESIAN_POINT ( 'NONE',  ( 11.14999119987092335, 0.8203085389236772773, -1.980399999999999050 ) ) ;
#835 = CARTESIAN_POINT ( 'NONE',  ( 3.050477725477574786, -0.7510479330517539909, -1.832460412194136135 ) ) ;
#836 = CARTESIAN_POINT ( 'NONE',  ( 6.349999999999999645, 1.035533905932736864, 2.499999999999996447 ) ) ;
#837 = CARTESIAN_POINT ( 'NONE',  ( 10.39999119987092335, 1.400354269461837831, -1.400354269461837831 ) ) ;
#838 = CONICAL_SURFACE ( 'NONE', #5181, 1732.050807568901064, 1.047197551196603627 ) ;
#839 = CARTESIAN_POINT ( 'NONE',  ( 4.949979466365496350, -2.499999999999996891, -1.035533905932736864 ) ) ;
#840 = CARTESIAN_POINT ( 'NONE',  ( 13.47498899983865428, -1.369736545836457431, -1.369736545836457653 ) ) ;
#841 = CARTESIAN_POINT ( 'NONE',  ( 10.09998826649456838, -1.400354269461836054, 1.400354269461835610 ) ) ;
#842 = CARTESIAN_POINT ( 'NONE',  ( 13.99998826649456873, -3.421138375579172811E-16, 1.980399999999995497 ) ) ;
#843 = CARTESIAN_POINT ( 'NONE',  ( 1.399999999999999467, -2.919096923789239906, -3.798417497483085548 ) ) ;
#844 = CARTESIAN_POINT ( 'NONE',  ( 13.19999119987092229, -1.400354269461838053, 1.400354269461837609 ) ) ;
#845 = EDGE_CURVE ( 'NONE', #2737, #5297, #2182, .T. ) ;
#846 = CARTESIAN_POINT ( 'NONE',  ( 2.799999999999998490, 1.574168016467716795E-16, -2.499999999999996891 ) ) ;
#847 = CARTESIAN_POINT ( 'NONE',  ( 15.04997946636549599, 1.035533905932736864, 2.499999999999996447 ) ) ;
#848 = CARTESIAN_POINT ( 'NONE',  ( 7.124990466526833544, 1.296465996264018525E-16, -1.937099999999996269 ) ) ;
#849 = CARTESIAN_POINT ( 'NONE',  ( 0.5599999999999996092, 4.626370214174499118, -1.243302450706579743 ) ) ;
#850 = EDGE_LOOP ( 'NONE', ( #1093, #5040, #5410, #4472, #1036, #1942 ) ) ;
#851 = CARTESIAN_POINT ( 'NONE',  ( -2.168404344971008868E-16, 0.6217735404957802636, 4.750000000000000000 ) ) ;
#852 = CARTESIAN_POINT ( 'NONE',  ( 2.716645418915413668, 0.4048493628517899068, -3.068319622870041119 ) ) ;
#853 = CARTESIAN_POINT ( 'NONE',  ( 4.249979466365496172, -1.035533905932736420, -2.499999999999996891 ) ) ;
#854 = CARTESIAN_POINT ( 'NONE',  ( 11.95000000000000107, 1.035533905932736864, 2.499999999999996447 ) ) ;
#855 = CARTESIAN_POINT ( 'NONE',  ( 3.266654219044545560, 0.6519096097163740167, -1.124676959685289912 ) ) ;
#856 = CARTESIAN_POINT ( 'NONE',  ( -1.847605240969243348E-16, 3.061772362537751313, 3.061772362537751313 ) ) ;
#857 = CARTESIAN_POINT ( 'NONE',  ( 7.899988266494568201, -1.400354269461835388, -1.400354269461835610 ) ) ;
#858 = CARTESIAN_POINT ( 'NONE',  ( 17.05755689459014945, 2.020049822040556720, -0.7838731001324762415 ) ) ;
#859 = CARTESIAN_POINT ( 'NONE',  ( 15.89998826649456909, -1.400354269461835388, -1.400354269461835610 ) ) ;
#860 = CARTESIAN_POINT ( 'NONE',  ( 17.74997946636549528, -2.499999999999996891, -1.035533905932736642 ) ) ;
#861 = CARTESIAN_POINT ( 'NONE',  ( 4.699988266494568023, -1.400354269461835388, -1.400354269461835610 ) ) ;
#862 = CARTESIAN_POINT ( 'NONE',  ( 10.34999119987092620, 0.8203085389236772773, -1.980399999999999050 ) ) ;
#863 = CARTESIAN_POINT ( 'NONE',  ( 3.133323819087624251, 0.3531826635992119101, -1.301900322101853913 ) ) ;
#864 = CARTESIAN_POINT ( 'NONE',  ( 8.199991199870924063, 1.400354269461837387, 1.400354269461838053 ) ) ;
#865 = CARTESIAN_POINT ( 'NONE',  ( 5.449979466365497238, 1.035533905932736864, 2.499999999999996447 ) ) ;
#866 = CARTESIAN_POINT ( 'NONE',  ( 12.17498899983865179, 1.937099999999994715, 0.000000000000000000 ) ) ;
#867 = CARTESIAN_POINT ( 'NONE',  ( 9.799988266494567668, 1.980399999999995941, 0.000000000000000000 ) ) ;
#868 = CARTESIAN_POINT ( 'NONE',  ( 12.79998826649456767, 1.410860016112140552E-16, -1.980399999999995497 ) ) ;
#869 = CARTESIAN_POINT ( 'NONE',  ( 1.399999999999999689, -0.5667956695466866979, -4.330000000000000071 ) ) ;
#870 = CARTESIAN_POINT ( 'NONE',  ( 13.59999119987092442, 1.400354269461837831, -1.400354269461837831 ) ) ;
#871 = CARTESIAN_POINT ( 'NONE',  ( 4.250000000000000000, -2.499999999999996891, -1.035533905932736642 ) ) ;
#872 = CARTESIAN_POINT ( 'NONE',  ( 14.19997946636549635, 1.767766952966366212, 1.767766952966367100 ) ) ;
#873 = CARTESIAN_POINT ( 'NONE',  ( 8.924990466526834254, 1.937099999999996269, 0.000000000000000000 ) ) ;
#874 = CARTESIAN_POINT ( 'NONE',  ( 0.5599999999999996092, 2.392190156761774933, -4.150485344682723898 ) ) ;
#875 = CARTESIAN_POINT ( 'NONE',  ( 1.766665952549970386, -3.350679466517425542, 0.8971804865733448153 ) ) ;
#876 = CARTESIAN_POINT ( 'NONE',  ( -2.165045479624032317E-16, -4.217301688045794528, -1.133368343930680089 ) ) ;
#877 = CARTESIAN_POINT ( 'NONE',  ( 11.69999999999999929, 1.767766952966366878, -1.767766952966366878 ) ) ;
#878 = CARTESIAN_POINT ( 'NONE',  ( 2.333312085582081252, -0.9548379216361825295, 3.540749901722240356 ) ) ;
#879 = ORIENTED_EDGE ( 'NONE', *, *, #3668, .T. ) ;
#880 = CARTESIAN_POINT ( 'NONE',  ( 11.50000000000000000, -1.767766952966366434, -1.767766952966366878 ) ) ;
#881 = CARTESIAN_POINT ( 'NONE',  ( 2.358321619055245844, -0.3312188499543146647, -2.554831395447702658 ) ) ;
#882 = CARTESIAN_POINT ( 'NONE',  ( -1.733139639770208084E-16, -4.330000000000000071, -0.2835787549463243962 ) ) ;
#883 = CARTESIAN_POINT ( 'NONE',  ( 6.099988266494568379, -1.400354269461835832, 1.400354269461835388 ) ) ;
#884 = CARTESIAN_POINT ( 'NONE',  ( 3.083320885711194226, -1.245476534853073192, -0.9611775511653000148 ) ) ;
#885 = CARTESIAN_POINT ( 'NONE',  ( 17.29998826649456944, -1.400354269461835832, 1.400354269461835388 ) ) ;
#886 = CARTESIAN_POINT ( 'NONE',  ( 13.19997946636549635, 1.767766952966366878, -1.767766952966366878 ) ) ;
#887 = CARTESIAN_POINT ( 'NONE',  ( 3.799988266494568556, -1.980399999999995497, -2.425290521031412773E-16 ) ) ;
#888 = CARTESIAN_POINT ( 'NONE',  ( 8.349991199870922642, -0.8203085389236781655, 1.980399999999998606 ) ) ;
#889 = CARTESIAN_POINT ( 'NONE',  ( 5.049988266494567668, 1.980399999999995053, 0.8203085389236768332 ) ) ;
#890 = CARTESIAN_POINT ( 'NONE',  ( 3.449999999999999289, -2.499999999999996891, -1.035533905932736864 ) ) ;
#891 = CARTESIAN_POINT ( 'NONE',  ( 7.699991199870923175, -1.980399999999998384, -2.425290521031416718E-16 ) ) ;
#892 = CARTESIAN_POINT ( 'NONE',  ( 3.299979466365496439, -2.499999999999996891, -3.061616997868379197E-16 ) ) ;
#893 = CARTESIAN_POINT ( 'NONE',  ( 9.974988999838654280, -3.403926861072766273E-16, 1.937099999999994715 ) ) ;
#894 = CARTESIAN_POINT ( 'NONE',  ( 7.299988266494567668, 1.400354269461835832, -1.400354269461835832 ) ) ;
#895 = CARTESIAN_POINT ( 'NONE',  ( 12.89998826649456909, 1.400354269461835610, -1.400354269461835610 ) ) ;
#896 = CARTESIAN_POINT ( 'NONE',  ( 16.64999119987092513, -0.8203085389236768332, -1.980399999999999050 ) ) ;
#897 = CARTESIAN_POINT ( 'NONE',  ( 13.14999119987092335, -0.8203085389236779434, 1.980399999999997718 ) ) ;
#898 = CARTESIAN_POINT ( 'NONE',  ( 3.699999999999998401, 1.767766952966366878, -1.767766952966366878 ) ) ;
#899 = CARTESIAN_POINT ( 'NONE',  ( 13.19997946636549635, 1.767766952966366878, -1.767766952966366878 ) ) ;
#900 = CARTESIAN_POINT ( 'NONE',  ( 4.924990466526833366, 1.937099999999996269, 0.000000000000000000 ) ) ;
#901 = CARTESIAN_POINT ( 'NONE',  ( 2.516645418915517851, -3.364832154337552339, -0.4436601369554428187 ) ) ;
#902 = CARTESIAN_POINT ( 'NONE',  ( 3.266657152420872290, 1.111839418570990112, -0.2954898011763524845 ) ) ;
#903 = CARTESIAN_POINT ( 'NONE',  ( 1.841394900875572894E-13, -2.919096923789129328, 3.798417497482827088 ) ) ;
#904 = CARTESIAN_POINT ( 'NONE',  ( 13.29999999999999893, 1.767766952966366878, -1.767766952966366878 ) ) ;
#905 = CARTESIAN_POINT ( 'NONE',  ( 1.399999999999999689, 3.462097634512970146, -2.661548123275721434 ) ) ;
#906 = ORIENTED_EDGE ( 'NONE', *, *, #2667, .T. ) ;
#907 = CARTESIAN_POINT ( 'NONE',  ( 4.749979466365496172, -1.035533905932737753, 2.499999999999996447 ) ) ;
#908 = CARTESIAN_POINT ( 'NONE',  ( 12.69999999999999929, 1.767766952966366212, 1.767766952966367100 ) ) ;
#909 = CARTESIAN_POINT ( 'NONE',  ( 2.108321619055371521, -2.557462966869416210, 1.470362723331114507 ) ) ;
#910 = CARTESIAN_POINT ( 'NONE',  ( -1.224698418616533548E-17, 0.000000000000000000, 0.000000000000000000 ) ) ;
#911 = EDGE_CURVE ( 'NONE', #4395, #4395, #10, .T. ) ;
#912 = CARTESIAN_POINT ( 'NONE',  ( 7.699988266494567135, -1.400354269461835832, 1.400354269461835388 ) ) ;
#913 = CARTESIAN_POINT ( 'NONE',  ( 3.383325161081442101, 1.115566044132382473, -0.1427685729645728485 ) ) ;
#914 = CARTESIAN_POINT ( 'NONE',  ( 16.64998826649456731, -1.980399999999995497, -0.8203085389236758340 ) ) ;
#915 = CARTESIAN_POINT ( 'NONE',  ( 15.04997946636549599, 1.035533905932736864, 2.499999999999996447 ) ) ;
#916 = CARTESIAN_POINT ( 'NONE',  ( 3.633312085582256490, 1.494795013367724801, -0.8578616304472228560 ) ) ;
#917 = CARTESIAN_POINT ( 'NONE',  ( 7.499991199870922998, -3.521794352999945220E-16, 1.980399999999998828 ) ) ;
#918 = CARTESIAN_POINT ( 'NONE',  ( 3.649999999999998579, 1.035533905932736642, -2.499999999999996891 ) ) ;
#919 = CARTESIAN_POINT ( 'NONE',  ( 8.749991199870926550, 0.8203085389236769442, -1.980399999999998606 ) ) ;
#920 = CARTESIAN_POINT ( 'NONE',  ( 2.443335773998041027, 0.8875857339626109788, -2.338047400350510507 ) ) ;
#921 = CARTESIAN_POINT ( 'NONE',  ( 12.22498899983865606, 1.937099999999994049, 0.8023730916729217011 ) ) ;
#922 = CARTESIAN_POINT ( 'NONE',  ( 8.099988266494568379, 1.400354269461835832, -1.400354269461835832 ) ) ;
#923 = CARTESIAN_POINT ( 'NONE',  ( 11.49998826649456873, 1.400354269461835166, 1.400354269461835832 ) ) ;
#924 = CARTESIAN_POINT ( 'NONE',  ( 8.499991199870922998, -1.980399999999998384, -2.425290521031416718E-16 ) ) ;
#925 = CARTESIAN_POINT ( 'NONE',  ( 3.949999999999998845, 1.035533905932736864, 2.499999999999996447 ) ) ;
#926 = CARTESIAN_POINT ( 'NONE',  ( 13.09997946636549671, 1.733668780848733475E-16, -2.499999999999996891 ) ) ;
#927 = CARTESIAN_POINT ( 'NONE',  ( 5.424990466526834254, -1.369736545836458541, -1.369736545836458763 ) ) ;
#928 = CARTESIAN_POINT ( 'NONE',  ( 16.73877866520014734, 1.331089826514135543, 2.099341448494003615 ) ) ;
#929 = CARTESIAN_POINT ( 'NONE',  ( 2.483323819087562168, 2.301619565470080619, -0.2980706769838912806 ) ) ;
#930 = CARTESIAN_POINT ( 'NONE',  ( -2.168404344971008868E-16, -4.330000000000000071, 0.5667956695466797035 ) ) ;
#931 = CARTESIAN_POINT ( 'NONE',  ( 13.84999999999999787, -2.499999999999996891, -1.035533905932736642 ) ) ;
#932 = CARTESIAN_POINT ( 'NONE',  ( 1.399999999999999689, 3.061772362537749093, -3.061772362537753089 ) ) ;
#933 = ORIENTED_EDGE ( 'NONE', *, *, #5276, .F. ) ;
#934 = CARTESIAN_POINT ( 'NONE',  ( 5.899979466365496528, 1.622172878619663084E-16, -2.499999999999996891 ) ) ;
#935 = CARTESIAN_POINT ( 'NONE',  ( 10.69999999999999751, -1.767766952966366434, -1.767766952966366878 ) ) ;
#936 = CARTESIAN_POINT ( 'NONE',  ( 14.72499046652683496, -3.330370513973073717E-16, 1.937099999999996269 ) ) ;
#937 = CARTESIAN_POINT ( 'NONE',  ( 2.341654952388642297, -0.6722277792466491153, -2.513636386687051694 ) ) ;
#938 = CARTESIAN_POINT ( 'NONE',  ( 7.499988266494568734, 1.400354269461835166, 1.400354269461835832 ) ) ;
#939 = CARTESIAN_POINT ( 'NONE',  ( 15.84998826649456660, -1.980399999999995497, -0.8203085389236758340 ) ) ;
#940 = CARTESIAN_POINT ( 'NONE',  ( 3.599988266494567934, -3.582188012132274460E-16, 1.980399999999995497 ) ) ;
#941 = CARTESIAN_POINT ( 'NONE',  ( 6.599991199870923531, 1.400354269461837609, 1.400354269461838275 ) ) ;
#942 = CARTESIAN_POINT ( 'NONE',  ( 2.382021115812608336, 2.072389200963956846, 1.405678565806458336 ) ) ;
#943 = CARTESIAN_POINT ( 'NONE',  ( 3.949999999999998845, 1.035533905932736864, 2.499999999999996447 ) ) ;
#944 = CARTESIAN_POINT ( 'NONE',  ( 14.37499046652683710, 0.8023730916729211460, -1.937099999999996713 ) ) ;
#945 = CARTESIAN_POINT ( 'NONE',  ( 8.549991199870923708, -1.980399999999998606, -0.8203085389236771663 ) ) ;
#946 = CARTESIAN_POINT ( 'NONE',  ( 3.399979466365495639, -1.767766952966366434, -1.767766952966366878 ) ) ;
#947 = CARTESIAN_POINT ( 'NONE',  ( 10.67498899983865535, 1.369736545836457431, 1.369736545836457653 ) ) ;
#948 = CARTESIAN_POINT ( 'NONE',  ( 7.549988266494568556, 0.8203085389236763891, 1.980399999999995497 ) ) ;
#949 = CARTESIAN_POINT ( 'NONE',  ( 13.49998826649456873, -1.400354269461835388, -1.400354269461835610 ) ) ;
#950 = CARTESIAN_POINT ( 'NONE',  ( 10.34999119987092442, 0.8203085389236771663, -1.980399999999998384 ) ) ;
#951 = CARTESIAN_POINT ( 'NONE',  ( 3.899999999999999023, 1.767766952966366212, 1.767766952966367100 ) ) ;
#952 = CARTESIAN_POINT ( 'NONE',  ( 11.69997946636549813, 2.499999999999996891, 0.000000000000000000 ) ) ;
#953 = CARTESIAN_POINT ( 'NONE',  ( 3.724990466526833632, -1.937099999999996269, -2.372263314628333717E-16 ) ) ;
#954 = CARTESIAN_POINT ( 'NONE',  ( 17.64998826649457087, 0.8203085389236759450, -1.980399999999995941 ) ) ;
#955 = CARTESIAN_POINT ( 'NONE',  ( 1.573333562345254677, 0.7782532108651496472, 3.664149616617117911 ) ) ;
#956 = CARTESIAN_POINT ( 'NONE',  ( 3.124287255480084902, -0.4589231648940257369, -1.896945089862172695 ) ) ;
#957 = CARTESIAN_POINT ( 'NONE',  ( 11.85000000000000320, 2.499999999999996447, 1.035533905932737975 ) ) ;
#958 = CARTESIAN_POINT ( 'NONE',  ( 1.399999999999999689, 4.217091515303268423, -1.134062429928354154 ) ) ;
#959 = ORIENTED_EDGE ( 'NONE', *, *, #4194, .F. ) ;
#960 = CARTESIAN_POINT ( 'NONE',  ( 4.549979466365497771, 2.499999999999996447, 1.035533905932737975 ) ) ;
#961 = CARTESIAN_POINT ( 'NONE',  ( 9.399999999999998579, 2.499999999999996891, 0.000000000000000000 ) ) ;
#962 = CARTESIAN_POINT ( 'NONE',  ( 14.57499046652683461, 1.937099999999996269, 0.8023730916729223672 ) ) ;
#963 = CARTESIAN_POINT ( 'NONE',  ( 2.583320885711273274, 2.301619564663939688, -0.2980706737892470093 ) ) ;
#964 = CARTESIAN_POINT ( 'NONE',  ( 15.14998826649456909, -0.8203085389236753899, -1.980399999999995497 ) ) ;
#965 = CARTESIAN_POINT ( 'NONE',  ( 14.99997946636549706, 1.767766952966366212, 1.767766952966367100 ) ) ;
#966 = CARTESIAN_POINT ( 'NONE',  ( 16.71919999999999717, 1.474218708424465563, 2.019078799782536127 ) ) ;
#967 = CARTESIAN_POINT ( 'NONE',  ( 9.049991199870925485, 0.8203085389236777214, 1.980399999999998606 ) ) ;
#968 = CARTESIAN_POINT ( 'NONE',  ( 3.999988266494567402, 1.274587246721054655E-16, -1.980399999999995497 ) ) ;
#969 = CARTESIAN_POINT ( 'NONE',  ( 2.733323819087605688, -0.5083996580249438013, 1.879491457814504107 ) ) ;
#970 = CARTESIAN_POINT ( 'NONE',  ( 5.299991199870921932, -1.980399999999998384, -2.425290521031416718E-16 ) ) ;
#971 = CARTESIAN_POINT ( 'NONE',  ( 3.249979466365496616, -2.499999999999997335, 1.035533905932735976 ) ) ;
#972 = CARTESIAN_POINT ( 'NONE',  ( 9.924988999838655346, 0.8023730916729209239, 1.937099999999994493 ) ) ;
#973 = CARTESIAN_POINT ( 'NONE',  ( 7.799988266494568556, -1.980399999999995941, -2.425290521031413266E-16 ) ) ;
#974 = CARTESIAN_POINT ( 'NONE',  ( 11.34998826649456838, 1.980399999999995497, -0.8203085389236757230 ) ) ;
#975 = CARTESIAN_POINT ( 'NONE',  ( 11.24999119987092300, 1.980399999999998384, -0.8203085389236769442 ) ) ;
#976 = CARTESIAN_POINT ( 'NONE',  ( 14.89999119987092335, -1.980399999999998384, -2.425290521031416718E-16 ) ) ;
#977 = CARTESIAN_POINT ( 'NONE',  ( 13.44997946636549635, 1.035533905932736864, 2.499999999999996447 ) ) ;
#978 = CARTESIAN_POINT ( 'NONE',  ( 2.399999999999997691, -4.555260196059545660E-16, 2.499999999999996891 ) ) ;
#979 = CARTESIAN_POINT ( 'NONE',  ( 6.124990466526833544, -1.937099999999996269, -2.372263314628333717E-16 ) ) ;
#980 = CARTESIAN_POINT ( 'NONE',  ( 17.19998826649456802, -3.371584641255142293E-16, 1.980399999999995941 ) ) ;
#981 = CARTESIAN_POINT ( 'NONE',  ( 2.816657152420920518, -1.447622137709397849, 1.108481274967983765 ) ) ;
#982 = CARTESIAN_POINT ( 'NONE',  ( 3.118613711156888790, -0.4577316242192337459, -1.897113375043337991 ) ) ;
#983 = CARTESIAN_POINT ( 'NONE',  ( 12.29999999999999893, -1.767766952966366434, -1.767766952966366878 ) ) ;
#984 = CARTESIAN_POINT ( 'NONE',  ( 1.766665952549966612, -3.350679466568678322, 0.8971804863271440889 ) ) ;
#985 = ORIENTED_EDGE ( 'NONE', *, *, #3848, .F. ) ;
#986 = CARTESIAN_POINT ( 'NONE',  ( 3.099979456420634438, 7.940085207495946077E-06, 2.500000014752633781 ) ) ;
#987 = CARTESIAN_POINT ( 'NONE',  ( 2.133320885711284198, -2.595297795219710046, 1.492169637283811356 ) ) ;
#988 = CARTESIAN_POINT ( 'NONE',  ( 12.49998826649456873, -1.400354269461835832, 1.400354269461835388 ) ) ;
#989 = CARTESIAN_POINT ( 'NONE',  ( 8.699991199870922287, 1.347369339434400399E-16, -1.980399999999998828 ) ) ;
#990 = CARTESIAN_POINT ( 'NONE',  ( 3.399988266494567313, 1.980399999999995497, 0.000000000000000000 ) ) ;
#991 = CARTESIAN_POINT ( 'NONE',  ( 2.166657152420957466, -2.420126147987047283, -1.398542268397535482 ) ) ;
#992 = CARTESIAN_POINT ( 'NONE',  ( 6.999991199870922109, -1.400354269461837609, -1.400354269461837831 ) ) ;
#993 = CARTESIAN_POINT ( 'NONE',  ( 0.8399999999999997469, 4.626370214174501783, -1.243302450706579521 ) ) ;
#994 = CARTESIAN_POINT ( 'NONE',  ( 6.874988999838654635, -1.369736545836457653, 1.369736545836457431 ) ) ;
#995 = CARTESIAN_POINT ( 'NONE',  ( 7.749988266494568734, -1.980399999999996385, 0.8203085389236752789 ) ) ;
#996 = CARTESIAN_POINT ( 'NONE',  ( 9.499988266494568734, -1.400354269461835388, -1.400354269461835610 ) ) ;
#997 = CARTESIAN_POINT ( 'NONE',  ( 8.999991199870922998, 1.400354269461837387, 1.400354269461838053 ) ) ;
#998 = CARTESIAN_POINT ( 'NONE',  ( 15.64999119987092335, -1.980399999999999050, 0.8203085389236763891 ) ) ;
#999 = CARTESIAN_POINT ( 'NONE',  ( 12.14997946636549919, -2.499999999999996891, -1.035533905932736864 ) ) ;
#1000 = CARTESIAN_POINT ( 'NONE',  ( 2.816051547753221307, -2.131040627560882417, -0.4144138684192877897 ) ) ;
#1001 = CARTESIAN_POINT ( 'NONE',  ( 5.174990466526835142, -0.8023730916729222562, 1.937099999999996269 ) ) ;
#1002 = CARTESIAN_POINT ( 'NONE',  ( 16.64998826649456731, -1.980399999999995941, -0.8203085389236761671 ) ) ;
#1003 = CARTESIAN_POINT ( 'NONE',  ( 2.598626931087638425, 2.133326438709373107, -1.311359700891484126 ) ) ;
#1004 = CARTESIAN_POINT ( 'NONE',  ( 3.115078554197401761, -0.4597584885821313638, -1.896826735443570833 ) ) ;
#1005 = VECTOR ( 'NONE', #1089, 1000.000000000000000 ) ;
#1006 = CARTESIAN_POINT ( 'NONE',  ( 9.649999999999998579, -1.035533905932737753, 2.499999999999996447 ) ) ;
#1007 = CARTESIAN_POINT ( 'NONE',  ( 1.399999999999999689, -2.179976094350876359, -3.783705236245396009 ) ) ;
#1008 = CARTESIAN_POINT ( 'NONE',  ( 16.78808513342773523, -2.060561037905954240, 1.298743464573848261 ) ) ;
#1009 = VERTEX_POINT ( 'NONE', #3917 ) ;
#1010 = CARTESIAN_POINT ( 'NONE',  ( 17.24841277082085966, -1.767882389793182352, 0.8709736323550473225 ) ) ;
#1011 = CARTESIAN_POINT ( 'NONE',  ( 2.816665952549960661, 0.2496062643770010636, -1.882269498142433051 ) ) ;
#1012 = CARTESIAN_POINT ( 'NONE',  ( 5.499988266494568734, -1.400354269461835388, -1.400354269461835610 ) ) ;
#1013 = CARTESIAN_POINT ( 'NONE',  ( 14.04998826649456944, -0.8203085389236766112, 1.980399999999995053 ) ) ;
#1014 = CARTESIAN_POINT ( 'NONE',  ( 10.19997946636549635, 1.767766952966366212, 1.767766952966367100 ) ) ;
#1015 = CARTESIAN_POINT ( 'NONE',  ( 16.35000000000000142, -1.035533905932736420, -2.499999999999996891 ) ) ;
#1016 = CARTESIAN_POINT ( 'NONE',  ( 4.449991199870921399, -1.980399999999999494, 0.8203085389236765002 ) ) ;
#1017 = CARTESIAN_POINT ( 'NONE',  ( 2.349516420831780472, 0.9480786916881546178, -2.313254589186908738 ) ) ;
#1018 = CARTESIAN_POINT ( 'NONE',  ( 2.766657152420918919, -0.9505626740653486673, 1.642856633027816482 ) ) ;
#1019 = CARTESIAN_POINT ( 'NONE',  ( 7.199991199870923175, 1.400354269461837831, -1.400354269461837831 ) ) ;
#1020 = DIRECTION ( 'NONE',  ( -6.208630463734851597E-20, -5.608659123794919489E-06, -0.9999999999842715814 ) ) ;
#1021 = CARTESIAN_POINT ( 'NONE',  ( 5.049988266494567668, 1.980399999999995497, 0.8203085389236771663 ) ) ;
#1022 = CARTESIAN_POINT ( 'NONE',  ( 8.549988266494569444, -1.980399999999995941, 0.8203085389236751679 ) ) ;
#1023 = CARTESIAN_POINT ( 'NONE',  ( 14.99999119987092300, -1.400354269461837831, -1.400354269461838053 ) ) ;
#1024 = CARTESIAN_POINT ( 'NONE',  ( 9.899991199870921577, -3.484629052256920852E-16, 1.980399999999998384 ) ) ;
#1025 = CARTESIAN_POINT ( 'NONE',  ( 14.79999119987092371, -1.400354269461838053, 1.400354269461837609 ) ) ;
#1026 = CARTESIAN_POINT ( 'NONE',  ( 8.899979466365497416, -2.499999999999996891, -3.061616997868379197E-16 ) ) ;
#1027 = CARTESIAN_POINT ( 'NONE',  ( 0.1341613175303215943, -1.445469840534470141, 0.4963727953858158015 ) ) ;
#1028 = CARTESIAN_POINT ( 'NONE',  ( 3.174990466526833366, 0.8023730916729211460, -1.937099999999996713 ) ) ;
#1029 = CARTESIAN_POINT ( 'NONE',  ( 16.44998826649456802, -0.8203085389236768332, 1.980399999999995497 ) ) ;
#1030 = CARTESIAN_POINT ( 'NONE',  ( 0.08174185994869713479, -1.007606458318599518, -1.254774420157654724 ) ) ;
#1031 = CARTESIAN_POINT ( 'NONE',  ( 1.399999999999999911, -2.392190151655259278, 4.150485346798260977 ) ) ;
#1032 = CARTESIAN_POINT ( 'NONE',  ( 10.75000000000000000, -1.035533905932736420, -2.499999999999996891 ) ) ;
#1033 = CARTESIAN_POINT ( 'NONE',  ( 1.399999999999999689, -4.246537929988873472, 0.8446889128218011411 ) ) ;
#1034 = CARTESIAN_POINT ( 'NONE',  ( 12.52499046652683390, -1.937099999999996269, -2.372263314628333717E-16 ) ) ;
#1035 = CARTESIAN_POINT ( 'NONE',  ( 3.283320885711215720, 0.7789593692081918652, -1.008363708578952966 ) ) ;
#1036 = ORIENTED_EDGE ( 'NONE', *, *, #1731, .F. ) ;
#1037 = CARTESIAN_POINT ( 'NONE',  ( 3.449979466365495462, -1.035533905932736420, -2.499999999999996891 ) ) ;
#1038 = CARTESIAN_POINT ( 'NONE',  ( 2.516665952550128704, -1.863127883483809200, 1.427801232990819624 ) ) ;
#1039 = CARTESIAN_POINT ( 'NONE',  ( 17.40099999999999980, -1.732050807568877193, -3.548795239967278438E-17 ) ) ;
#1040 = CARTESIAN_POINT ( 'NONE',  ( 12.04998826649456944, 0.8203085389236757230, -1.980399999999995497 ) ) ;
#1041 = CARTESIAN_POINT ( 'NONE',  ( 11.04997946636549599, 1.035533905932736864, 2.499999999999996447 ) ) ;
#1042 = CARTESIAN_POINT ( 'NONE',  ( 16.04999999999999716, -1.035533905932737753, 2.499999999999996447 ) ) ;
#1043 = CARTESIAN_POINT ( 'NONE',  ( 5.799991199870922820, 1.400354269461837609, 1.400354269461838275 ) ) ;
#1044 = CARTESIAN_POINT ( 'NONE',  ( 3.099988266494567490, -1.400354269461835388, -1.400354269461835610 ) ) ;
#1045 = CARTESIAN_POINT ( 'NONE',  ( 2.966657152420933752, -1.383766795725802634, -0.8012361421125635541 ) ) ;
#1046 = CARTESIAN_POINT ( 'NONE',  ( 6.649991199870924241, 0.8203085389236773883, 1.980399999999998162 ) ) ;
#1047 = DIRECTION ( 'NONE',  ( 1.548554197625976421E-18, -1.000000000000000000, 0.000000000000000000 ) ) ;
#1048 = CARTESIAN_POINT ( 'NONE',  ( 8.324988999838653925, 0.8023730916729209239, 1.937099999999994493 ) ) ;
#1049 = CARTESIAN_POINT ( 'NONE',  ( 5.949988266494567135, 0.8203085389236763891, 1.980399999999995497 ) ) ;
#1050 = CARTESIAN_POINT ( 'NONE',  ( 10.19998826649456980, -1.980399999999995497, -2.425290521031412773E-16 ) ) ;
#1051 = CARTESIAN_POINT ( 'NONE',  ( 15.34999119987092442, 1.980399999999998606, 0.8203085389236783875 ) ) ;
#1052 = CARTESIAN_POINT ( 'NONE',  ( 6.549991199870923708, 1.980399999999997718, 0.8203085389236781655 ) ) ;
#1053 = CARTESIAN_POINT ( 'NONE',  ( 8.099999999999997868, -1.767766952966367100, 1.767766952966366434 ) ) ;
#1054 = CARTESIAN_POINT ( 'NONE',  ( 16.49999119987092300, -1.980399999999998384, -2.425290521031416718E-16 ) ) ;
#1055 = CARTESIAN_POINT ( 'NONE',  ( 10.14997946636549564, 2.499999999999996447, 1.035533905932737975 ) ) ;
#1056 = CARTESIAN_POINT ( 'NONE',  ( 2.423834643293644842, -0.2594128445267635530, 2.480412037710250317 ) ) ;
#1057 = CARTESIAN_POINT ( 'NONE',  ( 3.374990466526834876, 1.937099999999996269, 0.8023730916729223672 ) ) ;
#1058 = CARTESIAN_POINT ( 'NONE',  ( 13.64998826649456731, 0.8203085389236759450, -1.980399999999995941 ) ) ;
#1059 = CARTESIAN_POINT ( 'NONE',  ( 2.679932006399905475, 2.450618093073565262, -0.5150210494801928940 ) ) ;
#1060 = CARTESIAN_POINT ( 'NONE',  ( 0.8399999999999998579, 2.392190151655323671, -4.150485346797885278 ) ) ;
#1061 = CARTESIAN_POINT ( 'NONE',  ( 11.29999999999999716, -1.767766952966367100, 1.767766952966366434 ) ) ;
#1062 = CARTESIAN_POINT ( 'NONE',  ( 2.468074991390143413, 1.587713240271470871, -0.2499999999999998335 ) ) ;
#1063 = CARTESIAN_POINT ( 'NONE',  ( 11.27499046652683568, 1.937099999999996713, -0.8023730916729211460 ) ) ;
#1064 = CARTESIAN_POINT ( 'NONE',  ( 2.983320885711220338, -1.708595967570900154, 0.2204379268498869171 ) ) ;
#1065 = CARTESIAN_POINT ( 'NONE',  ( 3.349979466365496705, -2.499999999999996891, -1.035533905932736642 ) ) ;
#1066 = CARTESIAN_POINT ( 'NONE',  ( 2.966665952550033403, 1.617914871881687366, -0.4314967691408615469 ) ) ;
#1067 = CARTESIAN_POINT ( 'NONE',  ( 2.616654219044541652, 2.252206939998666613, 0.2980243058660831945 ) ) ;
#1068 = CARTESIAN_POINT ( 'NONE',  ( 14.74998826649457051, 0.8203085389236761671, 1.980399999999995053 ) ) ;
#1069 = CARTESIAN_POINT ( 'NONE',  ( 9.999979466365497061, 1.767766952966366878, -1.767766952966366878 ) ) ;
#1070 = ADVANCED_FACE ( 'NONE', ( #3091 ), #3310, .T. ) ;
#1071 = CARTESIAN_POINT ( 'NONE',  ( 6.099991199870922642, -1.980399999999998828, -2.425290521031417211E-16 ) ) ;
#1072 = CARTESIAN_POINT ( 'NONE',  ( 17.34999999999999787, 2.499999999999996891, -1.035533905932736642 ) ) ;
#1073 = CARTESIAN_POINT ( 'NONE',  ( 3.291656419076838702, 1.069666466146235617, -0.2841558911333134096 ) ) ;
#1074 = CARTESIAN_POINT ( 'NONE',  ( 5.699991199870923175, 1.980399999999998384, 0.000000000000000000 ) ) ;
#1075 = CARTESIAN_POINT ( 'NONE',  ( -1.224698418616533548E-17, 0.8660254037844388186, -1.500000000000000000 ) ) ;
#1076 = CARTESIAN_POINT ( 'NONE',  ( 6.724988999838655168, 0.8023730916729209239, 1.937099999999994493 ) ) ;
#1077 = CARTESIAN_POINT ( 'NONE',  ( 5.699988266494567135, 1.400354269461835832, -1.400354269461835832 ) ) ;
#1078 = CARTESIAN_POINT ( 'NONE',  ( 11.29998826649456767, 1.400354269461835610, -1.400354269461835610 ) ) ;
#1079 = CARTESIAN_POINT ( 'NONE',  ( 15.74999119987092300, -1.980399999999999050, -0.8203085389236773883 ) ) ;
#1080 = CARTESIAN_POINT ( 'NONE',  ( 7.349991199870924419, 1.980399999999997718, 0.8203085389236781655 ) ) ;
#1081 = CARTESIAN_POINT ( 'NONE',  ( 14.14999119987092335, -1.980399999999998606, -0.8203085389236771663 ) ) ;
#1082 = CARTESIAN_POINT ( 'NONE',  ( 7.599979466365496705, 1.767766952966366878, -1.767766952966366878 ) ) ;
#1083 = CARTESIAN_POINT ( 'NONE',  ( 0.04062218556116041490, -0.7253060251716298978, 1.500000000000000222 ) ) ;
#1084 = CARTESIAN_POINT ( 'NONE',  ( 3.024990466526833011, -1.369736545836458541, -1.369736545836458763 ) ) ;
#1085 = CARTESIAN_POINT ( 'NONE',  ( 14.64998826649456909, 1.980399999999995497, 0.8203085389236771663 ) ) ;
#1086 = CARTESIAN_POINT ( 'NONE',  ( -1.224698418616533548E-17, -0.8660254037844399289, -1.499999999999999778 ) ) ;
#1087 = CARTESIAN_POINT ( 'NONE',  ( 1.399999999999999911, -4.750000000000000888, 0.6217735404963292689 ) ) ;
#1088 = CARTESIAN_POINT ( 'NONE',  ( 10.14999999999999858, 2.499999999999996891, -1.035533905932736642 ) ) ;
#1089 = DIRECTION ( 'NONE',  ( -1.000000000000000000, -7.070799616643645495E-18, 0.000000000000000000 ) ) ;
#1090 = CIRCLE ( 'NONE', #5082, 1.732050807568877415 ) ;
#1091 = CARTESIAN_POINT ( 'NONE',  ( 10.22499046652683496, -1.369736545836458541, -1.369736545836458763 ) ) ;
#1092 = CARTESIAN_POINT ( 'NONE',  ( 2.533320885711263237, 2.077124197945264150, -1.193506024895627959 ) ) ;
#1093 = ORIENTED_EDGE ( 'NONE', *, *, #5486, .F. ) ;
#1094 = CARTESIAN_POINT ( 'NONE',  ( 3.649979466365495639, 2.499999999999996891, -1.035533905932736642 ) ) ;
#1095 = DIRECTION ( 'NONE',  ( -1.000000000000000000, 0.000000000000000000, 0.000000000000000000 ) ) ;
#1096 = CARTESIAN_POINT ( 'NONE',  ( 3.216654219044544849, 0.1815932911422410978, -1.362669177289093536 ) ) ;
#1097 = CARTESIAN_POINT ( 'NONE',  ( 13.79998826649456944, 1.980399999999995497, 0.000000000000000000 ) ) ;
#1098 = CARTESIAN_POINT ( 'NONE',  ( 9.349979466365496705, 2.499999999999996447, 1.035533905932737975 ) ) ;
#1099 = CARTESIAN_POINT ( 'NONE',  ( 14.89999999999999858, 1.767766952966366878, -1.767766952966366878 ) ) ;
#1100 = CARTESIAN_POINT ( 'NONE',  ( 4.949991199870922287, 1.980399999999998606, 0.8203085389236783875 ) ) ;
#1101 = CARTESIAN_POINT ( 'NONE',  ( 17.19999999999999929, 1.797159820925857332E-16, -2.499999999999996891 ) ) ;
#1102 = CARTESIAN_POINT ( 'NONE',  ( 3.308321619055328622, 1.002942173905658985, -0.5743718703892233268 ) ) ;
#1103 = CARTESIAN_POINT ( 'NONE',  ( 13.87499046652683887, 0.8023730916729214790, 1.937099999999996269 ) ) ;
#1104 = CARTESIAN_POINT ( 'NONE',  ( 4.449991199870921399, -1.980399999999999050, 0.8203085389236763891 ) ) ;
#1105 = CARTESIAN_POINT ( 'NONE',  ( 10.09998826649456838, -1.400354269461835832, 1.400354269461835388 ) ) ;
#1106 = CARTESIAN_POINT ( 'NONE',  ( 0.8399999999999996358, 2.392190156761771380, 4.150485344682724786 ) ) ;
#1107 = ORIENTED_EDGE ( 'NONE', *, *, #4194, .T. ) ;
#1108 = CARTESIAN_POINT ( 'NONE',  ( 4.949988266494568023, 1.980399999999995941, -0.8203085389236758340 ) ) ;
#1109 = CARTESIAN_POINT ( 'NONE',  ( 6.849988266494569267, -0.8203085389236767222, 1.980399999999995053 ) ) ;
#1110 = CARTESIAN_POINT ( 'NONE',  ( 13.99999119987092300, -1.400354269461838275, 1.400354269461837831 ) ) ;
#1111 = CARTESIAN_POINT ( 'NONE',  ( 5.199988266494568911, -3.557411144970259201E-16, 1.980399999999995497 ) ) ;
#1112 = CARTESIAN_POINT ( 'NONE',  ( 5.549991199870922820, 0.8203085389236771663, -1.980399999999998384 ) ) ;
#1113 = CARTESIAN_POINT ( 'NONE',  ( 12.79999119987092371, 1.400354269461837831, -1.400354269461837831 ) ) ;
#1114 = CARTESIAN_POINT ( 'NONE',  ( 8.249979466365495284, -1.035533905932736420, -2.499999999999996891 ) ) ;
#1115 = CARTESIAN_POINT ( 'NONE',  ( 15.49999119987092300, -3.397910017189866459E-16, 1.980399999999998384 ) ) ;
#1116 = CARTESIAN_POINT ( 'NONE',  ( 17.62498899983865996, 0.8023730916729207019, -1.937099999999994937 ) ) ;
#1117 = CARTESIAN_POINT ( 'NONE',  ( 15.14998826649456909, -0.8203085389236757230, -1.980399999999995941 ) ) ;
#1118 = CARTESIAN_POINT ( 'NONE',  ( 2.883482302538554531, 1.998023870110267941, 1.530115607076386386 ) ) ;
#1119 = CARTESIAN_POINT ( 'NONE',  ( 5.349999999999998757, 2.499999999999996891, -1.035533905932736642 ) ) ;
#1120 = CARTESIAN_POINT ( 'NONE',  ( 1.399999999999999689, -4.000398375773872139, 1.657019262140839055 ) ) ;
#1121 = CARTESIAN_POINT ( 'NONE',  ( 12.92499046652683248, 1.937099999999996269, 0.000000000000000000 ) ) ;
#1122 = CARTESIAN_POINT ( 'NONE',  ( 3.466645418915422994, -0.5091107224469487713, -1.906708970608685050 ) ) ;
#1123 = CARTESIAN_POINT ( 'NONE',  ( 0.000000000000000000, 0.000000000000000000, 0.000000000000000000 ) ) ;
#1124 = CARTESIAN_POINT ( 'NONE',  ( 3.583312085582230022, 1.098275717061921508, -1.423872229354137264 ) ) ;
#1125 = CARTESIAN_POINT ( 'NONE',  ( 0.5599999999999997202, 2.919096923789101794, -3.798417497483100647 ) ) ;
#1126 = CARTESIAN_POINT ( 'NONE',  ( 10.14997946636549564, 2.499999999999996447, 1.035533905932737975 ) ) ;
#1127 = CARTESIAN_POINT ( 'NONE',  ( 15.89999999999999680, 1.767766952966366212, 1.767766952966367100 ) ) ;
#1128 = CARTESIAN_POINT ( 'NONE',  ( 16.72499046652683319, 1.445127199236112545E-16, -1.937099999999996269 ) ) ;
#1129 = CARTESIAN_POINT ( 'NONE',  ( 15.59999999999999964, 1.772382953763841580E-16, -2.499999999999996891 ) ) ;
#1130 = CARTESIAN_POINT ( 'NONE',  ( 3.208321619055357843, 0.3418492162422311909, -1.259727241842509171 ) ) ;
#1131 = CARTESIAN_POINT ( 'NONE',  ( 13.42499046652683603, -1.369736545836458541, -1.369736545836458763 ) ) ;
#1132 = CARTESIAN_POINT ( 'NONE',  ( 0.08174185994869709315, 1.590469753034718048, -0.2452255798423449984 ) ) ;
#1133 = CARTESIAN_POINT ( 'NONE',  ( 11.49998826649456873, 1.400354269461835166, 1.400354269461835832 ) ) ;
#1134 = CARTESIAN_POINT ( 'NONE',  ( 17.15479039867692279, 1.385945878381006580, 1.537320178253699821 ) ) ;
#1135 = CARTESIAN_POINT ( 'NONE',  ( 5.824988999838653925, 1.937099999999994049, 0.8023730916729217011 ) ) ;
#1136 = CARTESIAN_POINT ( 'NONE',  ( 4.149988266494568201, 1.980399999999995941, -0.8203085389236758340 ) ) ;
#1137 = CARTESIAN_POINT ( 'NONE',  ( 5.749988266494568734, 1.980399999999995497, -0.8203085389236757230 ) ) ;
#1138 = CARTESIAN_POINT ( 'NONE',  ( 14.09999119987092264, -1.980399999999998828, -2.425290521031417211E-16 ) ) ;
#1139 = CARTESIAN_POINT ( 'NONE',  ( 7.299991199870921932, 1.980399999999998384, 0.000000000000000000 ) ) ;
#1140 = CARTESIAN_POINT ( 'NONE',  ( 5.249999999999997335, 1.035533905932736642, -2.499999999999996891 ) ) ;
#1141 = CARTESIAN_POINT ( 'NONE',  ( 13.14999119987092335, -0.8203085389236779434, 1.980399999999998162 ) ) ;
#1142 = CARTESIAN_POINT ( 'NONE',  ( 8.299979466365497771, 1.659338179362686712E-16, -2.499999999999996891 ) ) ;
#1143 = CARTESIAN_POINT ( 'NONE',  ( 15.39999119987092335, 1.400354269461837387, 1.400354269461838053 ) ) ;
#1144 = CARTESIAN_POINT ( 'NONE',  ( 17.07498899983865570, 1.369736545836457431, 1.369736545836457653 ) ) ;
#1145 = CARTESIAN_POINT ( 'NONE',  ( 14.39998826649456909, 1.435636883274156551E-16, -1.980399999999995941 ) ) ;
#1146 = CARTESIAN_POINT ( 'NONE',  ( 15.04998826649456767, -1.980399999999995497, -0.8203085389236758340 ) ) ;
#1147 = CARTESIAN_POINT ( 'NONE',  ( 0.8399999999999998579, -4.750000000000000888, 0.000000000000000000 ) ) ;
#1148 = EDGE_CURVE ( 'NONE', #1182, #5297, #503, .T. ) ;
#1149 = CARTESIAN_POINT ( 'NONE',  ( 2.467853342568233188, 0.5785682194561218017, 1.500000000000000222 ) ) ;
#1150 = CARTESIAN_POINT ( 'NONE',  ( 11.52499046652683390, -3.379924248297105221E-16, 1.937099999999996269 ) ) ;
#1151 = CARTESIAN_POINT ( 'NONE',  ( 1.986654819928562077, 0.3316073462470817690, 3.186213045241508279 ) ) ;
#1152 = CARTESIAN_POINT ( 'NONE',  ( 2.616665952549966701, -2.178782029306777002, -0.2884170383342179456 ) ) ;
#1153 = CARTESIAN_POINT ( 'NONE',  ( 12.39999119987092513, -1.400354269461838053, 1.400354269461837609 ) ) ;
#1154 = FACE_OUTER_BOUND ( 'NONE', #1344, .T. ) ;
#1155 = CARTESIAN_POINT ( 'NONE',  ( 3.116654219044554974, -0.9262582715337394079, -1.210513020713129828 ) ) ;
#1156 = CARTESIAN_POINT ( 'NONE',  ( 0.5599999999999997202, 4.750000000000000888, 0.6217735404963292689 ) ) ;
#1157 = CARTESIAN_POINT ( 'NONE',  ( 13.89999999999999858, -1.767766952966366434, -1.767766952966366878 ) ) ;
#1158 = CARTESIAN_POINT ( 'NONE',  ( 16.07499046652683461, 1.937099999999996713, -0.8023730916729211460 ) ) ;
#1159 = CARTESIAN_POINT ( 'NONE',  ( 15.19999999999999751, -4.357045258763420629E-16, 2.499999999999996891 ) ) ;
#1160 = CARTESIAN_POINT ( 'NONE',  ( 2.441656419076897677, 1.887214939974129813, -1.446317229569370255 ) ) ;
#1161 = CARTESIAN_POINT ( 'NONE',  ( 3.949991199870923619, 0.8203085389236769442, -1.980399999999998606 ) ) ;
#1162 = CARTESIAN_POINT ( 'NONE',  ( 9.149988266494569089, 0.8203085389236761671, 1.980399999999995053 ) ) ;
#1163 = CARTESIAN_POINT ( 'NONE',  ( 17.23248141850978854, -0.4557798225290836669, 1.939666302817050436 ) ) ;
#1164 = EDGE_LOOP ( 'NONE', ( #3614, #5324 ) ) ;
#1165 = CARTESIAN_POINT ( 'NONE',  ( 4.224988999838653392, 1.937099999999994049, 0.8023730916729217011 ) ) ;
#1166 = CARTESIAN_POINT ( 'NONE',  ( 16.34997946636549671, 1.035533905932736642, -2.499999999999996891 ) ) ;
#1167 = CARTESIAN_POINT ( 'NONE',  ( 5.249988266494568734, -0.8203085389236767222, 1.980399999999995053 ) ) ;
#1168 = CARTESIAN_POINT ( 'NONE',  ( 11.39999119987092335, 1.400354269461837609, 1.400354269461838275 ) ) ;
#1169 = CARTESIAN_POINT ( 'NONE',  ( 5.299988266494567668, -1.400354269461835832, 1.400354269461835388 ) ) ;
#1170 = CARTESIAN_POINT ( 'NONE',  ( 7.099991199870923531, 1.322592472272384401E-16, -1.980399999999998384 ) ) ;
#1171 = CARTESIAN_POINT ( 'NONE',  ( 7.399999999999998579, -2.499999999999996891, -3.061616997868379197E-16 ) ) ;
#1172 = CARTESIAN_POINT ( 'NONE',  ( 13.54999119987092193, 0.8203085389236769442, -1.980399999999998606 ) ) ;
#1173 = CARTESIAN_POINT ( 'NONE',  ( 4.499979466365496172, 2.499999999999996891, 0.000000000000000000 ) ) ;
#1174 = CARTESIAN_POINT ( 'NONE',  ( 14.84999119987092264, -1.980399999999998828, 0.8203085389236765002 ) ) ;
#1175 = CARTESIAN_POINT ( 'NONE',  ( 15.02498899983865499, -1.937099999999994937, -0.8023730916729207019 ) ) ;
#1176 = CARTESIAN_POINT ( 'NONE',  ( 10.24998826649456518, -1.980399999999995941, -0.8203085389236761671 ) ) ;
#1177 = CARTESIAN_POINT ( 'NONE',  ( 1.399999999999999911, 4.750000000000000888, -0.6217735404957791534 ) ) ;
#1178 = CARTESIAN_POINT ( 'NONE',  ( 5.549999999999998934, 1.035533905932736864, 2.499999999999996447 ) ) ;
#1179 = CARTESIAN_POINT ( 'NONE',  ( 15.44997946636549813, -1.035533905932736420, -2.499999999999996891 ) ) ;
#1180 = CARTESIAN_POINT ( 'NONE',  ( 7.024990466526833011, -1.369736545836458541, -1.369736545836458763 ) ) ;
#1181 = CARTESIAN_POINT ( 'NONE',  ( 2.416654219044443330, 0.3368346458430874213, -2.548719527792858042 ) ) ;
#1182 = VERTEX_POINT ( 'NONE', #2397 ) ;
#1183 = CARTESIAN_POINT ( 'NONE',  ( 3.016654219044546892, -1.659181764175239104, -0.2204036300665335735 ) ) ;
#1184 = CARTESIAN_POINT ( 'NONE',  ( 8.599979466365496705, 1.767766952966366212, 1.767766952966367100 ) ) ;
#1185 = CARTESIAN_POINT ( 'NONE',  ( 13.69999999999999929, -1.767766952966367100, 1.767766952966366434 ) ) ;
#1186 = CARTESIAN_POINT ( 'NONE',  ( 16.77499046652683745, 0.8023730916729211460, -1.937099999999996713 ) ) ;
#1187 = CARTESIAN_POINT ( 'NONE',  ( 16.80000000000000071, -4.332268391601404877E-16, 2.499999999999996891 ) ) ;
#1188 = AXIS2_PLACEMENT_3D ( 'NONE', #3626, #1020, #3261 ) ;
#1189 = CARTESIAN_POINT ( 'NONE',  ( 2.908323085743531600, -1.665295997529083527, 0.2147697221460469208 ) ) ;
#1190 = CARTESIAN_POINT ( 'NONE',  ( 3.799991199870922820, -1.400354269461837609, -1.400354269461837831 ) ) ;
#1191 = CARTESIAN_POINT ( 'NONE',  ( 10.29998826649456944, -1.400354269461835388, -1.400354269461835610 ) ) ;
#1192 = CARTESIAN_POINT ( 'NONE',  ( 2.666657152421001875, 0.5283329380954935317, 1.978221371239037740 ) ) ;
#1193 = CARTESIAN_POINT ( 'NONE',  ( 4.024988999838654991, 0.8023730916729207019, -1.937099999999994937 ) ) ;
#1194 = CARTESIAN_POINT ( 'NONE',  ( 3.299988266494568112, 1.400354269461835832, -1.400354269461835832 ) ) ;
#1195 = CARTESIAN_POINT ( 'NONE',  ( 7.749988266494568734, -1.980399999999995941, 0.8203085389236751679 ) ) ;
#1196 = CARTESIAN_POINT ( 'NONE',  ( 9.649991199870923353, 1.980399999999999050, -0.8203085389236769442 ) ) ;
#1197 = CARTESIAN_POINT ( 'NONE',  ( 3.949991199870923619, 0.8203085389236771663, -1.980399999999998384 ) ) ;
#1198 = CARTESIAN_POINT ( 'NONE',  ( 4.999999999999997335, -2.499999999999996891, -3.061616997868379197E-16 ) ) ;
#1199 = CARTESIAN_POINT ( 'NONE',  ( 11.79999119987092548, -1.400354269461837609, -1.400354269461837831 ) ) ;
#1200 = CARTESIAN_POINT ( 'NONE',  ( 5.599979466365496705, -1.767766952966367100, 1.767766952966366434 ) ) ;
#1201 = CARTESIAN_POINT ( 'NONE',  ( 15.64999119987092335, -1.980399999999998828, 0.8203085389236765002 ) ) ;
#1202 = CARTESIAN_POINT ( 'NONE',  ( 13.72498899983865961, 1.937099999999994937, -0.8023730916729204798 ) ) ;
#1203 = CARTESIAN_POINT ( 'NONE',  ( 11.79998826649456944, -1.980399999999995941, -2.425290521031413266E-16 ) ) ;
#1204 = CARTESIAN_POINT ( 'NONE',  ( 14.59998826649456838, 1.980399999999995497, 0.000000000000000000 ) ) ;
#1205 = CARTESIAN_POINT ( 'NONE',  ( 1.399999999999999689, 2.660987301054189125, -3.462557424021190045 ) ) ;
#1206 = CARTESIAN_POINT ( 'NONE',  ( 5.949999999999998401, -1.035533905932736420, -2.499999999999996891 ) ) ;
#1207 = CARTESIAN_POINT ( 'NONE',  ( 16.34997946636549671, 1.035533905932736642, -2.499999999999996891 ) ) ;
#1208 = CARTESIAN_POINT ( 'NONE',  ( 6.824990466526833721, -1.369736545836458985, 1.369736545836458541 ) ) ;
#1209 = CARTESIAN_POINT ( 'NONE',  ( 2.833312085582191830, 2.531143088629048243, -1.455187333776953196 ) ) ;
#1210 = CARTESIAN_POINT ( 'NONE',  ( 2.466665952549879748, -1.212241569221079285, 2.096876913988098945 ) ) ;
#1211 = CARTESIAN_POINT ( 'NONE',  ( 2.433312085582257200, -3.049317125967333286, 1.753850184205066887 ) ) ;
#1212 = CARTESIAN_POINT ( 'NONE',  ( 8.449979466365496350, 2.499999999999996891, -1.035533905932736642 ) ) ;
#1213 = CARTESIAN_POINT ( 'NONE',  ( 17.42499046652683248, -1.369736545836458541, -1.369736545836458763 ) ) ;
#1214 = CARTESIAN_POINT ( 'NONE',  ( 2.308323085743422265, -0.3312188499543148312, -2.554831395447704878 ) ) ;
#1215 = CARTESIAN_POINT ( 'NONE',  ( -1.791426074023474873E-16, -0.5660739880707157390, -4.330071440916664294 ) ) ;
#1216 = CARTESIAN_POINT ( 'NONE',  ( 11.69998826649456802, -1.400354269461835832, 1.400354269461835388 ) ) ;
#1217 = CARTESIAN_POINT ( 'NONE',  ( 3.299990485754262348, 1.090864477582689229, -1.110738852876331777E-05 ) ) ;
#1218 = CARTESIAN_POINT ( 'NONE',  ( 5.874988999838653747, 1.369736545836457431, 1.369736545836457653 ) ) ;
#1219 = CARTESIAN_POINT ( 'NONE',  ( 17.19997946636549457, 1.767766952966366878, -1.767766952966366878 ) ) ;
#1220 = CARTESIAN_POINT ( 'NONE',  ( 8.049988266494569444, 0.8203085389236757230, -1.980399999999995497 ) ) ;
#1221 = CARTESIAN_POINT ( 'NONE',  ( 11.24999119987092300, 1.980399999999999050, -0.8203085389236769442 ) ) ;
#1222 = CARTESIAN_POINT ( 'NONE',  ( 3.249991199870922998, 1.980399999999998384, -0.8203085389236769442 ) ) ;
#1223 = CARTESIAN_POINT ( 'NONE',  ( 7.549999999999998046, -1.035533905932736420, -2.499999999999996891 ) ) ;
#1224 = CARTESIAN_POINT ( 'NONE',  ( 11.89999119987092335, 1.396923073758431164E-16, -1.980399999999998384 ) ) ;
#1225 = CARTESIAN_POINT ( 'NONE',  ( 4.249979466365496172, -1.035533905932736420, -2.499999999999996891 ) ) ;
#1226 = CARTESIAN_POINT ( 'NONE',  ( 16.59999119987092442, -1.400354269461837609, -1.400354269461837831 ) ) ;
#1227 = CARTESIAN_POINT ( 'NONE',  ( 14.22498899983865606, -1.937099999999994937, -0.8023730916729207019 ) ) ;
#1228 = CARTESIAN_POINT ( 'NONE',  ( 12.69998826649456802, -1.400354269461835610, -1.400354269461835832 ) ) ;
#1229 = CARTESIAN_POINT ( 'NONE',  ( 16.44998826649456802, -0.8203085389236767222, 1.980399999999995053 ) ) ;
#1230 = CARTESIAN_POINT ( 'NONE',  ( 1.399999999999999689, 4.217301688045790087, 1.133368343930691635 ) ) ;
#1231 = CARTESIAN_POINT ( 'NONE',  ( 5.899999999999998579, -1.767766952966366434, -1.767766952966366878 ) ) ;
#1232 = CARTESIAN_POINT ( 'NONE',  ( 14.14997946636549919, 2.499999999999996447, 1.035533905932737975 ) ) ;
#1233 = CARTESIAN_POINT ( 'NONE',  ( 8.774990466526837452, 0.8023730916729211460, -1.937099999999996713 ) ) ;
#1234 = CARTESIAN_POINT ( 'NONE',  ( 3.116645418915356291, -0.3272278134043942743, 2.475294560352570894 ) ) ;
#1235 = CARTESIAN_POINT ( 'NONE',  ( 2.283332619216780657, 2.135209900819206030, 1.644931311447259903 ) ) ;
#1236 = CARTESIAN_POINT ( 'NONE',  ( 2.616645418915534815, -1.974469212308383126, -2.574456033687330780 ) ) ;
#1237 = CARTESIAN_POINT ( 'NONE',  ( 8.649979466365495639, 1.035533905932736864, 2.499999999999996447 ) ) ;
#1238 = CARTESIAN_POINT ( 'NONE',  ( 12.59999999999999787, 2.499999999999996891, 0.000000000000000000 ) ) ;
#1239 = CARTESIAN_POINT ( 'NONE',  ( 3.199991199870922731, 1.400354269461838053, -1.400354269461838053 ) ) ;
#1240 = CARTESIAN_POINT ( 'NONE',  ( 2.608321619055344431, 2.126113943984437871, 0.5746747087345019933 ) ) ;
#1241 = DIRECTION ( 'NONE',  ( 0.000000000000000000, -1.000000000000000000, 0.000000000000000000 ) ) ;
#1242 = CARTESIAN_POINT ( 'NONE',  ( 7.999988266494568734, 1.336529414626093788E-16, -1.980399999999995497 ) ) ;
#1243 = ADVANCED_FACE ( 'NONE', ( #1154 ), #4989, .F. ) ;
#1244 = CARTESIAN_POINT ( 'NONE',  ( 2.533323819087612172, 2.168287026447664800, 0.5860081529711904658 ) ) ;
#1245 = CARTESIAN_POINT ( 'NONE',  ( 4.474988999838654280, -1.369736545836457653, 1.369736545836457431 ) ) ;
#1246 = CARTESIAN_POINT ( 'NONE',  ( 16.49997946636549528, 2.499999999999996891, 0.000000000000000000 ) ) ;
#1247 = CARTESIAN_POINT ( 'NONE',  ( 4.149988266494568201, 1.980399999999995497, -0.8203085389236757230 ) ) ;
#1248 = CARTESIAN_POINT ( 'NONE',  ( 9.749991199870922998, 1.980399999999998606, 0.8203085389236783875 ) ) ;
#1249 = CARTESIAN_POINT ( 'NONE',  ( 3.899991199870922021, 1.273038737948353143E-16, -1.980399999999998384 ) ) ;
#1250 = CARTESIAN_POINT ( 'NONE',  ( 7.649999999999997691, 1.035533905932736642, -2.499999999999996891 ) ) ;
#1251 = CARTESIAN_POINT ( 'NONE',  ( 8.149991199870923353, 1.980399999999998162, 0.8203085389236781655 ) ) ;
#1252 = CARTESIAN_POINT ( 'NONE',  ( 5.249979466365497061, 2.499999999999996891, -1.035533905932736642 ) ) ;
#1253 = CARTESIAN_POINT ( 'NONE',  ( 15.22498899983865606, 0.8023730916729207019, -1.937099999999994937 ) ) ;
#1254 = CARTESIAN_POINT ( 'NONE',  ( 11.34998826649456660, 1.980399999999995941, -0.8203085389236758340 ) ) ;
#1255 = CARTESIAN_POINT ( 'NONE',  ( 16.09998826649457015, 1.400354269461835610, -1.400354269461835610 ) ) ;
#1256 = CARTESIAN_POINT ( 'NONE',  ( 1.399999999999999911, -1.243302455813023233, -4.626370212059476295 ) ) ;
#1257 = CARTESIAN_POINT ( 'NONE',  ( 4.299999999999998046, -1.767766952966366434, -1.767766952966366878 ) ) ;
#1258 = CARTESIAN_POINT ( 'NONE',  ( 16.39997946636549742, 1.767766952966366878, -1.767766952966366878 ) ) ;
#1259 = CARTESIAN_POINT ( 'NONE',  ( 8.474990466526833188, -1.937099999999996935, 0.8023730916729207019 ) ) ;
#1260 = CARTESIAN_POINT ( 'NONE',  ( 0.5599999999999996092, 0.6217735460229806277, -4.750000000000000000 ) ) ;
#1261 = CARTESIAN_POINT ( 'NONE',  ( 2.066665952549964658, 1.510895396322794904, -2.615056150596489992 ) ) ;
#1262 = CARTESIAN_POINT ( 'NONE',  ( 0.5599999999999997202, 4.150485346797904818, 2.392190151655277930 ) ) ;
#1263 = CARTESIAN_POINT ( 'NONE',  ( 2.883312085582175222, 2.821219413172805002, -0.3660872846082990351 ) ) ;
#1264 = CARTESIAN_POINT ( 'NONE',  ( 5.099979466365495817, 1.609784445038655454E-16, -2.499999999999996891 ) ) ;
#1265 = CARTESIAN_POINT ( 'NONE',  ( 12.74999999999999822, 1.035533905932736864, 2.499999999999996447 ) ) ;
#1266 = CARTESIAN_POINT ( 'NONE',  ( 2.058321619055343721, -1.845658781782418156, 2.396414938159638908 ) ) ;
#1267 = CARTESIAN_POINT ( 'NONE',  ( -1.800192036527412994E-16, 3.469446951953614189E-15, -4.330000000000000071 ) ) ;
#1268 = CARTESIAN_POINT ( 'NONE',  ( 5.949988266494567135, 0.8203085389236761671, 1.980399999999995053 ) ) ;
#1269 = CARTESIAN_POINT ( 'NONE',  ( 16.96917525566845697, 0.2487121523362985365, -2.241258833393925176 ) ) ;
#1270 = CARTESIAN_POINT ( 'NONE',  ( 15.74998826649456873, -1.980399999999995941, 0.8203085389236750569 ) ) ;
#1271 = CARTESIAN_POINT ( 'NONE',  ( 2.799988266494567668, -3.594576445713283569E-16, 1.980399999999995941 ) ) ;
#1272 = CARTESIAN_POINT ( 'NONE',  ( 12.14999119987092335, 1.980399999999998606, 0.8203085389236783875 ) ) ;
#1273 = CARTESIAN_POINT ( 'NONE',  ( 3.049999999999998934, 2.499999999999996447, 1.035533905932737975 ) ) ;
#1274 = CARTESIAN_POINT ( 'NONE',  ( 8.799991199870923708, 1.400354269461837831, -1.400354269461837831 ) ) ;
#1275 = COLOUR_RGB ( '',0.3764705882352941124, 0.3764705882352941124, 0.3764705882352941124 ) ;
#1276 = CARTESIAN_POINT ( 'NONE',  ( 6.799979466365495995, 1.767766952966366878, -1.767766952966366878 ) ) ;
#1277 = CARTESIAN_POINT ( 'NONE',  ( 14.62498899983865641, 1.937099999999994049, 0.8023730916729217011 ) ) ;
#1278 = CARTESIAN_POINT ( 'NONE',  ( 10.39998826649456909, 1.373694715369117417E-16, -1.980399999999995941 ) ) ;
#1279 = CARTESIAN_POINT ( 'NONE',  ( 14.04998826649456944, -0.8203085389236767222, 1.980399999999995053 ) ) ;
#1280 = CARTESIAN_POINT ( 'NONE',  ( 1.399999999999999911, 4.626370212059471854, 1.243302455813097840 ) ) ;
#1281 = CARTESIAN_POINT ( 'NONE',  ( 12.84999119987092442, 1.980399999999998384, -0.8203085389236769442 ) ) ;
#1282 = CARTESIAN_POINT ( 'NONE',  ( 2.949999999999997957, 2.499999999999996891, -1.035533905932736642 ) ) ;
#1283 = CARTESIAN_POINT ( 'NONE',  ( 14.29997946636549777, -4.370982564516513967E-16, 2.499999999999996891 ) ) ;
#1284 = CARTESIAN_POINT ( 'NONE',  ( 8.074990466526834609, 1.937099999999996713, -0.8023730916729211460 ) ) ;
#1285 = CARTESIAN_POINT ( 'NONE',  ( 2.933312085582158613, 2.674363548103553700, 0.7220111483396437491 ) ) ;
#1286 = CARTESIAN_POINT ( 'NONE',  ( 2.416657152420946364, 1.921840366444875103, -1.472927294361125350 ) ) ;
#1287 = CARTESIAN_POINT ( 'NONE',  ( -2.168404344971008868E-16, -4.750000000000000000, 5.817072295949927426E-16 ) ) ;
#1288 = CARTESIAN_POINT ( 'NONE',  ( 13.89999999999999858, -1.767766952966366434, -1.767766952966366878 ) ) ;
#1289 = CARTESIAN_POINT ( 'NONE',  ( 2.583332619216649029, -2.228195700821859138, 0.2884554089677163202 ) ) ;
#1290 = ORIENTED_EDGE ( 'NONE', *, *, #1861, .T. ) ;
#1291 = CARTESIAN_POINT ( 'NONE',  ( 6.349979466365497593, -1.035533905932737753, 2.499999999999996447 ) ) ;
#1292 = CARTESIAN_POINT ( 'NONE',  ( 11.29999999999999716, -1.767766952966367100, 1.767766952966366434 ) ) ;
#1293 = CARTESIAN_POINT ( 'NONE',  ( 3.333320885711240855, 1.040777002475777202, -0.5961787838114184224 ) ) ;
#1294 = CARTESIAN_POINT ( 'NONE',  ( -1.867243326983303935E-16, 4.329928559083336737, 0.5660739880705747407 ) ) ;
#1295 = CARTESIAN_POINT ( 'NONE',  ( 5.999988266494568734, -3.545022711389251079E-16, 1.980399999999995497 ) ) ;
#1296 = CARTESIAN_POINT ( 'NONE',  ( 3.183320885711279136, -0.1816215516326149804, -1.412084168294138964 ) ) ;
#1297 = CARTESIAN_POINT ( 'NONE',  ( 16.14998826649457087, 1.980399999999995497, -0.8203085389236755010 ) ) ;
#1298 = CARTESIAN_POINT ( 'NONE',  ( 15.34997946636549671, -2.499999999999996891, -1.035533905932736642 ) ) ;
#1299 = CARTESIAN_POINT ( 'NONE',  ( 4.099988266494568379, 1.400354269461835610, -1.400354269461835610 ) ) ;
#1300 = CARTESIAN_POINT ( 'NONE',  ( 7.149991199870925129, 0.8203085389236772773, -1.980399999999999050 ) ) ;
#1301 = CARTESIAN_POINT ( 'NONE',  ( 3.349999999999998757, -2.499999999999997335, 1.035533905932735976 ) ) ;
#1302 = CARTESIAN_POINT ( 'NONE',  ( 7.799991199870922820, -1.400354269461837609, -1.400354269461837831 ) ) ;
#1303 = CARTESIAN_POINT ( 'NONE',  ( 3.599979466365496261, 1.767766952966366878, -1.767766952966366878 ) ) ;
#1304 = CARTESIAN_POINT ( 'NONE',  ( 11.52498899983865677, 0.8023730916729209239, 1.937099999999994493 ) ) ;
#1305 = CARTESIAN_POINT ( 'NONE',  ( 8.149988266494567313, 1.980399999999995941, -0.8203085389236758340 ) ) ;
#1306 = CARTESIAN_POINT ( 'NONE',  ( 12.49998826649456873, -1.400354269461835832, 1.400354269461835388 ) ) ;
#1307 = CARTESIAN_POINT ( 'NONE',  ( 4.399999999999997691, 1.598944883629732301E-16, -2.499999999999996891 ) ) ;
#1308 = CARTESIAN_POINT ( 'NONE',  ( 11.79997946636549777, 1.767766952966366212, 1.767766952966367100 ) ) ;
#1309 = CARTESIAN_POINT ( 'NONE',  ( 4.574990466526834609, -1.937099999999996713, -0.8023730916729213680 ) ) ;
#1310 = ADVANCED_FACE ( 'NONE', ( #3250 ), #4448, .F. ) ;
#1311 = CARTESIAN_POINT ( 'NONE',  ( 3.083312085582315287, 0.3272713463538695633, 2.524707556944399744 ) ) ;
#1312 = CARTESIAN_POINT ( 'NONE',  ( 2.466657152420935084, 2.267015355735170434, -0.6059473173797899070 ) ) ;
#1313 = CARTESIAN_POINT ( 'NONE',  ( 0.5599999999999997202, 1.243302455813213969, 4.626370212059263132 ) ) ;
#1314 = CARTESIAN_POINT ( 'NONE',  ( 14.40000000000000036, -4.369433692344428752E-16, 2.499999999999996891 ) ) ;
#1315 = CARTESIAN_POINT ( 'NONE',  ( 3.183312085582044038, -1.462712779769723692, 1.898097344203843795 ) ) ;
#1316 = ORIENTED_EDGE ( 'NONE', *, *, #2314, .T. ) ;
#1317 = MANIFOLD_SOLID_BREP ( 'Cortar-Barrer2', #5233 ) ;
#1318 = CARTESIAN_POINT ( 'NONE',  ( 5.049979466365496883, -1.035533905932736420, -2.499999999999996891 ) ) ;
#1319 = CARTESIAN_POINT ( 'NONE',  ( 13.49999999999999822, 1.767766952966366212, 1.767766952966367100 ) ) ;
#1320 = CARTESIAN_POINT ( 'NONE',  ( 2.808321619055338392, -0.4970662109280115093, 1.837318377447476836 ) ) ;
#1321 = CARTESIAN_POINT ( 'NONE',  ( -1.867244433284617658E-16, 4.330000000000000071, 0.000000000000000000 ) ) ;
#1322 = CARTESIAN_POINT ( 'NONE',  ( 8.749988266494566957, -0.8203085389236753899, -1.980399999999995497 ) ) ;
#1323 = CARTESIAN_POINT ( 'NONE',  ( 16.86429075881505923, -2.192952084209593533, -0.8712484222174492476 ) ) ;
#1324 = CARTESIAN_POINT ( 'NONE',  ( 15.79998826649457122, -1.980399999999995497, -2.425290521031412773E-16 ) ) ;
#1325 = CARTESIAN_POINT ( 'NONE',  ( 15.24997946636549884, -2.499999999999997335, 1.035533905932735976 ) ) ;
#1326 = CARTESIAN_POINT ( 'NONE',  ( 4.899988266494569089, 1.400354269461835610, -1.400354269461835610 ) ) ;
#1327 = CARTESIAN_POINT ( 'NONE',  ( 9.099991199870924419, -3.497017485837929467E-16, 1.980399999999998828 ) ) ;
#1328 = CARTESIAN_POINT ( 'NONE',  ( 2.749999999999997335, -1.035533905932736420, -2.499999999999996891 ) ) ;
#1329 = CARTESIAN_POINT ( 'NONE',  ( 9.349991199870924419, -1.980399999999998606, -0.8203085389236771663 ) ) ;
#1330 = CARTESIAN_POINT ( 'NONE',  ( 3.149979466365495639, -1.035533905932737753, 2.499999999999996447 ) ) ;
#1331 = CARTESIAN_POINT ( 'NONE',  ( 9.774988999838654991, 1.937099999999994715, 0.000000000000000000 ) ) ;
#1332 = CARTESIAN_POINT ( 'NONE',  ( 6.899988266494569089, -1.400354269461836054, 1.400354269461835610 ) ) ;
#1333 = CARTESIAN_POINT ( 'NONE',  ( 11.94998826649456802, -0.8203085389236755010, -1.980399999999995497 ) ) ;
#1334 = CARTESIAN_POINT ( 'NONE',  ( 17.69999119987092229, 1.980399999999998828, 0.000000000000000000 ) ) ;
#1335 = CARTESIAN_POINT ( 'NONE',  ( 9.249991199870922998, -1.980399999999998828, 0.8203085389236765002 ) ) ;
#1336 = CARTESIAN_POINT ( 'NONE',  ( 4.449999999999996625, 1.035533905932736642, -2.499999999999996891 ) ) ;
#1337 = CARTESIAN_POINT ( 'NONE',  ( 12.59997946636549493, 1.767766952966366212, 1.767766952966367100 ) ) ;
#1338 = CARTESIAN_POINT ( 'NONE',  ( 5.224990466526833188, -1.369736545836458985, 1.369736545836458541 ) ) ;
#1339 = CARTESIAN_POINT ( 'NONE',  ( 17.23880000000000479, -1.758012919139418040, 0.9117975302329442977 ) ) ;
#1340 = CARTESIAN_POINT ( 'NONE',  ( 2.683323819087600981, 0.2592543018934066468, 2.005107766576549100 ) ) ;
#1341 = CARTESIAN_POINT ( 'NONE',  ( -2.165045479624029852E-16, 3.783495063501796096, -2.180670180351429899 ) ) ;
#1342 = CARTESIAN_POINT ( 'NONE',  ( 11.79999999999999716, 2.499999999999996891, 0.000000000000000000 ) ) ;
#1343 = CARTESIAN_POINT ( 'NONE',  ( 2.183332619216677095, 2.821219413172805002, -0.3660872846082990351 ) ) ;
#1344 = EDGE_LOOP ( 'NONE', ( #2336, #5212 ) ) ;
#1345 = CARTESIAN_POINT ( 'NONE',  ( 1.961655524589505317, 0.3270736445307984575, 3.142913112929266006 ) ) ;
#1346 = CARTESIAN_POINT ( 'NONE',  ( 3.131663239875969396, -2.131534681966523515, -0.4125544494305118937 ) ) ;
#1347 = CARTESIAN_POINT ( 'NONE',  ( 6.549988266494567668, 1.980399999999995497, -0.8203085389236755010 ) ) ;
#1348 = CARTESIAN_POINT ( 'NONE',  ( 15.34998826649456838, 1.980399999999995497, -0.8203085389236755010 ) ) ;
#1349 = CARTESIAN_POINT ( 'NONE',  ( 14.49997946636549706, -2.499999999999996891, -3.061616997868379197E-16 ) ) ;
#1350 = CARTESIAN_POINT ( 'NONE',  ( 4.049988266494568556, 0.8203085389236757230, -1.980399999999995497 ) ) ;
#1351 = CARTESIAN_POINT ( 'NONE',  ( 8.299991199870923708, -3.509405919418937590E-16, 1.980399999999998828 ) ) ;
#1352 = CARTESIAN_POINT ( 'NONE',  ( 4.699988266494568023, -1.400354269461835388, -1.400354269461835610 ) ) ;
#1353 = CARTESIAN_POINT ( 'NONE',  ( 3.249999999999997780, -1.035533905932737753, 2.499999999999996447 ) ) ;
#1354 = CARTESIAN_POINT ( 'NONE',  ( 14.42499046652683248, 1.369736545836458763, -1.369736545836458763 ) ) ;
#1355 = CARTESIAN_POINT ( 'NONE',  ( 10.69999119987092406, -3.472240618675913222E-16, 1.980399999999998384 ) ) ;
#1356 = CARTESIAN_POINT ( 'NONE',  ( 3.799979466365496883, 1.767766952966366212, 1.767766952966367100 ) ) ;
#1357 = CARTESIAN_POINT ( 'NONE',  ( 9.174988999838653569, -3.416315294653773903E-16, 1.937099999999994715 ) ) ;
#1358 = CARTESIAN_POINT ( 'NONE',  ( 8.249988266494566957, 1.980399999999995497, 0.8203085389236771663 ) ) ;
#1359 = CARTESIAN_POINT ( 'NONE',  ( 13.19998826649456802, -3.433526809160180933E-16, 1.980399999999995497 ) ) ;
#1360 = CARTESIAN_POINT ( 'NONE',  ( 16.74999119987092300, 0.8203085389236772773, -1.980399999999999050 ) ) ;
#1361 = CARTESIAN_POINT ( 'NONE',  ( 9.149991199870923353, -0.8203085389236779434, 1.980399999999997718 ) ) ;
#1362 = CARTESIAN_POINT ( 'NONE',  ( 2.399999999999997691, -4.555260196059545660E-16, 2.499999999999996891 ) ) ;
#1363 = AXIS2_PLACEMENT_3D ( 'NONE', #910, #425, #1720 ) ;
#1364 = CARTESIAN_POINT ( 'NONE',  ( 11.19997946636549635, -1.767766952966367100, 1.767766952966366434 ) ) ;
#1365 = CARTESIAN_POINT ( 'NONE',  ( 3.974990466526833632, 0.8023730916729211460, -1.937099999999996713 ) ) ;
#1366 = CARTESIAN_POINT ( 'NONE',  ( 0.5599999999999996092, -1.243302450706583517, 4.626370214174499118 ) ) ;
#1367 = CARTESIAN_POINT ( 'NONE',  ( 2.283323819087661022, -0.3368870519985977530, -2.598131364273391419 ) ) ;
#1368 = CARTESIAN_POINT ( 'NONE',  ( 3.131867230588196271, -0.4715907114508428588, -1.895108765168379561 ) ) ;
#1369 = CARTESIAN_POINT ( 'NONE',  ( 13.49999999999999822, 1.767766952966366212, 1.767766952966367100 ) ) ;
#1370 = CARTESIAN_POINT ( 'NONE',  ( 1.399999999999999689, 3.783705236244480741, -2.179976094353311744 ) ) ;
#1371 = EDGE_LOOP ( 'NONE', ( #1395 ) ) ;
#1372 = CARTESIAN_POINT ( 'NONE',  ( 5.649979466365495639, -2.499999999999997335, 1.035533905932735976 ) ) ;
#1373 = CARTESIAN_POINT ( 'NONE',  ( 14.62499046652683354, 1.369736545836458319, 1.369736545836458985 ) ) ;
#1374 = CARTESIAN_POINT ( 'NONE',  ( 2.416654219044656493, 0.3368346432032436333, -2.548719528379859600 ) ) ;
#1375 = CARTESIAN_POINT ( 'NONE',  ( 15.24998826649457229, 0.8203085389236757230, -1.980399999999995497 ) ) ;
#1376 = CARTESIAN_POINT ( 'NONE',  ( 12.84997946636549671, -2.499999999999997335, 1.035533905932735976 ) ) ;
#1377 = CARTESIAN_POINT ( 'NONE',  ( 8.049991199870921932, 1.980399999999999050, -0.8203085389236769442 ) ) ;
#1378 = CARTESIAN_POINT ( 'NONE',  ( 2.351647780342309257, 1.215889060634875340, -2.203493516862983448 ) ) ;
#1379 = CARTESIAN_POINT ( 'NONE',  ( 2.449999999999997069, -1.035533905932737753, 2.499999999999996447 ) ) ;
#1380 = CARTESIAN_POINT ( 'NONE',  ( 6.949991199870923175, -1.980399999999998606, -0.8203085389236771663 ) ) ;
#1381 = CARTESIAN_POINT ( 'NONE',  ( -1.224698418616533548E-17, -0.8660254037844399289, -1.499999999999999778 ) ) ;
#1382 = CARTESIAN_POINT ( 'NONE',  ( 10.47498899983865428, 1.369736545836457653, -1.369736545836457653 ) ) ;
#1383 = CARTESIAN_POINT ( 'NONE',  ( 8.299988266494569444, 1.400354269461835388, 1.400354269461836054 ) ) ;
#1384 = CARTESIAN_POINT ( 'NONE',  ( 12.84998826649456660, 0.8203085389236757230, -1.980399999999995497 ) ) ;
#1385 = CARTESIAN_POINT ( 'NONE',  ( 9.849991199870926195, 0.8203085389236773883, 1.980399999999997718 ) ) ;
#1386 = CARTESIAN_POINT ( 'NONE',  ( 16.24999119987092300, 0.8203085389236773883, 1.980399999999998162 ) ) ;
#1387 = CARTESIAN_POINT ( 'NONE',  ( 12.69997946636549635, -4.395759431678528733E-16, 2.499999999999996891 ) ) ;
#1388 = CARTESIAN_POINT ( 'NONE',  ( 2.531925008609854810, -1.299038105676658006, -0.7500000000000003331 ) ) ;
#1389 = CARTESIAN_POINT ( 'NONE',  ( 5.324990466526832833, -1.937099999999996269, -2.372263314628333717E-16 ) ) ;
#1390 = CARTESIAN_POINT ( 'NONE',  ( 16.75869432904531919, 1.182375942963785898, 2.163751134297301704 ) ) ;
#1391 = CARTESIAN_POINT ( 'NONE',  ( 3.083323819087563589, -0.1816215514333864856, -1.412084168194992051 ) ) ;
#1392 = CARTESIAN_POINT ( 'NONE',  ( -1.087561037832480862E-16, -3.783495063501950195, 2.180670180350997800 ) ) ;
#1393 = CARTESIAN_POINT ( 'NONE',  ( 12.49999999999999822, 1.767766952966366878, -1.767766952966366878 ) ) ;
#1394 = CARTESIAN_POINT ( 'NONE',  ( 1.399999999999999689, 4.216959509700642705, 1.134007751420688548 ) ) ;
#1395 = ORIENTED_EDGE ( 'NONE', *, *, #911, .F. ) ;
#1396 = CARTESIAN_POINT ( 'NONE',  ( 3.599979466365496261, 1.767766952966366878, -1.767766952966366878 ) ) ;
#1397 = CARTESIAN_POINT ( 'NONE',  ( 9.449999999999997513, 2.499999999999996447, 1.035533905932737975 ) ) ;
#1398 = CARTESIAN_POINT ( 'NONE',  ( 2.416666688780597649, -0.3272418247060793761, 2.475290596632174100 ) ) ;
#1399 = DIRECTION ( 'NONE',  ( 0.000000000000000000, -0.4999999999999997780, 0.8660254037844388186 ) ) ;
#1400 = B_SPLINE_SURFACE_WITH_KNOTS ( 'NONE', 1, 3, ( 
 ( #3252, #2892, #1944, #4191, #770, #1124, #5386, #310, #1546, #4069, #2798, #5413, #4128, #2368, #1513, #4983, #3704, #3280, #2860, #4592, #1663, #1315, #3371, #4728, #3397, #3904, #340, #3477, #2977, #3030, #5187, #2599, #1687, #1263, #4700, #2519, #5132, #4276, #1745, #3421, #852, #2115, #4329, #25, #1236, #3002, #3877, #2142, #5157, #1636, #824, #1211, #2545, #4755, #448, #878, #394, #2170, #3849, #5587 ),
 ( #366, #4674, #5615, #5211, #798, #2951, #3055, #4785, #1716, #2491, #4221, #2574, #4302, #5104, #4248, #420, #3450, #1289, #2061, #3798, #5536, #2089, #3825, #5562, #560, #4390, #504, #1885, #4361, #4470, #3133, #4837, #3932, #1343, #3532, #157, #2706, #2681, #3587, #2626, #2226, #585, #3612, #3081, #4443, #4863, #2279, #2306, #475, #4417, #984, #2253, #4009, #131, #1856, #4888, #5351, #1773, #3107, #2198 ) ),
 .UNSPECIFIED., .F., .F., .F.,
 ( 2, 2 ),
 ( 4, 2, 2, 2, 2, 2, 2, 2, 2, 2, 2, 2, 2, 2, 2, 2, 2, 2, 2, 2, 2, 2, 2, 2, 2, 2, 2, 2, 2, 4 ),
 ( 0.000000000000000000, 1.000000000000000000 ),
 ( 0.000000000000000000, 0.03125000000000000000, 0.06250000000000000000, 0.09375000000000000000, 0.1250000000000000000, 0.1562500000000000000, 0.1875000000000000000, 0.2187500000000000000, 0.2500000000000000000, 0.2812500000000000000, 0.3125000000000000000, 0.3437500000000000000, 0.3750000000000000000, 0.4062500000000000000, 0.4375000000000000000, 0.4687500000000000000, 0.5000000000000000000, 0.5312500000000000000, 0.5625000000000000000, 0.5937500000000000000, 0.6250000000000000000, 0.6562500000000000000, 0.6875000000000000000, 0.7187500000000000000, 0.7500000000000000000, 0.7812500000000000000, 0.8125000000000000000, 0.8437500000000000000, 0.8750000000000000000, 0.8999991147590906682 ),
 .UNSPECIFIED. ) ;
#1401 = CARTESIAN_POINT ( 'NONE',  ( 12.74998826649457051, -0.8203085389236753899, -1.980399999999995497 ) ) ;
#1402 = CARTESIAN_POINT ( 'NONE',  ( 15.09997946636549848, -4.358594130935505845E-16, 2.499999999999996891 ) ) ;
#1403 = PLANE ( 'NONE',  #434 ) ;
#1404 = CARTESIAN_POINT ( 'NONE',  ( 7.549991199870922820, -0.8203085389236781655, 1.980399999999998606 ) ) ;
#1405 = CARTESIAN_POINT ( 'NONE',  ( 2.949988266494568467, -1.980399999999995941, 0.8203085389236750569 ) ) ;
#1406 = CARTESIAN_POINT ( 'NONE',  ( 2.883323819087622475, -1.708595965738753053, 0.2204379214166448109 ) ) ;
#1407 = CARTESIAN_POINT ( 'NONE',  ( 6.749991199870923886, -0.8203085389236779434, 1.980399999999998162 ) ) ;
#1408 = B_SPLINE_CURVE_WITH_KNOTS ( 'NONE', 3,
 ( #2309, #676, #2796, #1452, #2366, #3135, #1010, #2826, #4125, #3589, #4530, #646, #4096, #249, #4865, #4922, #218, #2766, #1943, #5411, #1509, #3615 ),
 .UNSPECIFIED., .F., .F.,
 ( 4, 2, 2, 2, 2, 2, 2, 2, 2, 2, 4 ),
 ( 7.260115993584845025E-17, 2.583717922539618533E-05, 3.875576883805781830E-05, 4.521506364439023399E-05, 5.167435845072264967E-05, 7.751153767605137052E-05, 0.0001033487169013800981, 0.0002066974338026930300, 0.0004133948676053189478, 0.0008267897352105704582, 0.001653579470421073479 ),
 .UNSPECIFIED. ) ;
#1409 = ADVANCED_FACE ( 'NONE', ( #5412, #2427 ), #3673, .T. ) ;
#1410 = CARTESIAN_POINT ( 'NONE',  ( 2.376391769826549538, 0.5822876330396382638, -2.431242762918800260 ) ) ;
#1411 = CARTESIAN_POINT ( 'NONE',  ( 9.474988999838656056, -1.369736545836457431, -1.369736545836457653 ) ) ;
#1412 = CARTESIAN_POINT ( 'NONE',  ( 7.349988266494567490, 1.980399999999995941, -0.8203085389236758340 ) ) ;
#1413 = CARTESIAN_POINT ( 'NONE',  ( 8.799988266494567668, 1.348917848207101418E-16, -1.980399999999995497 ) ) ;
#1414 = CARTESIAN_POINT ( 'NONE',  ( 10.89999119987092335, -1.980399999999998384, -2.425290521031416718E-16 ) ) ;
#1415 = CARTESIAN_POINT ( 'NONE',  ( 17.19999119987092229, -1.400354269461838053, 1.400354269461837609 ) ) ;
#1416 = CARTESIAN_POINT ( 'NONE',  ( 11.84997946636549671, 1.035533905932736864, 2.499999999999996447 ) ) ;
#1417 = CARTESIAN_POINT ( 'NONE',  ( 3.034818088277903669, -0.8754467853219637385, -1.794809075567532775 ) ) ;
#1418 = CARTESIAN_POINT ( 'NONE',  ( 6.324990466526833721, 1.284077562683011142E-16, -1.937099999999996269 ) ) ;
#1419 = CARTESIAN_POINT ( 'NONE',  ( 16.92222428388901534, -0.09518896912199041604, 2.300654471123726896 ) ) ;
#1420 = CARTESIAN_POINT ( 'NONE',  ( 1.886657623985309007, 0.3316105623045217388, 3.186213236961261241 ) ) ;
#1421 = CARTESIAN_POINT ( 'NONE',  ( -2.160295326696149724E-16, 1.133368343930122091, -4.217301688045999697 ) ) ;
#1422 = CARTESIAN_POINT ( 'NONE',  ( 8.299999999999998934, -1.767766952966366434, -1.767766952966366878 ) ) ;
#1423 = CARTESIAN_POINT ( 'NONE',  ( 1.399999999999999689, 4.329928559083335848, -0.5660739880726051165 ) ) ;
#1424 = CARTESIAN_POINT ( 'NONE',  ( 3.399987552377907285, 1.090864477582686121, -1.110738852876330083E-05 ) ) ;
#1425 = CARTESIAN_POINT ( 'NONE',  ( 2.883332619216731896, 1.098275717061921508, -1.423872229354137264 ) ) ;
#1426 = CARTESIAN_POINT ( 'NONE',  ( 3.147598062742451130, -0.9947722172108998118, -1.745169002815208703 ) ) ;
#1427 = CARTESIAN_POINT ( 'NONE',  ( 13.14998826649456731, 0.8203085389236761671, 1.980399999999995053 ) ) ;
#1428 = CARTESIAN_POINT ( 'NONE',  ( 11.69997946636549813, 2.499999999999996891, 0.000000000000000000 ) ) ;
#1429 = CARTESIAN_POINT ( 'NONE',  ( 16.54999999999999716, 2.499999999999996891, -1.035533905932736642 ) ) ;
#1430 = CARTESIAN_POINT ( 'NONE',  ( 3.249991199870922998, 1.980399999999999050, -0.8203085389236769442 ) ) ;
#1431 = CARTESIAN_POINT ( 'NONE',  ( 4.099988266494568379, 1.400354269461835610, -1.400354269461835610 ) ) ;
#1432 = CARTESIAN_POINT ( 'NONE',  ( 1.859992202356713253, 0.9968022739581211544, 3.067790206357062566 ) ) ;
#1433 = CARTESIAN_POINT ( 'NONE',  ( 6.399991199870922465, 1.400354269461837831, -1.400354269461837831 ) ) ;
#1434 = CARTESIAN_POINT ( 'NONE',  ( 0.07474491119481700696, -0.5810488303891904183, -1.500000000000000666 ) ) ;
#1435 = CARTESIAN_POINT ( 'NONE',  ( 7.624988999838654635, -0.8023730916729214790, 1.937099999999994049 ) ) ;
#1436 = CARTESIAN_POINT ( 'NONE',  ( 6.099988266494568379, -1.400354269461836054, 1.400354269461835610 ) ) ;
#1437 = CARTESIAN_POINT ( 'NONE',  ( 9.899988266494567313, 1.400354269461835166, 1.400354269461835832 ) ) ;
#1438 = CARTESIAN_POINT ( 'NONE',  ( 14.84999119987092264, -1.980399999999999494, 0.8203085389236765002 ) ) ;
#1439 = CARTESIAN_POINT ( 'NONE',  ( 10.29999119987092371, 1.372146206596415659E-16, -1.980399999999998384 ) ) ;
#1440 = CARTESIAN_POINT ( 'NONE',  ( 8.649999999999998579, 2.499999999999996447, 1.035533905932737975 ) ) ;
#1441 = CARTESIAN_POINT ( 'NONE',  ( 15.09999119987092442, 1.446476808082462422E-16, -1.980399999999998384 ) ) ;
#1442 = CARTESIAN_POINT ( 'NONE',  ( 8.049979466365497771, -2.499999999999997335, 1.035533905932735976 ) ) ;
#1443 = CARTESIAN_POINT ( 'NONE',  ( -1.224698418616533548E-17, 0.8660254037844393737, 1.499999999999999556 ) ) ;
#1444 = CARTESIAN_POINT ( 'NONE',  ( 16.97498899983865783, 1.937099999999994715, 0.000000000000000000 ) ) ;
#1445 = CARTESIAN_POINT ( 'NONE',  ( 17.69998826649456802, 1.400354269461835832, -1.400354269461835832 ) ) ;
#1446 = CARTESIAN_POINT ( 'NONE',  ( 2.066657152420944943, -2.844603325045987674, 0.7611760763044823630 ) ) ;
#1447 = CARTESIAN_POINT ( 'NONE',  ( -2.176513363245859384E-16, 2.180670180351002241, 3.783495063502236189 ) ) ;
#1448 = CARTESIAN_POINT ( 'NONE',  ( 9.899999999999998579, -1.767766952966366434, -1.767766952966366878 ) ) ;
#1449 = CARTESIAN_POINT ( 'NONE',  ( 1.399999999999999689, 2.661447090562527595, -3.461996601799785189 ) ) ;
#1450 = CARTESIAN_POINT ( 'NONE',  ( 16.78301173576633687, -1.979706508528791931, 1.427714270945122932 ) ) ;
#1451 = ORIENTED_EDGE ( 'NONE', *, *, #4506, .T. ) ;
#1452 = CARTESIAN_POINT ( 'NONE',  ( 17.24434187417062603, -1.766289561154087417, 0.8833474076312923806 ) ) ;
#1453 = CARTESIAN_POINT ( 'NONE',  ( 2.733332619216643167, -1.007193057918041701, -1.753882032260505097 ) ) ;
#1454 = CARTESIAN_POINT ( 'NONE',  ( 3.149057356272959129, -0.8758806512656238663, -1.794677758980647297 ) ) ;
#1455 = CARTESIAN_POINT ( 'NONE',  ( 12.59998826649456838, -1.980399999999995497, -2.425290521031412773E-16 ) ) ;
#1456 = CARTESIAN_POINT ( 'NONE',  ( 11.44997946636549635, -1.035533905932736420, -2.499999999999996891 ) ) ;
#1457 = CARTESIAN_POINT ( 'NONE',  ( 16.14999999999999858, -2.499999999999997335, 1.035533905932735976 ) ) ;
#1458 = CARTESIAN_POINT ( 'NONE',  ( 4.699991199870922287, 1.285427171529361266E-16, -1.980399999999998828 ) ) ;
#1459 = CARTESIAN_POINT ( 'NONE',  ( 4.299988266494568556, 1.400354269461835166, 1.400354269461835832 ) ) ;
#1460 = CARTESIAN_POINT ( 'NONE',  ( 3.041656419076819162, -0.8996482040760718224, -1.175887595963662990 ) ) ;
#1461 = CARTESIAN_POINT ( 'NONE',  ( 5.449991199870923175, -0.8203085389236767222, -1.980399999999998606 ) ) ;
#1462 = CARTESIAN_POINT ( 'NONE',  ( 0.8399999999999998579, -3.798417501391357476, 2.919096919880845853 ) ) ;
#1463 = CARTESIAN_POINT ( 'NONE',  ( 8.474988999838654280, -1.369736545836457653, 1.369736545836457431 ) ) ;
#1464 = CARTESIAN_POINT ( 'NONE',  ( 4.649988266494568201, -1.980399999999995941, -0.8203085389236761671 ) ) ;
#1465 = CARTESIAN_POINT ( 'NONE',  ( 10.29998826649456944, -1.400354269461835388, -1.400354269461835610 ) ) ;
#1466 = CARTESIAN_POINT ( 'NONE',  ( 14.64999119987092158, 0.8203085389236777214, 1.980399999999998606 ) ) ;
#1467 = CARTESIAN_POINT ( 'NONE',  ( 7.999991199870922998, 1.400354269461837831, -1.400354269461837831 ) ) ;
#1468 = CARTESIAN_POINT ( 'NONE',  ( 14.54999119987092193, 1.980399999999998162, 0.8203085389236781655 ) ) ;
#1469 = CARTESIAN_POINT ( 'NONE',  ( 7.949979466365496350, -1.035533905932737753, 2.499999999999996447 ) ) ;
#1470 = CARTESIAN_POINT ( 'NONE',  ( 0.08174185994869707927, -1.590469753034717604, 0.2452255798423447208 ) ) ;
#1471 = CARTESIAN_POINT ( 'NONE',  ( 16.67498899983865357, -1.369736545836457431, -1.369736545836457653 ) ) ;
#1472 = CARTESIAN_POINT ( 'NONE',  ( 14.59998826649456838, 1.980399999999995941, 0.000000000000000000 ) ) ;
#1473 = CARTESIAN_POINT ( 'NONE',  ( 2.910020556133152692, 1.810966937123021703, 1.747536987221604443 ) ) ;
#1474 = CARTESIAN_POINT ( 'NONE',  ( 3.076866459631894646, -0.5786092643188356366, -1.876455122006917220 ) ) ;
#1475 = CARTESIAN_POINT ( 'NONE',  ( 8.849999999999997868, -1.035533905932737753, 2.499999999999996447 ) ) ;
#1476 = EDGE_CURVE ( 'NONE', #449, #3422, #3309, .T. ) ;
#1477 = CARTESIAN_POINT ( 'NONE',  ( -1.224698418616533548E-17, 0.000000000000000000, 0.000000000000000000 ) ) ;
#1478 = CARTESIAN_POINT ( 'NONE',  ( 11.22499046652683319, 1.369736545836458763, -1.369736545836458763 ) ) ;
#1479 = CARTESIAN_POINT ( 'NONE',  ( 2.816654219044428142, -0.2592139723546265651, 1.955694350692346317 ) ) ;
#1480 = ORIENTED_EDGE ( 'NONE', *, *, #5530, .F. ) ;
#1481 = CARTESIAN_POINT ( 'NONE',  ( 3.799979466365496883, 1.767766952966366212, 1.767766952966367100 ) ) ;
#1482 = CARTESIAN_POINT ( 'NONE',  ( 2.583332619216649029, -2.228195700821859138, 0.2884554089677163202 ) ) ;
#1483 = CARTESIAN_POINT ( 'NONE',  ( 3.266654219044545560, 0.6519096097163740167, -1.124676959685289912 ) ) ;
#1484 = CARTESIAN_POINT ( 'NONE',  ( 13.94998826649456980, 0.8203085389236761671, 1.980399999999995053 ) ) ;
#1485 = CARTESIAN_POINT ( 'NONE',  ( 11.34997946636549671, -2.499999999999996891, -1.035533905932736642 ) ) ;
#1486 = CARTESIAN_POINT ( 'NONE',  ( 3.649991199870923353, -1.980399999999999494, 0.8203085389236765002 ) ) ;
#1487 = CARTESIAN_POINT ( 'NONE',  ( 16.25000000000000000, -2.499999999999996891, -1.035533905932736642 ) ) ;
#1488 = CARTESIAN_POINT ( 'NONE',  ( 1.873324963489217732, 0.6694445207338426407, 3.153204692291797784 ) ) ;
#1489 = CARTESIAN_POINT ( 'NONE',  ( 7.099991199870923531, 1.322592472272384401E-16, -1.980399999999998384 ) ) ;
#1490 = CARTESIAN_POINT ( 'NONE',  ( 0.8399999999999996358, 2.919096919880847185, -3.798417501391355700 ) ) ;
#1491 = CARTESIAN_POINT ( 'NONE',  ( 9.024988999838656767, 1.937099999999994049, 0.8023730916729217011 ) ) ;
#1492 = CARTESIAN_POINT ( 'NONE',  ( 3.749988266494569178, -1.980399999999996385, 0.8203085389236752789 ) ) ;
#1493 = CARTESIAN_POINT ( 'NONE',  ( 10.04998826649457122, -0.8203085389236767222, 1.980399999999995053 ) ) ;
#1494 = CARTESIAN_POINT ( 'NONE',  ( 13.29999119987092193, -1.980399999999998828, -2.425290521031417211E-16 ) ) ;
#1495 = CARTESIAN_POINT ( 'NONE',  ( 7.549991199870922820, -0.8203085389236779434, 1.980399999999997718 ) ) ;
#1496 = CARTESIAN_POINT ( 'NONE',  ( 15.39999119987092335, 1.400354269461837387, 1.400354269461838053 ) ) ;
#1497 = CARTESIAN_POINT ( 'NONE',  ( 8.699979466365496350, -4.457701599583567374E-16, 2.499999999999996891 ) ) ;
#1498 = CARTESIAN_POINT ( 'NONE',  ( 2.974504951941247644, -1.330117869021481880, -1.552973362111584654 ) ) ;
#1499 = CARTESIAN_POINT ( 'NONE',  ( 17.42498899983865712, -1.937099999999994937, -0.8023730916729207019 ) ) ;
#1500 = CARTESIAN_POINT ( 'NONE',  ( 14.94998826649456802, -1.980399999999996385, 0.8203085389236752789 ) ) ;
#1501 = CARTESIAN_POINT ( 'NONE',  ( 2.544430827578936238, 1.779960522212026941, -1.761379392509996533 ) ) ;
#1502 = CARTESIAN_POINT ( 'NONE',  ( 0.8399999999999998579, 4.626370212059313758, 1.243302455813094287 ) ) ;
#1503 = CARTESIAN_POINT ( 'NONE',  ( 9.499999999999998224, 1.767766952966366212, 1.767766952966367100 ) ) ;
#1504 = CARTESIAN_POINT ( 'NONE',  ( 8.549999999999998934, 2.499999999999996891, -1.035533905932736642 ) ) ;
#1505 = DIRECTION ( 'NONE',  ( -1.000000000000000000, 0.000000000000000000, 0.000000000000000000 ) ) ;
#1506 = CARTESIAN_POINT ( 'NONE',  ( 11.32499046652683461, 1.937099999999996269, 0.000000000000000000 ) ) ;
#1507 = CARTESIAN_POINT ( 'NONE',  ( 2.283320885711303649, -2.193927837860967678, -1.690050277911148147 ) ) ;
#1508 = ORIENTED_EDGE ( 'NONE', *, *, #1731, .T. ) ;
#1509 = CARTESIAN_POINT ( 'NONE',  ( 17.25018012089849151, -0.8552870787324018398, 1.794463148467785096 ) ) ;
#1510 =( NAMED_UNIT ( * ) PLANE_ANGLE_UNIT ( ) SI_UNIT ( $, .RADIAN. ) );
#1511 = DIRECTION ( 'NONE',  ( 0.000000000000000000, 0.000000000000000000, 1.000000000000000000 ) ) ;
#1512 = EDGE_CURVE ( 'NONE', #2627, #4444, #1090, .T. ) ;
#1513 = CARTESIAN_POINT ( 'NONE',  ( 3.366645418915468646, -1.837787295428751300, -1.062914656245661726 ) ) ;
#1514 = CARTESIAN_POINT ( 'NONE',  ( 14.94998826649456802, -1.980399999999995941, 0.8203085389236750569 ) ) ;
#1515 = CARTESIAN_POINT ( 'NONE',  ( 9.599979466365496705, -1.767766952966367100, 1.767766952966366434 ) ) ;
#1516 = CARTESIAN_POINT ( 'NONE',  ( 15.84999999999999964, 2.499999999999996447, 1.035533905932737975 ) ) ;
#1517 = CARTESIAN_POINT ( 'NONE',  ( 3.499991199870922998, -3.583736520904984354E-16, 1.980399999999998828 ) ) ;
#1518 = CARTESIAN_POINT ( 'NONE',  ( 15.34999999999999964, -2.499999999999997335, 1.035533905932735976 ) ) ;
#1519 = CARTESIAN_POINT ( 'NONE',  ( 3.016657152420910037, -0.9262582715337632777, -1.210513020713110066 ) ) ;
#1520 = CARTESIAN_POINT ( 'NONE',  ( 13.92499046652683248, -3.342758947554081346E-16, 1.937099999999996269 ) ) ;
#1521 = CARTESIAN_POINT ( 'NONE',  ( 4.149991199870922465, 1.980399999999998162, 0.8203085389236781655 ) ) ;
#1522 = CARTESIAN_POINT ( 'NONE',  ( 10.89998826649456909, -1.400354269461835832, 1.400354269461835388 ) ) ;
#1523 = PLANE ( 'NONE',  #1188 ) ;
#1524 = ORIENTED_EDGE ( 'NONE', *, *, #2082, .F. ) ;
#1525 = CARTESIAN_POINT ( 'NONE',  ( 7.524988999838654991, 0.8023730916729209239, 1.937099999999994493 ) ) ;
#1526 = CARTESIAN_POINT ( 'NONE',  ( 5.299988266494567668, -1.400354269461836054, 1.400354269461835610 ) ) ;
#1527 = CARTESIAN_POINT ( 'NONE',  ( 5.999988266494568734, -3.545022711389251079E-16, 1.980399999999995497 ) ) ;
#1528 = CARTESIAN_POINT ( 'NONE',  ( 14.14999119987092335, -1.980399999999999050, -0.8203085389236773883 ) ) ;
#1529 = CARTESIAN_POINT ( 'NONE',  ( 5.599991199870922642, 1.400354269461837831, -1.400354269461837831 ) ) ;
#1530 = CARTESIAN_POINT ( 'NONE',  ( 12.64999119987092158, -0.8203085389236767222, -1.980399999999998606 ) ) ;
#1531 = CARTESIAN_POINT ( 'NONE',  ( 10.34997946636549671, -1.035533905932737753, 2.499999999999996447 ) ) ;
#1532 = CARTESIAN_POINT ( 'NONE',  ( 16.19999119987092229, 1.400354269461837387, 1.400354269461838053 ) ) ;
#1533 = CARTESIAN_POINT ( 'NONE',  ( 16.52498899983865499, -1.937099999999995603, 0.8023730916729199247 ) ) ;
#1534 = CARTESIAN_POINT ( 'NONE',  ( 15.49998826649456873, 1.400354269461835388, 1.400354269461836054 ) ) ;
#1535 = CARTESIAN_POINT ( 'NONE',  ( 1.966657152420915100, -1.547868801131566219, 2.679215985716926873 ) ) ;
#1536 = CARTESIAN_POINT ( 'NONE',  ( 0.8399999999999998579, -4.750000000000000888, -0.6217735404963300461 ) ) ;
#1537 = CARTESIAN_POINT ( 'NONE',  ( 9.949999999999999289, -1.035533905932736420, -2.499999999999996891 ) ) ;
#1538 = CARTESIAN_POINT ( 'NONE',  ( 9.449999999999997513, 2.499999999999996447, 1.035533905932737975 ) ) ;
#1539 = CARTESIAN_POINT ( 'NONE',  ( 2.415540413207492687, -0.8660254037844390407, 1.500000000000000000 ) ) ;
#1540 = COLOUR_RGB ( '',0.3764705882352941124, 0.3764705882352941124, 0.3764705882352941124 ) ;
#1541 = CARTESIAN_POINT ( 'NONE',  ( 11.62499046652683354, -1.369736545836458985, 1.369736545836458541 ) ) ;
#1542 = CARTESIAN_POINT ( 'NONE',  ( 2.066654219044513408, -1.547868801154345331, 2.679215985680771350 ) ) ;
#1543 = ORIENTED_EDGE ( 'NONE', *, *, #664, .T. ) ;
#1544 = CARTESIAN_POINT ( 'NONE',  ( 13.79999119987092371, 1.400354269461837387, 1.400354269461838053 ) ) ;
#1545 = TOROIDAL_SURFACE ( 'NONE', #2359, 2.799999999999998046, 0.2999999999999999889 ) ;
#1546 = CARTESIAN_POINT ( 'NONE',  ( 3.516645418915458787, 0.2496062643770010636, -1.882269498142433051 ) ) ;
#1547 = CARTESIAN_POINT ( 'NONE',  ( -2.171763210317985419E-16, -3.783495063501954636, -2.180670180350985810 ) ) ;
#1548 = CARTESIAN_POINT ( 'NONE',  ( 12.29997946636549777, 1.721280347267725846E-16, -2.499999999999996891 ) ) ;
#1549 = CARTESIAN_POINT ( 'NONE',  ( 15.45000000000000107, -2.499999999999996891, -1.035533905932736864 ) ) ;
#1550 = CARTESIAN_POINT ( 'NONE',  ( 5.849991199870923531, 0.8203085389236777214, 1.980399999999998606 ) ) ;
#1551 = CARTESIAN_POINT ( 'NONE',  ( 17.39999999999999858, 2.499999999999996891, 0.000000000000000000 ) ) ;
#1552 = CARTESIAN_POINT ( 'NONE',  ( 3.058321619055346829, -1.210850805505343075, -0.9345678749362029691 ) ) ;
#1553 = CARTESIAN_POINT ( 'NONE',  ( 13.57499046652683461, 0.8023730916729211460, -1.937099999999996713 ) ) ;
#1554 = CARTESIAN_POINT ( 'NONE',  ( 3.699991199870923175, -1.980399999999998384, -2.425290521031416718E-16 ) ) ;
#1555 = CARTESIAN_POINT ( 'NONE',  ( 10.24998826649456518, -1.980399999999995497, -0.8203085389236758340 ) ) ;
#1556 = ADVANCED_FACE ( 'NONE', ( #4550, #4490 ), #2327, .T. ) ;
#1557 = CARTESIAN_POINT ( 'NONE',  ( 0.8399999999999997469, -4.750000000000000888, 0.6217735460229789624 ) ) ;
#1558 = CARTESIAN_POINT ( 'NONE',  ( 7.174988999838655346, 1.297240250650369034E-16, -1.937099999999994715 ) ) ;
#1559 = CARTESIAN_POINT ( 'NONE',  ( 4.549988266494567668, -1.980399999999996385, 0.8203085389236752789 ) ) ;
#1560 = CARTESIAN_POINT ( 'NONE',  ( 7.049988266494567668, -1.980399999999995497, -0.8203085389236758340 ) ) ;
#1561 = CARTESIAN_POINT ( 'NONE',  ( 12.89999119987092335, 1.980399999999998828, 0.000000000000000000 ) ) ;
#1562 = CARTESIAN_POINT ( 'NONE',  ( 5.399991199870923353, -1.400354269461837609, -1.400354269461837831 ) ) ;
#1563 = CARTESIAN_POINT ( 'NONE',  ( 6.499999999999999112, -1.767766952966367100, 1.767766952966366434 ) ) ;
#1564 = CARTESIAN_POINT ( 'NONE',  ( 12.44999119987092406, -1.980399999999999050, 0.8203085389236763891 ) ) ;
#1565 = CARTESIAN_POINT ( 'NONE',  ( 8.199979466365496350, -1.767766952966366434, -1.767766952966366878 ) ) ;
#1566 = CARTESIAN_POINT ( 'NONE',  ( 16.94999119987092229, 1.980399999999997718, 0.8203085389236781655 ) ) ;
#1567 = CARTESIAN_POINT ( 'NONE',  ( 15.77498899983865321, -1.937099999999994715, -2.372263314628331252E-16 ) ) ;
#1568 = CARTESIAN_POINT ( 'NONE',  ( 13.49998826649456873, -1.400354269461835610, -1.400354269461835832 ) ) ;
#1569 = CARTESIAN_POINT ( 'NONE',  ( 16.69998826649456802, -1.400354269461835388, -1.400354269461835610 ) ) ;
#1570 = CARTESIAN_POINT ( 'NONE',  ( 0.8399999999999998579, 4.750000000000000888, 0.6217735404957802636 ) ) ;
#1571 = CARTESIAN_POINT ( 'NONE',  ( 7.249999999999997335, -1.035533905932737753, 2.499999999999996447 ) ) ;
#1572 = CARTESIAN_POINT ( 'NONE',  ( -999.0000000000000000, 0.000000000000000000, 0.000000000000000000 ) ) ;
#1573 = CARTESIAN_POINT ( 'NONE',  ( 10.47499046652683319, 1.937099999999996713, -0.8023730916729211460 ) ) ;
#1574 = CARTESIAN_POINT ( 'NONE',  ( 2.133320885711271764, -2.595297794731021401, 1.492169639334036013 ) ) ;
#1575 = CARTESIAN_POINT ( 'NONE',  ( 2.666665952550145935, -1.837787296049800512, -1.062914655428623512 ) ) ;
#1576 = CARTESIAN_POINT ( 'NONE',  ( 12.89999119987092335, 1.980399999999998384, 0.000000000000000000 ) ) ;
#1577 = DIRECTION ( 'NONE',  ( 0.000000000000000000, 0.000000000000000000, 1.000000000000000000 ) ) ;
#1578 = CARTESIAN_POINT ( 'NONE',  ( 2.766654219044621499, 0.5283329419994126086, 1.978221370719864147 ) ) ;
#1579 = CARTESIAN_POINT ( 'NONE',  ( -2.168404344971008868E-16, 4.626370212059891962, -1.243302455812615337 ) ) ;
#1580 = CARTESIAN_POINT ( 'NONE',  ( 7.849979466365496705, 1.035533905932736864, 2.499999999999996447 ) ) ;
#1581 = CARTESIAN_POINT ( 'NONE',  ( 14.49999999999999822, -1.767766952966367100, 1.767766952966366434 ) ) ;
#1582 = CARTESIAN_POINT ( 'NONE',  ( 17.02499046652683390, 1.369736545836458319, 1.369736545836458985 ) ) ;
#1583 = CARTESIAN_POINT ( 'NONE',  ( 16.94999999999999929, -2.499999999999997335, 1.035533905932735976 ) ) ;
#1584 = CARTESIAN_POINT ( 'NONE',  ( 2.508323085743537462, 2.258319596454230638, -0.2924024743698457329 ) ) ;
#1585 = CARTESIAN_POINT ( 'NONE',  ( -1.808957999031358512E-16, 0.5660739880712338801, 4.330071440916664294 ) ) ;
#1586 = CARTESIAN_POINT ( 'NONE',  ( 9.649988266494569089, 0.8203085389236757230, -1.980399999999995497 ) ) ;
#1587 = CARTESIAN_POINT ( 'NONE',  ( 17.20881666452400083, 0.1410668945436325261, 2.011009223178209293 ) ) ;
#1588 = CARTESIAN_POINT ( 'NONE',  ( 6.224988999838655168, -1.937099999999994937, -0.8023730916729207019 ) ) ;
#1589 = CARTESIAN_POINT ( 'NONE',  ( 15.84997946636549315, 1.035533905932736864, 2.499999999999996447 ) ) ;
#1590 = CARTESIAN_POINT ( 'NONE',  ( 5.649988266494567313, 0.8203085389236757230, -1.980399999999995497 ) ) ;
#1591 = CARTESIAN_POINT ( 'NONE',  ( 10.69999119987092406, -3.472240618675914208E-16, 1.980399999999998828 ) ) ;
#1592 = CARTESIAN_POINT ( 'NONE',  ( 7.399991199870923353, 1.400354269461837387, 1.400354269461838053 ) ) ;
#1593 = CARTESIAN_POINT ( 'NONE',  ( 5.299999999999997158, 1.767766952966366878, -1.767766952966366878 ) ) ;
#1594 = CARTESIAN_POINT ( 'NONE',  ( 11.34999119987092442, 1.980399999999998162, 0.8203085389236781655 ) ) ;
#1595 = EDGE_CURVE ( 'NONE', #2627, #4444, #4756, .T. ) ;
#1596 = CARTESIAN_POINT ( 'NONE',  ( 5.649979466365495639, -2.499999999999997335, 1.035533905932735976 ) ) ;
#1597 = CARTESIAN_POINT ( 'NONE',  ( 15.14999119987092335, 0.8203085389236771663, -1.980399999999998384 ) ) ;
#1598 = CARTESIAN_POINT ( 'NONE',  ( 13.92498899983865535, 0.8023730916729209239, 1.937099999999994493 ) ) ;
#1599 = CARTESIAN_POINT ( 'NONE',  ( 16.09998826649457015, 1.400354269461835832, -1.400354269461835832 ) ) ;
#1600 = CARTESIAN_POINT ( 'NONE',  ( 15.29998826649456767, 1.400354269461835610, -1.400354269461835610 ) ) ;
#1601 = CARTESIAN_POINT ( 'NONE',  ( 0.8399999999999998579, -4.150485346797900377, -2.392190151655289032 ) ) ;
#1602 = CARTESIAN_POINT ( 'NONE',  ( 8.849999999999997868, -1.035533905932737753, 2.499999999999996447 ) ) ;
#1603 = CARTESIAN_POINT ( 'NONE',  ( 6.299999999999998046, 1.767766952966366212, 1.767766952966367100 ) ) ;
#1604 = CARTESIAN_POINT ( 'NONE',  ( 1.399999999999999689, 1.657019262140840388, 4.000398375773872139 ) ) ;
#1605 = CARTESIAN_POINT ( 'NONE',  ( 7.274990466526833011, 1.937099999999996713, -0.8023730916729211460 ) ) ;
#1606 = CARTESIAN_POINT ( 'NONE',  ( 2.266654219044510921, -2.420126146661976563, -1.398542270318047009 ) ) ;
#1607 = VERTEX_POINT ( 'NONE', #2273 ) ;
#1608 = CARTESIAN_POINT ( 'NONE',  ( 12.34999119987092442, -0.8203085389236779434, 1.980399999999997718 ) ) ;
#1609 = CARTESIAN_POINT ( 'NONE',  ( 2.999999285883337752, 1.610464477574515385, -1.402164780948711407E-05 ) ) ;
#1610 = CARTESIAN_POINT ( 'NONE',  ( 8.999979466365497061, -1.767766952966366434, -1.767766952966366878 ) ) ;
#1611 = CARTESIAN_POINT ( 'NONE',  ( 14.64999999999999858, -2.499999999999996891, -1.035533905932736864 ) ) ;
#1612 = CARTESIAN_POINT ( 'NONE',  ( 16.97499046652683319, 1.937099999999996269, 0.8023730916729223672 ) ) ;
#1613 = CARTESIAN_POINT ( 'NONE',  ( 16.89999999999999858, -1.767766952966367100, 1.767766952966366434 ) ) ;
#1614 = CARTESIAN_POINT ( 'NONE',  ( 2.791656419076828044, -0.9287561846574133861, 1.605021560007549031 ) ) ;
#1615 = CARTESIAN_POINT ( 'NONE',  ( -1.766433925211131003E-16, -2.179976094348843318, 3.783705236246680759 ) ) ;
#1616 = CARTESIAN_POINT ( 'NONE',  ( 9.299988266494567668, -1.400354269461835832, 1.400354269461835388 ) ) ;
#1617 = CARTESIAN_POINT ( 'NONE',  ( 2.733323819087719819, -0.5083996545274183099, 1.879491460645956291 ) ) ;
#1618 = CARTESIAN_POINT ( 'NONE',  ( 5.924988999838655346, 0.8023730916729209239, 1.937099999999994493 ) ) ;
#1619 = CARTESIAN_POINT ( 'NONE',  ( 3.349988266494567490, 1.980399999999995941, -0.8203085389236758340 ) ) ;
#1620 = CARTESIAN_POINT ( 'NONE',  ( 7.899988266494568201, -1.400354269461835388, -1.400354269461835610 ) ) ;
#1621 = CARTESIAN_POINT ( 'NONE',  ( 9.949991199870922287, -0.8203085389236781655, 1.980399999999998606 ) ) ;
#1622 = CARTESIAN_POINT ( 'NONE',  ( 4.199991199870924063, 1.400354269461837387, 1.400354269461838053 ) ) ;
#1623 = CARTESIAN_POINT ( 'NONE',  ( 7.199999999999998401, -4.480929594573498897E-16, 2.499999999999996891 ) ) ;
#1624 = CARTESIAN_POINT ( 'NONE',  ( 11.94999119987092229, 0.8203085389236769442, -1.980399999999998606 ) ) ;
#1625 = CARTESIAN_POINT ( 'NONE',  ( 4.799979466365495995, -1.767766952966367100, 1.767766952966366434 ) ) ;
#1626 = CARTESIAN_POINT ( 'NONE',  ( 15.79999119987092548, -1.400354269461837609, -1.400354269461837831 ) ) ;
#1627 = CARTESIAN_POINT ( 'NONE',  ( 15.32498899983865570, 1.937099999999994937, -0.8023730916729204798 ) ) ;
#1628 = CARTESIAN_POINT ( 'NONE',  ( 11.09998826649456838, -1.400354269461835610, -1.400354269461835832 ) ) ;
#1629 = CARTESIAN_POINT ( 'NONE',  ( 16.54998826649456589, -1.980399999999995941, 0.8203085389236751679 ) ) ;
#1630 = CARTESIAN_POINT ( 'NONE',  ( 1.399999999999999689, 4.626370212059476295, -1.243302455813084739 ) ) ;
#1631 = CARTESIAN_POINT ( 'NONE',  ( 6.899999999999998579, 1.767766952966366878, -1.767766952966366878 ) ) ;
#1632 = CARTESIAN_POINT ( 'NONE',  ( 16.04997946636549599, -2.499999999999997335, 1.035533905932735976 ) ) ;
#1633 = CARTESIAN_POINT ( 'NONE',  ( 9.074990466526834609, 0.8023730916729214790, 1.937099999999996269 ) ) ;
#1634 = CARTESIAN_POINT ( 'NONE',  ( 0.5599999999999998312, 4.626370214174501783, 1.243302450706583739 ) ) ;
#1635 = CARTESIAN_POINT ( 'NONE',  ( 2.766665952550042107, -0.5091107227026305804, -1.906708970585992313 ) ) ;
#1636 = CARTESIAN_POINT ( 'NONE',  ( 2.483312085582114026, -3.414243125187011785, 0.4437191597720664404 ) ) ;
#1637 = CARTESIAN_POINT ( 'NONE',  ( 7.199979466365497238, -1.767766952966367100, 1.767766952966366434 ) ) ;
#1638 = CARTESIAN_POINT ( 'NONE',  ( 15.25000000000000000, -1.035533905932737753, 2.499999999999996447 ) ) ;
#1639 = CARTESIAN_POINT ( 'NONE',  ( 16.92499046652683603, 1.937099999999996269, 0.000000000000000000 ) ) ;
#1640 = CARTESIAN_POINT ( 'NONE',  ( 2.041656419076736562, -2.361433169157733492, 1.810763248595478991 ) ) ;
#1641 = CARTESIAN_POINT ( 'NONE',  ( 2.999991199870922554, -1.400354269461837609, -1.400354269461837831 ) ) ;
#1642 = CARTESIAN_POINT ( 'NONE',  ( 10.39998826649456909, 1.373694715369117170E-16, -1.980399999999995497 ) ) ;
#1643 = CARTESIAN_POINT ( 'NONE',  ( 2.983323819087567053, -1.245476534732392837, -0.9611775512769534791 ) ) ;
#1644 = CARTESIAN_POINT ( 'NONE',  ( 4.574988999838654813, -1.937099999999994715, -2.372263314628331252E-16 ) ) ;
#1645 = CARTESIAN_POINT ( 'NONE',  ( 16.74997946636549884, -1.035533905932737753, 2.499999999999996447 ) ) ;
#1646 = CARTESIAN_POINT ( 'NONE',  ( 6.799988266494567668, -3.532634277808242956E-16, 1.980399999999995497 ) ) ;
#1647 = CARTESIAN_POINT ( 'NONE',  ( 11.69999119987092406, -1.980399999999998828, -2.425290521031417211E-16 ) ) ;
#1648 = CARTESIAN_POINT ( 'NONE',  ( 3.699991199870923175, -1.980399999999998384, -2.425290521031416718E-16 ) ) ;
#1649 = CARTESIAN_POINT ( 'NONE',  ( 7.349999999999999645, -2.499999999999997335, 1.035533905932735976 ) ) ;
#1650 = CARTESIAN_POINT ( 'NONE',  ( 10.94999119987092406, -1.980399999999998606, -0.8203085389236771663 ) ) ;
#1651 = CARTESIAN_POINT ( 'NONE',  ( 5.949979466365496350, 1.035533905932736642, -2.499999999999996891 ) ) ;
#1652 = CARTESIAN_POINT ( 'NONE',  ( 14.29999119987092371, 1.434088374501454793E-16, -1.980399999999998384 ) ) ;
#1653 = CARTESIAN_POINT ( 'NONE',  ( 14.67498899983865535, 1.369736545836457431, 1.369736545836457653 ) ) ;
#1654 = CARTESIAN_POINT ( 'NONE',  ( 10.64998826649456909, 1.980399999999995497, 0.8203085389236771663 ) ) ;
#1655 = CARTESIAN_POINT ( 'NONE',  ( 15.79998826649457122, -1.980399999999995497, -2.425290521031412773E-16 ) ) ;
#1656 = DIRECTION ( 'NONE',  ( 1.000000000000000000, -0.000000000000000000, -0.000000000000000000 ) ) ;
#1657 = CARTESIAN_POINT ( 'NONE',  ( 5.699999999999998401, -1.767766952966367100, 1.767766952966366434 ) ) ;
#1658 = CARTESIAN_POINT ( 'NONE',  ( 14.34997946636549671, -1.035533905932737753, 2.499999999999996447 ) ) ;
#1659 = CARTESIAN_POINT ( 'NONE',  ( 8.224990466526834965, 1.369736545836458319, 1.369736545836458985 ) ) ;
#1660 = CARTESIAN_POINT ( 'NONE',  ( 2.883312085582207640, 2.821219413110543695, -0.3660872842382243975 ) ) ;
#1661 = CARTESIAN_POINT ( 'NONE',  ( 2.716665952550032515, -1.245578574531488902, -1.626018499439295217 ) ) ;
#1662 = EDGE_CURVE ( 'NONE', #3422, #4300, #1983, .T. ) ;
#1663 = CARTESIAN_POINT ( 'NONE',  ( 3.216645418915626831, -1.863127883483809200, 1.427801232990819624 ) ) ;
#1664 = CARTESIAN_POINT ( 'NONE',  ( 8.049979466365495995, -2.499999999999997335, 1.035533905932735976 ) ) ;
#1665 = CARTESIAN_POINT ( 'NONE',  ( 16.52499046652683745, -1.937099999999996269, -2.372263314628333717E-16 ) ) ;
#1666 = CARTESIAN_POINT ( 'NONE',  ( 1.884991469012622156, 0.9834224013446472012, 3.026610423121780524 ) ) ;
#1667 = CARTESIAN_POINT ( 'NONE',  ( -1.841407551712233516E-16, 2.661548123275666367, -3.462097634513024325 ) ) ;
#1668 = CARTESIAN_POINT ( 'NONE',  ( 8.199988266494568023, 1.980399999999995497, 0.000000000000000000 ) ) ;
#1669 = CARTESIAN_POINT ( 'NONE',  ( 17.22637378826717125, -0.3099343949338258519, 1.974277631796844457 ) ) ;
#1670 = CARTESIAN_POINT ( 'NONE',  ( 3.424988999838654902, 1.937099999999994049, 0.8023730916729217011 ) ) ;
#1671 = CARTESIAN_POINT ( 'NONE',  ( 17.89997946636549742, 1.807999382334780239E-16, -2.499999999999996891 ) ) ;
#1672 = CARTESIAN_POINT ( 'NONE',  ( 3.749988266494569178, -1.980399999999995941, 0.8203085389236751679 ) ) ;
#1673 = CARTESIAN_POINT ( 'NONE',  ( 11.64999119987092513, -1.980399999999999494, 0.8203085389236765002 ) ) ;
#1674 = CARTESIAN_POINT ( 'NONE',  ( 4.549991199870925485, -1.980399999999998384, -0.8203085389236771663 ) ) ;
#1675 = CARTESIAN_POINT ( 'NONE',  ( 4.750000000000000000, 1.035533905932736864, 2.499999999999996447 ) ) ;
#1676 = CARTESIAN_POINT ( 'NONE',  ( 8.499991199870922998, -1.980399999999998384, -2.425290521031416718E-16 ) ) ;
#1677 = CARTESIAN_POINT ( 'NONE',  ( 6.549979466365495995, -2.499999999999996891, -1.035533905932736864 ) ) ;
#1678 = CARTESIAN_POINT ( 'NONE',  ( 12.92498899983865535, 1.937099999999994937, -0.8023730916729204798 ) ) ;
#1679 = CARTESIAN_POINT ( 'NONE',  ( 10.29998826649456944, -1.400354269461835610, -1.400354269461835832 ) ) ;
#1680 = CARTESIAN_POINT ( 'NONE',  ( 1.399999999999999689, -0.5667956695466792594, 4.330000000000000071 ) ) ;
#1681 = CARTESIAN_POINT ( 'NONE',  ( 5.799999999999998046, -2.499999999999996891, -3.061616997868379197E-16 ) ) ;
#1682 = CARTESIAN_POINT ( 'NONE',  ( 14.54997946636549599, -2.499999999999996891, -1.035533905932736864 ) ) ;
#1683 = CARTESIAN_POINT ( 'NONE',  ( 7.674990466526834254, -1.937099999999996935, 0.8023730916729207019 ) ) ;
#1684 = CARTESIAN_POINT ( 'NONE',  ( 0.5599999999999996092, -4.749999999999999112, -9.757819552369539906E-16 ) ) ;
#1685 = CARTESIAN_POINT ( 'NONE',  ( 2.083332619216653026, 1.827149842721770945, -2.372322457802389817 ) ) ;
#1686 = CARTESIAN_POINT ( 'NONE',  ( 0.5599999999999997202, 2.919096923789100018, 3.798417497483102867 ) ) ;
#1687 = CARTESIAN_POINT ( 'NONE',  ( 2.916645418915496446, 2.771807091506518717, 0.3660385884408718371 ) ) ;
#1688 = EDGE_LOOP ( 'NONE', ( #4499, #749, #5271, #2707 ) ) ;
#1689 = CARTESIAN_POINT ( 'NONE',  ( 8.099979466365496705, -2.499999999999996891, -3.061616997868379197E-16 ) ) ;
#1690 = CARTESIAN_POINT ( 'NONE',  ( 17.27499046652683745, -1.937099999999996935, 0.8023730916729207019 ) ) ;
#1691 = CARTESIAN_POINT ( 'NONE',  ( 3.183320885711269810, -0.1816215442058252971, -1.412084165250809153 ) ) ;
#1692 = PLANE ( 'NONE',  #2093 ) ;
#1693 = CARTESIAN_POINT ( 'NONE',  ( 8.349988266494568379, 0.8203085389236761671, 1.980399999999995053 ) ) ;
#1694 = CARTESIAN_POINT ( 'NONE',  ( -1.224698418616533548E-17, 0.000000000000000000, 0.000000000000000000 ) ) ;
#1695 = CARTESIAN_POINT ( 'NONE',  ( 15.29998826649456767, 1.400354269461835610, -1.400354269461835610 ) ) ;
#1696 = B_SPLINE_CURVE_WITH_KNOTS ( 'NONE', 3,
 ( #1381, #259, #1434, #2805, #4962, #4541, #2408, #2719, #4512, #1075 ),
 .UNSPECIFIED., .F., .F.,
 ( 4, 2, 2, 2, 4 ),
 ( 0.001485066335622206623, 0.001922943796315269025, 0.002360821257008331210, 0.002798698717701393612, 0.003236576178394456882 ),
 .UNSPECIFIED. ) ;
#1697 = CARTESIAN_POINT ( 'NONE',  ( 18.09997946636549671, 2.499999999999996891, 0.000000000000000000 ) ) ;
#1698 = CARTESIAN_POINT ( 'NONE',  ( 4.199988266494568023, 1.980399999999995497, 0.000000000000000000 ) ) ;
#1699 = CARTESIAN_POINT ( 'NONE',  ( 11.89999119987092335, 1.396923073758431657E-16, -1.980399999999998828 ) ) ;
#1700 = CARTESIAN_POINT ( 'NONE',  ( 4.699999999999997513, 1.767766952966366212, 1.767766952966367100 ) ) ;
#1701 = CARTESIAN_POINT ( 'NONE',  ( 10.04999119987092193, -1.980399999999999050, 0.8203085389236763891 ) ) ;
#1702 = CARTESIAN_POINT ( 'NONE',  ( 4.999979466365496172, -1.767766952966366434, -1.767766952966366878 ) ) ;
#1703 = CARTESIAN_POINT ( 'NONE',  ( 13.02498899983865321, 1.937099999999994049, 0.8023730916729217011 ) ) ;
#1704 = CARTESIAN_POINT ( 'NONE',  ( 10.04998826649457122, -0.8203085389236768332, 1.980399999999995497 ) ) ;
#1705 = CARTESIAN_POINT ( 'NONE',  ( 13.59998826649456838, 1.423248449693148181E-16, -1.980399999999995497 ) ) ;
#1706 = CARTESIAN_POINT ( 'NONE',  ( 1.399999999999999689, -3.783495063502196221, -2.180670180351058640 ) ) ;
#1707 = CARTESIAN_POINT ( 'NONE',  ( 12.04999119987092371, 1.980399999999998384, -0.8203085389236769442 ) ) ;
#1708 = CARTESIAN_POINT ( 'NONE',  ( 4.099999999999997868, -1.767766952966367100, 1.767766952966366434 ) ) ;
#1709 = B_SPLINE_CURVE_WITH_KNOTS ( 'NONE', 3,
 ( #5323, #106, #53, #1802, #5240, #5270, #3160, #2735, #1007, #529, #4033, #81, #3983, #3188, #2654, #4811, #1828, #1449, #932, #905, #1370, #3960, #958, #1423, #3560, #5296, #1394, #3669, #4062, #5380, #4092, #3698, #2423, #1604, #4977, #4918, #3216, #214, #4153, #4588, #2792, #2854, #730, #185, #4186, #1120, #1939, #701, #1033, #4947, #673, #1912 ),
 .UNSPECIFIED., .T., .F.,
 ( 4, 3, 3, 3, 3, 3, 3, 3, 3, 3, 3, 3, 3, 3, 3, 3, 3, 4 ),
 ( 0.000000000000000000, 0.05882352941176470507, 0.1176470588235294101, 0.1764705882352941291, 0.2352941176470588203, 0.2941176470588235392, 0.3529411764705882582, 0.4117647058823529216, 0.4705882352941176405, 0.5294117647058823595, 0.5882352941176470784, 0.6470588235294117974, 0.7058823529411765163, 0.7647058823529411242, 0.8235294117647058432, 0.8823529411764705621, 0.9411764705882352811, 1.000000000000000000 ),
 .UNSPECIFIED. ) ;
#1710 = CARTESIAN_POINT ( 'NONE',  ( 16.54997946636549599, 2.499999999999996447, 1.035533905932737975 ) ) ;
#1711 = CARTESIAN_POINT ( 'NONE',  ( 9.274990466526833899, -1.937099999999996935, 0.8023730916729207019 ) ) ;
#1712 = CARTESIAN_POINT ( 'NONE',  ( 3.216645418915397237, -1.863127883150236253, 1.427801233510291423 ) ) ;
#1713 = CARTESIAN_POINT ( 'NONE',  ( 1.666665952549990060, -1.809549223017098640, 3.133235387717925313 ) ) ;
#1714 = CARTESIAN_POINT ( 'NONE',  ( -6.505213034913026604E-16, 3.798417497483042027, 2.919096923789038733 ) ) ;
#1715 = CARTESIAN_POINT ( 'NONE',  ( 11.99999999999999822, -4.406598993087451640E-16, 2.499999999999996891 ) ) ;
#1716 = CARTESIAN_POINT ( 'NONE',  ( 2.816665952549960661, 0.2496062643770010636, -1.882269498142433051 ) ) ;
#1717 = EDGE_LOOP ( 'NONE', ( #3108, #2600, #1914, #906 ) ) ;
#1718 = CARTESIAN_POINT ( 'NONE',  ( 11.14999999999999858, 1.035533905932736864, 2.499999999999996447 ) ) ;
#1719 = CARTESIAN_POINT ( 'NONE',  ( 2.841654952388652067, -0.9287561846573990643, 1.605021560007493076 ) ) ;
#1720 = DIRECTION ( 'NONE',  ( 0.000000000000000000, 0.000000000000000000, -1.000000000000000000 ) ) ;
#1721 = CARTESIAN_POINT ( 'NONE',  ( 7.149988266494570865, -0.8203085389236753899, -1.980399999999995497 ) ) ;
#1722 = CARTESIAN_POINT ( 'NONE',  ( 16.80335008243889661, -2.250011334944177044, 0.8925152309364655645 ) ) ;
#1723 = CARTESIAN_POINT ( 'NONE',  ( 2.824988999838653481, -0.8023730916729214790, 1.937099999999994049 ) ) ;
#1724 = CARTESIAN_POINT ( 'NONE',  ( 13.34997946636549493, 2.499999999999996447, 1.035533905932737975 ) ) ;
#1725 = CARTESIAN_POINT ( 'NONE',  ( 2.415540413207492687, -1.732050807568877193, -5.384932408639257615E-17 ) ) ;
#1726 = CARTESIAN_POINT ( 'NONE',  ( 7.049991199870924596, -0.8203085389236768332, -1.980399999999999050 ) ) ;
#1727 = CARTESIAN_POINT ( 'NONE',  ( 5.149988266494569089, 0.8203085389236761671, 1.980399999999995053 ) ) ;
#1728 = CARTESIAN_POINT ( 'NONE',  ( 4.599999999999997868, 2.499999999999996891, 0.000000000000000000 ) ) ;
#1729 = CARTESIAN_POINT ( 'NONE',  ( 9.499991199870922998, 1.359757773015407783E-16, -1.980399999999998384 ) ) ;
#1730 = CONICAL_SURFACE ( 'NONE', #4993, 1732.050807568901064, 1.047197551196603627 ) ;
#1731 = EDGE_CURVE ( 'NONE', #2825, #5297, #5302, .T. ) ;
#1732 = CARTESIAN_POINT ( 'NONE',  ( 3.699979466365495462, 2.499999999999996891, 0.000000000000000000 ) ) ;
#1733 = CARTESIAN_POINT ( 'NONE',  ( 10.32498899983865570, -0.8023730916729203688, -1.937099999999994937 ) ) ;
#1734 = CARTESIAN_POINT ( 'NONE',  ( 11.24998826649456696, 0.8203085389236759450, -1.980399999999995941 ) ) ;
#1735 = CARTESIAN_POINT ( 'NONE',  ( 13.24998826649457229, -0.8203085389236767222, 1.980399999999995053 ) ) ;
#1736 = CARTESIAN_POINT ( 'NONE',  ( 17.39999999999999858, 1.819200000000001261, 0.000000000000000000 ) ) ;
#1737 = CARTESIAN_POINT ( 'NONE',  ( 12.29999119987092371, -3.447463751513896977E-16, 1.980399999999998384 ) ) ;
#1738 = CARTESIAN_POINT ( 'NONE',  ( 3.349999999999998757, -2.499999999999997335, 1.035533905932735976 ) ) ;
#1739 = CARTESIAN_POINT ( 'NONE',  ( 12.84997946636549493, -2.499999999999997335, 1.035533905932735976 ) ) ;
#1740 = CARTESIAN_POINT ( 'NONE',  ( 5.524990466526833011, 1.271689129102003019E-16, -1.937099999999996269 ) ) ;
#1741 = CARTESIAN_POINT ( 'NONE',  ( 2.983312085582160655, 2.135209900903553226, 1.644931311383884598 ) ) ;
#1742 = CARTESIAN_POINT ( 'NONE',  ( 2.633323819087522999, 1.044174217464660215, 1.818037399523010356 ) ) ;
#1743 = CARTESIAN_POINT ( 'NONE',  ( 0.5599999999999997202, 2.392190151655135821, 4.150485346797963437 ) ) ;
#1744 = CARTESIAN_POINT ( 'NONE',  ( 11.44999999999999751, -2.499999999999996891, -1.035533905932736642 ) ) ;
#1745 = CARTESIAN_POINT ( 'NONE',  ( 2.766645418915544052, 1.510895396630747012, -2.615056150379572397 ) ) ;
#1746 = ORIENTED_EDGE ( 'NONE', *, *, #4159, .T. ) ;
#1747 = CARTESIAN_POINT ( 'NONE',  ( 5.399979466365495639, 1.767766952966366212, 1.767766952966367100 ) ) ;
#1748 = CARTESIAN_POINT ( 'NONE',  ( 10.84999999999999787, 1.035533905932736642, -2.499999999999996891 ) ) ;
#1749 = CARTESIAN_POINT ( 'NONE',  ( 2.158321619055299845, -2.851343194303910256, 0.3700352253280272952 ) ) ;
#1750 = CARTESIAN_POINT ( 'NONE',  ( 3.113840273700954953, -1.595105875498381787, 1.744352289654702792 ) ) ;
#1751 = CARTESIAN_POINT ( 'NONE',  ( 7.399988266494567313, 1.980399999999995497, 0.000000000000000000 ) ) ;
#1752 = CARTESIAN_POINT ( 'NONE',  ( 17.10830778805403440, 2.043653789910645724, 0.5493254649742432827 ) ) ;
#1753 = CARTESIAN_POINT ( 'NONE',  ( 17.39998826649456731, -1.980399999999995497, -2.425290521031412773E-16 ) ) ;
#1754 = CARTESIAN_POINT ( 'NONE',  ( 12.54997946636549777, 2.499999999999996447, 1.035533905932737975 ) ) ;
#1755 = CARTESIAN_POINT ( 'NONE',  ( 3.499988266494568290, 1.400354269461835166, 1.400354269461835832 ) ) ;
#1756 = CARTESIAN_POINT ( 'NONE',  ( 8.249991199870922998, 0.8203085389236777214, 1.980399999999998606 ) ) ;
#1757 = CARTESIAN_POINT ( 'NONE',  ( 4.899988266494569089, 1.400354269461835610, -1.400354269461835610 ) ) ;
#1758 = CARTESIAN_POINT ( 'NONE',  ( 2.949999999999997957, 2.499999999999996891, -1.035533905932736642 ) ) ;
#1759 = CARTESIAN_POINT ( 'NONE',  ( 9.749991199870922998, 1.980399999999998162, 0.8203085389236781655 ) ) ;
#1760 = B_SPLINE_CURVE_WITH_KNOTS ( 'NONE', 3,
 ( #2224, #3131, #79, #5266, #3186, #4861, #3158, #3981, #555, #1368, #4007, #2196, #3105, #3558, #4834, #2277, #2624, #956, #4415, #129, #3930, #527, #51, #1771, #583, #982, #2251, #1854, #4886, #1004, #2732, #2851, #2819, #3727, #2760, #640, #728, #303, #1474, #4584, #5005, #3214, #2358 ),
 .UNSPECIFIED., .F., .F.,
 ( 4, 3, 3, 3, 3, 3, 3, 3, 3, 3, 3, 3, 3, 3, 4 ),
 ( 1.321889683710896684E-16, 0.0001150730317935896532, 0.0002302469901157970533, 0.0002880337398001341694, 0.0002972545790341306446, 0.0003006129388541696609, 0.0003040181956180108597, 0.0003060180169987185912, 0.0003080343957666511123, 0.0003103234883460829086, 0.0003140847454708889136, 0.0003252807265194154317, 0.0003751187319471007168, 0.0004736795586628632739, 0.0006216909511532559213 ),
 .UNSPECIFIED. ) ;
#1761 = CARTESIAN_POINT ( 'NONE',  ( 3.849979466365496705, 1.035533905932736864, 2.499999999999996447 ) ) ;
#1762 = CARTESIAN_POINT ( 'NONE',  ( 12.07498899983865392, 1.369736545836457653, -1.369736545836457653 ) ) ;
#1763 = CARTESIAN_POINT ( 'NONE',  ( 8.449988266494568023, -0.8203085389236768332, 1.980399999999995497 ) ) ;
#1764 = CARTESIAN_POINT ( 'NONE',  ( 13.89998826649456731, 1.400354269461835166, 1.400354269461835832 ) ) ;
#1765 = CARTESIAN_POINT ( 'NONE',  ( 10.04999119987092371, -1.980399999999998828, 0.8203085389236765002 ) ) ;
#1766 = CARTESIAN_POINT ( 'NONE',  ( 4.750000000000000000, 1.035533905932736864, 2.499999999999996447 ) ) ;
#1767 = CARTESIAN_POINT ( 'NONE',  ( 12.79997946636549777, -1.767766952966367100, 1.767766952966366434 ) ) ;
#1768 = CARTESIAN_POINT ( 'NONE',  ( 4.374990466526833544, -0.8023730916729222562, 1.937099999999996269 ) ) ;
#1769 = CARTESIAN_POINT ( 'NONE',  ( 16.19998826649456802, 1.980399999999995941, 0.000000000000000000 ) ) ;
#1770 = CARTESIAN_POINT ( 'NONE',  ( 2.766657152420804788, -0.9505626775628742697, 1.642856630196364076 ) ) ;
#1771 = CARTESIAN_POINT ( 'NONE',  ( 3.120042965448431627, -0.4575013048067842480, -1.897145831757774737 ) ) ;
#1772 = CARTESIAN_POINT ( 'NONE',  ( 14.59999999999999787, -2.499999999999996891, -3.061616997868379197E-16 ) ) ;
#1773 = CARTESIAN_POINT ( 'NONE',  ( 1.586666424678490728, 0.3860208281621010373, 3.705813251678732545 ) ) ;
#1774 = VERTEX_POINT ( 'NONE', #1850 ) ;
#1775 = CARTESIAN_POINT ( 'NONE',  ( 15.02499046652683390, -1.369736545836458541, -1.369736545836458763 ) ) ;
#1776 = CARTESIAN_POINT ( 'NONE',  ( 3.016654219044546892, -1.659181764175239104, -0.2204036300665335735 ) ) ;
#1777 = CARTESIAN_POINT ( 'NONE',  ( -1.865493940027054081E-16, 4.216959509699621300, -1.134007751421410637 ) ) ;
#1778 = CARTESIAN_POINT ( 'NONE',  ( 8.149988266494567313, 1.980399999999995497, -0.8203085389236755010 ) ) ;
#1779 = AXIS2_PLACEMENT_3D ( 'NONE', #2303, #5404, #669 ) ;
#1780 = CARTESIAN_POINT ( 'NONE',  ( 17.07471923282679427, 2.136692016175745223, -0.3503920813498409004 ) ) ;
#1781 = CARTESIAN_POINT ( 'NONE',  ( 16.39998826649457087, -3.383973074836149429E-16, 1.980399999999995497 ) ) ;
#1782 = CARTESIAN_POINT ( 'NONE',  ( 13.64997946636549919, -2.499999999999997335, 1.035533905932735976 ) ) ;
#1783 = CARTESIAN_POINT ( 'NONE',  ( 5.099988266494567490, 1.400354269461835166, 1.400354269461835832 ) ) ;
#1784 = CARTESIAN_POINT ( 'NONE',  ( 7.699991199870923175, -1.980399999999998828, -2.425290521031417211E-16 ) ) ;
#1785 =( BOUNDED_CURVE ( )  B_SPLINE_CURVE ( 2, ( #4667, #2512, #387, #2419, #4214, #791, #2054, #4241, #359, #2944, #4693, #5150, #1569, #2913, #3301, #1629, #2107, #1229, #3334, #727, #2970, #2080, #2451, #3818, #1255, #3364, #270, #816, #3790, #5555, #1655, #4183, #5065, #2538, #2994, #5034, #3391, #4612, #5124, #697, #1600, #4149, #3726, #5469, #3759, #1146, #2883, #5528, #302, #4639, #761, #2484, #333, #5095, #1204, #519, #2564, #95, #5202, #5258, #1792, #2589, #3922, #3550, #1818, #1279, #842, #4801, #1764, #5286, #3893, #3493, #3440, #3019, #1705, #2216, #949, #3867, #493, #5175, #4293, #1735, #1359, #2671, #3097, #2616, #4407, #14, #895, #1384, #868, #410, #4349, #2242, #4745, #4827, #1306, #2159, #43, #2132, #3974, #5229, #4319, #3468, #5605, #438, #3047, #1333, #3951, #4719, #4774, #465, #2188, #3071, #69, #4380, #923, #2645, #3522, #974, #1078, #2696, #4852, #120, #3205, #4965, #2808, #3176, #147, #4934, #173, #4432, #602, #659, #233, #2322, #5338, #3577, #2722, #4878, #1465, #4485, #1050, #2780, #5368, #1493, #1956, #3999, #1437, #1845, #4049, #4544, #3656, #1873, #3148, #5396, #996, #2269, #3601, #546, #1900, #5312, #3233, #3629, #4515, #631, #4457, #4907, #2379, #4110, #1413, #2349, #575, #4080, #3686, #1022, #2751, #203, #1928, #2294, #5425, #4022, #3122, #5519, #3355, #1220, #3264, #5056, #1620, #4629, #5085, #1195, #3780, #5546, #4258, #2411, #5491, #4140, #2475, #5114, #2071, #2529, #2045, #718, #2934, #1560, #4658, #377, #4205, #1109, #1646, #752, #782, #4232, #5024, #4174, #3381, #2961, #1987, #350, #5460, #3834, #2442, #4684, #3809, #2099, #1527, #2872, #3717, #3292, #324, #1137, #4996, #1590, #4603, #2841, #4574, #689, #292, #2016, #3325, #1167, #2180, #5195, #1783, #3088, #4738, #4341, #1326, #5221, #4766, #4710, #861, #4285, #2582, #2209, #3514, #3943, #3460, #5250, #4312, #2234, #1698, #1247, #1299, #1350, #402, #4820, #430, #3012, #887, #1672, #486, #3487, #940, #3040, #1755, #2152, #3064, #3406, #3859, #5572, #6, #5143, #5597 ),
 .UNSPECIFIED., .F., .T. ) 
 B_SPLINE_CURVE_WITH_KNOTS ( ( 3, 2, 2, 2, 2, 2, 2, 2, 2, 2, 2, 2, 2, 2, 2, 2, 2, 2, 2, 2, 2, 2, 2, 2, 2, 2, 2, 2, 2, 2, 2, 2, 2, 2, 2, 2, 2, 2, 2, 2, 2, 2, 2, 2, 2, 2, 2, 2, 2, 2, 2, 2, 2, 2, 2, 2, 2, 2, 2, 2, 2, 2, 2, 2, 2, 2, 2, 2, 2, 2, 2, 2, 2, 2, 2, 2, 2, 2, 2, 2, 2, 2, 2, 2, 2, 2, 2, 2, 2, 2, 2, 2, 2, 2, 2, 2, 2, 2, 2, 2, 2, 2, 2, 2, 2, 2, 2, 2, 2, 2, 2, 2, 2, 2, 2, 2, 2, 2, 2, 2, 2, 2, 2, 2, 2, 2, 2, 2, 2, 2, 2, 2, 2, 2, 2, 2, 2, 2, 2, 2, 2, 2, 3 ),
 ( 0.03689356846076890378, 0.03947368421052631360, 0.04605263157894736586, 0.05263157894736841813, 0.05921052631578947040, 0.06578947368421052266, 0.07236842105263158187, 0.07894736842105262720, 0.08552631578947368640, 0.09210526315789473173, 0.09868421052631579093, 0.1052631578947368363, 0.1118421052631579093, 0.1184210526315789547, 0.1250000000000000000, 0.1315789473684210453, 0.1381578947368421184, 0.1447368421052631637, 0.1513157894736842091, 0.1578947368421052544, 0.1644736842105263275, 0.1710526315789473728, 0.1776315789473684181, 0.1842105263157894635, 0.1907894736842105365, 0.1973684210526315819, 0.2039473684210526272, 0.2105263157894736725, 0.2171052631578947456, 0.2236842105263157909, 0.2302631578947368363, 0.2368421052631578816, 0.2434210526315789547, 0.2500000000000000000, 0.2565789473684210731, 0.2631578947368420907, 0.2697368421052631637, 0.2763157894736842368, 0.2828947368421052544, 0.2894736842105263275, 0.2960526315789473450, 0.3026315789473684181, 0.3092105263157894912, 0.3157894736842105088, 0.3223684210526315819, 0.3289473684210526550, 0.3355263157894736725, 0.3421052631578947456, 0.3486842105263157632, 0.3552631578947368363, 0.3618421052631579093, 0.3684210526315789269, 0.3750000000000000000, 0.3815789473684210731, 0.3881578947368420907, 0.3947368421052631637, 0.4013157894736842368, 0.4078947368421052544, 0.4144736842105263275, 0.4210526315789473450, 0.4276315789473684181, 0.4342105263157894912, 0.4407894736842105088, 0.4473684210526315819, 0.4539473684210526550, 0.4605263157894736725, 0.4671052631578947456, 0.4736842105263157632, 0.4802631578947368363, 0.4868421052631579093, 0.4934210526315789269, 0.5000000000000000000, 0.5065789473684210176, 0.5131578947368421462, 0.5197368421052631637, 0.5263157894736841813, 0.5328947368421053099, 0.5394736842105263275, 0.5460526315789473450, 0.5526315789473684736, 0.5592105263157894912, 0.5657894736842105088, 0.5723684210526315264, 0.5789473684210526550, 0.5855263157894736725, 0.5921052631578946901, 0.5986842105263158187, 0.6052631578947368363, 0.6118421052631578538, 0.6184210526315789824, 0.6250000000000000000, 0.6315789473684210176, 0.6381578947368421462, 0.6447368421052631637, 0.6513157894736841813, 0.6578947368421053099, 0.6644736842105263275, 0.6710526315789473450, 0.6776315789473684736, 0.6842105263157894912, 0.6907894736842105088, 0.6973684210526315264, 0.7039473684210526550, 0.7105263157894736725, 0.7171052631578946901, 0.7236842105263158187, 0.7302631578947368363, 0.7368421052631578538, 0.7434210526315789824, 0.7500000000000000000, 0.7565789473684210176, 0.7631578947368421462, 0.7697368421052631637, 0.7763157894736841813, 0.7828947368421053099, 0.7894736842105263275, 0.7960526315789473450, 0.8026315789473685847, 0.8092105263157894912, 0.8157894736842105088, 0.8223684210526315264, 0.8289473684210527660, 0.8355263157894736725, 0.8421052631578946901, 0.8486842105263159297, 0.8552631578947369473, 0.8618421052631579649, 0.8684210526315788714, 0.8749999999999998890, 0.8815789473684211286, 0.8881578947368421462, 0.8947368421052630527, 0.9013157894736840703, 0.9078947368421053099, 0.9144736842105263275, 0.9210526315789472340, 0.9276315789473684736, 0.9342105263157894912, 0.9407894736842105088, 0.9473684210526315264, 0.9539473684210526550, 0.9605263157894736725, 0.9637849993453477815 ),
 .UNSPECIFIED. ) 
 CURVE ( )  GEOMETRIC_REPRESENTATION_ITEM ( )  RATIONAL_B_SPLINE_CURVE ( ( 0.9637096693155062788, 0.9701472582089281094, 1.000000000000000000, 0.9238795325112867385, 1.000000000000000000, 0.9238795325112867385, 1.000000000000000000, 0.9238795325112867385, 1.000000000000000000, 0.9238795325112867385, 1.000000000000000000, 0.9238795325112867385, 1.000000000000000000, 0.9238795325112867385, 1.000000000000000000, 0.9238795325112867385, 1.000000000000000000, 0.9238795325112867385, 1.000000000000000000, 0.9238795325112867385, 1.000000000000000000, 0.9238795325112867385, 1.000000000000000000, 0.9238795325112867385, 1.000000000000000000, 0.9238795325112867385, 1.000000000000000000, 0.9238795325112867385, 1.000000000000000000, 0.9238795325112867385, 1.000000000000000000, 0.9238795325112867385, 1.000000000000000000, 0.9238795325112867385, 1.000000000000000000, 0.9238795325112867385, 1.000000000000000000, 0.9238795325112867385, 1.000000000000000000, 0.9238795325112867385, 1.000000000000000000, 0.9238795325112867385, 1.000000000000000000, 0.9238795325112867385, 1.000000000000000000, 0.9238795325112867385, 1.000000000000000000, 0.9238795325112867385, 1.000000000000000000, 0.9238795325112867385, 1.000000000000000000, 0.9238795325112867385, 1.000000000000000000, 0.9238795325112867385, 1.000000000000000000, 0.9238795325112867385, 1.000000000000000000, 0.9238795325112867385, 1.000000000000000000, 0.9238795325112867385, 1.000000000000000000, 0.9238795325112867385, 1.000000000000000000, 0.9238795325112867385, 1.000000000000000000, 0.9238795325112867385, 1.000000000000000000, 0.9238795325112867385, 1.000000000000000000, 0.9238795325112867385, 1.000000000000000000, 0.9238795325112867385, 1.000000000000000000, 0.9238795325112867385, 1.000000000000000000, 0.9238795325112867385, 1.000000000000000000, 0.9238795325112867385, 1.000000000000000000, 0.9238795325112867385, 1.000000000000000000, 0.9238795325112867385, 1.000000000000000000, 0.9238795325112867385, 1.000000000000000000, 0.9238795325112867385, 1.000000000000000000, 0.9238795325112867385, 1.000000000000000000, 0.9238795325112867385, 1.000000000000000000, 0.9238795325112867385, 1.000000000000000000, 0.9238795325112867385, 1.000000000000000000, 0.9238795325112867385, 1.000000000000000000, 0.9238795325112867385, 1.000000000000000000, 0.9238795325112867385, 1.000000000000000000, 0.9238795325112867385, 1.000000000000000000, 0.9238795325112867385, 1.000000000000000000, 0.9238795325112867385, 1.000000000000000000, 0.9238795325112867385, 1.000000000000000000, 0.9238795325112867385, 1.000000000000000000, 0.9238795325112867385, 1.000000000000000000, 0.9238795325112867385, 1.000000000000000000, 0.9238795325112867385, 1.000000000000000000, 0.9238795325112867385, 1.000000000000000000, 0.9238795325112867385, 1.000000000000000000, 0.9238795325112867385, 1.000000000000000000, 0.9238795325112867385, 1.000000000000000000, 0.9238795325112867385, 1.000000000000000000, 0.9238795325112867385, 1.000000000000000000, 0.9238795325112867385, 1.000000000000000000, 0.9238795325112867385, 1.000000000000000000, 0.9238795325112867385, 1.000000000000000000, 0.9238795325112867385, 1.000000000000000000, 0.9238795325112867385, 1.000000000000000000, 0.9238795325112867385, 1.000000000000000000, 0.9238795325112867385, 1.000000000000000000, 0.9238795325112867385, 1.000000000000000000, 0.9238795325112867385, 1.000000000000000000, 0.9238795325112867385, 1.000000000000000000, 0.9238795325112867385, 1.000000000000000000, 0.9238795325112867385, 1.000000000000000000, 0.9238795325112867385, 1.000000000000000000, 0.9238795325112867385, 1.000000000000000000, 0.9238795325112867385, 1.000000000000000000, 0.9238795325112867385, 1.000000000000000000, 0.9238795325112867385, 1.000000000000000000, 0.9238795325112867385, 1.000000000000000000, 0.9238795325112867385, 1.000000000000000000, 0.9238795325112867385, 1.000000000000000000, 0.9238795325112867385, 1.000000000000000000, 0.9238795325112867385, 1.000000000000000000, 0.9238795325112867385, 1.000000000000000000, 0.9238795325112867385, 1.000000000000000000, 0.9238795325112867385, 1.000000000000000000, 0.9238795325112867385, 1.000000000000000000, 0.9238795325112867385, 1.000000000000000000, 0.9238795325112867385, 1.000000000000000000, 0.9238795325112867385, 1.000000000000000000, 0.9238795325112867385, 1.000000000000000000, 0.9238795325112867385, 1.000000000000000000, 0.9238795325112867385, 1.000000000000000000, 0.9238795325112867385, 1.000000000000000000, 0.9238795325112867385, 1.000000000000000000, 0.9238795325112867385, 1.000000000000000000, 0.9238795325112867385, 1.000000000000000000, 0.9238795325112867385, 1.000000000000000000, 0.9238795325112867385, 1.000000000000000000, 0.9238795325112867385, 1.000000000000000000, 0.9238795325112867385, 1.000000000000000000, 0.9238795325112867385, 1.000000000000000000, 0.9238795325112867385, 1.000000000000000000, 0.9238795325112867385, 1.000000000000000000, 0.9238795325112867385, 1.000000000000000000, 0.9238795325112867385, 1.000000000000000000, 0.9238795325112867385, 1.000000000000000000, 0.9238795325112867385, 1.000000000000000000, 0.9238795325112867385, 1.000000000000000000, 0.9238795325112867385, 1.000000000000000000, 0.9238795325112867385, 1.000000000000000000, 0.9238795325112867385, 1.000000000000000000, 0.9238795325112867385, 1.000000000000000000, 0.9238795325112867385, 1.000000000000000000, 0.9238795325112867385, 1.000000000000000000, 0.9238795325112867385, 1.000000000000000000, 0.9238795325112867385, 1.000000000000000000, 0.9238795325112867385, 1.000000000000000000, 0.9238795325112867385, 1.000000000000000000, 0.9238795325112867385, 1.000000000000000000, 0.9238795325112867385, 1.000000000000000000, 0.9238795325112867385, 1.000000000000000000, 0.9238795325112867385, 1.000000000000000000, 0.9238795325112867385, 1.000000000000000000, 0.9238795325112867385, 1.000000000000000000, 0.9238795325112867385, 1.000000000000000000, 0.9238795325112867385, 1.000000000000000000, 0.9238795325112867385, 1.000000000000000000, 0.9238795325112867385, 1.000000000000000000, 0.9238795325112867385, 1.000000000000000000, 0.9238795325112867385, 1.000000000000000000, 0.9238795325112867385, 1.000000000000000000, 0.9238795325112867385, 1.000000000000000000, 0.9238795325112867385, 1.000000000000000000, 0.9238795325112867385, 1.000000000000000000, 0.9238795325112867385, 1.000000000000000000, 0.9238795325112867385, 1.000000000000000000, 0.9238795325112867385, 1.000000000000000000, 0.9622960176180199721, 0.9619431008392942406 ) ) 
 REPRESENTATION_ITEM ( '' )  );
#1786 = CARTESIAN_POINT ( 'NONE',  ( 2.366205750360976356, 2.429061620237927155, -0.6579460794764107057 ) ) ;
#1787 = CARTESIAN_POINT ( 'NONE',  ( 2.399999999999997691, -4.555260196059545660E-16, 2.499999999999996891 ) ) ;
#1788 = CARTESIAN_POINT ( 'NONE',  ( 9.699991199870924063, 1.980399999999998384, 0.000000000000000000 ) ) ;
#1789 = CARTESIAN_POINT ( 'NONE',  ( 2.369073516442745220, 0.5979391110008722698, -2.427443996954142591 ) ) ;
#1790 = CARTESIAN_POINT ( 'NONE',  ( 10.17498899983865712, -1.937099999999994715, -2.372263314628331252E-16 ) ) ;
#1791 = CARTESIAN_POINT ( 'NONE',  ( 7.199988266494568911, 1.324140981045086159E-16, -1.980399999999995941 ) ) ;
#1792 = CARTESIAN_POINT ( 'NONE',  ( 14.29998826649456944, -1.400354269461835388, -1.400354269461835610 ) ) ;
#1793 = CARTESIAN_POINT ( 'NONE',  ( 16.84999119987092442, 1.980399999999999050, -0.8203085389236769442 ) ) ;
#1794 = CARTESIAN_POINT ( 'NONE',  ( 10.74999119987092300, -0.8203085389236779434, 1.980399999999997718 ) ) ;
#1795 = CARTESIAN_POINT ( 'NONE',  ( 2.999999999999997335, 2.499999999999996891, 0.000000000000000000 ) ) ;
#1796 = CARTESIAN_POINT ( 'NONE',  ( 12.89997946636549742, -2.499999999999996891, -3.061616997868379197E-16 ) ) ;
#1797 = CARTESIAN_POINT ( 'NONE',  ( 6.574990466526833721, 1.937099999999996269, 0.8023730916729223672 ) ) ;
#1798 = CARTESIAN_POINT ( 'NONE',  ( 16.79931074154184500, 0.8742475215356388940, 2.262144774138500569 ) ) ;
#1799 = CARTESIAN_POINT ( 'NONE',  ( 1.916665952550049346, -1.974469212607613322, -2.574456033565176938 ) ) ;
#1800 = CARTESIAN_POINT ( 'NONE',  ( -2.159627206838289973E-16, -0.5667956695461312533, -4.330000000000000071 ) ) ;
#1801 = CARTESIAN_POINT ( 'NONE',  ( 12.64999999999999680, 2.499999999999996447, 1.035533905932737975 ) ) ;
#1802 = CARTESIAN_POINT ( 'NONE',  ( 1.399999999999999689, -4.000398375773870363, -1.657019262140845273 ) ) ;
#1803 = VERTEX_POINT ( 'NONE', #5344 ) ;
#1804 = CARTESIAN_POINT ( 'NONE',  ( 4.849979466365495817, -2.499999999999997335, 1.035533905932735976 ) ) ;
#1805 = CARTESIAN_POINT ( 'NONE',  ( 10.75000000000000000, -1.035533905932736420, -2.499999999999996891 ) ) ;
#1806 = CARTESIAN_POINT ( 'NONE',  ( 2.466665952550081364, -1.212241569803967467, 2.096876913598808123 ) ) ;
#1807 = CARTESIAN_POINT ( 'NONE',  ( 15.44998826649456980, 1.980399999999995053, 0.8203085389236768332 ) ) ;
#1808 = CARTESIAN_POINT ( 'NONE',  ( 14.14997946636549919, 2.499999999999996447, 1.035533905932737975 ) ) ;
#1809 = FACE_OUTER_BOUND ( 'NONE', #3701, .T. ) ;
#1810 = CARTESIAN_POINT ( 'NONE',  ( 7.849991199870922642, -0.8203085389236768332, -1.980399999999999050 ) ) ;
#1811 = CARTESIAN_POINT ( 'NONE',  ( 3.249988266494569178, 0.8203085389236757230, -1.980399999999995497 ) ) ;
#1812 = CARTESIAN_POINT ( 'NONE',  ( 4.099999999999997868, -1.767766952966367100, 1.767766952966366434 ) ) ;
#1813 = CARTESIAN_POINT ( 'NONE',  ( 5.899991199870924241, -3.546571220161959986E-16, 1.980399999999998384 ) ) ;
#1814 = AXIS2_PLACEMENT_3D ( 'NONE', #567, #2743, #2688 ) ;
#1815 = FACE_OUTER_BOUND ( 'NONE', #2518, .T. ) ;
#1816 = CARTESIAN_POINT ( 'NONE',  ( 10.57498899983865392, 1.937099999999994715, 0.000000000000000000 ) ) ;
#1817 = CARTESIAN_POINT ( 'NONE',  ( 8.599988266494568379, -1.980399999999995941, -2.425290521031413266E-16 ) ) ;
#1818 = CARTESIAN_POINT ( 'NONE',  ( 14.09998826649456838, -1.400354269461835832, 1.400354269461835388 ) ) ;
#1819 = CARTESIAN_POINT ( 'NONE',  ( 9.299991199870921932, -1.980399999999998384, -2.425290521031416718E-16 ) ) ;
#1820 = CARTESIAN_POINT ( 'NONE',  ( 17.64999119987092513, 1.980399999999998606, -0.8203085389236768332 ) ) ;
#1821 = CARTESIAN_POINT ( 'NONE',  ( 13.29997946636549599, 2.499999999999996891, 0.000000000000000000 ) ) ;
#1822 =( GEOMETRIC_REPRESENTATION_CONTEXT ( 3 ) GLOBAL_UNCERTAINTY_ASSIGNED_CONTEXT ( ( #5131 ) ) GLOBAL_UNIT_ASSIGNED_CONTEXT ( ( #5245, #4840, #3674 ) ) REPRESENTATION_CONTEXT ( 'NONE', 'WORKASPACE' ) );
#1823 = CARTESIAN_POINT ( 'NONE',  ( 5.974990466526834965, -0.8023730916729222562, 1.937099999999996269 ) ) ;
#1824 = CARTESIAN_POINT ( 'NONE',  ( 0.5599999999999997202, 2.392190156761770936, 4.150485344682727451 ) ) ;
#1825 = CARTESIAN_POINT ( 'NONE',  ( 3.116657152420960752, 0.1815932983698022862, -1.362669174344917078 ) ) ;
#1826 = CARTESIAN_POINT ( 'NONE',  ( -2.162197971077946312E-16, 2.660987301054121623, 3.462557424021504460 ) ) ;
#1827 = CARTESIAN_POINT ( 'NONE',  ( 12.85000000000000142, -1.035533905932737753, 2.499999999999996447 ) ) ;
#1828 = CARTESIAN_POINT ( 'NONE',  ( 1.399999999999999689, 2.180030772862824318, -3.783837241846749855 ) ) ;
#1829 = EDGE_LOOP ( 'NONE', ( #4171, #4864 ) ) ;
#1830 = CARTESIAN_POINT ( 'NONE',  ( 6.149979466365495639, 2.499999999999996447, 1.035533905932737975 ) ) ;
#1831 = CARTESIAN_POINT ( 'NONE',  ( 10.34999999999999787, 1.035533905932736864, 2.499999999999996447 ) ) ;
#1832 = CARTESIAN_POINT ( 'NONE',  ( 2.666654219044557905, 1.901946470993246541, 1.099889205705565365 ) ) ;
#1833 = CARTESIAN_POINT ( 'NONE',  ( 0.8399999999999998579, -4.750000000000000888, 0.000000000000000000 ) ) ;
#1834 = EDGE_CURVE ( 'NONE', #4300, #2627, #2939, .T. ) ;
#1835 = CARTESIAN_POINT ( 'NONE',  ( 13.19998826649456802, -3.433526809160180933E-16, 1.980399999999995497 ) ) ;
#1836 = CARTESIAN_POINT ( 'NONE',  ( 15.19997946636549635, -1.767766952966367100, 1.767766952966366434 ) ) ;
#1837 = CARTESIAN_POINT ( 'NONE',  ( 3.283312085582148487, -2.228195700641995902, 0.2884554082449165002 ) ) ;
#1838 = CARTESIAN_POINT ( 'NONE',  ( 9.549991199870921932, 0.8203085389236772773, -1.980399999999999050 ) ) ;
#1839 = CARTESIAN_POINT ( 'NONE',  ( 2.799988266494567668, -3.594576445713282583E-16, 1.980399999999995497 ) ) ;
#1840 = CARTESIAN_POINT ( 'NONE',  ( 1.983323819087611017, -1.872268460626984821, 2.431040661607650755 ) ) ;
#1841 = CARTESIAN_POINT ( 'NONE',  ( 4.849991199870923531, 1.980399999999998606, -0.8203085389236768332 ) ) ;
#1842 = CARTESIAN_POINT ( 'NONE',  ( 2.418078685611920076, 0.7023553592213231944, -2.399528221178265586 ) ) ;
#1843 = CARTESIAN_POINT ( 'NONE',  ( 11.82498899983865570, -1.937099999999994937, -0.8023730916729207019 ) ) ;
#1844 = CARTESIAN_POINT ( 'NONE',  ( 7.449988266494568023, 1.980399999999995497, 0.8203085389236771663 ) ) ;
#1845 = CARTESIAN_POINT ( 'NONE',  ( 9.849988266494568379, 1.980399999999995053, 0.8203085389236769442 ) ) ;
#1846 = CARTESIAN_POINT ( 'NONE',  ( 16.24999119987092300, 0.8203085389236777214, 1.980399999999998606 ) ) ;
#1847 = CARTESIAN_POINT ( 'NONE',  ( 10.84999119987092442, -1.980399999999998828, 0.8203085389236765002 ) ) ;
#1848 = CARTESIAN_POINT ( 'NONE',  ( 16.59999119987092442, -1.400354269461837609, -1.400354269461837831 ) ) ;
#1849 = CARTESIAN_POINT ( 'NONE',  ( 10.59997946636549671, -1.767766952966366434, -1.767766952966366878 ) ) ;
#1850 = CARTESIAN_POINT ( 'NONE',  ( 2.415540413207492243, -0.8660254037844389297, -1.500000000000000444 ) ) ;
#1851 = CARTESIAN_POINT ( 'NONE',  ( 3.924990466526832034, 1.246912261939987514E-16, -1.937099999999996269 ) ) ;
#1852 = CARTESIAN_POINT ( 'NONE',  ( 17.12192579840938933, -1.353472158317710283, 1.610054927579746886 ) ) ;
#1853 = CARTESIAN_POINT ( 'NONE',  ( 1.859991900447120150, 0.9968096862140247705, 3.067788272359736279 ) ) ;
#1854 = CARTESIAN_POINT ( 'NONE',  ( 3.117191473216821773, -0.4583609649409608466, -1.897024539039035229 ) ) ;
#1855 = CARTESIAN_POINT ( 'NONE',  ( 10.89999999999999858, 1.767766952966366878, -1.767766952966366878 ) ) ;
#1856 = CARTESIAN_POINT ( 'NONE',  ( 1.666665952550092200, -1.809549223174220733, 3.133235387528102489 ) ) ;
#1857 = ORIENTED_EDGE ( 'NONE', *, *, #3848, .T. ) ;
#1858 = CARTESIAN_POINT ( 'NONE',  ( -1.224698418616533548E-17, 0.8660254037844393737, 1.499999999999999556 ) ) ;
#1859 = CARTESIAN_POINT ( 'NONE',  ( 9.199999999999997513, 1.673275485115779311E-16, -2.499999999999996891 ) ) ;
#1860 = CARTESIAN_POINT ( 'NONE',  ( 2.183320885711211634, -2.894643162513570900, 0.3757034248144078270 ) ) ;
#1861 = EDGE_CURVE ( 'NONE', #1774, #561, #3946, .T. ) ;
#1862 = CARTESIAN_POINT ( 'NONE',  ( 12.99998826649456873, 1.980399999999995497, 0.000000000000000000 ) ) ;
#1863 = CARTESIAN_POINT ( 'NONE',  ( 9.749979466365497061, -2.499999999999996891, -1.035533905932736642 ) ) ;
#1864 = CARTESIAN_POINT ( 'NONE',  ( 16.60000000000000142, 2.499999999999996891, 0.000000000000000000 ) ) ;
#1865 = CARTESIAN_POINT ( 'NONE',  ( 5.699991199870923175, 1.980399999999998828, 0.000000000000000000 ) ) ;
#1866 = CARTESIAN_POINT ( 'NONE',  ( 4.549988266494567668, -1.980399999999995941, 0.8203085389236750569 ) ) ;
#1867 = CARTESIAN_POINT ( 'NONE',  ( 2.683323819087596540, 0.2592542978454050462, 2.005107765409732234 ) ) ;
#1868 = CARTESIAN_POINT ( 'NONE',  ( 14.17499046652683425, -1.937099999999996713, -0.8023730916729213680 ) ) ;
#1869 = CARTESIAN_POINT ( 'NONE',  ( 6.299991199870922820, 1.310204038691376771E-16, -1.980399999999998384 ) ) ;
#1870 = CARTESIAN_POINT ( 'NONE',  ( 0.8399999999999997469, -4.626370214174500894, 1.243302450706581741 ) ) ;
#1871 = CARTESIAN_POINT ( 'NONE',  ( 9.074988999838653925, 1.369736545836457431, 1.369736545836457653 ) ) ;
#1872 = CARTESIAN_POINT ( 'NONE',  ( 9.199988266494568023, -3.495468977065220560E-16, 1.980399999999995941 ) ) ;
#1873 = CARTESIAN_POINT ( 'NONE',  ( 9.649988266494569089, 0.8203085389236757230, -1.980399999999995497 ) ) ;
#1874 = CARTESIAN_POINT ( 'NONE',  ( 13.79999119987092371, 1.400354269461837609, 1.400354269461838275 ) ) ;
#1875 = CARTESIAN_POINT ( 'NONE',  ( 8.749991199870926550, 0.8203085389236771663, -1.980399999999998384 ) ) ;
#1876 = CIRCLE ( 'NONE', #1814, 1.732050807568877415 ) ;
#1877 = CARTESIAN_POINT ( 'NONE',  ( 15.14999119987092335, 0.8203085389236769442, -1.980399999999998606 ) ) ;
#1878 = CARTESIAN_POINT ( 'NONE',  ( 8.549979466365499547, 2.499999999999996447, 1.035533905932737975 ) ) ;
#1879 = CARTESIAN_POINT ( 'NONE',  ( 2.887619832693161914, -1.864328240652708191, -0.9978650745989319226 ) ) ;
#1880 = CARTESIAN_POINT ( 'NONE',  ( 3.074990466526833277, -0.8023730916729210350, -1.937099999999996713 ) ) ;
#1881 = CARTESIAN_POINT ( 'NONE',  ( 16.79998826649456944, 1.472802184017179932E-16, -1.980399999999995941 ) ) ;
#1882 = CARTESIAN_POINT ( 'NONE',  ( 2.585179713212609975, 2.055010007801624461, -1.430842135779767821 ) ) ;
#1883 = CARTESIAN_POINT ( 'NONE',  ( -1.224698418616533548E-17, -1.732050807568877415, -4.336808689942017736E-16 ) ) ;
#1884 = CARTESIAN_POINT ( 'NONE',  ( 10.79999999999999893, 1.698052352277794816E-16, -2.499999999999996891 ) ) ;
#1885 = CARTESIAN_POINT ( 'NONE',  ( 2.333332619216616166, 1.305855908911879748, 2.272056069864213157 ) ) ;
#1886 = CARTESIAN_POINT ( 'NONE',  ( 17.12006940232916818, 1.934553549146176055, 0.8284112388150112194 ) ) ;
#1887 = VERTEX_POINT ( 'NONE', #4003 ) ;
#1888 = CARTESIAN_POINT ( 'NONE',  ( 3.099979466365495817, -4.544420634650622260E-16, 2.499999999999996891 ) ) ;
#1889 = CARTESIAN_POINT ( 'NONE',  ( 2.716665952550028518, -1.245578573568056235, -1.626018500024912772 ) ) ;
#1890 = SURFACE_STYLE_FILL_AREA ( #4067 ) ;
#1891 = CARTESIAN_POINT ( 'NONE',  ( 13.29998826649456767, -1.400354269461835832, 1.400354269461835388 ) ) ;
#1892 = CARTESIAN_POINT ( 'NONE',  ( 9.499979466365497061, -4.445313166002561224E-16, 2.499999999999996891 ) ) ;
#1893 = CARTESIAN_POINT ( 'NONE',  ( 5.599991199870922642, 1.400354269461838053, -1.400354269461838053 ) ) ;
#1894 = CARTESIAN_POINT ( 'NONE',  ( 4.349988266494568379, 0.8203085389236761671, 1.980399999999995053 ) ) ;
#1895 = CARTESIAN_POINT ( 'NONE',  ( 1.916657152420944810, -0.4144553172717495571, 3.141744705539865734 ) ) ;
#1896 = CARTESIAN_POINT ( 'NONE',  ( 5.949991199870923175, -0.8203085389236779434, 1.980399999999998162 ) ) ;
#1897 = PLANE ( 'NONE',  #4634 ) ;
#1898 = CARTESIAN_POINT ( 'NONE',  ( 7.974988999838655168, 1.309628684231377157E-16, -1.937099999999994715 ) ) ;
#1899 = CARTESIAN_POINT ( 'NONE',  ( 5.899988266494568201, 1.400354269461835388, 1.400354269461836054 ) ) ;
#1900 = CARTESIAN_POINT ( 'NONE',  ( 9.299988266494567668, -1.400354269461835832, 1.400354269461835388 ) ) ;
#1901 = CARTESIAN_POINT ( 'NONE',  ( 15.94999119987092229, 0.8203085389236772773, -1.980399999999999050 ) ) ;
#1902 = CARTESIAN_POINT ( 'NONE',  ( 6.949991199870923175, -1.980399999999998384, -0.8203085389236771663 ) ) ;
#1903 = CARTESIAN_POINT ( 'NONE',  ( 16.09999119987092442, 1.980399999999998384, 0.000000000000000000 ) ) ;
#1904 = EDGE_CURVE ( 'NONE', #2838, #2627, #3581, .T. ) ;
#1905 = CARTESIAN_POINT ( 'NONE',  ( 8.749979466365497061, -1.035533905932737753, 2.499999999999996447 ) ) ;
#1906 = CARTESIAN_POINT ( 'NONE',  ( 0.1341613175303212890, 1.152606370818846981, 1.003627204614183421 ) ) ;
#1907 = CARTESIAN_POINT ( 'NONE',  ( 17.37498899983865286, -1.937099999999994715, -2.372263314628331252E-16 ) ) ;
#1908 = CARTESIAN_POINT ( 'NONE',  ( 14.69998826649456802, 1.400354269461835388, 1.400354269461836054 ) ) ;
#1909 = CARTESIAN_POINT ( 'NONE',  ( 3.374988285721995940, 1.047564477583366127, -1.086453358870297826E-05 ) ) ;
#1910 = CARTESIAN_POINT ( 'NONE',  ( 0.8399999999999998579, -4.626370212059319975, 1.243302455813075635 ) ) ;
#1911 = CARTESIAN_POINT ( 'NONE',  ( 8.899999999999998579, -1.767766952966367100, 1.767766952966366434 ) ) ;
#1912 = CARTESIAN_POINT ( 'NONE',  ( 1.399999999999999689, -4.330000000000000071, 0.000000000000000000 ) ) ;
#1913 = CARTESIAN_POINT ( 'NONE',  ( 3.283312085582148487, -2.228195700641995902, 0.2884554082449165002 ) ) ;
#1914 = ORIENTED_EDGE ( 'NONE', *, *, #4368, .F. ) ;
#1915 = CARTESIAN_POINT ( 'NONE',  ( 3.299979466365496439, -2.499999999999996891, -3.061616997868379197E-16 ) ) ;
#1916 = CARTESIAN_POINT ( 'NONE',  ( 2.383320885711158521, -0.3368870494129338478, -2.598131363657277149 ) ) ;
#1917 = CARTESIAN_POINT ( 'NONE',  ( 3.366654219044574958, 1.111839419217195868, -0.2954898116908309946 ) ) ;
#1918 = CARTESIAN_POINT ( 'NONE',  ( 14.59998826649456838, 1.980399999999995497, 0.000000000000000000 ) ) ;
#1919 = CARTESIAN_POINT ( 'NONE',  ( 11.24997946636549528, -2.499999999999997335, 1.035533905932735976 ) ) ;
#1920 = CARTESIAN_POINT ( 'NONE',  ( 3.216645418915397237, -1.863127883150236253, 1.427801233510291423 ) ) ;
#1921 = CARTESIAN_POINT ( 'NONE',  ( 6.349991199870924419, 0.8203085389236772773, -1.980399999999999050 ) ) ;
#1922 = CARTESIAN_POINT ( 'NONE',  ( 17.05000000000000071, -2.499999999999996891, -1.035533905932736642 ) ) ;
#1923 = CARTESIAN_POINT ( 'NONE',  ( 2.666657152420976118, 0.5283329419993846310, 1.978221370719866812 ) ) ;
#1924 = CARTESIAN_POINT ( 'NONE',  ( 4.549991199870925485, -1.980399999999998606, -0.8203085389236771663 ) ) ;
#1925 = DIRECTION ( 'NONE',  ( -1.000000000000000000, 0.000000000000000000, -0.000000000000000000 ) ) ;
#1926 = CARTESIAN_POINT ( 'NONE',  ( 7.774988999838654102, -1.937099999999994715, -2.372263314628331252E-16 ) ) ;
#1927 = CARTESIAN_POINT ( 'NONE',  ( 5.149988266494569089, 0.8203085389236763891, 1.980399999999995497 ) ) ;
#1928 = CARTESIAN_POINT ( 'NONE',  ( 8.399988266494569089, -3.507857410646227697E-16, 1.980399999999995497 ) ) ;
#1929 = CARTESIAN_POINT ( 'NONE',  ( 15.84999119987092264, -0.8203085389236768332, -1.980399999999999050 ) ) ;
#1930 = CARTESIAN_POINT ( 'NONE',  ( 6.299991199870922820, 1.310204038691376771E-16, -1.980399999999998384 ) ) ;
#1931 = CARTESIAN_POINT ( 'NONE',  ( 15.94999119987092229, 0.8203085389236769442, -1.980399999999998606 ) ) ;
#1932 = CARTESIAN_POINT ( 'NONE',  ( 9.599979466365496705, -1.767766952966367100, 1.767766952966366434 ) ) ;
#1933 = CARTESIAN_POINT ( 'NONE',  ( 2.415540413207492243, -0.8660254037844389297, -1.500000000000000444 ) ) ;
#1934 = CARTESIAN_POINT ( 'NONE',  ( 16.27498899983865144, 1.369736545836457431, 1.369736545836457653 ) ) ;
#1935 = CARTESIAN_POINT ( 'NONE',  ( 16.14998826649457087, 1.980399999999995941, -0.8203085389236758340 ) ) ;
#1936 = CARTESIAN_POINT ( 'NONE',  ( 1.933323819087609863, -0.8188336485078150373, 3.034673723234921461 ) ) ;
#1937 = CARTESIAN_POINT ( 'NONE',  ( 0.8399999999999998579, -1.243302455813213969, 4.626370212059263132 ) ) ;
#1938 = CARTESIAN_POINT ( 'NONE',  ( 9.349999999999997868, 2.499999999999996891, -1.035533905932736642 ) ) ;
#1939 = CARTESIAN_POINT ( 'NONE',  ( 1.399999999999999689, -4.108744945537996962, 1.395540846035692839 ) ) ;
#1940 = CARTESIAN_POINT ( 'NONE',  ( 11.57499046652683639, -0.8023730916729222562, 1.937099999999996269 ) ) ;
#1941 = CARTESIAN_POINT ( 'NONE',  ( 3.066654219044525842, -1.383766791602540902, -0.8012361467353930067 ) ) ;
#1942 = ORIENTED_EDGE ( 'NONE', *, *, #4506, .F. ) ;
#1943 = CARTESIAN_POINT ( 'NONE',  ( 17.26601955507173614, -1.392509707598485802, 1.376377482215848769 ) ) ;
#1944 = CARTESIAN_POINT ( 'NONE',  ( 3.666645418915531529, 1.617914871881687366, -0.4314967691408615469 ) ) ;
#1945 = CARTESIAN_POINT ( 'NONE',  ( 12.54998826649456767, -1.980399999999995941, 0.8203085389236750569 ) ) ;
#1946 = CARTESIAN_POINT ( 'NONE',  ( 10.24997946636549528, 1.035533905932736864, 2.499999999999996447 ) ) ;
#1947 = CARTESIAN_POINT ( 'NONE',  ( 15.00000000000000000, 2.499999999999996891, 0.000000000000000000 ) ) ;
#1948 = CARTESIAN_POINT ( 'NONE',  ( 4.149991199870922465, 1.980399999999998606, 0.8203085389236783875 ) ) ;
#1949 = CARTESIAN_POINT ( 'NONE',  ( 15.84999999999999964, 2.499999999999996447, 1.035533905932737975 ) ) ;
#1950 = CARTESIAN_POINT ( 'NONE',  ( 2.566657152420912524, 1.901946470993312266, 1.099889205705582240 ) ) ;
#1951 = CARTESIAN_POINT ( 'NONE',  ( 4.249991199870923886, 0.8203085389236773883, 1.980399999999998162 ) ) ;
#1952 = CARTESIAN_POINT ( 'NONE',  ( 0.8400000000000000799, -4.750000000000003553, -0.6217735460229797395 ) ) ;
#1953 = ORIENTED_EDGE ( 'NONE', *, *, #2570, .F. ) ;
#1954 = CARTESIAN_POINT ( 'NONE',  ( 8.674988999838653569, -1.369736545836457431, -1.369736545836457653 ) ) ;
#1955 = CARTESIAN_POINT ( 'NONE',  ( 3.799988266494568556, -1.980399999999995941, -2.425290521031413266E-16 ) ) ;
#1956 = CARTESIAN_POINT ( 'NONE',  ( 9.999988266494566957, -3.483080543484211945E-16, 1.980399999999995497 ) ) ;
#1957 = CARTESIAN_POINT ( 'NONE',  ( 15.49999119987092300, -3.397910017189867445E-16, 1.980399999999998828 ) ) ;
#1958 = CARTESIAN_POINT ( 'NONE',  ( 8.399991199870923353, -1.400354269461838053, 1.400354269461837609 ) ) ;
#1959 = CARTESIAN_POINT ( 'NONE',  ( 8.349999999999997868, -1.035533905932736420, -2.499999999999996891 ) ) ;
#1960 = CARTESIAN_POINT ( 'NONE',  ( 11.59999119987092264, -1.400354269461838053, 1.400354269461837609 ) ) ;
#1961 = CARTESIAN_POINT ( 'NONE',  ( 8.599979466365496705, 1.767766952966366212, 1.767766952966367100 ) ) ;
#1962 = CARTESIAN_POINT ( 'NONE',  ( 0.1339631176193120110, 0.1464398784710156665, 1.500000000000000222 ) ) ;
#1963 = CARTESIAN_POINT ( 'NONE',  ( 16.02498899983865854, 0.8023730916729207019, -1.937099999999994937 ) ) ;
#1964 = CARTESIAN_POINT ( 'NONE',  ( 15.54998826649456944, 0.8203085389236763891, 1.980399999999995497 ) ) ;
#1965 = DIRECTION ( 'NONE',  ( 1.548554197625976421E-18, -1.000000000000000000, 0.000000000000000000 ) ) ;
#1966 = CARTESIAN_POINT ( 'NONE',  ( 0.8399999999999998579, -1.243302455812975049, -4.626370212059360831 ) ) ;
#1967 = CARTESIAN_POINT ( 'NONE',  ( 10.29999999999999893, 1.767766952966366212, 1.767766952966367100 ) ) ;
#1968 = CARTESIAN_POINT ( 'NONE',  ( -996.9540446486007568, 0.000000000000000000, 0.000000000000000000 ) ) ;
#1969 = CARTESIAN_POINT ( 'NONE',  ( 10.57499046652683461, 1.937099999999996269, 0.8023730916729223672 ) ) ;
#1970 = CARTESIAN_POINT ( 'NONE',  ( 2.583320885711279491, 2.301619565485072627, -0.2980706770560831442 ) ) ;
#1971 = ORIENTED_EDGE ( 'NONE', *, *, #845, .F. ) ;
#1972 = CARTESIAN_POINT ( 'NONE',  ( 2.468074991390144746, 1.587713240271471982, 0.2499999999999997224 ) ) ;
#1973 = SHAPE_DEFINITION_REPRESENTATION ( #4946, #536 ) ;
#1974 = CARTESIAN_POINT ( 'NONE',  ( 2.866654219044563856, -0.9505626740653339013, 1.642856633027786284 ) ) ;
#1975 = CARTESIAN_POINT ( 'NONE',  ( -2.160295326696165255E-16, -2.180670180350579468, -3.783495063502233524 ) ) ;
#1976 = CARTESIAN_POINT ( 'NONE',  ( 11.19997946636549635, -1.767766952966367100, 1.767766952966366434 ) ) ;
#1977 = CARTESIAN_POINT ( 'NONE',  ( 5.099991199870923531, -3.558959653742968601E-16, 1.980399999999998828 ) ) ;
#1978 = CARTESIAN_POINT ( 'NONE',  ( 15.49999999999999822, -1.767766952966366434, -1.767766952966366878 ) ) ;
#1979 = CARTESIAN_POINT ( 'NONE',  ( 2.808323085743603009, -1.116786056288341378, 1.447963633162064223 ) ) ;
#1980 = CARTESIAN_POINT ( 'NONE',  ( 13.77499046652683390, 1.937099999999996269, 0.8023730916729223672 ) ) ;
#1981 = CARTESIAN_POINT ( 'NONE',  ( 4.049991199870922820, 1.980399999999998606, -0.8203085389236768332 ) ) ;
#1982 = CARTESIAN_POINT ( 'NONE',  ( 10.94998826649456802, -1.980399999999995941, 0.8203085389236750569 ) ) ;
#1983 = B_SPLINE_CURVE_WITH_KNOTS ( 'NONE', 3,
 ( #4086, #5401, #608, #1906, #152, #5317 ),
 .UNSPECIFIED., .F., .F.,
 ( 4, 2, 4 ),
 ( 2.380757420220847539E-07, 0.0008748794216455113223, 0.001749520767549000554 ),
 .UNSPECIFIED. ) ;
#1984 = DIRECTION ( 'NONE',  ( 0.000000000000000000, 0.000000000000000000, -1.000000000000000000 ) ) ;
#1985 = CARTESIAN_POINT ( 'NONE',  ( 7.474988999838655168, 1.369736545836457431, 1.369736545836457653 ) ) ;
#1986 = CARTESIAN_POINT ( 'NONE',  ( 3.399988266494567313, 1.980399999999995941, 0.000000000000000000 ) ) ;
#1987 = CARTESIAN_POINT ( 'NONE',  ( 6.399988266494568201, 1.311752547464078036E-16, -1.980399999999995497 ) ) ;
#1988 = CARTESIAN_POINT ( 'NONE',  ( 13.89999119987092335, -3.422686884351882704E-16, 1.980399999999998828 ) ) ;
#1989 = CARTESIAN_POINT ( 'NONE',  ( 6.349991199870923531, 0.8203085389236771663, -1.980399999999998384 ) ) ;
#1990 = CARTESIAN_POINT ( 'NONE',  ( 6.850000000000000533, 1.035533905932736642, -2.499999999999996891 ) ) ;
#1991 = CARTESIAN_POINT ( 'NONE',  ( 13.74999119987092300, 1.980399999999998162, 0.8203085389236781655 ) ) ;
#1992 = CARTESIAN_POINT ( 'NONE',  ( 9.949979466365496350, 1.035533905932736642, -2.499999999999996891 ) ) ;
#1993 = CARTESIAN_POINT ( 'NONE',  ( 17.23880000000000479, -1.758012919139418040, 0.9117975302329442977 ) ) ;
#1994 = CARTESIAN_POINT ( 'NONE',  ( 3.474990466526833632, 0.8023730916729214790, 1.937099999999996269 ) ) ;
#1995 = CARTESIAN_POINT ( 'NONE',  ( 13.39998826649456731, -1.980399999999995941, -2.425290521031413266E-16 ) ) ;
#1996 = CARTESIAN_POINT ( 'NONE',  ( 0.8399999999999998579, -4.750000000000000888, 0.000000000000000000 ) ) ;
#1997 = CARTESIAN_POINT ( 'NONE',  ( 9.599999999999997868, -4.443764293830475515E-16, 2.499999999999996891 ) ) ;
#1998 = CARTESIAN_POINT ( 'NONE',  ( 6.449999999999999289, -1.035533905932737753, 2.499999999999996447 ) ) ;
#1999 = CARTESIAN_POINT ( 'NONE',  ( 2.449513487453490956, 0.9480786916857281144, -2.313254589181974907 ) ) ;
#2000 = CARTESIAN_POINT ( 'NONE',  ( 10.07499046652683461, -1.937099999999996935, 0.8023730916729207019 ) ) ;
#2001 = CARTESIAN_POINT ( 'NONE',  ( 2.166654219044542362, -2.844603325100091062, 0.7611760762840152905 ) ) ;
#2002 = CARTESIAN_POINT ( 'NONE',  ( 14.24999119987092122, -0.8203085389236768332, -1.980399999999998384 ) ) ;
#2003 = CARTESIAN_POINT ( 'NONE',  ( 17.40099999999999980, 1.732050807568877637, 6.510658844684554623E-17 ) ) ;
#2004 = CARTESIAN_POINT ( 'NONE',  ( 2.966654219044608354, -1.689427386361634031, 0.4507185640882168109 ) ) ;
#2005 = CARTESIAN_POINT ( 'NONE',  ( -2.168404344971008868E-16, -1.243302455813529273, -4.626370212059208953 ) ) ;
#2006 = CARTESIAN_POINT ( 'NONE',  ( 17.07499046652683106, 0.8023730916729214790, 1.937099999999996269 ) ) ;
#2007 = FACE_OUTER_BOUND ( 'NONE', #5241, .T. ) ;
#2008 = CARTESIAN_POINT ( 'NONE',  ( 2.458323085743590930, 2.039289370091148079, -1.171699107869568213 ) ) ;
#2009 = CARTESIAN_POINT ( 'NONE',  ( 13.52499046652683568, 1.395573464912081287E-16, -1.937099999999996269 ) ) ;
#2010 = CARTESIAN_POINT ( 'NONE',  ( -1.782630465164988880E-16, -1.134062429932837235, 4.217091515301063076 ) ) ;
#2011 = CARTESIAN_POINT ( 'NONE',  ( 9.699988266494569800, 1.400354269461835610, -1.400354269461835610 ) ) ;
#2012 = CARTESIAN_POINT ( 'NONE',  ( 3.016657152420957111, -0.9262582655475907201, -1.210513023423981371 ) ) ;
#2013 = ORIENTED_EDGE ( 'NONE', *, *, #1834, .F. ) ;
#2014 = CARTESIAN_POINT ( 'NONE',  ( 4.174988999838653569, 1.937099999999994715, 0.000000000000000000 ) ) ;
#2015 = CARTESIAN_POINT ( 'NONE',  ( 15.94997946636549635, -1.035533905932737753, 2.499999999999996447 ) ) ;
#2016 = CARTESIAN_POINT ( 'NONE',  ( 5.349988266494568379, -1.980399999999995941, 0.8203085389236751679 ) ) ;
#2017 = CARTESIAN_POINT ( 'NONE',  ( 12.29999119987092371, -3.447463751513897963E-16, 1.980399999999998828 ) ) ;
#2018 = CARTESIAN_POINT ( 'NONE',  ( 7.499991199870922998, -3.521794352999944234E-16, 1.980399999999998384 ) ) ;
#2019 = CARTESIAN_POINT ( 'NONE',  ( 5.699999999999998401, -1.767766952966367100, 1.767766952966366434 ) ) ;
#2020 = CARTESIAN_POINT ( 'NONE',  ( 13.64999119987092335, 1.980399999999998606, -0.8203085389236768332 ) ) ;
#2021 = CARTESIAN_POINT ( 'NONE',  ( 4.749979466365496172, -1.035533905932737753, 2.499999999999996447 ) ) ;
#2022 = CARTESIAN_POINT ( 'NONE',  ( 15.84999119987092264, -0.8203085389236768332, -1.980399999999998384 ) ) ;
#2023 = CARTESIAN_POINT ( 'NONE',  ( 13.77498899983865499, 1.937099999999994715, 0.000000000000000000 ) ) ;
#2024 = CARTESIAN_POINT ( 'NONE',  ( 15.24998826649457229, 0.8203085389236759450, -1.980399999999995941 ) ) ;
#2025 = CARTESIAN_POINT ( 'NONE',  ( 0.8399999999999998579, 4.150485346797906594, 2.392190151655271269 ) ) ;
#2026 = CARTESIAN_POINT ( 'NONE',  ( 7.999999999999998224, -4.468541160992490774E-16, 2.499999999999996891 ) ) ;
#2027 = LINE ( 'NONE', #5437, #743 ) ;
#2028 = CARTESIAN_POINT ( 'NONE',  ( 11.37499046652683354, 1.937099999999996269, 0.8023730916729223672 ) ) ;
#2029 = CARTESIAN_POINT ( 'NONE',  ( 3.516645418915464116, 0.2496062633037822998, -1.882269498443931655 ) ) ;
#2030 = ORIENTED_EDGE ( 'NONE', *, *, #4917, .T. ) ;
#2031 = B_SPLINE_CURVE_WITH_KNOTS ( 'NONE', 3,
 ( #1684, #3873, #2138, #2571, #444, #338, #5561, #2543, #3396, #1260, #3899, #874, #4698, #821, #2595, #849, #5610, #21, #1634, #3473, #5207, #2730, #1824, #4439, #553, #2222, #1366, #4465, #4029, #5236, #2275, #2650, #4005, #581 ),
 .UNSPECIFIED., .T., .F.,
 ( 4, 2, 2, 2, 2, 2, 2, 2, 2, 2, 2, 2, 2, 2, 2, 2, 4 ),
 ( 0.000000000000000000, 0.06249999999999994449, 0.1249999999999998890, 0.1874999999999998612, 0.2499999999999998335, 0.3124999999999998335, 0.3749999999999998335, 0.4374999999999998335, 0.4999999999999997780, 0.5624999999999997780, 0.6249999999999998890, 0.6874999999999998890, 0.7500000000000000000, 0.8125000000000000000, 0.8750000000000001110, 0.9375000000000000000, 1.000000000000000000 ),
 .UNSPECIFIED. ) ;
#2032 = CARTESIAN_POINT ( 'NONE',  ( 3.333320885711240855, 1.040777002475777202, -0.5961787838114184224 ) ) ;
#2033 = CARTESIAN_POINT ( 'NONE',  ( -2.168404344971008868E-16, 4.150485346797334607, -2.392190151655735342 ) ) ;
#2034 = CARTESIAN_POINT ( 'NONE',  ( 8.149979466365495639, -2.499999999999996891, -1.035533905932736642 ) ) ;
#2035 = CARTESIAN_POINT ( 'NONE',  ( 2.799991199870923708, -1.400354269461838275, 1.400354269461837831 ) ) ;
#2036 = CARTESIAN_POINT ( 'NONE',  ( 16.55000000000000071, 2.499999999999996891, -1.035533905932736642 ) ) ;
#2037 = CARTESIAN_POINT ( 'NONE',  ( 2.158323085743476089, -2.703705076017381970, -0.7298917048846895739 ) ) ;
#2038 = CARTESIAN_POINT ( 'NONE',  ( 13.07499046652683461, 0.8023730916729214790, 1.937099999999996269 ) ) ;
#2039 = CARTESIAN_POINT ( 'NONE',  ( 3.249991199870922998, 1.980399999999998606, -0.8203085389236768332 ) ) ;
#2040 = CARTESIAN_POINT ( 'NONE',  ( 8.949988266494568023, 1.980399999999995497, -0.8203085389236755010 ) ) ;
#2041 = CARTESIAN_POINT ( 'NONE',  ( 3.266657152420872290, 1.111839418570990112, -0.2954898011763524845 ) ) ;
#2042 = ORIENTED_EDGE ( 'NONE', *, *, #1834, .T. ) ;
#2043 = CARTESIAN_POINT ( 'NONE',  ( 5.174988999838654458, -3.478257462558813037E-16, 1.937099999999994715 ) ) ;
#2044 = CARTESIAN_POINT ( 'NONE',  ( 2.899988266494568645, -1.400354269461836054, 1.400354269461835610 ) ) ;
#2045 = CARTESIAN_POINT ( 'NONE',  ( 7.199988266494568911, 1.324140981045085912E-16, -1.980399999999995497 ) ) ;
#2046 = CARTESIAN_POINT ( 'NONE',  ( 10.94999119987092406, -1.980399999999999050, -0.8203085389236773883 ) ) ;
#2047 = CARTESIAN_POINT ( 'NONE',  ( 4.299991199870922820, -3.571348087323975245E-16, 1.980399999999998384 ) ) ;
#2048 = CARTESIAN_POINT ( 'NONE',  ( 5.149999999999998579, -1.035533905932736420, -2.499999999999996891 ) ) ;
#2049 = CARTESIAN_POINT ( 'NONE',  ( 13.29999119987092193, -1.980399999999998384, -2.425290521031416718E-16 ) ) ;
#2050 = CARTESIAN_POINT ( 'NONE',  ( 5.799979466365496883, -1.767766952966366434, -1.767766952966366878 ) ) ;
#2051 = CARTESIAN_POINT ( 'NONE',  ( 14.39999119987092335, 1.400354269461837831, -1.400354269461837831 ) ) ;
#2052 = CARTESIAN_POINT ( 'NONE',  ( 13.57498899983865392, 1.396347719298431550E-16, -1.937099999999994715 ) ) ;
#2053 = CARTESIAN_POINT ( 'NONE',  ( 11.89998826649456909, -1.400354269461835610, -1.400354269461835832 ) ) ;
#2054 = CARTESIAN_POINT ( 'NONE',  ( 16.99998826649456873, 1.980399999999995497, 0.000000000000000000 ) ) ;
#2055 = DIRECTION ( 'NONE',  ( 1.548554197625976421E-18, -1.000000000000000000, 0.000000000000000000 ) ) ;
#2056 = CARTESIAN_POINT ( 'NONE',  ( 5.499999999999998224, 1.767766952966366212, 1.767766952966367100 ) ) ;
#2057 = CARTESIAN_POINT ( 'NONE',  ( 15.64997946636549386, 2.499999999999996891, -1.035533905932736642 ) ) ;
#2058 = CARTESIAN_POINT ( 'NONE',  ( 7.574990466526834609, -0.8023730916729222562, 1.937099999999996269 ) ) ;
#2059 = CARTESIAN_POINT ( 'NONE',  ( 2.583312085582231798, -2.609435014725050905, -2.009368374069236296 ) ) ;
#2060 = ORIENTED_EDGE ( 'NONE', *, *, #138, .F. ) ;
#2061 = CARTESIAN_POINT ( 'NONE',  ( 2.566665952550112983, -2.195503069762130277, 0.5867246740605229771 ) ) ;
#2062 = CARTESIAN_POINT ( 'NONE',  ( 7.499979466365497061, 1.646949745781678836E-16, -2.499999999999996891 ) ) ;
#2063 = CARTESIAN_POINT ( 'NONE',  ( 13.99999999999999822, 1.747606086601826321E-16, -2.499999999999996891 ) ) ;
#2064 = CARTESIAN_POINT ( 'NONE',  ( 15.17499046652683425, 0.8023730916729211460, -1.937099999999996713 ) ) ;
#2065 = CARTESIAN_POINT ( 'NONE',  ( 2.608323085743481595, 1.685076459984540698, 1.299004237605273948 ) ) ;
#2066 = CARTESIAN_POINT ( 'NONE',  ( 3.349991199870923975, 1.980399999999998162, 0.8203085389236781655 ) ) ;
#2067 = CARTESIAN_POINT ( 'NONE',  ( 8.899988266494569089, 1.400354269461835610, -1.400354269461835610 ) ) ;
#2068 = CARTESIAN_POINT ( 'NONE',  ( 2.383323819087577622, 1.507832096280596890, -1.956815012223492856 ) ) ;
#2069 = CARTESIAN_POINT ( 'NONE',  ( 3.524988999838654991, 0.8023730916729209239, 1.937099999999994493 ) ) ;
#2070 = CARTESIAN_POINT ( 'NONE',  ( 16.99997946636549528, -1.767766952966366434, -1.767766952966366878 ) ) ;
#2071 = CARTESIAN_POINT ( 'NONE',  ( 7.299988266494567668, 1.400354269461835610, -1.400354269461835610 ) ) ;
#2072 = CARTESIAN_POINT ( 'NONE',  ( 12.39999119987092513, -1.400354269461838275, 1.400354269461837831 ) ) ;
#2073 = CARTESIAN_POINT ( 'NONE',  ( 3.799991199870922820, -1.400354269461837609, -1.400354269461837831 ) ) ;
#2074 = CARTESIAN_POINT ( 'NONE',  ( 7.099999999999998757, 1.767766952966366212, 1.767766952966367100 ) ) ;
#2075 = CARTESIAN_POINT ( 'NONE',  ( 11.69999119987092406, -1.980399999999998384, -2.425290521031416718E-16 ) ) ;
#2076 = CARTESIAN_POINT ( 'NONE',  ( 7.149979466365495639, -1.035533905932737753, 2.499999999999996447 ) ) ;
#2077 = CARTESIAN_POINT ( 'NONE',  ( 17.21866351115398075, -1.616970158242180933, 1.183738380681494506 ) ) ;
#2078 = CARTESIAN_POINT ( 'NONE',  ( 13.12498899983865286, 0.8023730916729209239, 1.937099999999994493 ) ) ;
#2079 = CARTESIAN_POINT ( 'NONE',  ( 12.44998826649456802, -0.8203085389236768332, 1.980399999999995497 ) ) ;
#2080 = CARTESIAN_POINT ( 'NONE',  ( 16.24998826649456873, 1.980399999999995053, 0.8203085389236769442 ) ) ;
#2081 = CARTESIAN_POINT ( 'NONE',  ( 1.399999999999999911, -2.392190151655315677, -4.150485346797752939 ) ) ;
#2082 = EDGE_CURVE ( 'NONE', #4107, #2825, #595, .T. ) ;
#2083 = CARTESIAN_POINT ( 'NONE',  ( 5.999999999999998224, 1.623721750791748053E-16, -2.499999999999996891 ) ) ;
#2084 = CARTESIAN_POINT ( 'NONE',  ( 14.74997946636549706, 1.035533905932736642, -2.499999999999996891 ) ) ;
#2085 = CARTESIAN_POINT ( 'NONE',  ( 9.424990466526834254, -1.369736545836458541, -1.369736545836458763 ) ) ;
#2086 = CARTESIAN_POINT ( 'NONE',  ( 2.273313287350107181, 0.7782456020900840876, 3.664150424841063458 ) ) ;
#2087 = EDGE_LOOP ( 'NONE', ( #1746 ) ) ;
#2088 = VECTOR ( 'NONE', #5430, 1000.000000000000000 ) ;
#2089 = CARTESIAN_POINT ( 'NONE',  ( 2.483332619216545467, -1.462712779769723692, 1.898097344203843795 ) ) ;
#2090 = CARTESIAN_POINT ( 'NONE',  ( 6.699979466365496350, 1.634561312200670960E-16, -2.499999999999996891 ) ) ;
#2091 = CARTESIAN_POINT ( 'NONE',  ( 12.04999999999999893, -1.035533905932737753, 2.499999999999996447 ) ) ;
#2092 = CARTESIAN_POINT ( 'NONE',  ( 17.32499046652683106, -1.937099999999996269, -2.372263314628333717E-16 ) ) ;
#2093 = AXIS2_PLACEMENT_3D ( 'NONE', #2524, #3938, #3007 ) ;
#2094 = CARTESIAN_POINT ( 'NONE',  ( 1.991656419076895945, -1.526062309974972830, 2.641380913782830575 ) ) ;
#2095 = CARTESIAN_POINT ( 'NONE',  ( -1.738243699557605172E-16, -4.000398375773873916, -1.657019262140832838 ) ) ;
#2096 = CARTESIAN_POINT ( 'NONE',  ( 2.816657152420920518, -1.447622137709397849, 1.108481274967983765 ) ) ;
#2097 = CARTESIAN_POINT ( 'NONE',  ( 3.324988999838653925, 1.937099999999994937, -0.8023730916729204798 ) ) ;
#2098 = CARTESIAN_POINT ( 'NONE',  ( 16.79997946636549955, -1.767766952966367100, 1.767766952966366434 ) ) ;
#2099 = CARTESIAN_POINT ( 'NONE',  ( 6.049988266494568556, -0.8203085389236767222, 1.980399999999995053 ) ) ;
#2100 = CARTESIAN_POINT ( 'NONE',  ( 12.44999119987092406, -1.980399999999999494, 0.8203085389236765002 ) ) ;
#2101 = CARTESIAN_POINT ( 'NONE',  ( 3.399991199870923353, 1.400354269461837387, 1.400354269461838053 ) ) ;
#2102 = CARTESIAN_POINT ( 'NONE',  ( 6.649999999999997691, -2.499999999999996891, -1.035533905932736864 ) ) ;
#2103 = CARTESIAN_POINT ( 'NONE',  ( 10.09999119987092442, -1.980399999999998384, -2.425290521031416718E-16 ) ) ;
#2104 = CARTESIAN_POINT ( 'NONE',  ( 6.999979466365496172, 1.767766952966366212, 1.767766952966367100 ) ) ;
#2105 = CARTESIAN_POINT ( 'NONE',  ( 13.07498899983865748, 1.369736545836457431, 1.369736545836457653 ) ) ;
#2106 = CARTESIAN_POINT ( 'NONE',  ( 10.34998826649457015, -0.8203085389236757230, -1.980399999999995941 ) ) ;
#2107 = CARTESIAN_POINT ( 'NONE',  ( 16.49998826649456873, -1.400354269461835832, 1.400354269461835388 ) ) ;
#2108 = CARTESIAN_POINT ( 'NONE',  ( 1.399999999999999689, 4.150485346797753827, -2.392190151655254837 ) ) ;
#2109 = CARTESIAN_POINT ( 'NONE',  ( 6.949999999999998401, 2.499999999999996891, -1.035533905932736642 ) ) ;
#2110 = EDGE_CURVE ( 'NONE', #3984, #2439, #2460, .T. ) ;
#2111 = CARTESIAN_POINT ( 'NONE',  ( 14.99997946636549706, 1.767766952966366212, 1.767766952966367100 ) ) ;
#2112 = CARTESIAN_POINT ( 'NONE',  ( 8.574990466526832833, -1.937099999999996713, -0.8023730916729213680 ) ) ;
#2113 = CARTESIAN_POINT ( 'NONE',  ( 3.183312085582274076, -1.462712780103295751, 1.898097343684371552 ) ) ;
#2114 = CARTESIAN_POINT ( 'NONE',  ( 2.116665952550021768, 2.337346650093653277, -1.792246552739871657 ) ) ;
#2115 = CARTESIAN_POINT ( 'NONE',  ( 2.683312085582257644, -0.4049032222371690137, -3.117731269192077104 ) ) ;
#2116 = CARTESIAN_POINT ( 'NONE',  ( 11.54999999999999716, -1.035533905932736420, -2.499999999999996891 ) ) ;
#2117 = CARTESIAN_POINT ( 'NONE',  ( 16.37499046652683532, -0.8023730916729222562, 1.937099999999996269 ) ) ;
#2118 = CARTESIAN_POINT ( 'NONE',  ( 3.283320885711229931, 0.7789593726212449276, -1.008363699460241403 ) ) ;
#2119 = CARTESIAN_POINT ( 'NONE',  ( -1.774532195188059818E-16, -1.657019262140844607, -4.000398375773870363 ) ) ;
#2120 = CARTESIAN_POINT ( 'NONE',  ( 8.549988266494569444, -1.980399999999995941, 0.8203085389236750569 ) ) ;
#2121 = FACE_BOUND ( 'NONE', #4156, .T. ) ;
#2122 = CARTESIAN_POINT ( 'NONE',  ( 4.874988999838654635, 1.369736545836457653, -1.369736545836457653 ) ) ;
#2123 = CARTESIAN_POINT ( 'NONE',  ( 17.24997946636549528, 2.499999999999996891, -1.035533905932736642 ) ) ;
#2124 = CARTESIAN_POINT ( 'NONE',  ( 3.533312085582091644, 0.4891843760657536566, -1.807977192898226226 ) ) ;
#2125 = CARTESIAN_POINT ( 'NONE',  ( 10.24999119987092300, -0.8203085389236768332, -1.980399999999999050 ) ) ;
#2126 = CARTESIAN_POINT ( 'NONE',  ( 3.399987552377907285, 1.090864477582686121, -1.110738852876330083E-05 ) ) ;
#2127 = CARTESIAN_POINT ( 'NONE',  ( 3.999999999999998224, -4.530483328897530401E-16, 2.499999999999996891 ) ) ;
#2128 = CARTESIAN_POINT ( 'NONE',  ( 8.249991199870922998, 0.8203085389236773883, 1.980399999999998162 ) ) ;
#2129 = CARTESIAN_POINT ( 'NONE',  ( 4.849979466365496705, -2.499999999999997335, 1.035533905932735976 ) ) ;
#2130 = CARTESIAN_POINT ( 'NONE',  ( 12.37498899983865286, -3.366761560329741905E-16, 1.937099999999994715 ) ) ;
#2131 = CARTESIAN_POINT ( 'NONE',  ( 12.09998826649456838, 1.400354269461835832, -1.400354269461835832 ) ) ;
#2132 = CARTESIAN_POINT ( 'NONE',  ( 12.34998826649456838, 0.8203085389236761671, 1.980399999999995053 ) ) ;
#2133 = CARTESIAN_POINT ( 'NONE',  ( 1.399999999999999911, 0.6217735404957728251, -4.750000000000000888 ) ) ;
#2134 = CARTESIAN_POINT ( 'NONE',  ( 12.44999119987092584, -1.980399999999998828, 0.8203085389236765002 ) ) ;
#2135 = CARTESIAN_POINT ( 'NONE',  ( 3.299999999999997158, -1.767766952966367100, 1.767766952966366434 ) ) ;
#2136 = CARTESIAN_POINT ( 'NONE',  ( 13.79997946636549777, -1.767766952966366434, -1.767766952966366878 ) ) ;
#2137 = CARTESIAN_POINT ( 'NONE',  ( 9.374990466526837096, -1.937099999999996713, -0.8023730916729213680 ) ) ;
#2138 = CARTESIAN_POINT ( 'NONE',  ( 0.5600000000000000533, -4.626370214174499118, -1.243302450706585294 ) ) ;
#2139 = CARTESIAN_POINT ( 'NONE',  ( 2.633332619216528947, -2.096772644896480298, -0.5667933001397915671 ) ) ;
#2140 = CARTESIAN_POINT ( 'NONE',  ( -2.168404344971008868E-16, -0.6217735404951785227, -4.750000000000000000 ) ) ;
#2141 = CARTESIAN_POINT ( 'NONE',  ( 13.69999999999999929, -1.767766952966367100, 1.767766952966366434 ) ) ;
#2142 = CARTESIAN_POINT ( 'NONE',  ( 2.533312085582155149, -3.251954450647648098, -0.8772289970209617982 ) ) ;
#2143 = CARTESIAN_POINT ( 'NONE',  ( 4.099979466365496705, -2.499999999999996891, -3.061616997868379197E-16 ) ) ;
#2144 = CARTESIAN_POINT ( 'NONE',  ( 12.99999999999999822, -2.499999999999996891, -3.061616997868379197E-16 ) ) ;
#2145 = CARTESIAN_POINT ( 'NONE',  ( 2.141654952388618138, -2.802430371320598912, 0.7498421583072232277 ) ) ;
#2146 = CARTESIAN_POINT ( 'NONE',  ( 3.109997997992583585, -1.209486153501211581, 2.090059818328438013 ) ) ;
#2147 = EDGE_CURVE ( 'NONE', #1182, #1607, #3597, .T. ) ;
#2148 = CARTESIAN_POINT ( 'NONE',  ( 8.049988266494567668, 0.8203085389236757230, -1.980399999999995497 ) ) ;
#2149 = CARTESIAN_POINT ( 'NONE',  ( 16.81886970366100087, -2.375700583142635214, 0.4569975419869069522 ) ) ;
#2150 = CARTESIAN_POINT ( 'NONE',  ( 16.94998826649457513, 1.980399999999995497, -0.8203085389236755010 ) ) ;
#2151 = CARTESIAN_POINT ( 'NONE',  ( 13.14997946636550097, 1.035533905932736642, -2.499999999999996891 ) ) ;
#2152 = CARTESIAN_POINT ( 'NONE',  ( 3.449988266494568911, 1.980399999999995053, 0.8203085389236769442 ) ) ;
#2153 = CARTESIAN_POINT ( 'NONE',  ( 7.799991199870922820, -1.400354269461837831, -1.400354269461838053 ) ) ;
#2154 = CARTESIAN_POINT ( 'NONE',  ( 4.649999999999997691, 2.499999999999996447, 1.035533905932737975 ) ) ;
#2155 = CARTESIAN_POINT ( 'NONE',  ( 10.19999119987092406, -1.400354269461837609, -1.400354269461837831 ) ) ;
#2156 = DIRECTION ( 'NONE',  ( -1.000000000000000000, 0.000000000000000000, 0.000000000000000000 ) ) ;
#2157 = CARTESIAN_POINT ( 'NONE',  ( 9.724988999838656056, 1.937099999999994937, -0.8023730916729204798 ) ) ;
#2158 = CARTESIAN_POINT ( 'NONE',  ( 12.39998826649456909, -3.445915242741189056E-16, 1.980399999999995941 ) ) ;
#2159 = CARTESIAN_POINT ( 'NONE',  ( 12.44998826649456802, -0.8203085389236767222, 1.980399999999995053 ) ) ;
#2160 = CARTESIAN_POINT ( 'NONE',  ( 1.399999999999999689, -2.660987301054121623, 3.462557424021504460 ) ) ;
#2161 = CARTESIAN_POINT ( 'NONE',  ( 14.14999119987092335, -1.980399999999998384, -0.8203085389236771663 ) ) ;
#2162 = CARTESIAN_POINT ( 'NONE',  ( 4.549999999999999822, 2.499999999999996891, -1.035533905932736642 ) ) ;
#2163 = CARTESIAN_POINT ( 'NONE',  ( 15.84997946636549493, 1.035533905932736864, 2.499999999999996447 ) ) ;
#2164 = CARTESIAN_POINT ( 'NONE',  ( 7.624990466526832655, -1.369736545836458985, 1.369736545836458541 ) ) ;
#2165 = CARTESIAN_POINT ( 'NONE',  ( 2.333312085582230022, -0.9548379217650690975, 3.540749901570708680 ) ) ;
#2166 = CARTESIAN_POINT ( 'NONE',  ( 1.883332619216625092, -2.609435014608129322, -2.009368374030883420 ) ) ;
#2167 = CARTESIAN_POINT ( 'NONE',  ( 0.5599999999999997202, -4.626370212059313758, 1.243302455813094287 ) ) ;
#2168 = CARTESIAN_POINT ( 'NONE',  ( 14.45000000000000107, -1.035533905932737753, 2.499999999999996447 ) ) ;
#2169 = PRODUCT_DEFINITION_CONTEXT ( 'detailed design', #278, 'design' ) ;
#2170 = CARTESIAN_POINT ( 'NONE',  ( 2.286645891043988410, 0.3860208281621010373, 3.705813251678732545 ) ) ;
#2171 = EDGE_LOOP ( 'NONE', ( #2365, #3905, #4330, #3219 ) ) ;
#2172 = CARTESIAN_POINT ( 'NONE',  ( 10.94999999999999751, 2.499999999999996891, -1.035533905932736642 ) ) ;
#2173 = CARTESIAN_POINT ( 'NONE',  ( 2.933320885711206749, -1.558950601377659506, 0.8948424047860791264 ) ) ;
#2174 = CARTESIAN_POINT ( 'NONE',  ( -1.867245539585931382E-16, 4.330071440916664294, -0.5660739880705747407 ) ) ;
#2175 = CARTESIAN_POINT ( 'NONE',  ( 7.349988266494567490, 1.980399999999995497, -0.8203085389236755010 ) ) ;
#2176 = CARTESIAN_POINT ( 'NONE',  ( 16.87485764014796885, -2.055085374174200119, -1.138015961087212036 ) ) ;
#2177 = CONICAL_SURFACE ( 'NONE', #5357, 1.819200000000001261, 0.7853981633974460586 ) ;
#2178 = CARTESIAN_POINT ( 'NONE',  ( 16.04998826649456589, 0.8203085389236757230, -1.980399999999995497 ) ) ;
#2179 = CARTESIAN_POINT ( 'NONE',  ( 13.39997946636549742, 1.767766952966366212, 1.767766952966367100 ) ) ;
#2180 = CARTESIAN_POINT ( 'NONE',  ( 5.199988266494568911, -3.557411144970259201E-16, 1.980399999999995497 ) ) ;
#2181 = CARTESIAN_POINT ( 'NONE',  ( 6.999991199870922109, -1.400354269461837831, -1.400354269461838053 ) ) ;
#2182 =( BOUNDED_CURVE ( )  B_SPLINE_CURVE ( 2, ( #966, #2286, #139, #3991, #1864, #1429, #3168, #4899, #5360, #1015, #593, #4041, #164, #1457, #3197, #1042, #2772, #623, #1127, #1516, #2830, #4101, #2401, #3739, #3256, #4195, #5106, #1549, #709, #313, #224, #1638, #3770, #3800, #4986, #3373, #1947, #3678, #1099, #5509, #4223, #2431, #5014, #1611, #5046, #4565, #1581, #2953, #4131, #3314, #4163, #3707, #5449, #3283, #740, #2863, #2063, #2493, #1157, #282, #2895, #3345, #1185, #2925, #4648, #773, #1319, #3424, #825, #3057, #2547, #5564, #5160, #4250, #3452, #2521, #2144, #5135, #368, #4788, #4731, #1265, #908, #478, #1238, #4332, #4702, #2602, #2629, #5589, #5243, #2979, #3033, #3004, #2201, #2091, #3506, #854, #4364, #3480, #3935, #5617, #3083, #800, #4277, #2116, #880, #5188, #3851, #4305, #1292, #423, #3879, #1718, #3907, #4758, #451, #2172, #28, #1748, #5214, #1805, #935, #2852, #3136, #671, #2709, #2820, #2229, #1831, #272, #4446, #4813, #3986, #699, #3696, #5435, #1537, #532, #3535, #5273, #5299, #4585, #4151, #1997, #134, #1503, #1397, #961, #3563, #2282, #3728, #1859, #2391, #2657, #4393, #506, #2684, #4420, #1602, #763, #2618, #2297, #1440, #2754, #3179, #3236, #605, #4052, #1959, #176, #5371, #4937, #4577, #1053, #4968, #2811, #4547, #662, #2382, #4606, #3358, #2445, #1250, #4661, #1223, #5522, #353, #1171, #1649, #264, #4177, #1623, #5027, #2074, #2989, #3328, #2478, #3812, #1990, #3409, #4713, #3720, #2102, #785, #4208, #1563, #721, #2907, #836, #3385, #327, #2964, #5463, #3753, #3837, #4143, #296, #5118, #2506, #4687, #5494, #2019, #4235, #4632, #380, #4261, #5088, #3295, #755, #1593, #1140, #5059, #2048, #3783, #810, #1198, #2875, #2532, #2937, #5575, #1675, #1700, #2154, #1728, #4768, #63, #3014, #3544, #3066, #3462, #4796, #2584, #4375, #1812, #5224, #2127, #943, #38, #2640, #488, #3945, #4343, #918, #5600, #5197, #5282, #890, #4846, #1301, #3969, #1353, #3517, #5253, #3888, #1273, #3435, #1758, #4314, #405, #2611, #1328, #2211, #3042, #432, #460, #2183, #1379, #1787 ),
 .UNSPECIFIED., .F., .T. ) 
 B_SPLINE_CURVE_WITH_KNOTS ( ( 3, 2, 2, 2, 2, 2, 2, 2, 2, 2, 2, 2, 2, 2, 2, 2, 2, 2, 2, 2, 2, 2, 2, 2, 2, 2, 2, 2, 2, 2, 2, 2, 2, 2, 2, 2, 2, 2, 2, 2, 2, 2, 2, 2, 2, 2, 2, 2, 2, 2, 2, 2, 2, 2, 2, 2, 2, 2, 2, 2, 2, 2, 2, 2, 2, 2, 2, 2, 2, 2, 2, 2, 2, 2, 2, 2, 2, 2, 2, 2, 2, 2, 2, 2, 2, 2, 2, 2, 2, 2, 2, 2, 2, 2, 2, 2, 2, 2, 2, 2, 2, 2, 2, 2, 2, 2, 2, 2, 2, 2, 2, 2, 2, 2, 2, 2, 2, 2, 2, 2, 2, 2, 2, 2, 2, 2, 2, 2, 2, 2, 2, 2, 2, 2, 2, 2, 2, 2, 2, 2, 2, 2, 2, 2, 3 ),
 ( 0.04474021041588912423, 0.04605263157894736586, 0.05263157894736841813, 0.05921052631578947040, 0.06578947368421052266, 0.07236842105263158187, 0.07894736842105262720, 0.08552631578947368640, 0.09210526315789473173, 0.09868421052631579093, 0.1052631578947368363, 0.1118421052631579093, 0.1184210526315789547, 0.1250000000000000000, 0.1315789473684210453, 0.1381578947368421184, 0.1447368421052631637, 0.1513157894736842091, 0.1578947368421052544, 0.1644736842105263275, 0.1710526315789473728, 0.1776315789473684181, 0.1842105263157894635, 0.1907894736842105365, 0.1973684210526315819, 0.2039473684210525994, 0.2105263157894736725, 0.2171052631578947456, 0.2236842105263157909, 0.2302631578947368363, 0.2368421052631578816, 0.2434210526315789547, 0.2500000000000000000, 0.2565789473684210731, 0.2631578947368420351, 0.2697368421052631637, 0.2763157894736842368, 0.2828947368421052544, 0.2894736842105263275, 0.2960526315789473450, 0.3026315789473684181, 0.3092105263157894912, 0.3157894736842105088, 0.3223684210526315819, 0.3289473684210526550, 0.3355263157894736725, 0.3421052631578948011, 0.3486842105263157632, 0.3552631578947368363, 0.3618421052631579093, 0.3684210526315789269, 0.3750000000000000000, 0.3815789473684210731, 0.3881578947368420907, 0.3947368421052631637, 0.4013157894736841813, 0.4078947368421052544, 0.4144736842105263275, 0.4210526315789473450, 0.4276315789473684181, 0.4342105263157894912, 0.4407894736842105088, 0.4473684210526315819, 0.4539473684210526550, 0.4605263157894737280, 0.4671052631578947456, 0.4736842105263157632, 0.4802631578947368363, 0.4868421052631579093, 0.4934210526315789269, 0.5000000000000000000, 0.5065789473684210176, 0.5131578947368421462, 0.5197368421052631637, 0.5263157894736841813, 0.5328947368421053099, 0.5394736842105263275, 0.5460526315789473450, 0.5526315789473684736, 0.5592105263157894912, 0.5657894736842105088, 0.5723684210526315264, 0.5789473684210526550, 0.5855263157894736725, 0.5921052631578946901, 0.5986842105263158187, 0.6052631578947368363, 0.6118421052631578538, 0.6184210526315789824, 0.6250000000000000000, 0.6315789473684210176, 0.6381578947368421462, 0.6447368421052631637, 0.6513157894736841813, 0.6578947368421053099, 0.6644736842105263275, 0.6710526315789473450, 0.6776315789473684736, 0.6842105263157894912, 0.6907894736842105088, 0.6973684210526315264, 0.7039473684210526550, 0.7105263157894736725, 0.7171052631578946901, 0.7236842105263158187, 0.7302631578947368363, 0.7368421052631578538, 0.7434210526315789824, 0.7500000000000000000, 0.7565789473684210176, 0.7631578947368421462, 0.7697368421052632748, 0.7763157894736841813, 0.7828947368421053099, 0.7894736842105263275, 0.7960526315789473450, 0.8026315789473684736, 0.8092105263157894912, 0.8157894736842105088, 0.8223684210526315264, 0.8289473684210526550, 0.8355263157894736725, 0.8421052631578946901, 0.8486842105263158187, 0.8552631578947368363, 0.8618421052631578538, 0.8684210526315789824, 0.8750000000000000000, 0.8815789473684210176, 0.8881578947368420351, 0.8947368421052631637, 0.9013157894736841813, 0.9078947368421053099, 0.9144736842105263275, 0.9210526315789473450, 0.9276315789473684736, 0.9342105263157894912, 0.9407894736842105088, 0.9473684210526315264, 0.9539473684210526550, 0.9605263157894736725, 0.9671052631578946901, 0.9736842105263158187, 0.9802631578947368363, 0.9868421052631578538 ),
 .UNSPECIFIED. ) 
 CURVE ( )  GEOMETRIC_REPRESENTATION_ITEM ( )  RATIONAL_B_SPLINE_CURVE ( ( 0.9756882571920628688, 0.9848148789039407047, 1.000000000000000000, 0.9238795325112867385, 1.000000000000000000, 0.9238795325112867385, 1.000000000000000000, 0.9238795325112867385, 1.000000000000000000, 0.9238795325112867385, 1.000000000000000000, 0.9238795325112867385, 1.000000000000000000, 0.9238795325112867385, 1.000000000000000000, 0.9238795325112867385, 1.000000000000000000, 0.9238795325112867385, 1.000000000000000000, 0.9238795325112867385, 1.000000000000000000, 0.9238795325112867385, 1.000000000000000000, 0.9238795325112867385, 1.000000000000000000, 0.9238795325112867385, 1.000000000000000000, 0.9238795325112867385, 1.000000000000000000, 0.9238795325112867385, 1.000000000000000000, 0.9238795325112867385, 1.000000000000000000, 0.9238795325112867385, 1.000000000000000000, 0.9238795325112867385, 1.000000000000000000, 0.9238795325112867385, 1.000000000000000000, 0.9238795325112867385, 1.000000000000000000, 0.9238795325112867385, 1.000000000000000000, 0.9238795325112867385, 1.000000000000000000, 0.9238795325112867385, 1.000000000000000000, 0.9238795325112867385, 1.000000000000000000, 0.9238795325112867385, 1.000000000000000000, 0.9238795325112867385, 1.000000000000000000, 0.9238795325112867385, 1.000000000000000000, 0.9238795325112867385, 1.000000000000000000, 0.9238795325112867385, 1.000000000000000000, 0.9238795325112867385, 1.000000000000000000, 0.9238795325112867385, 1.000000000000000000, 0.9238795325112867385, 1.000000000000000000, 0.9238795325112867385, 1.000000000000000000, 0.9238795325112867385, 1.000000000000000000, 0.9238795325112867385, 1.000000000000000000, 0.9238795325112867385, 1.000000000000000000, 0.9238795325112867385, 1.000000000000000000, 0.9238795325112867385, 1.000000000000000000, 0.9238795325112867385, 1.000000000000000000, 0.9238795325112867385, 1.000000000000000000, 0.9238795325112867385, 1.000000000000000000, 0.9238795325112867385, 1.000000000000000000, 0.9238795325112867385, 1.000000000000000000, 0.9238795325112867385, 1.000000000000000000, 0.9238795325112867385, 1.000000000000000000, 0.9238795325112867385, 1.000000000000000000, 0.9238795325112867385, 1.000000000000000000, 0.9238795325112867385, 1.000000000000000000, 0.9238795325112867385, 1.000000000000000000, 0.9238795325112867385, 1.000000000000000000, 0.9238795325112867385, 1.000000000000000000, 0.9238795325112867385, 1.000000000000000000, 0.9238795325112867385, 1.000000000000000000, 0.9238795325112867385, 1.000000000000000000, 0.9238795325112867385, 1.000000000000000000, 0.9238795325112867385, 1.000000000000000000, 0.9238795325112867385, 1.000000000000000000, 0.9238795325112867385, 1.000000000000000000, 0.9238795325112867385, 1.000000000000000000, 0.9238795325112867385, 1.000000000000000000, 0.9238795325112867385, 1.000000000000000000, 0.9238795325112867385, 1.000000000000000000, 0.9238795325112867385, 1.000000000000000000, 0.9238795325112867385, 1.000000000000000000, 0.9238795325112867385, 1.000000000000000000, 0.9238795325112867385, 1.000000000000000000, 0.9238795325112867385, 1.000000000000000000, 0.9238795325112867385, 1.000000000000000000, 0.9238795325112867385, 1.000000000000000000, 0.9238795325112867385, 1.000000000000000000, 0.9238795325112867385, 1.000000000000000000, 0.9238795325112867385, 1.000000000000000000, 0.9238795325112867385, 1.000000000000000000, 0.9238795325112867385, 1.000000000000000000, 0.9238795325112867385, 1.000000000000000000, 0.9238795325112867385, 1.000000000000000000, 0.9238795325112867385, 1.000000000000000000, 0.9238795325112867385, 1.000000000000000000, 0.9238795325112867385, 1.000000000000000000, 0.9238795325112867385, 1.000000000000000000, 0.9238795325112867385, 1.000000000000000000, 0.9238795325112867385, 1.000000000000000000, 0.9238795325112867385, 1.000000000000000000, 0.9238795325112867385, 1.000000000000000000, 0.9238795325112867385, 1.000000000000000000, 0.9238795325112867385, 1.000000000000000000, 0.9238795325112867385, 1.000000000000000000, 0.9238795325112867385, 1.000000000000000000, 0.9238795325112867385, 1.000000000000000000, 0.9238795325112867385, 1.000000000000000000, 0.9238795325112867385, 1.000000000000000000, 0.9238795325112867385, 1.000000000000000000, 0.9238795325112867385, 1.000000000000000000, 0.9238795325112867385, 1.000000000000000000, 0.9238795325112867385, 1.000000000000000000, 0.9238795325112867385, 1.000000000000000000, 0.9238795325112867385, 1.000000000000000000, 0.9238795325112867385, 1.000000000000000000, 0.9238795325112867385, 1.000000000000000000, 0.9238795325112867385, 1.000000000000000000, 0.9238795325112867385, 1.000000000000000000, 0.9238795325112867385, 1.000000000000000000, 0.9238795325112867385, 1.000000000000000000, 0.9238795325112867385, 1.000000000000000000, 0.9238795325112867385, 1.000000000000000000, 0.9238795325112867385, 1.000000000000000000, 0.9238795325112867385, 1.000000000000000000, 0.9238795325112867385, 1.000000000000000000, 0.9238795325112867385, 1.000000000000000000, 0.9238795325112867385, 1.000000000000000000, 0.9238795325112867385, 1.000000000000000000, 0.9238795325112867385, 1.000000000000000000, 0.9238795325112867385, 1.000000000000000000, 0.9238795325112867385, 1.000000000000000000, 0.9238795325112867385, 1.000000000000000000, 0.9238795325112867385, 1.000000000000000000, 0.9238795325112867385, 1.000000000000000000, 0.9238795325112867385, 1.000000000000000000, 0.9238795325112867385, 1.000000000000000000, 0.9238795325112867385, 1.000000000000000000, 0.9238795325112867385, 1.000000000000000000, 0.9238795325112867385, 1.000000000000000000, 0.9238795325112867385, 1.000000000000000000, 0.9238795325112867385, 1.000000000000000000, 0.9238795325112867385, 1.000000000000000000, 0.9238795325112867385, 1.000000000000000000, 0.9238795325112867385, 1.000000000000000000, 0.9238795325112867385, 1.000000000000000000, 0.9238795325112867385, 1.000000000000000000, 0.9238795325112867385, 1.000000000000000000, 0.9238795325112867385, 1.000000000000000000, 0.9238795325112867385, 1.000000000000000000, 0.9238795325112867385, 1.000000000000000000, 0.9238795325112867385, 1.000000000000000000, 0.9238795325112867385, 1.000000000000000000, 0.9238795325112867385, 1.000000000000000000, 0.9238795325112867385, 1.000000000000000000, 0.9238795325112867385, 1.000000000000000000, 0.9238795325112867385, 1.000000000000000000, 0.9238795325112867385, 1.000000000000000000, 0.9238795325112867385, 1.000000000000000000, 0.9238795325112867385, 1.000000000000000000, 0.9238795325112867385, 1.000000000000000000, 0.9238795325112867385, 1.000000000000000000 ) ) 
 REPRESENTATION_ITEM ( '' )  );
#2183 = CARTESIAN_POINT ( 'NONE',  ( 2.499999999999998668, -1.767766952966367100, 1.767766952966366434 ) ) ;
#2184 = CARTESIAN_POINT ( 'NONE',  ( 10.24999119987092300, -0.8203085389236767222, -1.980399999999998606 ) ) ;
#2185 = CARTESIAN_POINT ( 'NONE',  ( 3.349979466365496705, -2.499999999999996891, -1.035533905932736864 ) ) ;
#2186 = CARTESIAN_POINT ( 'NONE',  ( 11.17498899983865535, 1.359182418555408168E-16, -1.937099999999994715 ) ) ;
#2187 = CARTESIAN_POINT ( 'NONE',  ( 7.149988266494570865, -0.8203085389236757230, -1.980399999999995941 ) ) ;
#2188 = CARTESIAN_POINT ( 'NONE',  ( 11.69998826649456802, -1.400354269461835832, 1.400354269461835388 ) ) ;
#2189 = CARTESIAN_POINT ( 'NONE',  ( 17.14999119987092868, -0.8203085389236781655, 1.980399999999998606 ) ) ;
#2190 = CARTESIAN_POINT ( 'NONE',  ( 11.04999119987092371, -0.8203085389236768332, -1.980399999999998384 ) ) ;
#2191 = CARTESIAN_POINT ( 'NONE',  ( 2.749999999999996891, -1.035533905932736420, -2.499999999999996891 ) ) ;
#2192 = CARTESIAN_POINT ( 'NONE',  ( 13.59997946636549671, -1.767766952966367100, 1.767766952966366434 ) ) ;
#2193 = CARTESIAN_POINT ( 'NONE',  ( 6.474990466526833188, 1.937099999999996713, -0.8023730916729211460 ) ) ;
#2194 = CARTESIAN_POINT ( 'NONE',  ( 17.14410737364230286, -1.459950041947871924, 1.483287885231462377 ) ) ;
#2195 = CARTESIAN_POINT ( 'NONE',  ( 2.916657152420891297, -1.659181762377625269, -0.2204036353628553713 ) ) ;
#2196 = CARTESIAN_POINT ( 'NONE',  ( 3.129564191179402322, -0.4658647145749043594, -1.895951067473284679 ) ) ;
#2197 = CARTESIAN_POINT ( 'NONE',  ( 11.89999999999999680, 1.767766952966366212, 1.767766952966367100 ) ) ;
#2198 = CARTESIAN_POINT ( 'NONE',  ( 1.560000702268758088, 1.157366285252241278, 3.561946277581052644 ) ) ;
#2199 = ORIENTED_EDGE ( 'NONE', *, *, #4715, .F. ) ;
#2200 = CARTESIAN_POINT ( 'NONE',  ( 4.299979466365495107, 1.597396011457647578E-16, -2.499999999999996891 ) ) ;
#2201 = CARTESIAN_POINT ( 'NONE',  ( 12.09999999999999964, -1.767766952966367100, 1.767766952966366434 ) ) ;
#2202 = CARTESIAN_POINT ( 'NONE',  ( 14.87499046652683710, -1.937099999999996935, 0.8023730916729207019 ) ) ;
#2203 = CARTESIAN_POINT ( 'NONE',  ( 3.166654219044606755, -0.3731041870542742833, -1.400633402320429433 ) ) ;
#2204 = CARTESIAN_POINT ( 'NONE',  ( -1.736565894203527163E-16, -4.108744945538769677, -1.395540846033563431 ) ) ;
#2205 = CARTESIAN_POINT ( 'NONE',  ( 6.849988266494569267, -0.8203085389236766112, 1.980399999999995053 ) ) ;
#2206 = CARTESIAN_POINT ( 'NONE',  ( 16.89544271679127974, -1.682548872916773908, -1.609729873819820911 ) ) ;
#2207 = CARTESIAN_POINT ( 'NONE',  ( 15.54998826649456944, 0.8203085389236761671, 1.980399999999995053 ) ) ;
#2208 = CARTESIAN_POINT ( 'NONE',  ( 14.59997946636549671, -1.767766952966366434, -1.767766952966366878 ) ) ;
#2209 = CARTESIAN_POINT ( 'NONE',  ( 4.549988266494567668, -1.980399999999995941, 0.8203085389236751679 ) ) ;
#2210 = CARTESIAN_POINT ( 'NONE',  ( 8.899991199870923353, 1.980399999999998828, 0.000000000000000000 ) ) ;
#2211 = CARTESIAN_POINT ( 'NONE',  ( 2.699999999999997513, -1.767766952966366434, -1.767766952966366878 ) ) ;
#2212 = CARTESIAN_POINT ( 'NONE',  ( 8.099991199870922642, 1.980399999999998384, 0.000000000000000000 ) ) ;
#2213 = CARTESIAN_POINT ( 'NONE',  ( 3.999979466365495728, -1.767766952966367100, 1.767766952966366434 ) ) ;
#2214 = CARTESIAN_POINT ( 'NONE',  ( 10.62498899983865641, 1.937099999999994049, 0.8023730916729217011 ) ) ;
#2215 = CARTESIAN_POINT ( 'NONE',  ( 8.399988266494569089, -3.507857410646228683E-16, 1.980399999999995941 ) ) ;
#2216 = CARTESIAN_POINT ( 'NONE',  ( 13.54998826649456767, -0.8203085389236755010, -1.980399999999995497 ) ) ;
#2217 = CARTESIAN_POINT ( 'NONE',  ( 16.39999119987092513, -1.400354269461838275, 1.400354269461837831 ) ) ;
#2218 = CARTESIAN_POINT ( 'NONE',  ( 10.99999119987092300, -1.400354269461837609, -1.400354269461837831 ) ) ;
#2219 = CARTESIAN_POINT ( 'NONE',  ( 4.349999999999997868, -1.035533905932736420, -2.499999999999996891 ) ) ;
#2220 = CARTESIAN_POINT ( 'NONE',  ( 11.49997946636549706, 1.708891913686717970E-16, -2.499999999999996891 ) ) ;
#2221 = CARTESIAN_POINT ( 'NONE',  ( 3.874990466526833544, -0.8023730916729210350, -1.937099999999996713 ) ) ;
#2222 = CARTESIAN_POINT ( 'NONE',  ( 0.5599999999999997202, -0.6217735460229805167, 4.750000000000001776 ) ) ;
#2223 = CARTESIAN_POINT ( 'NONE',  ( 3.166657152420865540, 0.6519096156975833223, -1.124676953543427116 ) ) ;
#2224 = CARTESIAN_POINT ( 'NONE',  ( 3.150474792101233046, -0.7510479330515783536, -1.832460412194197641 ) ) ;
#2225 = CARTESIAN_POINT ( 'NONE',  ( 14.19999999999999929, 2.499999999999996891, 0.000000000000000000 ) ) ;
#2226 = CARTESIAN_POINT ( 'NONE',  ( 2.016665952549915541, 0.4048493628517897958, -3.068319622870041119 ) ) ;
#2227 = ORIENTED_EDGE ( 'NONE', *, *, #5342, .F. ) ;
#2228 = CARTESIAN_POINT ( 'NONE',  ( 5.749979466365497949, -2.499999999999996891, -1.035533905932736642 ) ) ;
#2229 = CARTESIAN_POINT ( 'NONE',  ( 10.40000000000000036, -4.431375860249467392E-16, 2.499999999999996891 ) ) ;
#2230 = CARTESIAN_POINT ( 'NONE',  ( 2.308321619055348606, -1.321030915705835751, -2.298376168480213977 ) ) ;
#2231 = VERTEX_POINT ( 'NONE', #3964 ) ;
#2232 = CARTESIAN_POINT ( 'NONE',  ( 2.924988999838654902, -1.937099999999995603, 0.8023730916729199247 ) ) ;
#2233 = CARTESIAN_POINT ( 'NONE',  ( 14.04997946636549777, 2.499999999999996891, -1.035533905932736642 ) ) ;
#2234 = CARTESIAN_POINT ( 'NONE',  ( 4.249988266494567846, 1.980399999999995053, 0.8203085389236769442 ) ) ;
#2235 = CARTESIAN_POINT ( 'NONE',  ( 7.599991199870922642, -1.400354269461838275, 1.400354269461837831 ) ) ;
#2236 = CARTESIAN_POINT ( 'NONE',  ( 2.388345805459812343, 1.476914398786930649, 2.022230571092720197 ) ) ;
#2237 = DIRECTION ( 'NONE',  ( -1.000000000000000000, -1.548554197625976421E-18, -0.000000000000000000 ) ) ;
#2238 = CARTESIAN_POINT ( 'NONE',  ( 6.449991199870922287, 1.980399999999998606, -0.8203085389236768332 ) ) ;
#2239 = CARTESIAN_POINT ( 'NONE',  ( 2.408861709489011016, 0.6557867771079073371, -2.412509769241334201 ) ) ;
#2240 = CARTESIAN_POINT ( 'NONE',  ( 10.87498899983865464, -1.369736545836457653, 1.369736545836457431 ) ) ;
#2241 = CARTESIAN_POINT ( 'NONE',  ( 6.649988266494569977, 1.980399999999995497, 0.8203085389236771663 ) ) ;
#2242 = CARTESIAN_POINT ( 'NONE',  ( 12.64998826649457087, -1.980399999999995497, -0.8203085389236758340 ) ) ;
#2243 = CARTESIAN_POINT ( 'NONE',  ( 17.34999119987092797, -1.980399999999999050, -0.8203085389236773883 ) ) ;
#2244 = CARTESIAN_POINT ( 'NONE',  ( 11.09999119987092442, 1.384534640177423535E-16, -1.980399999999998384 ) ) ;
#2245 = CARTESIAN_POINT ( 'NONE',  ( 4.149999999999997691, -2.499999999999997335, 1.035533905932735976 ) ) ;
#2246 = CARTESIAN_POINT ( 'NONE',  ( 10.94997946636549635, 2.499999999999996447, 1.035533905932737975 ) ) ;
#2247 = CARTESIAN_POINT ( 'NONE',  ( 5.024990466526832122, 1.369736545836458319, 1.369736545836458985 ) ) ;
#2248 = ADVANCED_FACE ( 'NONE', ( #4562 ), #1400, .T. ) ;
#2249 = CARTESIAN_POINT ( 'NONE',  ( 16.54998826649456944, -1.980399999999996385, 0.8203085389236752789 ) ) ;
#2250 = CARTESIAN_POINT ( 'NONE',  ( 1.833332619216632597, -3.251954450529599860, -0.8772289972751089460 ) ) ;
#2251 = CARTESIAN_POINT ( 'NONE',  ( 3.117872406105269611, -0.4580044351384888190, -1.897074922720345613 ) ) ;
#2252 = CARTESIAN_POINT ( 'NONE',  ( 12.89999999999999858, -1.767766952966367100, 1.767766952966366434 ) ) ;
#2253 = CARTESIAN_POINT ( 'NONE',  ( 1.733332619216708892, -3.049317125967333286, 1.753850184205066887 ) ) ;
#2254 = ORIENTED_EDGE ( 'NONE', *, *, #2314, .F. ) ;
#2255 = CARTESIAN_POINT ( 'NONE',  ( 4.649979466365496528, 1.035533905932736864, 2.499999999999996447 ) ) ;
#2256 = CARTESIAN_POINT ( 'NONE',  ( 1.986654791245417773, 0.3316080581146081951, 3.186213087497951069 ) ) ;
#2257 = CARTESIAN_POINT ( 'NONE',  ( 3.138065837053174878, -1.865321838567594037, -0.9964259818982061923 ) ) ;
#2258 = CARTESIAN_POINT ( 'NONE',  ( 16.29998826649456589, 1.400354269461835166, 1.400354269461835832 ) ) ;
#2259 = CARTESIAN_POINT ( 'NONE',  ( 14.34997946636549671, -1.035533905932737753, 2.499999999999996447 ) ) ;
#2260 = CARTESIAN_POINT ( 'NONE',  ( 3.133312320305824183, -0.6444062226460318676, 2.385566063826384919 ) ) ;
#2261 = CARTESIAN_POINT ( 'NONE',  ( 8.849991199870924419, 1.980399999999999050, -0.8203085389236769442 ) ) ;
#2262 = CARTESIAN_POINT ( 'NONE',  ( 3.599988266494567934, -3.582188012132274460E-16, 1.980399999999995497 ) ) ;
#2263 = CARTESIAN_POINT ( 'NONE',  ( 2.016657152420914034, -2.396058594114213403, 1.837373315846098532 ) ) ;
#2264 = CARTESIAN_POINT ( 'NONE',  ( 5.199991199870923175, -1.400354269461838053, 1.400354269461837609 ) ) ;
#2265 = VECTOR ( 'NONE', #5477, 1000.000000000000000 ) ;
#2266 = CARTESIAN_POINT ( 'NONE',  ( 2.531925008609854810, -1.299038105676658228, 0.7500000000000002220 ) ) ;
#2267 = CARTESIAN_POINT ( 'NONE',  ( 10.82498899983865570, -0.8023730916729214790, 1.937099999999994049 ) ) ;
#2268 = CARTESIAN_POINT ( 'NONE',  ( 8.199988266494568023, 1.980399999999995941, 0.000000000000000000 ) ) ;
#2269 = CARTESIAN_POINT ( 'NONE',  ( 9.449988266494568023, -1.980399999999995497, -0.8203085389236758340 ) ) ;
#2270 = CARTESIAN_POINT ( 'NONE',  ( 10.14999119987092158, -1.980399999999998384, -0.8203085389236771663 ) ) ;
#2271 = CARTESIAN_POINT ( 'NONE',  ( 16.64999119987092513, -0.8203085389236767222, -1.980399999999998606 ) ) ;
#2272 = CARTESIAN_POINT ( 'NONE',  ( 10.74997946636549706, 1.035533905932736642, -2.499999999999996891 ) ) ;
#2273 = CARTESIAN_POINT ( 'NONE',  ( 3.299990485754262348, 1.090864477582689229, -1.110738852876331777E-05 ) ) ;
#2274 = CARTESIAN_POINT ( 'NONE',  ( 4.224990466526834076, 1.369736545836458319, 1.369736545836458985 ) ) ;
#2275 = CARTESIAN_POINT ( 'NONE',  ( 0.5599999999999997202, -4.150485344682726563, 2.392190156761771824 ) ) ;
#2276 = CARTESIAN_POINT ( 'NONE',  ( 0.1341613175303214556, -1.152606370818846981, -1.003627204614183421 ) ) ;
#2277 = CARTESIAN_POINT ( 'NONE',  ( 3.125914063085423855, -0.4605496037492181061, -1.896713984314291945 ) ) ;
#2278 = CARTESIAN_POINT ( 'NONE',  ( 10.19999999999999751, 2.499999999999996891, 0.000000000000000000 ) ) ;
#2279 = CARTESIAN_POINT ( 'NONE',  ( 1.866665952550017993, -2.874145768941717360, -1.660222309940975860 ) ) ;
#2280 = ORIENTED_EDGE ( 'NONE', *, *, #4917, .F. ) ;
#2281 = CARTESIAN_POINT ( 'NONE',  ( 0.5599999999999997202, -4.750000000000000888, 5.817072295949928412E-16 ) ) ;
#2282 = CARTESIAN_POINT ( 'NONE',  ( 9.299999999999998934, 1.767766952966366878, -1.767766952966366878 ) ) ;
#2283 = CARTESIAN_POINT ( 'NONE',  ( 2.999999285883337752, 1.610464477574515385, -1.402164780948711407E-05 ) ) ;
#2284 = CARTESIAN_POINT ( 'NONE',  ( 15.09998826649456838, -1.400354269461835388, -1.400354269461835610 ) ) ;
#2285 = CARTESIAN_POINT ( 'NONE',  ( 11.74997946636549528, 2.499999999999996447, 1.035533905932737975 ) ) ;
#2286 = CARTESIAN_POINT ( 'NONE',  ( 16.70935723553922614, 1.630733411152372359, 1.904800494780360953 ) ) ;
#2287 = CARTESIAN_POINT ( 'NONE',  ( 4.999991199870922109, 1.400354269461837609, 1.400354269461838275 ) ) ;
#2288 = CARTESIAN_POINT ( 'NONE',  ( 2.372559408448926099, 2.508581198502559673, 0.2002287063722501259 ) ) ;
#2289 = CARTESIAN_POINT ( 'NONE',  ( 2.233323819087615458, -1.342837829634875746, -2.336210996840396792 ) ) ;
#2290 = CARTESIAN_POINT ( 'NONE',  ( 7.449991199870922287, 0.8203085389236773883, 1.980399999999998162 ) ) ;
#2291 = CARTESIAN_POINT ( 'NONE',  ( 2.499910864301712721, 0.2901280377339483518, -1.500000000000000666 ) ) ;
#2292 = CARTESIAN_POINT ( 'NONE',  ( 6.624988999838655523, 1.937099999999994049, 0.8023730916729217011 ) ) ;
#2293 = CARTESIAN_POINT ( 'NONE',  ( 7.999988266494568734, 1.336529414626094035E-16, -1.980399999999995941 ) ) ;
#2294 = CARTESIAN_POINT ( 'NONE',  ( 8.349988266494568379, 0.8203085389236761671, 1.980399999999995053 ) ) ;
#2295 = CARTESIAN_POINT ( 'NONE',  ( 17.59999119987092442, 1.400354269461838053, -1.400354269461838053 ) ) ;
#2296 = CARTESIAN_POINT ( 'NONE',  ( 9.449991199870924063, -0.8203085389236768332, -1.980399999999998384 ) ) ;
#2297 = CARTESIAN_POINT ( 'NONE',  ( 8.699999999999997513, 1.767766952966366212, 1.767766952966367100 ) ) ;
#2298 = CARTESIAN_POINT ( 'NONE',  ( 15.84999119987092264, -0.8203085389236767222, -1.980399999999998606 ) ) ;
#2299 = CARTESIAN_POINT ( 'NONE',  ( 13.39997946636549742, 1.767766952966366212, 1.767766952966367100 ) ) ;
#2300 = CARTESIAN_POINT ( 'NONE',  ( -1.224698418616533548E-17, -1.732050807568877415, -4.336808689942017736E-16 ) ) ;
#2301 = CARTESIAN_POINT ( 'NONE',  ( 6.074990466526834609, -1.937099999999996935, 0.8023730916729207019 ) ) ;
#2302 = CARTESIAN_POINT ( 'NONE',  ( 17.79998826649456944, 1.980399999999995941, 0.000000000000000000 ) ) ;
#2303 = CARTESIAN_POINT ( 'NONE',  ( 17.40099999999999980, -0.8660254037844388186, -1.500000000000000444 ) ) ;
#2304 = DIRECTION ( 'NONE',  ( 0.000000000000000000, 0.4999999999999998890, -0.8660254037844387076 ) ) ;
#2305 = CARTESIAN_POINT ( 'NONE',  ( 11.39999999999999858, -2.499999999999996891, -3.061616997868379197E-16 ) ) ;
#2306 = CARTESIAN_POINT ( 'NONE',  ( 1.833332619216657022, -3.251954450647648098, -0.8772289970209617982 ) ) ;
#2307 = CARTESIAN_POINT ( 'NONE',  ( 3.366654219044486140, 1.111839418546144875, -0.2954898008714222368 ) ) ;
#2308 = ORIENTED_EDGE ( 'NONE', *, *, #1904, .T. ) ;
#2309 = CARTESIAN_POINT ( 'NONE',  ( 17.23880000000000479, -1.758012919139418040, 0.9117975302329442977 ) ) ;
#2310 = CARTESIAN_POINT ( 'NONE',  ( 2.783332619216714487, -0.2496394708905721460, -1.931683844389392890 ) ) ;
#2311 = VERTEX_POINT ( 'NONE', #5327 ) ;
#2312 = CARTESIAN_POINT ( 'NONE',  ( 12.24998826649456873, 1.980399999999995053, 0.8203085389236768332 ) ) ;
#2313 = CARTESIAN_POINT ( 'NONE',  ( 10.49997946636549706, -2.499999999999996891, -3.061616997868379197E-16 ) ) ;
#2314 = EDGE_CURVE ( 'NONE', #2740, #2740, #1709, .T. ) ;
#2315 = CARTESIAN_POINT ( 'NONE',  ( 6.199991199870924063, -1.400354269461837831, -1.400354269461838053 ) ) ;
#2316 = CARTESIAN_POINT ( 'NONE',  ( 3.549988266494568112, 0.8203085389236761671, 1.980399999999995053 ) ) ;
#2317 = CARTESIAN_POINT ( 'NONE',  ( 3.091656419076870055, -0.3617702667239663938, -1.358460449155338479 ) ) ;
#2318 = CARTESIAN_POINT ( 'NONE',  ( 7.299991199870921932, 1.980399999999998384, 0.000000000000000000 ) ) ;
#2319 = CARTESIAN_POINT ( 'NONE',  ( 0.8399999999999996358, -3.798417501391354811, -2.919096919880848073 ) ) ;
#2320 = CARTESIAN_POINT ( 'NONE',  ( 6.824988999838655701, -0.8023730916729214790, 1.937099999999994049 ) ) ;
#2321 = CARTESIAN_POINT ( 'NONE',  ( 6.149988266494569089, -1.980399999999996385, 0.8203085389236752789 ) ) ;
#2322 = CARTESIAN_POINT ( 'NONE',  ( 10.54998826649456944, 1.980399999999995497, -0.8203085389236757230 ) ) ;
#2323 = CARTESIAN_POINT ( 'NONE',  ( 14.89999119987092335, -1.980399999999998828, -2.425290521031417211E-16 ) ) ;
#2324 = CARTESIAN_POINT ( 'NONE',  ( 8.449991199870922287, -1.980399999999998828, 0.8203085389236765002 ) ) ;
#2325 = CARTESIAN_POINT ( 'NONE',  ( 16.69999119987092229, 1.471253675244478174E-16, -1.980399999999998384 ) ) ;
#2326 = CARTESIAN_POINT ( 'NONE',  ( 9.499979466365497061, -4.445313166002561224E-16, 2.499999999999996891 ) ) ;
#2327 = CYLINDRICAL_SURFACE ( 'NONE', #4538, 4.750000000000000888 ) ;
#2328 = CARTESIAN_POINT ( 'NONE',  ( 17.02498899983865499, 1.937099999999994049, 0.8023730916729217011 ) ) ;
#2329 = CARTESIAN_POINT ( 'NONE',  ( 13.24998826649456873, -0.8203085389236768332, 1.980399999999995497 ) ) ;
#2330 = CARTESIAN_POINT ( 'NONE',  ( 2.991283345537035121, 1.115563954534968039, 2.255913260940828113 ) ) ;
#2331 = CARTESIAN_POINT ( 'NONE',  ( 1.399999999999999911, 0.6217735404957795975, 4.750000000000000888 ) ) ;
#2332 = CARTESIAN_POINT ( 'NONE',  ( 8.750000000000001776, 1.035533905932736864, 2.499999999999996447 ) ) ;
#2333 = DIRECTION ( 'NONE',  ( -1.000000000000000000, -7.070799616643645495E-18, 0.000000000000000000 ) ) ;
#2334 = CARTESIAN_POINT ( 'NONE',  ( 12.67499046652683425, -0.8023730916729210350, -1.937099999999996713 ) ) ;
#2335 = CARTESIAN_POINT ( 'NONE',  ( 17.00794724462003771, 1.219085722012622108, -1.850901727653171625 ) ) ;
#2336 = ORIENTED_EDGE ( 'NONE', *, *, #5134, .T. ) ;
#2337 = CARTESIAN_POINT ( 'NONE',  ( 0.5599999999999997202, 0.6217735404951851841, -4.750000000000000000 ) ) ;
#2338 = CARTESIAN_POINT ( 'NONE',  ( 2.716654219044597252, 1.290704287790747307, 1.684731250194011265 ) ) ;
#2339 =( NAMED_UNIT ( * ) SI_UNIT ( $, .STERADIAN. ) SOLID_ANGLE_UNIT ( ) );
#2340 = CARTESIAN_POINT ( 'NONE',  ( 13.64998826649456731, 0.8203085389236757230, -1.980399999999995497 ) ) ;
#2341 = CARTESIAN_POINT ( 'NONE',  ( 10.29997946636549599, -4.432924732421552608E-16, 2.499999999999996891 ) ) ;
#2342 = CARTESIAN_POINT ( 'NONE',  ( 3.599991199870922198, -1.400354269461838275, 1.400354269461837831 ) ) ;
#2343 = PLANE ( 'NONE',  #19 ) ;
#2344 = CARTESIAN_POINT ( 'NONE',  ( 2.116657152420958088, -2.845232116898099406, -0.3756449803181917124 ) ) ;
#2345 = CARTESIAN_POINT ( 'NONE',  ( 6.849991199870924419, -1.980399999999999050, 0.8203085389236763891 ) ) ;
#2346 = CARTESIAN_POINT ( 'NONE',  ( 0.8399999999999997469, 4.750000000000001776, 0.6217735460229806277 ) ) ;
#2347 = CARTESIAN_POINT ( 'NONE',  ( 7.024988999838653214, -1.937099999999994937, -0.8023730916729207019 ) ) ;
#2348 = CARTESIAN_POINT ( 'NONE',  ( 4.399988266494568201, -3.569799578551267324E-16, 1.980399999999995941 ) ) ;
#2349 = CARTESIAN_POINT ( 'NONE',  ( 8.749988266494568734, -0.8203085389236755010, -1.980399999999995497 ) ) ;
#2350 = CARTESIAN_POINT ( 'NONE',  ( 13.64999119987092335, 1.980399999999999050, -0.8203085389236769442 ) ) ;
#2351 = CARTESIAN_POINT ( 'NONE',  ( 6.399991199870922465, 1.400354269461837831, -1.400354269461837831 ) ) ;
#2352 = CARTESIAN_POINT ( 'NONE',  ( 14.29999119987092371, 1.434088374501454793E-16, -1.980399999999998384 ) ) ;
#2353 = CARTESIAN_POINT ( 'NONE',  ( 8.799979466365495995, -1.767766952966367100, 1.767766952966366434 ) ) ;
#2354 = CARTESIAN_POINT ( 'NONE',  ( 0.1337868247211000949, -1.150954569461748678, 1.006488208488690583 ) ) ;
#2355 = CARTESIAN_POINT ( 'NONE',  ( 2.724990466526832744, -3.516197017688191118E-16, 1.937099999999996269 ) ) ;
#2356 = CARTESIAN_POINT ( 'NONE',  ( 13.04998826649456767, 1.980399999999995497, 0.8203085389236771663 ) ) ;
#2357 = CARTESIAN_POINT ( 'NONE',  ( 2.720732285331572964, 2.515046347659045001, -0.08743424475404740215 ) ) ;
#2358 = CARTESIAN_POINT ( 'NONE',  ( 3.050477725477574786, -0.7510479330517539909, -1.832460412194136135 ) ) ;
#2359 = AXIS2_PLACEMENT_3D ( 'NONE', #3119, #686, #1047 ) ;
#2360 = CARTESIAN_POINT ( 'NONE',  ( 9.699999999999999289, -1.767766952966367100, 1.767766952966366434 ) ) ;
#2361 =( BOUNDED_SURFACE ( )  B_SPLINE_SURFACE ( 2, 3, ( 
 ( #1147, #2452, #1910, #698, #4944, #2420, #5035, #1937, #5500, #3638, #4150, #3666, #4184, #4494, #2025, #1502, #1570, #5470, #2884, #242, #5434, #3243, #1060, #5405, #4554, #3760, #1966, #271, #670, #4613, #1601, #4975, #1536, #1996 ),
 ( #183, #1087, #5378, #2390, #3302, #3335, #1031, #4119, #613, #2331, #4059, #2790, #4524, #4090, #4694, #1280, #3791, #1177, #1630, #2108, #2513, #3365, #439, #5580, #2133, #817, #1256, #2081, #843, #2914, #5096, #2539, #334, #2995 ),
 ( #360, #2565, #4720, #2945, #4668, #2160, #4640, #3020, #1680, #3392, #2485, #5529, #3819, #4320, #4294, #1230, #3868, #762, #792, #4746, #3894, #1205, #411, #3414, #5606, #869, #4215, #2971, #5151, #4267, #1706, #3441, #5176, #2590 ) ),
 .UNSPECIFIED., .F., .T., .F. ) 
 B_SPLINE_SURFACE_WITH_KNOTS ( ( 3, 3 ),
 ( 4, 2, 2, 2, 2, 2, 2, 2, 2, 2, 2, 2, 2, 2, 2, 2, 4 ),
 ( 0.000000000000000000, 1.000000000000000000 ),
 ( 0.000000000000000000, 0.3926990816987241395, 0.7853981633974482790, 1.178097245096172418, 1.570796326794896558, 1.963495408493620697, 2.356194490192344837, 2.748893571891068976, 3.141592653589793116, 3.534291735288517255, 3.926990816987241395, 4.319689898685965090, 4.712388980384689674, 5.105088062083414258, 5.497787143782137953, 5.890486225480861648, 6.283185307179586232 ),
 .UNSPECIFIED. ) 
 GEOMETRIC_REPRESENTATION_ITEM ( )  RATIONAL_B_SPLINE_SURFACE ( (
 ( 1.000000000000000000, 1.000000000000000000, 1.000000000000000000, 1.000000000000000000, 1.000000000000000000, 1.000000000000000000, 1.000000000000000000, 1.000000000000000000, 1.000000000000000000, 1.000000000000000000, 1.000000000000000000, 1.000000000000000000, 1.000000000000000000, 1.000000000000000000, 1.000000000000000000, 1.000000000000000000, 1.000000000000000000, 1.000000000000000000, 1.000000000000000000, 1.000000000000000000, 1.000000000000000000, 1.000000000000000000, 1.000000000000000000, 1.000000000000000000, 1.000000000000000000, 1.000000000000000000, 1.000000000000000000, 1.000000000000000000, 1.000000000000000000, 1.000000000000000000, 1.000000000000000000, 1.000000000000000000, 1.000000000000000000, 1.000000000000000000),
 ( 0.7071067811865474617, 0.7071067811865474617, 0.7071067811865474617, 0.7071067811865474617, 0.7071067811865471286, 0.7071067811865471286, 0.7071067811865474617, 0.7071067811865474617, 0.7071067811865474617, 0.7071067811865474617, 0.7071067811865474617, 0.7071067811865474617, 0.7071067811865474617, 0.7071067811865474617, 0.7071067811865474617, 0.7071067811865474617, 0.7071067811865474617, 0.7071067811865474617, 0.7071067811865473507, 0.7071067811865473507, 0.7071067811865476838, 0.7071067811865476838, 0.7071067811865474617, 0.7071067811865474617, 0.7071067811865474617, 0.7071067811865474617, 0.7071067811865474617, 0.7071067811865474617, 0.7071067811865476838, 0.7071067811865476838, 0.7071067811865474617, 0.7071067811865474617, 0.7071067811865474617, 0.7071067811865474617),
 ( 1.000000000000000000, 1.000000000000000000, 1.000000000000000000, 1.000000000000000000, 1.000000000000000000, 1.000000000000000000, 1.000000000000000000, 1.000000000000000000, 1.000000000000000000, 1.000000000000000000, 1.000000000000000000, 1.000000000000000000, 1.000000000000000000, 1.000000000000000000, 1.000000000000000000, 1.000000000000000000, 1.000000000000000000, 1.000000000000000000, 1.000000000000000000, 1.000000000000000000, 1.000000000000000000, 1.000000000000000000, 1.000000000000000000, 1.000000000000000000, 1.000000000000000000, 1.000000000000000000, 1.000000000000000000, 1.000000000000000000, 1.000000000000000000, 1.000000000000000000, 1.000000000000000000, 1.000000000000000000, 1.000000000000000000, 1.000000000000000000) ) ) 
 REPRESENTATION_ITEM ( '' )  SURFACE ( )  );
#2362 = CARTESIAN_POINT ( 'NONE',  ( 2.415540413207492687, 0.8660254037844389297, 1.500000000000000000 ) ) ;
#2363 = CARTESIAN_POINT ( 'NONE',  ( 11.12499046652683354, 1.358408164169057905E-16, -1.937099999999996269 ) ) ;
#2364 = CARTESIAN_POINT ( 'NONE',  ( 2.466654219044509322, 1.249215739452144591, -2.161036307707806081 ) ) ;
#2365 = ORIENTED_EDGE ( 'NONE', *, *, #1595, .F. ) ;
#2366 = CARTESIAN_POINT ( 'NONE',  ( 17.24535341843235159, -1.767208077453033654, 0.8792384593409487969 ) ) ;
#2367 = CARTESIAN_POINT ( 'NONE',  ( 2.533332619216562165, -2.012969051154539279, 1.156524483547062943 ) ) ;
#2368 = CARTESIAN_POINT ( 'NONE',  ( 3.383312085582145023, -1.660984786952807823, -1.280494248447674011 ) ) ;
#2369 = CARTESIAN_POINT ( 'NONE',  ( 12.84998826649457015, 0.8203085389236757230, -1.980399999999995497 ) ) ;
#2370 = CARTESIAN_POINT ( 'NONE',  ( 12.14997946636549919, -2.499999999999996891, -1.035533905932736642 ) ) ;
#2371 = CARTESIAN_POINT ( 'NONE',  ( 4.499991199870923886, -1.980399999999998828, -2.425290521031417211E-16 ) ) ;
#2372 = CARTESIAN_POINT ( 'NONE',  ( 15.94999999999999929, 1.035533905932736864, 2.499999999999996447 ) ) ;
#2373 = CARTESIAN_POINT ( 'NONE',  ( 1.886657724621736643, 0.3316080581146086392, 3.186213087498025676 ) ) ;
#2374 = CARTESIAN_POINT ( 'NONE',  ( -1.758976521342570286E-16, -2.661548123277073685, 3.462097634511845712 ) ) ;
#2375 = CARTESIAN_POINT ( 'NONE',  ( 0.8399999999999997469, -2.919096919880848517, -3.798417501391357032 ) ) ;
#2376 = EDGE_LOOP ( 'NONE', ( #505 ) ) ;
#2377 = CARTESIAN_POINT ( 'NONE',  ( 6.574988999838654813, 1.937099999999994715, 0.000000000000000000 ) ) ;
#2378 = CARTESIAN_POINT ( 'NONE',  ( 4.299988266494568556, 1.400354269461835388, 1.400354269461836054 ) ) ;
#2379 = CARTESIAN_POINT ( 'NONE',  ( 8.899988266494569089, 1.400354269461835610, -1.400354269461835610 ) ) ;
#2380 = CARTESIAN_POINT ( 'NONE',  ( 13.44999119987092584, -0.8203085389236768332, -1.980399999999999050 ) ) ;
#2381 = CARTESIAN_POINT ( 'NONE',  ( 5.849991199870923531, 0.8203085389236773883, 1.980399999999997718 ) ) ;
#2382 = CARTESIAN_POINT ( 'NONE',  ( 7.849999999999997868, 2.499999999999996447, 1.035533905932737975 ) ) ;
#2383 = CARTESIAN_POINT ( 'NONE',  ( 17.09999119987092442, -3.373133150027850214E-16, 1.980399999999998384 ) ) ;
#2384 = CARTESIAN_POINT ( 'NONE',  ( 7.449979466365497238, -1.035533905932736420, -2.499999999999996891 ) ) ;
#2385 = CARTESIAN_POINT ( 'NONE',  ( 2.902416006234018298, -1.789159330368870426, -1.105012260837360927 ) ) ;
#2386 = CARTESIAN_POINT ( 'NONE',  ( 16.12498899983865996, 1.937099999999994937, -0.8023730916729204798 ) ) ;
#2387 = B_SPLINE_CURVE_WITH_KNOTS ( 'NONE', 3,
 ( #5377, #4030, #128, #2330, #154, #1473, #1118, #2850, #4466, #3584, #2357, #1059, #4583, #3185, #2789, #1003, #1882, #4885, #1501, #2731, #241, #4523 ),
 .UNSPECIFIED., .F., .F.,
 ( 4, 2, 2, 2, 2, 2, 2, 2, 2, 2, 4 ),
 ( 0.000000000000000000, 0.0008598185132066509364, 0.001719637026413301873, 0.002579455539619952918, 0.003439274052826603745, 0.004299092566033254140, 0.004729001822636579554, 0.005158911079239905835, 0.005588820335843231249, 0.006018729592446556663, 0.006878548105653205756 ),
 .UNSPECIFIED. ) ;
#2388 = CARTESIAN_POINT ( 'NONE',  ( 15.09998826649456838, -1.400354269461835610, -1.400354269461835832 ) ) ;
#2389 = DIRECTION ( 'NONE',  ( -1.000000000000000000, -1.548554197625976421E-18, 0.000000000000000000 ) ) ;
#2390 = CARTESIAN_POINT ( 'NONE',  ( 1.399999999999999911, -4.150485346797825770, 2.392190151655245955 ) ) ;
#2391 = CARTESIAN_POINT ( 'NONE',  ( 9.149999999999996803, -1.035533905932736420, -2.499999999999996891 ) ) ;
#2392 = CARTESIAN_POINT ( 'NONE',  ( 9.799999999999998934, -2.499999999999996891, -3.061616997868379197E-16 ) ) ;
#2393 = DIRECTION ( 'NONE',  ( 0.000000000000000000, 0.000000000000000000, 1.000000000000000000 ) ) ;
#2394 = CARTESIAN_POINT ( 'NONE',  ( 12.02499046652683390, 1.369736545836458763, -1.369736545836458763 ) ) ;
#2395 = CARTESIAN_POINT ( 'NONE',  ( 3.566645418915579846, 0.9135877416541965390, -1.578697678387076531 ) ) ;
#2396 = CARTESIAN_POINT ( 'NONE',  ( 3.199979466365496794, -1.767766952966367100, 1.767766952966366434 ) ) ;
#2397 = CARTESIAN_POINT ( 'NONE',  ( 2.999999285883337752, 1.610464477574515385, -1.402164780948711407E-05 ) ) ;
#2398 = CARTESIAN_POINT ( 'NONE',  ( 3.283320885711229931, 0.7789593726212449276, -1.008363699460241403 ) ) ;
#2399 = CARTESIAN_POINT ( 'NONE',  ( 14.24998826649457051, -1.980399999999995497, -0.8203085389236758340 ) ) ;
#2400 = CARTESIAN_POINT ( 'NONE',  ( 10.74997946636549528, 1.035533905932736642, -2.499999999999996891 ) ) ;
#2401 = CARTESIAN_POINT ( 'NONE',  ( 15.69999999999999929, 1.767766952966366878, -1.767766952966366878 ) ) ;
#2402 = CARTESIAN_POINT ( 'NONE',  ( 4.599991199870922642, -1.400354269461837831, -1.400354269461838053 ) ) ;
#2403 = CARTESIAN_POINT ( 'NONE',  ( 16.00000000000000000, -4.344656825182412999E-16, 2.499999999999996891 ) ) ;
#2404 = CARTESIAN_POINT ( 'NONE',  ( 3.091654952388641853, -0.8996482040760922505, -1.175887595963683641 ) ) ;
#2405 = CARTESIAN_POINT ( 'NONE',  ( 13.82499046652683283, 1.369736545836458319, 1.369736545836458985 ) ) ;
#2406 = CARTESIAN_POINT ( 'NONE',  ( 3.899991199870922021, 1.273038737948353143E-16, -1.980399999999998384 ) ) ;
#2407 = CARTESIAN_POINT ( 'NONE',  ( 10.49998826649456696, 1.400354269461835610, -1.400354269461835610 ) ) ;
#2408 = CARTESIAN_POINT ( 'NONE',  ( 0.1210752607907338713, 0.2946593587068533360, -1.500000000000000666 ) ) ;
#2409 = CARTESIAN_POINT ( 'NONE',  ( 8.024988999838656767, 0.8023730916729207019, -1.937099999999994937 ) ) ;
#2410 = CARTESIAN_POINT ( 'NONE',  ( 3.549988266494568112, 0.8203085389236763891, 1.980399999999995497 ) ) ;
#2411 = CARTESIAN_POINT ( 'NONE',  ( 7.549988266494568556, 0.8203085389236761671, 1.980399999999995053 ) ) ;
#2412 = CARTESIAN_POINT ( 'NONE',  ( 13.04999119987092193, 0.8203085389236777214, 1.980399999999998606 ) ) ;
#2413 = CARTESIAN_POINT ( 'NONE',  ( 8.249991199870922998, 0.8203085389236773883, 1.980399999999997718 ) ) ;
#2414 = CARTESIAN_POINT ( 'NONE',  ( 13.04999119987092193, 0.8203085389236773883, 1.980399999999998162 ) ) ;
#2415 = CARTESIAN_POINT ( 'NONE',  ( 9.999979466365497061, 1.767766952966366878, -1.767766952966366878 ) ) ;
#2416 = CARTESIAN_POINT ( 'NONE',  ( 15.44999119987092584, 0.8203085389236773883, 1.980399999999997718 ) ) ;
#2417 = CARTESIAN_POINT ( 'NONE',  ( 2.774990466526832567, -0.8023730916729222562, 1.937099999999996269 ) ) ;
#2418 = CARTESIAN_POINT ( 'NONE',  ( 14.79998826649456944, -3.408749941998165674E-16, 1.980399999999995941 ) ) ;
#2419 = CARTESIAN_POINT ( 'NONE',  ( 17.14998826649457087, 0.8203085389236761671, 1.980399999999995053 ) ) ;
#2420 = CARTESIAN_POINT ( 'NONE',  ( 0.8399999999999998579, -2.919096923789100018, 3.798417497483102867 ) ) ;
#2421 = CARTESIAN_POINT ( 'NONE',  ( 7.399999999999998579, -2.499999999999996891, -3.061616997868379197E-16 ) ) ;
#2422 = ADVANCED_FACE ( 'NONE', ( #3640 ), #2632, .F. ) ;
#2423 = CARTESIAN_POINT ( 'NONE',  ( 1.399999999999999689, 2.179976094348299753, 3.783705236246811321 ) ) ;
#2424 = CARTESIAN_POINT ( 'NONE',  ( 10.42499046652683248, 1.369736545836458763, -1.369736545836458763 ) ) ;
#2425 = CARTESIAN_POINT ( 'NONE',  ( 3.416645418915549293, -1.245578574371459579, -1.626018499590284883 ) ) ;
#2426 = ORIENTED_EDGE ( 'NONE', *, *, #1595, .T. ) ;
#2427 = FACE_OUTER_BOUND ( 'NONE', #3134, .T. ) ;
#2428 = CARTESIAN_POINT ( 'NONE',  ( 2.933320885711206749, -1.558950601377659506, 0.8948424047860791264 ) ) ;
#2429 = CARTESIAN_POINT ( 'NONE',  ( -6.505213034913026604E-16, 2.919096923789161302, 3.798417497483164595 ) ) ;
#2430 = CARTESIAN_POINT ( 'NONE',  ( 8.699979466365496350, -4.457701599583567374E-16, 2.499999999999996891 ) ) ;
#2431 = CARTESIAN_POINT ( 'NONE',  ( 14.75000000000000178, -1.035533905932736420, -2.499999999999996891 ) ) ;
#2432 = CARTESIAN_POINT ( 'NONE',  ( 15.42499046652683603, 1.369736545836458319, 1.369736545836458985 ) ) ;
#2433 = CARTESIAN_POINT ( 'NONE',  ( 14.94999999999999929, 2.499999999999996891, -1.035533905932736642 ) ) ;
#2434 = CARTESIAN_POINT ( 'NONE',  ( 3.258321619055317253, 0.7523496934220494925, -0.9737379763669655741 ) ) ;
#2435 = CARTESIAN_POINT ( 'NONE',  ( 13.62499046652683354, 1.369736545836458763, -1.369736545836458763 ) ) ;
#2436 = CARTESIAN_POINT ( 'NONE',  ( -1.738243699557605172E-16, -4.000398375773869475, 1.657019262140844607 ) ) ;
#2437 = CARTESIAN_POINT ( 'NONE',  ( 10.14998826649456909, -1.980399999999995941, 0.8203085389236750569 ) ) ;
#2438 = CARTESIAN_POINT ( 'NONE',  ( 17.13784642921685375, 1.697698658177020370, 1.213575390927673636 ) ) ;
#2439 = VERTEX_POINT ( 'NONE', #1999 ) ;
#2440 = CARTESIAN_POINT ( 'NONE',  ( 5.624988999838654635, 0.8023730916729207019, -1.937099999999994937 ) ) ;
#2441 = CARTESIAN_POINT ( 'NONE',  ( 4.799988266494567668, 1.286975680302062531E-16, -1.980399999999995941 ) ) ;
#2442 = CARTESIAN_POINT ( 'NONE',  ( 6.199988266494568023, -1.980399999999995497, -2.425290521031412773E-16 ) ) ;
#2443 = CARTESIAN_POINT ( 'NONE',  ( 14.39999119987092335, 1.400354269461838053, -1.400354269461838053 ) ) ;
#2444 = CARTESIAN_POINT ( 'NONE',  ( 6.449991199870922287, 1.980399999999998384, -0.8203085389236769442 ) ) ;
#2445 = CARTESIAN_POINT ( 'NONE',  ( 7.699999999999998401, 1.767766952966366878, -1.767766952966366878 ) ) ;
#2446 = CARTESIAN_POINT ( 'NONE',  ( 12.04999119987092193, 1.980399999999998606, -0.8203085389236768332 ) ) ;
#2447 = CARTESIAN_POINT ( 'NONE',  ( 9.099979466365496705, 1.671726612943694588E-16, -2.499999999999996891 ) ) ;
#2448 = CARTESIAN_POINT ( 'NONE',  ( 17.14999119987092868, -0.8203085389236779434, 1.980399999999997718 ) ) ;
#2449 = CARTESIAN_POINT ( 'NONE',  ( 13.32498899983865748, -1.937099999999995603, 0.8023730916729199247 ) ) ;
#2450 = CARTESIAN_POINT ( 'NONE',  ( 14.29998826649456944, -1.400354269461835610, -1.400354269461835832 ) ) ;
#2451 = CARTESIAN_POINT ( 'NONE',  ( 16.19998826649456802, 1.980399999999995497, 0.000000000000000000 ) ) ;
#2452 = CARTESIAN_POINT ( 'NONE',  ( 0.8399999999999998579, -4.750000000000000888, 0.6217735404963292689 ) ) ;
#2453 = CARTESIAN_POINT ( 'NONE',  ( 6.199999999999999289, 2.499999999999996891, 0.000000000000000000 ) ) ;
#2454 = CIRCLE ( 'NONE', #5267, 1.732050807568877415 ) ;
#2455 = CARTESIAN_POINT ( 'NONE',  ( 1.699999999999999734, 2.632542135964159415E-18, 0.000000000000000000 ) ) ;
#2456 = AXIS2_PLACEMENT_3D ( 'NONE', #1968, #2762, #2393 ) ;
#2457 = CARTESIAN_POINT ( 'NONE',  ( 12.82499046652683461, 1.369736545836458763, -1.369736545836458763 ) ) ;
#2458 = CARTESIAN_POINT ( 'NONE',  ( 3.583312085582144313, 1.098275717695381903, -1.423872228102887272 ) ) ;
#2459 = CARTESIAN_POINT ( 'NONE',  ( 2.166665952550010044, 2.773091267986762087, -0.7419525803357932547 ) ) ;
#2460 = B_SPLINE_CURVE_WITH_KNOTS ( 'NONE', 3,
 ( #2126, #5073, #1917, #2032, #706, #2398, #1483, #4533, #1096, #3343, #279, #251, #1155, #192, #3675, #3767, #1183, #648, #2004, #2428, #3736, #3646, #1974, #4160, #5445, #5478, #1578, #3311, #2464, #2923, #4954, #678, #1067, #5011, #5507, #4618, #2827, #4098, #737, #221, #3222, #5043 ),
 .UNSPECIFIED., .F., .F.,
 ( 4, 2, 2, 2, 2, 2, 2, 2, 2, 2, 2, 2, 2, 2, 2, 2, 2, 2, 2, 2, 4 ),
 ( 0.000000000000000000, 0.03125000000000000000, 0.06250000000000000000, 0.09375000000000000000, 0.1250000000000000000, 0.1562500000000000000, 0.1875000000000000000, 0.2187500000000000000, 0.2500000000000000000, 0.2812500000000000000, 0.3125000000000000000, 0.3437500000000000000, 0.3750000000000000000, 0.4062500000000000000, 0.4375000000000000000, 0.4687499999999999445, 0.5000000000000000000, 0.5312500000000000000, 0.5625000000000000000, 0.5937500000000000000, 0.5940462905777590397 ),
 .UNSPECIFIED. ) ;
#2461 = CARTESIAN_POINT ( 'NONE',  ( 13.29999119987092193, -1.980399999999998384, -2.425290521031416718E-16 ) ) ;
#2462 = SURFACE_SIDE_STYLE ('',( #3703 ) ) ;
#2463 = AXIS2_PLACEMENT_3D ( 'NONE', #5556, #1656, #3842 ) ;
#2464 = CARTESIAN_POINT ( 'NONE',  ( 2.716654219044597252, 1.290704287790747307, 1.684731250194011265 ) ) ;
#2465 = CARTESIAN_POINT ( 'NONE',  ( -3.252606517456513302E-16, -4.626370212059476295, -1.243302455813084739 ) ) ;
#2466 = CARTESIAN_POINT ( 'NONE',  ( 7.549979466365496883, 1.035533905932736642, -2.499999999999996891 ) ) ;
#2467 = CARTESIAN_POINT ( 'NONE',  ( 16.42499046652683603, -1.369736545836458985, 1.369736545836458541 ) ) ;
#2468 = CARTESIAN_POINT ( 'NONE',  ( 14.69999999999999751, -1.767766952966366434, -1.767766952966366878 ) ) ;
#2469 = CARTESIAN_POINT ( 'NONE',  ( 1.898324230145126634, 0.6603773674337273247, 3.110625950446622046 ) ) ;
#2470 = CARTESIAN_POINT ( 'NONE',  ( 3.399991199870923353, 1.400354269461837387, 1.400354269461838053 ) ) ;
#2471 = CARTESIAN_POINT ( 'NONE',  ( 10.79998826649456944, -3.470692109903204315E-16, 1.980399999999995497 ) ) ;
#2472 = CARTESIAN_POINT ( 'NONE',  ( 17.21454806447443886, -0.01202639269255086941, 2.010213902770578542 ) ) ;
#2473 = CARTESIAN_POINT ( 'NONE',  ( 5.974988999838655168, -3.465869028977804914E-16, 1.937099999999994715 ) ) ;
#2474 = CARTESIAN_POINT ( 'NONE',  ( 3.149988266494567757, -0.8203085389236757230, -1.980399999999995941 ) ) ;
#2475 = CARTESIAN_POINT ( 'NONE',  ( 7.399988266494567313, 1.980399999999995497, 0.000000000000000000 ) ) ;
#2476 = CARTESIAN_POINT ( 'NONE',  ( 12.09999119987092264, 1.980399999999998828, 0.000000000000000000 ) ) ;
#2477 = CARTESIAN_POINT ( 'NONE',  ( 4.349991199870921754, -0.8203085389236779434, 1.980399999999997718 ) ) ;
#2478 = CARTESIAN_POINT ( 'NONE',  ( 6.949999999999997513, 2.499999999999996891, -1.035533905932736642 ) ) ;
#2479 = CARTESIAN_POINT ( 'NONE',  ( 11.24999119987092300, 1.980399999999998606, -0.8203085389236768332 ) ) ;
#2480 = CARTESIAN_POINT ( 'NONE',  ( 4.099979466365496705, -2.499999999999996891, -3.061616997868379197E-16 ) ) ;
#2481 = CARTESIAN_POINT ( 'NONE',  ( 14.64999119987092335, 0.8203085389236773883, 1.980399999999997718 ) ) ;
#2482 = CARTESIAN_POINT ( 'NONE',  ( 14.87498899983865641, -1.369736545836457653, 1.369736545836457431 ) ) ;
#2483 = CARTESIAN_POINT ( 'NONE',  ( 10.69998826649456802, 1.400354269461835388, 1.400354269461836054 ) ) ;
#2484 = CARTESIAN_POINT ( 'NONE',  ( 14.74998826649457051, 0.8203085389236761671, 1.980399999999995053 ) ) ;
#2485 = CARTESIAN_POINT ( 'NONE',  ( 1.399999999999999689, 1.133368343930614142, 4.217301688045508534 ) ) ;
#2486 = CARTESIAN_POINT ( 'NONE',  ( 6.799999999999998934, 1.636110184372755682E-16, -2.499999999999996891 ) ) ;
#2487 = CARTESIAN_POINT ( 'NONE',  ( 14.49997946636549706, -2.499999999999996891, -3.061616997868379197E-16 ) ) ;
#2488 = CARTESIAN_POINT ( 'NONE',  ( 9.724990466526834965, 1.937099999999996269, 0.000000000000000000 ) ) ;
#2489 = CARTESIAN_POINT ( 'NONE',  ( 3.316645418915522558, -2.178782029272179344, -0.2884170385133932868 ) ) ;
#2490 = EDGE_LOOP ( 'NONE', ( #879, #2030, #321, #3248 ) ) ;
#2491 = CARTESIAN_POINT ( 'NONE',  ( 2.783332619216714487, -0.2496394708905721460, -1.931683844389392890 ) ) ;
#2492 = CARTESIAN_POINT ( 'NONE',  ( 6.999979466365496172, 1.767766952966366212, 1.767766952966367100 ) ) ;
#2493 = CARTESIAN_POINT ( 'NONE',  ( 13.94999999999999929, -1.035533905932736420, -2.499999999999996891 ) ) ;
#2494 = CARTESIAN_POINT ( 'NONE',  ( 15.27499046652683390, 1.937099999999996713, -0.8023730916729211460 ) ) ;
#2495 = CARTESIAN_POINT ( 'NONE',  ( 16.10000000000000142, -1.767766952966367100, 1.767766952966366434 ) ) ;
#2496 = CARTESIAN_POINT ( 'NONE',  ( 3.291654952388673117, 0.9387784814699720037, -0.7174251977799060986 ) ) ;
#2497 = CARTESIAN_POINT ( 'NONE',  ( -1.841405987165899767E-16, 2.661447090561667839, 3.461996601800645834 ) ) ;
#2498 = CARTESIAN_POINT ( 'NONE',  ( 11.54998826649456944, 0.8203085389236761671, 1.980399999999995053 ) ) ;
#2499 = EDGE_CURVE ( 'NONE', #4444, #4559, #2454, .T. ) ;
#2500 = LINE ( 'NONE', #748, #4810 ) ;
#2501 = CARTESIAN_POINT ( 'NONE',  ( 4.824988999838653037, 0.8023730916729207019, -1.937099999999994937 ) ) ;
#2502 = CARTESIAN_POINT ( 'NONE',  ( 17.39997946636549742, 1.767766952966366212, 1.767766952966367100 ) ) ;
#2503 = CARTESIAN_POINT ( 'NONE',  ( 11.34999119987092442, 1.980399999999998606, 0.8203085389236783875 ) ) ;
#2504 = CARTESIAN_POINT ( 'NONE',  ( 5.249988266494568734, -0.8203085389236766112, 1.980399999999995053 ) ) ;
#2505 = CARTESIAN_POINT ( 'NONE',  ( 4.399991199870922465, -1.400354269461838053, 1.400354269461837609 ) ) ;
#2506 = CARTESIAN_POINT ( 'NONE',  ( 5.849999999999997868, -2.499999999999996891, -1.035533905932736864 ) ) ;
#2507 = CARTESIAN_POINT ( 'NONE',  ( 11.19999119987092229, 1.400354269461837831, -1.400354269461837831 ) ) ;
#2508 = CARTESIAN_POINT ( 'NONE',  ( 5.499979466365497061, -4.507255333907599864E-16, 2.499999999999996891 ) ) ;
#2509 = CARTESIAN_POINT ( 'NONE',  ( 15.09999119987092442, 1.446476808082462422E-16, -1.980399999999998384 ) ) ;
#2510 = CARTESIAN_POINT ( 'NONE',  ( 14.77498899983865499, -3.329596259586718524E-16, 1.937099999999994715 ) ) ;
#2511 = CARTESIAN_POINT ( 'NONE',  ( 11.99998826649456873, 1.398471582531132922E-16, -1.980399999999995941 ) ) ;
#2512 = CARTESIAN_POINT ( 'NONE',  ( 17.21866197036304413, -0.3063639747327794316, 1.980399999999995497 ) ) ;
#2513 = CARTESIAN_POINT ( 'NONE',  ( 1.399999999999876454, 3.798417497482950544, -2.919096923789375353 ) ) ;
#2514 = CARTESIAN_POINT ( 'NONE',  ( 8.199999999999999289, -2.499999999999996891, -3.061616997868379197E-16 ) ) ;
#2515 = CARTESIAN_POINT ( 'NONE',  ( 15.89997946636549564, -4.346205697354498215E-16, 2.499999999999996891 ) ) ;
#2516 = CARTESIAN_POINT ( 'NONE',  ( 9.624990466526833544, 1.369736545836458763, -1.369736545836458763 ) ) ;
#2517 = CARTESIAN_POINT ( 'NONE',  ( 2.616645418915439336, -1.974469212490691739, -2.574456033526823173 ) ) ;
#2518 = EDGE_LOOP ( 'NONE', ( #1953 ) ) ;
#2519 = CARTESIAN_POINT ( 'NONE',  ( 2.833312085582119888, 2.531143088574635769, -1.455187334125312537 ) ) ;
#2520 = CARTESIAN_POINT ( 'NONE',  ( 6.599979466365497593, -1.767766952966366434, -1.767766952966366878 ) ) ;
#2521 = CARTESIAN_POINT ( 'NONE',  ( 13.04999999999999893, -2.499999999999996891, -1.035533905932736864 ) ) ;
#2522 = CARTESIAN_POINT ( 'NONE',  ( 2.999991199870922554, -1.400354269461837831, -1.400354269461838053 ) ) ;
#2523 = CARTESIAN_POINT ( 'NONE',  ( 2.291656419076818718, -0.6722277792466494484, -2.513636386687127189 ) ) ;
#2524 = CARTESIAN_POINT ( 'NONE',  ( 17.40099999999999980, -0.8660254037844389297, 1.500000000000000000 ) ) ;
#2525 = CARTESIAN_POINT ( 'NONE',  ( 10.99998826649456873, -1.980399999999995497, -2.425290521031412773E-16 ) ) ;
#2526 = CARTESIAN_POINT ( 'NONE',  ( 2.416657152420946364, 1.921840366444875103, -1.472927294361125350 ) ) ;
#2527 = CARTESIAN_POINT ( 'NONE',  ( 3.974988999838653392, 1.247686516326338023E-16, -1.937099999999994715 ) ) ;
#2528 = CARTESIAN_POINT ( 'NONE',  ( 3.049988266494567668, -1.980399999999995941, -0.8203085389236761671 ) ) ;
#2529 = CARTESIAN_POINT ( 'NONE',  ( 7.249988266494568734, 0.8203085389236757230, -1.980399999999995497 ) ) ;
#2530 = CARTESIAN_POINT ( 'NONE',  ( 12.74999119987092477, 0.8203085389236772773, -1.980399999999999050 ) ) ;
#2531 = CARTESIAN_POINT ( 'NONE',  ( 3.099991199870923531, 1.260650304367345267E-16, -1.980399999999998384 ) ) ;
#2532 = CARTESIAN_POINT ( 'NONE',  ( 4.899999999999997691, -1.767766952966367100, 1.767766952966366434 ) ) ;
#2533 = CARTESIAN_POINT ( 'NONE',  ( 12.19999119987092229, 1.400354269461837387, 1.400354269461838053 ) ) ;
#2534 = CARTESIAN_POINT ( 'NONE',  ( 6.299979466365496883, -4.494866900326591742E-16, 2.499999999999996891 ) ) ;
#2535 = CARTESIAN_POINT ( 'NONE',  ( 16.64999119987092513, -0.8203085389236768332, -1.980399999999998384 ) ) ;
#2536 = CARTESIAN_POINT ( 'NONE',  ( 14.42498899983865535, 0.8023730916729207019, -1.937099999999994937 ) ) ;
#2537 = CARTESIAN_POINT ( 'NONE',  ( 10.44998826649456802, 0.8203085389236759450, -1.980399999999995941 ) ) ;
#2538 = CARTESIAN_POINT ( 'NONE',  ( 15.64998826649456731, -0.8203085389236767222, 1.980399999999995053 ) ) ;
#2539 = CARTESIAN_POINT ( 'NONE',  ( 1.399999999999999911, -4.626370212059226716, -1.243302455813036778 ) ) ;
#2540 = CARTESIAN_POINT ( 'NONE',  ( 6.049999999999998934, 1.035533905932736642, -2.499999999999996891 ) ) ;
#2541 = CARTESIAN_POINT ( 'NONE',  ( 15.54997946636549599, 1.035533905932736642, -2.499999999999996891 ) ) ;
#2542 = CARTESIAN_POINT ( 'NONE',  ( 8.874990466526833544, 1.937099999999996713, -0.8023730916729211460 ) ) ;
#2543 = CARTESIAN_POINT ( 'NONE',  ( 0.5599999999999996092, -1.243302450706581741, -4.626370214174497342 ) ) ;
#2544 = CARTESIAN_POINT ( 'NONE',  ( 2.233332619216687132, 2.674363548052177908, 0.7220111484223677989 ) ) ;
#2545 = CARTESIAN_POINT ( 'NONE',  ( 2.416645418915396970, -2.811565417077277029, 2.156691872346614414 ) ) ;
#2546 = CARTESIAN_POINT ( 'NONE',  ( 6.499979466365496172, -2.499999999999996891, -3.061616997868379197E-16 ) ) ;
#2547 = CARTESIAN_POINT ( 'NONE',  ( 13.29999999999999893, 1.767766952966366878, -1.767766952966366878 ) ) ;
#2548 = CARTESIAN_POINT ( 'NONE',  ( 17.52499046652683745, 1.457515632817120174E-16, -1.937099999999996269 ) ) ;
#2549 = CIRCLE ( 'NONE', #2726, 1.819200000000001261 ) ;
#2550 = CARTESIAN_POINT ( 'NONE',  ( 2.691654952388685462, 1.264094220466652763, 1.650105825311001917 ) ) ;
#2551 = CARTESIAN_POINT ( 'NONE',  ( 3.119232733659408563, -2.020433376261727254, 1.101655372738612249 ) ) ;
#2552 = CARTESIAN_POINT ( 'NONE',  ( 6.049988266494568556, -0.8203085389236766112, 1.980399999999995053 ) ) ;
#2553 = CARTESIAN_POINT ( 'NONE',  ( 2.516657152420962884, 2.252206939192531898, 0.2980243090607275214 ) ) ;
#2554 = CARTESIAN_POINT ( 'NONE',  ( 5.774988999838654102, 1.937099999999994715, 0.000000000000000000 ) ) ;
#2555 = CARTESIAN_POINT ( 'NONE',  ( 17.34997946636550026, 2.499999999999996447, 1.035533905932737975 ) ) ;
#2556 = CARTESIAN_POINT ( 'NONE',  ( 3.433312085582246986, -1.007193056929396535, -1.753882032402941826 ) ) ;
#2557 = CARTESIAN_POINT ( 'NONE',  ( 10.99999119987092300, -1.400354269461837831, -1.400354269461838053 ) ) ;
#2558 = CARTESIAN_POINT ( 'NONE',  ( 3.449991199870923175, 0.8203085389236773883, 1.980399999999997718 ) ) ;
#2559 = CARTESIAN_POINT ( 'NONE',  ( 3.299990485754262348, 1.090864477582689007, -1.110738852876331777E-05 ) ) ;
#2560 = CARTESIAN_POINT ( 'NONE',  ( 9.899991199870921577, -3.484629052256920852E-16, 1.980399999999998384 ) ) ;
#2561 = CARTESIAN_POINT ( 'NONE',  ( 6.849979466365495817, 2.499999999999996891, -1.035533905932736642 ) ) ;
#2562 = CARTESIAN_POINT ( 'NONE',  ( 12.82498899983865748, 0.8023730916729207019, -1.937099999999994937 ) ) ;
#2563 = CARTESIAN_POINT ( 'NONE',  ( 12.64998826649457087, -1.980399999999995941, -0.8203085389236761671 ) ) ;
#2564 = CARTESIAN_POINT ( 'NONE',  ( 14.49998826649456873, 1.400354269461835610, -1.400354269461835610 ) ) ;
#2565 = CARTESIAN_POINT ( 'NONE',  ( 1.399999999999999689, -4.330000000000000071, 0.5667956695471798589 ) ) ;
#2566 = CARTESIAN_POINT ( 'NONE',  ( 13.44999119987092762, -0.8203085389236768332, -1.980399999999998384 ) ) ;
#2567 = CARTESIAN_POINT ( 'NONE',  ( 4.649999999999997691, 2.499999999999996447, 1.035533905932737975 ) ) ;
#2568 = CARTESIAN_POINT ( 'NONE',  ( 14.64997946636549919, -1.035533905932736420, -2.499999999999996891 ) ) ;
#2569 = CARTESIAN_POINT ( 'NONE',  ( 7.074990466526835498, -0.8023730916729210350, -1.937099999999996713 ) ) ;
#2570 = EDGE_CURVE ( 'NONE', #4502, #4502, #2813, .T. ) ;
#2571 = CARTESIAN_POINT ( 'NONE',  ( 0.5599999999999996092, -4.150485344682723898, -2.392190156761775821 ) ) ;
#2572 = CARTESIAN_POINT ( 'NONE',  ( 2.866665952549940943, 0.9135877414008135577, -1.578697678579139341 ) ) ;
#2573 = CARTESIAN_POINT ( 'NONE',  ( 0.5599999999999997202, -3.798417497483016714, 2.919096923789184395 ) ) ;
#2574 = CARTESIAN_POINT ( 'NONE',  ( 2.733332619216643167, -1.007193057918041701, -1.753882032260505097 ) ) ;
#2575 = ORIENTED_EDGE ( 'NONE', *, *, #559, .T. ) ;
#2576 = CARTESIAN_POINT ( 'NONE',  ( 2.858321619055427032, -1.116786056288340045, 1.447963633162062891 ) ) ;
#2577 = CARTESIAN_POINT ( 'NONE',  ( 3.122904456404023588, -2.146371309401917227, 0.7378032894931354502 ) ) ;
#2578 = CARTESIAN_POINT ( 'NONE',  ( 6.449988266494568023, 0.8203085389236757230, -1.980399999999995497 ) ) ;
#2579 = CARTESIAN_POINT ( 'NONE',  ( 16.77324776574976894, -1.796737363723588388, 1.666436262992103678 ) ) ;
#2580 = CARTESIAN_POINT ( 'NONE',  ( 3.174988999838654902, 1.235298082745330147E-16, -1.937099999999994715 ) ) ;
#2581 = CARTESIAN_POINT ( 'NONE',  ( 16.89997946636549742, -2.499999999999996891, -3.061616997868379197E-16 ) ) ;
#2582 = CARTESIAN_POINT ( 'NONE',  ( 4.599988266494568379, -1.980399999999995497, -2.425290521031412773E-16 ) ) ;
#2583 = CARTESIAN_POINT ( 'NONE',  ( 10.14999119987092158, -1.980399999999999050, -0.8203085389236773883 ) ) ;
#2584 = CARTESIAN_POINT ( 'NONE',  ( 4.199999999999999289, -2.499999999999996891, -3.061616997868379197E-16 ) ) ;
#2585 = CARTESIAN_POINT ( 'NONE',  ( 7.899991199870924241, 1.334980905853392277E-16, -1.980399999999998384 ) ) ;
#2586 = CARTESIAN_POINT ( 'NONE',  ( 2.364313050827693719, 0.6171655504378055213, -2.422637212013239338 ) ) ;
#2587 = CARTESIAN_POINT ( 'NONE',  ( 11.22498899983865606, 0.8023730916729207019, -1.937099999999994937 ) ) ;
#2588 = CARTESIAN_POINT ( 'NONE',  ( 12.19998826649456802, 1.980399999999995941, 0.000000000000000000 ) ) ;
#2589 = CARTESIAN_POINT ( 'NONE',  ( 14.24998826649456873, -1.980399999999995497, -0.8203085389236758340 ) ) ;
#2590 = CARTESIAN_POINT ( 'NONE',  ( 1.399999999999999689, -4.330000000000000071, 0.000000000000000000 ) ) ;
#2591 = CARTESIAN_POINT ( 'NONE',  ( 11.79999119987092548, -1.400354269461837609, -1.400354269461837831 ) ) ;
#2592 = CARTESIAN_POINT ( 'NONE',  ( 2.549999999999998490, -2.499999999999997335, 1.035533905932735976 ) ) ;
#2593 = CARTESIAN_POINT ( 'NONE',  ( 16.69997946636549813, -4.333817263773490092E-16, 2.499999999999996891 ) ) ;
#2594 = CARTESIAN_POINT ( 'NONE',  ( 9.474990466526834965, -0.8023730916729210350, -1.937099999999996713 ) ) ;
#2595 = CARTESIAN_POINT ( 'NONE',  ( 0.5599999999999999423, 4.150485344682725675, -2.392190156761773157 ) ) ;
#2596 = CARTESIAN_POINT ( 'NONE',  ( 3.016657152420957111, -0.9262582655475907201, -1.210513023423981371 ) ) ;
#2597 = CARTESIAN_POINT ( 'NONE',  ( -3.083447530425761338E-14, -4.626370212059471854, 1.243302455813097618 ) ) ;
#2598 = CARTESIAN_POINT ( 'NONE',  ( 14.15000000000000036, 2.499999999999996891, -1.035533905932736642 ) ) ;
#2599 = CARTESIAN_POINT ( 'NONE',  ( 2.933312085582250095, 2.674363548327536311, 0.7220111479999888893 ) ) ;
#2600 = ORIENTED_EDGE ( 'NONE', *, *, #1476, .F. ) ;
#2601 = CARTESIAN_POINT ( 'NONE',  ( 6.399979466365496528, -1.767766952966367100, 1.767766952966366434 ) ) ;
#2602 = CARTESIAN_POINT ( 'NONE',  ( 12.44999999999999929, 1.035533905932736642, -2.499999999999996891 ) ) ;
#2603 = CARTESIAN_POINT ( 'NONE',  ( 2.291654952388679334, -1.628540238985068500, -2.124324054595477129 ) ) ;
#2604 = CARTESIAN_POINT ( 'NONE',  ( 3.128884632736176119, -2.204459792712143873, -0.03080711686315328046 ) ) ;
#2605 = CARTESIAN_POINT ( 'NONE',  ( 5.649988266494567313, 0.8203085389236757230, -1.980399999999995497 ) ) ;
#2606 = CARTESIAN_POINT ( 'NONE',  ( 17.01881017072341962, 1.450644919682162248, -1.661238445453639523 ) ) ;
#2607 = CARTESIAN_POINT ( 'NONE',  ( 17.49998826649456873, -1.400354269461835388, -1.400354269461835610 ) ) ;
#2608 = CARTESIAN_POINT ( 'NONE',  ( 13.09997946636549671, 1.733668780848733475E-16, -2.499999999999996891 ) ) ;
#2609 = CARTESIAN_POINT ( 'NONE',  ( 3.616645418915527710, 1.388909115996571852, -1.063355915744491398 ) ) ;
#2610 = CARTESIAN_POINT ( 'NONE',  ( 8.199991199870924063, 1.400354269461837609, 1.400354269461838275 ) ) ;
#2611 = CARTESIAN_POINT ( 'NONE',  ( 2.799999999999998490, 1.574168016467716795E-16, -2.499999999999996891 ) ) ;
#2612 = CARTESIAN_POINT ( 'NONE',  ( 10.54999119987092371, 1.980399999999998162, 0.8203085389236781655 ) ) ;
#2613 = CARTESIAN_POINT ( 'NONE',  ( 2.358671242594070350, 0.6561260977071371459, -2.412418187336621944 ) ) ;
#2614 = CARTESIAN_POINT ( 'NONE',  ( 9.874988999838652859, 1.369736545836457431, 1.369736545836457653 ) ) ;
#2615 = CARTESIAN_POINT ( 'NONE',  ( 8.499988266494566957, -1.400354269461836054, 1.400354269461835610 ) ) ;
#2616 = CARTESIAN_POINT ( 'NONE',  ( 13.04998826649456767, 1.980399999999995053, 0.8203085389236769442 ) ) ;
#2617 = CARTESIAN_POINT ( 'NONE',  ( 14.04999119987092371, -1.980399999999998828, 0.8203085389236765002 ) ) ;
#2618 = CARTESIAN_POINT ( 'NONE',  ( 8.750000000000001776, 1.035533905932736864, 2.499999999999996447 ) ) ;
#2619 = CARTESIAN_POINT ( 'NONE',  ( 2.649999999999998135, -2.499999999999996891, -1.035533905932736642 ) ) ;
#2620 = CARTESIAN_POINT ( 'NONE',  ( 11.29997946636549599, -2.499999999999996891, -3.061616997868379197E-16 ) ) ;
#2621 = CARTESIAN_POINT ( 'NONE',  ( 4.424990466526832478, -1.369736545836458985, 1.369736545836458541 ) ) ;
#2622 = CARTESIAN_POINT ( 'NONE',  ( 3.033312085582227535, 1.305855908465509696, 2.272056070009488060 ) ) ;
#2623 = CARTESIAN_POINT ( 'NONE',  ( 3.066657152420966703, -0.3731041799213895005, -1.400633402492861501 ) ) ;
#2624 = CARTESIAN_POINT ( 'NONE',  ( 3.125156347108208443, -0.4597039831533808463, -1.896834460929666122 ) ) ;
#2625 = CARTESIAN_POINT ( 'NONE',  ( 12.79999999999999893, -4.394210559506443518E-16, 2.499999999999996891 ) ) ;
#2626 = CARTESIAN_POINT ( 'NONE',  ( 2.033332619216629666, 0.7996200724827258188, -2.963158999548817896 ) ) ;
#2627 = VERTEX_POINT ( 'NONE', #615 ) ;
#2628 = CARTESIAN_POINT ( 'NONE',  ( 4.699979466365496350, -4.519643767488607987E-16, 2.499999999999996891 ) ) ;
#2629 = CARTESIAN_POINT ( 'NONE',  ( 12.39999999999999858, 1.722829219439810568E-16, -2.499999999999996891 ) ) ;
#2630 = CARTESIAN_POINT ( 'NONE',  ( 2.091654952388646738, -2.361433169157732159, 1.810763248595563812 ) ) ;
#2631 = CARTESIAN_POINT ( 'NONE',  ( -1.862140373497220571E-16, 4.000398375773872139, 1.657019262140839055 ) ) ;
#2632 = CONICAL_SURFACE ( 'NONE', #2456, 2747.477419454583924, 1.221730476396026166 ) ;
#2633 = CARTESIAN_POINT ( 'NONE',  ( 6.949988266494568023, -1.980399999999995941, 0.8203085389236750569 ) ) ;
#2634 = CARTESIAN_POINT ( 'NONE',  ( 16.91049104971149930, -1.342129989743543916, -1.902166230484227283 ) ) ;
#2635 = AXIS2_PLACEMENT_3D ( 'NONE', #490, #2668, #3948 ) ;
#2636 = CARTESIAN_POINT ( 'NONE',  ( 3.024988999838653658, -1.937099999999994937, -0.8023730916729207019 ) ) ;
#2637 = CARTESIAN_POINT ( 'NONE',  ( 14.74997946636549706, 1.035533905932736642, -2.499999999999996891 ) ) ;
#2638 = CARTESIAN_POINT ( 'NONE',  ( 3.416645418915549293, -1.245578574371459579, -1.626018499590284883 ) ) ;
#2639 = CARTESIAN_POINT ( 'NONE',  ( 7.449991199870922287, 0.8203085389236777214, 1.980399999999998606 ) ) ;
#2640 = CARTESIAN_POINT ( 'NONE',  ( 3.849999999999997868, 2.499999999999996447, 1.035533905932737975 ) ) ;
#2641 = CARTESIAN_POINT ( 'NONE',  ( 8.699991199870922287, 1.347369339434400153E-16, -1.980399999999998384 ) ) ;
#2642 = FACE_OUTER_BOUND ( 'NONE', #2765, .T. ) ;
#2643 = CARTESIAN_POINT ( 'NONE',  ( 11.32498899983865570, 1.937099999999994937, -0.8023730916729204798 ) ) ;
#2644 = CARTESIAN_POINT ( 'NONE',  ( 6.849988266494569267, -0.8203085389236768332, 1.980399999999995497 ) ) ;
#2645 = CARTESIAN_POINT ( 'NONE',  ( 11.44998826649456802, 1.980399999999995053, 0.8203085389236769442 ) ) ;
#2646 = CARTESIAN_POINT ( 'NONE',  ( 10.39999119987092335, 1.400354269461837831, -1.400354269461837831 ) ) ;
#2647 = CARTESIAN_POINT ( 'NONE',  ( 5.099999999999998757, -1.767766952966366434, -1.767766952966366878 ) ) ;
#2648 = CARTESIAN_POINT ( 'NONE',  ( 11.54997946636549599, 1.035533905932736642, -2.499999999999996891 ) ) ;
#2649 = CARTESIAN_POINT ( 'NONE',  ( 4.824990466526833721, 1.369736545836458763, -1.369736545836458763 ) ) ;
#2650 = CARTESIAN_POINT ( 'NONE',  ( 0.5599999999999997202, -4.626370214174500894, 1.243302450706581297 ) ) ;
#2651 = CARTESIAN_POINT ( 'NONE',  ( 3.033323819087557549, -0.7455106022668858134, -1.299863802223277354 ) ) ;
#2652 = CARTESIAN_POINT ( 'NONE',  ( -2.168404344971008868E-16, 4.330000000000000071, 0.5667956695471798589 ) ) ;
#2653 = CARTESIAN_POINT ( 'NONE',  ( 12.99999999999999822, -2.499999999999996891, -3.061616997868379197E-16 ) ) ;
#2654 = CARTESIAN_POINT ( 'NONE',  ( 1.399999999999999689, 1.134007751418865784, -4.216959509700989983 ) ) ;
#2655 = ORIENTED_EDGE ( 'NONE', *, *, #2769, .T. ) ;
#2656 = CARTESIAN_POINT ( 'NONE',  ( 5.699979466365495462, -2.499999999999996891, -3.061616997868379197E-16 ) ) ;
#2657 = CARTESIAN_POINT ( 'NONE',  ( 9.099999999999997868, -1.767766952966366434, -1.767766952966366878 ) ) ;
#2658 = CARTESIAN_POINT ( 'NONE',  ( 2.758321619055329244, 0.2535860984839644061, 1.961807797200022074 ) ) ;
#2659 = SURFACE_STYLE_USAGE ( .BOTH. , #191 ) ;
#2660 = CARTESIAN_POINT ( 'NONE',  ( 6.799988266494567668, -3.532634277808242956E-16, 1.980399999999995497 ) ) ;
#2661 = CARTESIAN_POINT ( 'NONE',  ( 17.14998826649456731, 0.8203085389236761671, 1.980399999999995053 ) ) ;
#2662 = CARTESIAN_POINT ( 'NONE',  ( 15.29997946636549599, -2.499999999999996891, -3.061616997868379197E-16 ) ) ;
#2663 = CARTESIAN_POINT ( 'NONE',  ( 3.483312085582207285, -0.2496394698173533822, -1.931683844087893398 ) ) ;
#2664 = CARTESIAN_POINT ( 'NONE',  ( 6.499991199870923886, 1.980399999999998828, 0.000000000000000000 ) ) ;
#2665 = CARTESIAN_POINT ( 'NONE',  ( 4.249988266494566957, 1.980399999999995053, 0.8203085389236768332 ) ) ;
#2666 = CARTESIAN_POINT ( 'NONE',  ( 8.999991199870922998, 1.400354269461837387, 1.400354269461838053 ) ) ;
#2667 = EDGE_CURVE ( 'NONE', #2795, #4300, #305, .T. ) ;
#2668 = DIRECTION ( 'NONE',  ( -1.000000000000000000, 0.000000000000000000, 0.000000000000000000 ) ) ;
#2669 = CARTESIAN_POINT ( 'NONE',  ( 11.37498899983865464, 1.937099999999994715, 0.000000000000000000 ) ) ;
#2670 = CARTESIAN_POINT ( 'NONE',  ( 6.749988266494567846, 0.8203085389236763891, 1.980399999999995497 ) ) ;
#2671 = CARTESIAN_POINT ( 'NONE',  ( 13.14998826649456731, 0.8203085389236761671, 1.980399999999995053 ) ) ;
#2672 = CARTESIAN_POINT ( 'NONE',  ( 17.64999119987092513, 1.980399999999999050, -0.8203085389236769442 ) ) ;
#2673 = CARTESIAN_POINT ( 'NONE',  ( 10.19999119987092406, -1.400354269461837609, -1.400354269461837831 ) ) ;
#2674 = CARTESIAN_POINT ( 'NONE',  ( 3.199999999999997957, -4.542871762478538524E-16, 2.499999999999996891 ) ) ;
#2675 = CARTESIAN_POINT ( 'NONE',  ( 11.04997946636549599, 1.035533905932736864, 2.499999999999996447 ) ) ;
#2676 = CARTESIAN_POINT ( 'NONE',  ( 3.674990466526833810, -1.937099999999996935, 0.8023730916729207019 ) ) ;
#2677 = CARTESIAN_POINT ( 'NONE',  ( 17.39998826649456731, -1.980399999999995941, -2.425290521031413266E-16 ) ) ;
#2678 = CARTESIAN_POINT ( 'NONE',  ( 2.983323819087567053, -1.245476534732392837, -0.9611775512769534791 ) ) ;
#2679 = CARTESIAN_POINT ( 'NONE',  ( -2.165045479624033550E-16, 3.783495063502041234, 2.180670180351000909 ) ) ;
#2680 = CARTESIAN_POINT ( 'NONE',  ( 14.04999999999999893, 1.035533905932736642, -2.499999999999996891 ) ) ;
#2681 = CARTESIAN_POINT ( 'NONE',  ( 2.083332619216717418, 1.827149842522565626, -2.372322458161300940 ) ) ;
#2682 = EDGE_LOOP ( 'NONE', ( #2254 ) ) ;
#2683 = CARTESIAN_POINT ( 'NONE',  ( 5.799979466365496883, -1.767766952966366434, -1.767766952966366878 ) ) ;
#2684 = CARTESIAN_POINT ( 'NONE',  ( 8.949999999999995737, -2.499999999999997335, 1.035533905932735976 ) ) ;
#2685 = CARTESIAN_POINT ( 'NONE',  ( 2.833320885711250625, -0.5083996580249561248, 1.879491457814528088 ) ) ;
#2686 = CARTESIAN_POINT ( 'NONE',  ( 17.44998826649457513, -1.980399999999995497, -0.8203085389236758340 ) ) ;
#2687 = CARTESIAN_POINT ( 'NONE',  ( 13.79997946636549777, -1.767766952966366434, -1.767766952966366878 ) ) ;
#2688 = DIRECTION ( 'NONE',  ( 0.000000000000000000, 0.000000000000000000, -1.000000000000000000 ) ) ;
#2689 = CARTESIAN_POINT ( 'NONE',  ( 8.949991199870920511, 1.980399999999998606, 0.8203085389236783875 ) ) ;
#2690 = CARTESIAN_POINT ( 'NONE',  ( 3.799988266494568556, -1.980399999999995497, -2.425290521031412773E-16 ) ) ;
#2691 = CARTESIAN_POINT ( 'NONE',  ( 2.266657152420909593, -0.6835616992973243544, -2.555809339967971550 ) ) ;
#2692 = CARTESIAN_POINT ( 'NONE',  ( 5.149991199870923353, -0.8203085389236779434, 1.980399999999998162 ) ) ;
#2693 = CARTESIAN_POINT ( 'NONE',  ( 3.949979466365495906, -1.035533905932737753, 2.499999999999996447 ) ) ;
#2694 = CARTESIAN_POINT ( 'NONE',  ( 9.524988999838654991, -0.8023730916729203688, -1.937099999999994937 ) ) ;
#2695 = CARTESIAN_POINT ( 'NONE',  ( 9.249988266494568734, -0.8203085389236768332, 1.980399999999995497 ) ) ;
#2696 = CARTESIAN_POINT ( 'NONE',  ( 11.24998826649456873, 0.8203085389236757230, -1.980399999999995497 ) ) ;
#2697 = CARTESIAN_POINT ( 'NONE',  ( 11.54999119987092371, -0.8203085389236779434, 1.980399999999997718 ) ) ;
#2698 = CARTESIAN_POINT ( 'NONE',  ( 16.39999119987092513, -1.400354269461838053, 1.400354269461837609 ) ) ;
#2699 = CARTESIAN_POINT ( 'NONE',  ( 12.74997946636549706, -1.035533905932737753, 2.499999999999996447 ) ) ;
#2700 = CARTESIAN_POINT ( 'NONE',  ( 0.07408483252050623857, 0.5841701277848728724, 1.500000000000000222 ) ) ;
#2701 = CARTESIAN_POINT ( 'NONE',  ( 5.374990466526835320, -1.937099999999996713, -0.8023730916729213680 ) ) ;
#2702 = CARTESIAN_POINT ( 'NONE',  ( 17.09998826649457015, 1.400354269461835388, 1.400354269461836054 ) ) ;
#2703 = CARTESIAN_POINT ( 'NONE',  ( 1.783332619216674741, -3.414243125086924291, 0.4437191595087657814 ) ) ;
#2704 = CARTESIAN_POINT ( 'NONE',  ( -2.176513363245860370E-16, -1.133368343930614142, 4.217301688045508534 ) ) ;
#2705 = CARTESIAN_POINT ( 'NONE',  ( 8.599999999999997868, 2.499999999999996891, 0.000000000000000000 ) ) ;
#2706 = CARTESIAN_POINT ( 'NONE',  ( 2.116665952549958263, 2.337346650292858818, -1.792246552380960312 ) ) ;
#2707 = ORIENTED_EDGE ( 'NONE', *, *, #3878, .T. ) ;
#2708 = CARTESIAN_POINT ( 'NONE',  ( 3.699978752248835878, 1.610464477574514941, -1.402164780948711407E-05 ) ) ;
#2709 = CARTESIAN_POINT ( 'NONE',  ( 10.49999999999999822, -1.767766952966367100, 1.767766952966366434 ) ) ;
#2710 = CARTESIAN_POINT ( 'NONE',  ( 2.233320885711212345, -2.745878156437210116, -0.7412251518544873408 ) ) ;
#2711 = FACE_OUTER_BOUND ( 'NONE', #4010, .T. ) ;
#2712 = CARTESIAN_POINT ( 'NONE',  ( 12.44998826649456802, -0.8203085389236766112, 1.980399999999995053 ) ) ;
#2713 = CARTESIAN_POINT ( 'NONE',  ( 13.44997946636549457, 1.035533905932736864, 2.499999999999996447 ) ) ;
#2714 = CARTESIAN_POINT ( 'NONE',  ( 3.749991199870923886, -1.980399999999999050, -0.8203085389236773883 ) ) ;
#2715 = CARTESIAN_POINT ( 'NONE',  ( 3.049988266494567668, -1.980399999999995497, -0.8203085389236758340 ) ) ;
#2716 = CARTESIAN_POINT ( 'NONE',  ( 3.308327625842898634, 1.072265694623613985, -0.1370996692036356712 ) ) ;
#2717 = CARTESIAN_POINT ( 'NONE',  ( 14.22499046652683496, -1.369736545836458541, -1.369736545836458763 ) ) ;
#2718 = CARTESIAN_POINT ( 'NONE',  ( 6.099991199870922642, -1.980399999999998384, -2.425290521031416718E-16 ) ) ;
#2719 = CARTESIAN_POINT ( 'NONE',  ( 0.07408483252121299267, 0.5841701277822569649, -1.500000000000000000 ) ) ;
#2720 = CARTESIAN_POINT ( 'NONE',  ( 8.874988999838654635, 1.369736545836457653, -1.369736545836457653 ) ) ;
#2721 = CARTESIAN_POINT ( 'NONE',  ( 7.049988266494567668, -1.980399999999995941, -0.8203085389236761671 ) ) ;
#2722 = CARTESIAN_POINT ( 'NONE',  ( 10.39998826649456909, 1.373694715369117170E-16, -1.980399999999995497 ) ) ;
#2723 = CARTESIAN_POINT ( 'NONE',  ( 16.34999119987092442, -0.8203085389236781655, 1.980399999999998606 ) ) ;
#2724 = CARTESIAN_POINT ( 'NONE',  ( 8.899991199870923353, 1.980399999999998384, 0.000000000000000000 ) ) ;
#2725 = CARTESIAN_POINT ( 'NONE',  ( 16.74999119987092300, 0.8203085389236769442, -1.980399999999998606 ) ) ;
#2726 = AXIS2_PLACEMENT_3D ( 'NONE', #3854, #3455, #1241 ) ;
#2727 = CARTESIAN_POINT ( 'NONE',  ( 12.54997946636549777, 2.499999999999996447, 1.035533905932737975 ) ) ;
#2728 = CARTESIAN_POINT ( 'NONE',  ( 2.498767616316154960, -0.9890998717228137727, 2.224683740333933457 ) ) ;
#2729 = CARTESIAN_POINT ( 'NONE',  ( 6.624990466526833544, 1.369736545836458319, 1.369736545836458985 ) ) ;
#2730 = CARTESIAN_POINT ( 'NONE',  ( 0.5599999999999996092, 2.919096919880846297, 3.798417501391356144 ) ) ;
#2731 = CARTESIAN_POINT ( 'NONE',  ( 2.503728822784258234, 1.459098419009194902, -2.050341216386597054 ) ) ;
#2732 = CARTESIAN_POINT ( 'NONE',  ( 3.114183732107788316, -0.4606402726254380520, -1.896701064399354930 ) ) ;
#2733 = CARTESIAN_POINT ( 'NONE',  ( 10.40000000000000036, -4.431375860249467392E-16, 2.499999999999996891 ) ) ;
#2734 = EDGE_CURVE ( 'NONE', #3961, #1009, #2027, .T. ) ;
#2735 = CARTESIAN_POINT ( 'NONE',  ( 1.399999999999999689, -2.661548123277435618, -3.462097634511710265 ) ) ;
#2736 = CARTESIAN_POINT ( 'NONE',  ( 16.76866592948549339, -1.695081559530833060, 1.776017444355378005 ) ) ;
#2737 = VERTEX_POINT ( 'NONE', #3762 ) ;
#2738 = CARTESIAN_POINT ( 'NONE',  ( 0.5599999999999997202, -3.798417497482889704, -2.919096923789313180 ) ) ;
#2739 = CARTESIAN_POINT ( 'NONE',  ( 2.766654219044621499, 0.5283329419994126086, 1.978221370719864147 ) ) ;
#2740 = VERTEX_POINT ( 'NONE', #4893 ) ;
#2741 = CARTESIAN_POINT ( 'NONE',  ( 13.44998826649456802, -1.980399999999995497, -0.8203085389236758340 ) ) ;
#2742 = CARTESIAN_POINT ( 'NONE',  ( 12.49997946636549528, 2.499999999999996891, 0.000000000000000000 ) ) ;
#2743 = DIRECTION ( 'NONE',  ( 1.000000000000000000, -0.000000000000000000, -0.000000000000000000 ) ) ;
#2744 = CARTESIAN_POINT ( 'NONE',  ( 5.199991199870923175, -1.400354269461838275, 1.400354269461837831 ) ) ;
#2745 = CARTESIAN_POINT ( 'NONE',  ( 2.378970437242992730, 2.283230592106017198, 1.028216038309383018 ) ) ;
#2746 = CARTESIAN_POINT ( 'NONE',  ( 2.316657152421011112, 0.3368346432032439663, -2.548719528379788990 ) ) ;
#2747 = CARTESIAN_POINT ( 'NONE',  ( 13.72499046652683141, 1.937099999999996269, 0.000000000000000000 ) ) ;
#2748 = CARTESIAN_POINT ( 'NONE',  ( 7.649991199870925129, -1.980399999999999050, 0.8203085389236763891 ) ) ;
#2749 = CARTESIAN_POINT ( 'NONE',  ( 2.467853341442610038, 0.5785682256413737790, -1.500000000000000000 ) ) ;
#2750 = CARTESIAN_POINT ( 'NONE',  ( 4.849988266494568379, 0.8203085389236759450, -1.980399999999995941 ) ) ;
#2751 = CARTESIAN_POINT ( 'NONE',  ( 8.499988266494566957, -1.400354269461835832, 1.400354269461835388 ) ) ;
#2752 = CARTESIAN_POINT ( 'NONE',  ( 13.59999119987092442, 1.400354269461838053, -1.400354269461838053 ) ) ;
#2753 = CARTESIAN_POINT ( 'NONE',  ( 9.349991199870924419, -1.980399999999998384, -0.8203085389236771663 ) ) ;
#2754 = CARTESIAN_POINT ( 'NONE',  ( 8.599999999999997868, 2.499999999999996891, 0.000000000000000000 ) ) ;
#2755 = CARTESIAN_POINT ( 'NONE',  ( 17.14999119987092868, -0.8203085389236779434, 1.980399999999998162 ) ) ;
#2756 = CARTESIAN_POINT ( 'NONE',  ( 8.649979466365497416, 1.035533905932736864, 2.499999999999996447 ) ) ;
#2757 = DIRECTION ( 'NONE',  ( -1.000000000000000000, -1.548554197625976421E-18, -0.000000000000000000 ) ) ;
#2758 = CARTESIAN_POINT ( 'NONE',  ( 2.874990466526833544, -1.937099999999996935, 0.8023730916729207019 ) ) ;
#2759 = CARTESIAN_POINT ( 'NONE',  ( 13.29998826649456767, -1.400354269461836054, 1.400354269461835610 ) ) ;
#2760 = CARTESIAN_POINT ( 'NONE',  ( 3.100047413804466245, -0.4841473784452882123, -1.893259773066080065 ) ) ;
#2761 = CARTESIAN_POINT ( 'NONE',  ( 9.299999999999998934, 1.767766952966366878, -1.767766952966366878 ) ) ;
#2762 = DIRECTION ( 'NONE',  ( -1.000000000000000000, -0.000000000000000000, -0.000000000000000000 ) ) ;
#2763 = CARTESIAN_POINT ( 'NONE',  ( 12.57499046652683639, -1.937099999999996713, -0.8023730916729213680 ) ) ;
#2764 = CARTESIAN_POINT ( 'NONE',  ( 16.85893998303889418, -2.249636129632917037, -0.7296002354871800044 ) ) ;
#2765 = EDGE_LOOP ( 'NONE', ( #2042, #2199 ) ) ;
#2766 = CARTESIAN_POINT ( 'NONE',  ( 17.26769950826063038, -1.483022358157464859, 1.275699034425016531 ) ) ;
#2767 = CARTESIAN_POINT ( 'NONE',  ( 2.066654219044631979, -1.547868799530259354, 2.679215986742057076 ) ) ;
#2768 = CARTESIAN_POINT ( 'NONE',  ( 1.699999999999999734, -2.499999999999998224, 0.000000000000000000 ) ) ;
#2769 = EDGE_CURVE ( 'NONE', #449, #3961, #4345, .T. ) ;
#2770 = CARTESIAN_POINT ( 'NONE',  ( 11.99998826649456873, 1.398471582531132922E-16, -1.980399999999995497 ) ) ;
#2771 = CARTESIAN_POINT ( 'NONE',  ( 12.19997946636549813, -1.767766952966366434, -1.767766952966366878 ) ) ;
#2772 = CARTESIAN_POINT ( 'NONE',  ( 16.00000000000000000, -4.344656825182412999E-16, 2.499999999999996891 ) ) ;
#2773 = CARTESIAN_POINT ( 'NONE',  ( 5.549991199870922820, 0.8203085389236772773, -1.980399999999999050 ) ) ;
#2774 = CARTESIAN_POINT ( 'NONE',  ( 3.649988266494568201, -0.8203085389236766112, 1.980399999999995053 ) ) ;
#2775 = CARTESIAN_POINT ( 'NONE',  ( 2.333323819087533835, 0.6636166537445132851, -2.457082590557649215 ) ) ;
#2776 = CARTESIAN_POINT ( 'NONE',  ( 7.149991199870925129, 0.8203085389236769442, -1.980399999999998606 ) ) ;
#2777 = CARTESIAN_POINT ( 'NONE',  ( 17.40099999999999980, 0.8660254037844390407, 1.500000000000000000 ) ) ;
#2778 = CARTESIAN_POINT ( 'NONE',  ( 7.374988999838653747, 1.937099999999994715, 0.000000000000000000 ) ) ;
#2779 = CARTESIAN_POINT ( 'NONE',  ( 5.199988266494568911, -3.557411144970260187E-16, 1.980399999999995941 ) ) ;
#2780 = CARTESIAN_POINT ( 'NONE',  ( 10.14998826649456909, -1.980399999999995941, 0.8203085389236751679 ) ) ;
#2781 = CARTESIAN_POINT ( 'NONE',  ( 14.79999119987092371, -1.400354269461838275, 1.400354269461837831 ) ) ;
#2782 = CARTESIAN_POINT ( 'NONE',  ( 6.999991199870922109, -1.400354269461837609, -1.400354269461837831 ) ) ;
#2783 = CARTESIAN_POINT ( 'NONE',  ( 14.59999119987092264, 1.400354269461837387, 1.400354269461838053 ) ) ;
#2784 = B_SPLINE_CURVE_WITH_KNOTS ( 'NONE', 3,
 ( #3068, #4849, #2266, #3996, #66 ),
 .UNSPECIFIED., .F., .F.,
 ( 4, 1, 4 ),
 ( 2.309401076760302761E-07, 0.0008662563438921144733, 0.001732281747676553060 ),
 .UNSPECIFIED. ) ;
#2785 = CARTESIAN_POINT ( 'NONE',  ( 10.04997946636549955, 2.499999999999996891, -1.035533905932736642 ) ) ;
#2786 = CARTESIAN_POINT ( 'NONE',  ( 2.734267244817946807, -2.219658194890414382, 0.3555996111502244261 ) ) ;
#2787 = CARTESIAN_POINT ( 'NONE',  ( 3.124990466526833544, 1.234523828358979638E-16, -1.937099999999996269 ) ) ;
#2788 = CARTESIAN_POINT ( 'NONE',  ( 15.39998826649456909, 1.980399999999995941, 0.000000000000000000 ) ) ;
#2789 = CARTESIAN_POINT ( 'NONE',  ( 2.625774171938850099, 2.269815764629110166, -1.057677811935085588 ) ) ;
#2790 = CARTESIAN_POINT ( 'NONE',  ( 1.399999999999999911, 2.392190151655446684, 4.150485346798013175 ) ) ;
#2791 = CARTESIAN_POINT ( 'NONE',  ( 10.04999999999999716, 1.035533905932736642, -2.499999999999996891 ) ) ;
#2792 = CARTESIAN_POINT ( 'NONE',  ( 1.399999999999999689, -2.180030772860398258, 3.783837241847959554 ) ) ;
#2793 = CARTESIAN_POINT ( 'NONE',  ( 11.72499046652683496, -1.937099999999996269, -2.372263314628333717E-16 ) ) ;
#2794 = CARTESIAN_POINT ( 'NONE',  ( 2.833320885711206216, -0.5083996544440126941, 1.879491460721969931 ) ) ;
#2795 = VERTEX_POINT ( 'NONE', #2362 ) ;
#2796 = CARTESIAN_POINT ( 'NONE',  ( 17.24152748897343201, -1.763274697787879042, 0.8956105504275814200 ) ) ;
#2797 = CARTESIAN_POINT ( 'NONE',  ( 2.216654219044603025, -2.845232116898096741, -0.3756449803181913794 ) ) ;
#2798 = CARTESIAN_POINT ( 'NONE',  ( 3.466645418915529131, -0.5091107214583040497, -1.906708970751122667 ) ) ;
#2799 = CARTESIAN_POINT ( 'NONE',  ( 13.99998826649456873, -3.421138375579172811E-16, 1.980399999999995497 ) ) ;
#2800 = CARTESIAN_POINT ( 'NONE',  ( 10.84997946636549671, 2.499999999999996891, -1.035533905932736642 ) ) ;
#2801 = CARTESIAN_POINT ( 'NONE',  ( 4.849991199870923531, 1.980399999999999050, -0.8203085389236769442 ) ) ;
#2802 = CARTESIAN_POINT ( 'NONE',  ( 16.85000000000000142, -1.035533905932737753, 2.499999999999996447 ) ) ;
#2803 = CARTESIAN_POINT ( 'NONE',  ( 3.191656419076809748, 0.6301031205684701764, -1.086841886557307069 ) ) ;
#2804 = CARTESIAN_POINT ( 'NONE',  ( -1.734890133027735177E-16, -4.216959509701966979, 1.134007751418702137 ) ) ;
#2805 = CARTESIAN_POINT ( 'NONE',  ( 0.1214335126853153118, -0.2914858883623223651, -1.500000000000000000 ) ) ;
#2806 = CARTESIAN_POINT ( 'NONE',  ( 6.674988999838653569, 1.369736545836457431, 1.369736545836457653 ) ) ;
#2807 = CARTESIAN_POINT ( 'NONE',  ( 5.399988266494567313, -1.980399999999995941, -2.425290521031413266E-16 ) ) ;
#2808 = CARTESIAN_POINT ( 'NONE',  ( 10.99998826649456873, -1.980399999999995497, -2.425290521031412773E-16 ) ) ;
#2809 = CARTESIAN_POINT ( 'NONE',  ( 13.19999119987092229, -1.400354269461838275, 1.400354269461837831 ) ) ;
#2810 = CARTESIAN_POINT ( 'NONE',  ( 6.199991199870924063, -1.400354269461837609, -1.400354269461837831 ) ) ;
#2811 = CARTESIAN_POINT ( 'NONE',  ( 7.999999999999998224, -4.468541160992490774E-16, 2.499999999999996891 ) ) ;
#2812 = CARTESIAN_POINT ( 'NONE',  ( 14.09999119987092264, -1.980399999999998384, -2.425290521031416718E-16 ) ) ;
#2813 = CIRCLE ( 'NONE', #4270, 2.499999999999998224 ) ;
#2814 = CARTESIAN_POINT ( 'NONE',  ( 7.549979466365496883, 1.035533905932736642, -2.499999999999996891 ) ) ;
#2815 = DIRECTION ( 'NONE',  ( 1.548554197625976421E-18, -1.000000000000000000, 0.000000000000000000 ) ) ;
#2816 = CARTESIAN_POINT ( 'NONE',  ( 16.87498899983865286, 1.369736545836457653, -1.369736545836457653 ) ) ;
#2817 = CARTESIAN_POINT ( 'NONE',  ( 14.54998826649456944, 1.980399999999995941, -0.8203085389236758340 ) ) ;
#2818 = FACE_OUTER_BOUND ( 'NONE', #276, .T. ) ;
#2819 = CARTESIAN_POINT ( 'NONE',  ( 3.109575757313882249, -0.4664868390463141057, -1.895861593037633019 ) ) ;
#2820 = CARTESIAN_POINT ( 'NONE',  ( 10.44999999999999751, -1.035533905932737753, 2.499999999999996447 ) ) ;
#2821 = CARTESIAN_POINT ( 'NONE',  ( 11.14999999999999858, 1.035533905932736864, 2.499999999999996447 ) ) ;
#2822 = CARTESIAN_POINT ( 'NONE',  ( 3.050477725477574786, -0.7510479330517539909, -1.832460412194136135 ) ) ;
#2823 = CARTESIAN_POINT ( 'NONE',  ( 10.12499046652683532, -1.937099999999996269, -2.372263314628333717E-16 ) ) ;
#2824 = CARTESIAN_POINT ( 'NONE',  ( 2.633320885711230463, 2.168287026491947600, 0.5860081529053881022 ) ) ;
#2825 = VERTEX_POINT ( 'NONE', #2822 ) ;
#2826 = CARTESIAN_POINT ( 'NONE',  ( 17.25115364661180450, -1.766265324251832025, 0.8680519357349030241 ) ) ;
#2827 = CARTESIAN_POINT ( 'NONE',  ( 2.516654219044633489, 1.921840364890603503, -1.472927296860028212 ) ) ;
#2828 = CARTESIAN_POINT ( 'NONE',  ( 13.39998826649456731, -1.980399999999995497, -2.425290521031412773E-16 ) ) ;
#2829 = CARTESIAN_POINT ( 'NONE',  ( 9.699979466365496350, -2.499999999999996891, -3.061616997868379197E-16 ) ) ;
#2830 = CARTESIAN_POINT ( 'NONE',  ( 15.79999999999999893, 2.499999999999996891, 0.000000000000000000 ) ) ;
#2831 = CARTESIAN_POINT ( 'NONE',  ( 5.949991199870923175, -0.8203085389236781655, 1.980399999999998606 ) ) ;
#2832 = CARTESIAN_POINT ( 'NONE',  ( 16.39999999999999858, 1.784771387344849702E-16, -2.499999999999996891 ) ) ;
#2833 = CARTESIAN_POINT ( 'NONE',  ( 2.708323085743505665, 0.2535860984839645726, 1.961807797199996095 ) ) ;
#2834 = CARTESIAN_POINT ( 'NONE',  ( 3.849991199870922642, -0.8203085389236767222, -1.980399999999998606 ) ) ;
#2835 = CARTESIAN_POINT ( 'NONE',  ( 9.749988266494568734, 1.980399999999995497, -0.8203085389236755010 ) ) ;
#2836 = B_SPLINE_CURVE_WITH_KNOTS ( 'NONE', 1,
 ( #3988, #3194 ),
 .UNSPECIFIED., .F., .F.,
 ( 2, 2 ),
 ( 0.000000000000000000, 1.000000000000000000 ),
 .UNSPECIFIED. ) ;
#2837 = CARTESIAN_POINT ( 'NONE',  ( 3.699978752248835878, 1.610464477574514941, -1.402164780948711407E-05 ) ) ;
#2838 = VERTEX_POINT ( 'NONE', #5407 ) ;
#2839 = CARTESIAN_POINT ( 'NONE',  ( 8.624988999838654635, -1.937099999999994937, -0.8023730916729207019 ) ) ;
#2840 = CARTESIAN_POINT ( 'NONE',  ( 4.349988266494568379, 0.8203085389236763891, 1.980399999999995497 ) ) ;
#2841 = CARTESIAN_POINT ( 'NONE',  ( 5.549988266494568556, -0.8203085389236755010, -1.980399999999995497 ) ) ;
#2842 = CARTESIAN_POINT ( 'NONE',  ( 13.84999119987092442, 0.8203085389236777214, 1.980399999999998606 ) ) ;
#2843 = CARTESIAN_POINT ( 'NONE',  ( 7.599991199870922642, -1.400354269461838053, 1.400354269461837609 ) ) ;
#2844 = CARTESIAN_POINT ( 'NONE',  ( 13.84999119987092442, 0.8203085389236773883, 1.980399999999998162 ) ) ;
#2845 = ADVANCED_FACE ( 'NONE', ( #245 ), #838, .F. ) ;
#2846 = CARTESIAN_POINT ( 'NONE',  ( 7.899979466365496528, -4.470090033164575497E-16, 2.499999999999996891 ) ) ;
#2847 = CARTESIAN_POINT ( 'NONE',  ( 16.29999119987092371, -3.385521583608858336E-16, 1.980399999999998384 ) ) ;
#2848 = CARTESIAN_POINT ( 'NONE',  ( 17.72498899983865428, 1.937099999999994937, -0.8023730916729204798 ) ) ;
#2849 = CARTESIAN_POINT ( 'NONE',  ( 13.99998826649456873, -3.421138375579173797E-16, 1.980399999999995941 ) ) ;
#2850 = CARTESIAN_POINT ( 'NONE',  ( 2.828794479279817864, 2.294187856301505235, 1.034434742527460260 ) ) ;
#2851 = CARTESIAN_POINT ( 'NONE',  ( 3.111542094160804517, -0.4632434204655304644, -1.896330066182960072 ) ) ;
#2852 = CARTESIAN_POINT ( 'NONE',  ( 10.65000000000000036, -2.499999999999996891, -1.035533905932736864 ) ) ;
#2853 = CARTESIAN_POINT ( 'NONE',  ( 7.199999999999998401, -4.480929594573498897E-16, 2.499999999999996891 ) ) ;
#2854 = CARTESIAN_POINT ( 'NONE',  ( 1.399999999999999689, -2.661447090561667395, 3.461996601800645834 ) ) ;
#2855 = CARTESIAN_POINT ( 'NONE',  ( 12.77499046652683745, 0.8023730916729211460, -1.937099999999996713 ) ) ;
#2856 = CARTESIAN_POINT ( 'NONE',  ( 3.633312085582256490, 1.494795013367724801, -0.8578616304472228560 ) ) ;
#2857 = VERTEX_POINT ( 'NONE', #4556 ) ;
#2858 = CARTESIAN_POINT ( 'NONE',  ( 12.74999119987092477, 0.8203085389236771663, -1.980399999999998384 ) ) ;
#2859 =( NAMED_UNIT ( * ) SI_UNIT ( $, .STERADIAN. ) SOLID_ANGLE_UNIT ( ) );
#2860 = CARTESIAN_POINT ( 'NONE',  ( 3.266645418915611110, -2.195503069762130277, 0.5867246740605229771 ) ) ;
#2861 = CARTESIAN_POINT ( 'NONE',  ( -3.252606517456513302E-16, -4.150485346797752939, -2.392190151655254837 ) ) ;
#2862 = CARTESIAN_POINT ( 'NONE',  ( 7.399979466365495639, -1.767766952966366434, -1.767766952966366878 ) ) ;
#2863 = CARTESIAN_POINT ( 'NONE',  ( 14.04999999999999893, 1.035533905932736642, -2.499999999999996891 ) ) ;
#2864 = CARTESIAN_POINT ( 'NONE',  ( 15.77499046652683745, -1.937099999999996713, -0.8023730916729213680 ) ) ;
#2865 = CARTESIAN_POINT ( 'NONE',  ( 16.29999999999999716, -1.767766952966366434, -1.767766952966366878 ) ) ;
#2866 = CARTESIAN_POINT ( 'NONE',  ( 3.041654952388666899, -1.345931722666134256, -0.7794296527996134039 ) ) ;
#2867 = CARTESIAN_POINT ( 'NONE',  ( -1.224698418616533548E-17, 1.732050807568877415, 6.510658844684554623E-17 ) ) ;
#2868 = CARTESIAN_POINT ( 'NONE',  ( 9.949988266494568023, 0.8203085389236761671, 1.980399999999995053 ) ) ;
#2869 = CARTESIAN_POINT ( 'NONE',  ( 2.916657152420891297, -1.659181762377625269, -0.2204036353628553713 ) ) ;
#2870 = CARTESIAN_POINT ( 'NONE',  ( 5.524988999838655879, -0.8023730916729203688, -1.937099999999994937 ) ) ;
#2871 = CARTESIAN_POINT ( 'NONE',  ( 4.999988266494567846, 1.980399999999995941, 0.000000000000000000 ) ) ;
#2872 = CARTESIAN_POINT ( 'NONE',  ( 5.949988266494567135, 0.8203085389236761671, 1.980399999999995053 ) ) ;
#2873 = CARTESIAN_POINT ( 'NONE',  ( 15.39999119987092335, 1.400354269461837609, 1.400354269461838275 ) ) ;
#2874 = CARTESIAN_POINT ( 'NONE',  ( 6.149991199870922465, -1.980399999999998384, -0.8203085389236771663 ) ) ;
#2875 = CARTESIAN_POINT ( 'NONE',  ( 4.949999999999997513, -2.499999999999997335, 1.035533905932735976 ) ) ;
#2876 = CARTESIAN_POINT ( 'NONE',  ( 12.59999119987092264, -1.400354269461837609, -1.400354269461837831 ) ) ;
#2877 = CARTESIAN_POINT ( 'NONE',  ( 9.649979466365495639, -2.499999999999997335, 1.035533905932735976 ) ) ;
#2878 = CARTESIAN_POINT ( 'NONE',  ( 15.89999119987092335, 1.458865241663470298E-16, -1.980399999999998384 ) ) ;
#2879 = CARTESIAN_POINT ( 'NONE',  ( 17.12498899983865641, 0.8023730916729209239, 1.937099999999994493 ) ) ;
#2880 = AXIS2_PLACEMENT_3D ( 'NONE', #4553, #2389, #1965 ) ;
#2881 = EDGE_CURVE ( 'NONE', #2838, #2795, #4275, .T. ) ;
#2882 = CARTESIAN_POINT ( 'NONE',  ( 15.59998826649456838, -3.396361508417158538E-16, 1.980399999999995941 ) ) ;
#2883 = CARTESIAN_POINT ( 'NONE',  ( 14.99998826649456873, -1.980399999999995497, -2.425290521031412773E-16 ) ) ;
#2884 = CARTESIAN_POINT ( 'NONE',  ( 0.8399999999999998579, 4.626370212059338627, -1.243302455813028340 ) ) ;
#2885 = CARTESIAN_POINT ( 'NONE',  ( 7.449999999999997513, -2.499999999999996891, -1.035533905932736642 ) ) ;
#2886 = CARTESIAN_POINT ( 'NONE',  ( 2.415540413207492687, 0.8660254037844389297, 1.500000000000000000 ) ) ;
#2887 = CARTESIAN_POINT ( 'NONE',  ( 12.32499046652683461, -3.367535814716097591E-16, 1.937099999999996269 ) ) ;
#2888 = CARTESIAN_POINT ( 'NONE',  ( 1.973322087479145059, 0.6694430666024366872, 3.153204834639884879 ) ) ;
#2889 = CARTESIAN_POINT ( 'NONE',  ( 2.733332619216632509, -1.007193056673715281, -1.753882032425635451 ) ) ;
#2890 = CARTESIAN_POINT ( 'NONE',  ( 14.09999119987092264, -1.980399999999998384, -2.425290521031416718E-16 ) ) ;
#2891 = DIRECTION ( 'NONE',  ( 0.000000000000000000, 0.000000000000000000, 1.000000000000000000 ) ) ;
#2892 = CARTESIAN_POINT ( 'NONE',  ( 3.683314194469830216, 1.635168873244282617, -0.2107968921895884695 ) ) ;
#2893 = CARTESIAN_POINT ( 'NONE',  ( 0.5599999999999997202, -4.150485346797906594, 2.392190151655271269 ) ) ;
#2894 = CARTESIAN_POINT ( 'NONE',  ( 9.199979466365496350, 1.767766952966366878, -1.767766952966366878 ) ) ;
#2895 = CARTESIAN_POINT ( 'NONE',  ( 13.79999999999999716, -2.499999999999996891, -3.061616997868379197E-16 ) ) ;
#2896 = CARTESIAN_POINT ( 'NONE',  ( 15.57499046652683639, -0.8023730916729222562, 1.937099999999996269 ) ) ;
#2897 = CARTESIAN_POINT ( 'NONE',  ( 14.84999999999999787, 1.035533905932736642, -2.499999999999996891 ) ) ;
#2898 = CARTESIAN_POINT ( 'NONE',  ( 1.958323085743446601, -0.8075002031595269747, 2.992500641781668858 ) ) ;
#2899 = CARTESIAN_POINT ( 'NONE',  ( 13.27499046652683390, -1.937099999999996935, 0.8023730916729207019 ) ) ;
#2900 = CARTESIAN_POINT ( 'NONE',  ( 3.199991199870922731, 1.400354269461837831, -1.400354269461837831 ) ) ;
#2901 = CARTESIAN_POINT ( 'NONE',  ( 11.34998826649456660, 1.980399999999995497, -0.8203085389236755010 ) ) ;
#2902 = CARTESIAN_POINT ( 'NONE',  ( 3.283328094557353527, 1.115566044282492619, -0.1427685727181920439 ) ) ;
#2903 = CARTESIAN_POINT ( 'NONE',  ( 4.674988999838654458, -1.369736545836457431, -1.369736545836457653 ) ) ;
#2904 = CARTESIAN_POINT ( 'NONE',  ( 18.04997946636549955, 2.499999999999996891, -1.035533905932736642 ) ) ;
#2905 = CARTESIAN_POINT ( 'NONE',  ( 11.29999119987092371, 1.980399999999998828, 0.000000000000000000 ) ) ;
#2906 = CARTESIAN_POINT ( 'NONE',  ( 6.799991199870923708, -1.400354269461838053, 1.400354269461837609 ) ) ;
#2907 = CARTESIAN_POINT ( 'NONE',  ( 6.399999999999997691, -4.493318028154506033E-16, 2.499999999999996891 ) ) ;
#2908 = CARTESIAN_POINT ( 'NONE',  ( 11.14999119987092335, 0.8203085389236769442, -1.980399999999998606 ) ) ;
#2909 = CARTESIAN_POINT ( 'NONE',  ( 4.199979466365496350, -1.767766952966366434, -1.767766952966366878 ) ) ;
#2910 = CARTESIAN_POINT ( 'NONE',  ( 14.79999119987092371, -1.400354269461838053, 1.400354269461837609 ) ) ;
#2911 = CARTESIAN_POINT ( 'NONE',  ( 14.17498899983865535, -1.937099999999994715, -2.372263314628331252E-16 ) ) ;
#2912 = CARTESIAN_POINT ( 'NONE',  ( 12.79998826649456767, 1.410860016112140798E-16, -1.980399999999995941 ) ) ;
#2913 = CARTESIAN_POINT ( 'NONE',  ( 16.64998826649456731, -1.980399999999995497, -0.8203085389236758340 ) ) ;
#2914 = CARTESIAN_POINT ( 'NONE',  ( 1.399999999999999467, -3.798417497482942995, -2.919096923789137321 ) ) ;
#2915 = CARTESIAN_POINT ( 'NONE',  ( 7.549999999999997158, -1.035533905932736420, -2.499999999999996891 ) ) ;
#2916 = CARTESIAN_POINT ( 'NONE',  ( 16.59997946636549671, 1.767766952966366212, 1.767766952966367100 ) ) ;
#2917 = CIRCLE ( 'NONE', #2463, 1.732050807568877415 ) ;
#2918 = CARTESIAN_POINT ( 'NONE',  ( 7.724990466526834076, -1.937099999999996269, -2.372263314628333717E-16 ) ) ;
#2919 = CARTESIAN_POINT ( 'NONE',  ( 2.616654219044535434, 2.252206939177533673, 0.2980243091329193295 ) ) ;
#2920 = CARTESIAN_POINT ( 'NONE',  ( 2.883332619216602222, 1.098275717869767298, -1.423872227786312950 ) ) ;
#2921 = CARTESIAN_POINT ( 'NONE',  ( 13.49999119987092300, 1.421699940920446916E-16, -1.980399999999998384 ) ) ;
#2922 = EDGE_CURVE ( 'NONE', #5588, #4391, #823, .T. ) ;
#2923 = CARTESIAN_POINT ( 'NONE',  ( 2.683320885711217407, 1.719702183358988501, 1.325613916523276536 ) ) ;
#2924 = CARTESIAN_POINT ( 'NONE',  ( 8.249979466365495284, -1.035533905932736420, -2.499999999999996891 ) ) ;
#2925 = CARTESIAN_POINT ( 'NONE',  ( 13.64999999999999858, -1.035533905932737753, 2.499999999999996447 ) ) ;
#2926 = CARTESIAN_POINT ( 'NONE',  ( 16.02499046652683390, 1.369736545836458763, -1.369736545836458763 ) ) ;
#2927 = CARTESIAN_POINT ( 'NONE',  ( 17.25000000000000355, 1.035533905932736642, -2.499999999999996891 ) ) ;
#2928 = CARTESIAN_POINT ( 'NONE',  ( 2.958323085743499892, -1.548522810261227622, -0.4194577133984399020 ) ) ;
#2929 = CARTESIAN_POINT ( 'NONE',  ( 3.149991199870923353, 0.8203085389236769442, -1.980399999999998606 ) ) ;
#2930 = CARTESIAN_POINT ( 'NONE',  ( 10.44998826649456802, 0.8203085389236757230, -1.980399999999995497 ) ) ;
#2931 = FACE_OUTER_BOUND ( 'NONE', #3191, .T. ) ;
#2932 = CARTESIAN_POINT ( 'NONE',  ( 3.774988999838654991, -1.937099999999994715, -2.372263314628331252E-16 ) ) ;
#2933 = CARTESIAN_POINT ( 'NONE',  ( 2.999988266494567846, -1.980399999999995941, -2.425290521031413266E-16 ) ) ;
#2934 = CARTESIAN_POINT ( 'NONE',  ( 7.099988266494567490, -1.400354269461835388, -1.400354269461835610 ) ) ;
#2935 = CARTESIAN_POINT ( 'NONE',  ( 12.54999119987092193, -1.980399999999999050, -0.8203085389236773883 ) ) ;
#2936 = CARTESIAN_POINT ( 'NONE',  ( 4.099991199870922642, 1.980399999999998384, 0.000000000000000000 ) ) ;
#2937 = CARTESIAN_POINT ( 'NONE',  ( 4.849999999999998757, -1.035533905932737753, 2.499999999999996447 ) ) ;
#2938 = CARTESIAN_POINT ( 'NONE',  ( 14.04999119987092371, -1.980399999999999050, 0.8203085389236763891 ) ) ;
#2939 = B_SPLINE_CURVE_WITH_KNOTS ( 'NONE', 3,
 ( #1443, #4520, #2700, #3182, #1962, #4912, #5290, #636, #1083, #208 ),
 .UNSPECIFIED., .F., .F.,
 ( 4, 2, 2, 2, 4 ),
 ( 0.004638393181789195012, 0.005076852643938968741, 0.005515312106088743338, 0.005953771568238517067, 0.006392231030388290797 ),
 .UNSPECIFIED. ) ;
#2940 = CARTESIAN_POINT ( 'NONE',  ( 5.399979466365495639, 1.767766952966366212, 1.767766952966367100 ) ) ;
#2941 = CARTESIAN_POINT ( 'NONE',  ( 16.54999119987092371, -1.980399999999998384, -0.8203085389236771663 ) ) ;
#2942 = CARTESIAN_POINT ( 'NONE',  ( 13.42498899983865535, -1.937099999999994937, -0.8023730916729207019 ) ) ;
#2943 = CARTESIAN_POINT ( 'NONE',  ( 10.84998826649456660, -0.8203085389236768332, 1.980399999999995497 ) ) ;
#2944 = CARTESIAN_POINT ( 'NONE',  ( 16.84998826649457015, 0.8203085389236757230, -1.980399999999995497 ) ) ;
#2945 = CARTESIAN_POINT ( 'NONE',  ( 1.399999999999999689, -3.783495063502041234, 2.180670180351000909 ) ) ;
#2946 = CARTESIAN_POINT ( 'NONE',  ( 6.749999999999999112, -1.035533905932736420, -2.499999999999996891 ) ) ;
#2947 = CARTESIAN_POINT ( 'NONE',  ( 15.34997946636549671, -2.499999999999996891, -1.035533905932736864 ) ) ;
#2948 = CARTESIAN_POINT ( 'NONE',  ( 6.774990466526833899, -0.8023730916729222562, 1.937099999999996269 ) ) ;
#2949 = CARTESIAN_POINT ( 'NONE',  ( 2.383312085582292017, -2.191586905433537513, 2.846547571408870159 ) ) ;
#2950 = CARTESIAN_POINT ( 'NONE',  ( 2.433332619216794779, -0.6444022241958027308, 2.385568096619157252 ) ) ;
#2951 = CARTESIAN_POINT ( 'NONE',  ( 2.883332619216731896, 1.098275717061921508, -1.423872229354137264 ) ) ;
#2952 = CARTESIAN_POINT ( 'NONE',  ( 7.249979466365496172, -2.499999999999997335, 1.035533905932735976 ) ) ;
#2953 = CARTESIAN_POINT ( 'NONE',  ( 14.44999999999999929, -1.035533905932737753, 2.499999999999996447 ) ) ;
#2954 = CARTESIAN_POINT ( 'NONE',  ( 17.17499046652683603, -0.8023730916729222562, 1.937099999999996269 ) ) ;
#2955 = CARTESIAN_POINT ( 'NONE',  ( 2.008323085743605851, -1.845658781782419489, 2.396414938159725061 ) ) ;
#2956 = CARTESIAN_POINT ( 'NONE',  ( -1.758978085888905268E-16, -2.661447090562984563, -3.461996601799099960 ) ) ;
#2957 = CARTESIAN_POINT ( 'NONE',  ( 9.399988266494567313, -1.980399999999995497, -2.425290521031412773E-16 ) ) ;
#2958 = CARTESIAN_POINT ( 'NONE',  ( 3.166657152420865540, 0.6519096156975833223, -1.124676953543427116 ) ) ;
#2959 = CARTESIAN_POINT ( 'NONE',  ( 5.724988999838655168, 1.937099999999994937, -0.8023730916729204798 ) ) ;
#2960 = CARTESIAN_POINT ( 'NONE',  ( 16.84997946636549671, -2.499999999999997335, 1.035533905932735976 ) ) ;
#2961 = CARTESIAN_POINT ( 'NONE',  ( 6.449988266494568023, 0.8203085389236757230, -1.980399999999995497 ) ) ;
#2962 = CARTESIAN_POINT ( 'NONE',  ( 10.74999119987092300, -0.8203085389236781655, 1.980399999999998606 ) ) ;
#2963 = CARTESIAN_POINT ( 'NONE',  ( 4.899991199870923353, 1.980399999999998384, 0.000000000000000000 ) ) ;
#2964 = CARTESIAN_POINT ( 'NONE',  ( 6.199999999999999289, 2.499999999999996891, 0.000000000000000000 ) ) ;
#2965 = CARTESIAN_POINT ( 'NONE',  ( 13.19999119987092229, -1.400354269461838053, 1.400354269461837609 ) ) ;
#2966 = CARTESIAN_POINT ( 'NONE',  ( 4.399979466365496528, 1.767766952966366878, -1.767766952966366878 ) ) ;
#2967 = CARTESIAN_POINT ( 'NONE',  ( 16.79999119987092371, 1.400354269461837831, -1.400354269461837831 ) ) ;
#2968 = CARTESIAN_POINT ( 'NONE',  ( 12.57498899983865392, -1.937099999999994715, -2.372263314628331252E-16 ) ) ;
#2969 = CARTESIAN_POINT ( 'NONE',  ( 12.59998826649456838, -1.980399999999995941, -2.425290521031413266E-16 ) ) ;
#2970 = CARTESIAN_POINT ( 'NONE',  ( 16.29998826649456589, 1.400354269461835166, 1.400354269461835832 ) ) ;
#2971 = CARTESIAN_POINT ( 'NONE',  ( 1.399999999999999689, -2.180670180351046650, -3.783495063501954636 ) ) ;
#2972 = CARTESIAN_POINT ( 'NONE',  ( 7.799999999999998046, 2.499999999999996891, 0.000000000000000000 ) ) ;
#2973 = CARTESIAN_POINT ( 'NONE',  ( 13.99997946636549706, 1.767766952966366878, -1.767766952966366878 ) ) ;
#2974 = CARTESIAN_POINT ( 'NONE',  ( 7.924990466526834254, 1.308854429845026648E-16, -1.937099999999996269 ) ) ;
#2975 = CARTESIAN_POINT ( 'NONE',  ( 2.483312085582153550, -3.414243125107360388, 0.4437191595587736681 ) ) ;
#2976 = CARTESIAN_POINT ( 'NONE',  ( 2.966665952549947693, 1.617914871717198499, -0.4314967711149740315 ) ) ;
#2977 = CARTESIAN_POINT ( 'NONE',  ( 3.016645418915541388, 1.610023892632073128, 2.100237266927621249 ) ) ;
#2978 = CARTESIAN_POINT ( 'NONE',  ( 6.549979466365495995, -2.499999999999996891, -1.035533905932736642 ) ) ;
#2979 = CARTESIAN_POINT ( 'NONE',  ( 12.24999999999999822, -2.499999999999996891, -1.035533905932736864 ) ) ;
#2980 = CARTESIAN_POINT ( 'NONE',  ( 17.37499046652683887, -1.937099999999996713, -0.8023730916729213680 ) ) ;
#2981 = CARTESIAN_POINT ( 'NONE',  ( 2.641654952388645672, 1.864111397997707975, 1.078082716238095706 ) ) ;
#2982 = CARTESIAN_POINT ( 'NONE',  ( 3.107727957559082377, -0.9890157311279202945, 2.225050437216300914 ) ) ;
#2983 = CARTESIAN_POINT ( 'NONE',  ( 6.249988266494566957, -1.980399999999995497, -0.8203085389236758340 ) ) ;
#2984 = CARTESIAN_POINT ( 'NONE',  ( 17.14362870207956036, 1.601300029720459817, 1.329002157184411503 ) ) ;
#2985 = CARTESIAN_POINT ( 'NONE',  ( 5.274988999838654102, -1.369736545836457653, 1.369736545836457431 ) ) ;
#2986 = CARTESIAN_POINT ( 'NONE',  ( 16.44997946636549813, 2.499999999999996891, -1.035533905932736642 ) ) ;
#2987 = CARTESIAN_POINT ( 'NONE',  ( 12.34999119987092442, -0.8203085389236781655, 1.980399999999998606 ) ) ;
#2988 = CARTESIAN_POINT ( 'NONE',  ( 3.349991199870923531, 1.980399999999997718, 0.8203085389236781655 ) ) ;
#2989 = CARTESIAN_POINT ( 'NONE',  ( 7.049999999999998934, 2.499999999999996447, 1.035533905932737975 ) ) ;
#2990 = CARTESIAN_POINT ( 'NONE',  ( 7.999991199870922998, 1.400354269461837831, -1.400354269461837831 ) ) ;
#2991 = CARTESIAN_POINT ( 'NONE',  ( 5.299979466365495995, 2.499999999999996891, 0.000000000000000000 ) ) ;
#2992 = CARTESIAN_POINT ( 'NONE',  ( 12.77498899983865321, 1.383959285717423674E-16, -1.937099999999994715 ) ) ;
#2993 = CARTESIAN_POINT ( 'NONE',  ( 10.54998826649456944, 1.980399999999995941, -0.8203085389236758340 ) ) ;
#2994 = CARTESIAN_POINT ( 'NONE',  ( 15.59998826649456838, -3.396361508417157552E-16, 1.980399999999995497 ) ) ;
#2995 = CARTESIAN_POINT ( 'NONE',  ( 1.399999999999999911, -4.750000000000000888, 0.000000000000000000 ) ) ;
#2996 = CARTESIAN_POINT ( 'NONE',  ( 4.849999999999997868, -1.035533905932737753, 2.499999999999996447 ) ) ;
#2997 = CARTESIAN_POINT ( 'NONE',  ( 16.09997946636549671, -2.499999999999996891, -3.061616997868379197E-16 ) ) ;
#2998 = CARTESIAN_POINT ( 'NONE',  ( 8.524990466526833899, -1.937099999999996269, -2.372263314628333717E-16 ) ) ;
#2999 = CARTESIAN_POINT ( 'NONE',  ( 2.533312085582232420, -3.251954450520777140, -0.8772289972137561342 ) ) ;
#3000 = CARTESIAN_POINT ( 'NONE',  ( 2.033332619216709602, 0.7996200727906780381, -2.963158999331900301 ) ) ;
#3001 = CARTESIAN_POINT ( 'NONE',  ( 6.145211017404767345E-14, 2.919096923788918385, -3.798417497483161487 ) ) ;
#3002 = CARTESIAN_POINT ( 'NONE',  ( 2.583312085582135875, -2.609435014907359296, -2.009368373908729577 ) ) ;
#3003 = CARTESIAN_POINT ( 'NONE',  ( 4.999979466365496172, -1.767766952966366434, -1.767766952966366878 ) ) ;
#3004 = CARTESIAN_POINT ( 'NONE',  ( 12.14999999999999680, -2.499999999999997335, 1.035533905932735976 ) ) ;
#3005 = CIRCLE ( 'NONE', #5550, 2.499999999999996891 ) ;
#3006 = CARTESIAN_POINT ( 'NONE',  ( 2.208321619055300111, -2.703705076017460129, -0.7298917048846889077 ) ) ;
#3007 = DIRECTION ( 'NONE',  ( 0.000000000000000000, 0.4999999999999998890, 0.8660254037844387076 ) ) ;
#3008 = CARTESIAN_POINT ( 'NONE',  ( 5.899988266494568201, 1.400354269461835166, 1.400354269461835832 ) ) ;
#3009 = CARTESIAN_POINT ( 'NONE',  ( 16.75402783267906770, -1.350219424207479868, 2.067949531775460592 ) ) ;
#3010 = CARTESIAN_POINT ( 'NONE',  ( 15.64998826649457087, -0.8203085389236766112, 1.980399999999995053 ) ) ;
#3011 = CARTESIAN_POINT ( 'NONE',  ( 3.099988266494567490, -1.400354269461835610, -1.400354269461835832 ) ) ;
#3012 = CARTESIAN_POINT ( 'NONE',  ( 3.849988266494567934, -1.980399999999995497, -0.8203085389236758340 ) ) ;
#3013 = CARTESIAN_POINT ( 'NONE',  ( 11.44999119987092229, 0.8203085389236777214, 1.980399999999998606 ) ) ;
#3014 = CARTESIAN_POINT ( 'NONE',  ( 4.449999999999997513, 1.035533905932736642, -2.499999999999996891 ) ) ;
#3015 = CARTESIAN_POINT ( 'NONE',  ( 10.34999119987092620, 0.8203085389236769442, -1.980399999999998606 ) ) ;
#3016 = CARTESIAN_POINT ( 'NONE',  ( 5.549979466365497771, -1.035533905932737753, 2.499999999999996447 ) ) ;
#3017 = CARTESIAN_POINT ( 'NONE',  ( 14.32498899983865570, -0.8023730916729203688, -1.937099999999994937 ) ) ;
#3018 = CARTESIAN_POINT ( 'NONE',  ( 10.89998826649456909, -1.400354269461836054, 1.400354269461835610 ) ) ;
#3019 = CARTESIAN_POINT ( 'NONE',  ( 13.64998826649456731, 0.8203085389236757230, -1.980399999999995497 ) ) ;
#3020 = CARTESIAN_POINT ( 'NONE',  ( 1.399999999999999689, -1.133368343930672317, 4.217301688045509422 ) ) ;
#3021 = CARTESIAN_POINT ( 'NONE',  ( 11.89999119987092335, 1.396923073758431164E-16, -1.980399999999998384 ) ) ;
#3022 = ADVANCED_FACE ( 'NONE', ( #2642 ), #1730, .F. ) ;
#3023 = CARTESIAN_POINT ( 'NONE',  ( 4.999999999999997335, -2.499999999999996891, -3.061616997868379197E-16 ) ) ;
#3024 = CARTESIAN_POINT ( 'NONE',  ( 16.19997946636549813, -1.767766952966366434, -1.767766952966366878 ) ) ;
#3025 = CARTESIAN_POINT ( 'NONE',  ( 9.574990466526832833, 0.8023730916729211460, -1.937099999999996713 ) ) ;
#3026 = CARTESIAN_POINT ( 'NONE',  ( 2.916645418915463583, 2.771807091568777803, 0.3660385880707971995 ) ) ;
#3027 = CARTESIAN_POINT ( 'NONE',  ( 2.383323819087577622, 1.507832096280596890, -1.956815012223492856 ) ) ;
#3028 = CARTESIAN_POINT ( 'NONE',  ( -2.168404344971008868E-16, -4.330000000000000071, 5.302720640308039725E-16 ) ) ;
#3029 = CARTESIAN_POINT ( 'NONE',  ( 12.14999999999999680, -2.499999999999997335, 1.035533905932735976 ) ) ;
#3030 = CARTESIAN_POINT ( 'NONE',  ( 2.983312085582130901, 2.135209901236388763, 1.644931311106857752 ) ) ;
#3031 = ORIENTED_EDGE ( 'NONE', *, *, #4750, .F. ) ;
#3032 = CARTESIAN_POINT ( 'NONE',  ( 5.299979466365495995, 2.499999999999996891, 0.000000000000000000 ) ) ;
#3033 = CARTESIAN_POINT ( 'NONE',  ( 12.19999999999999929, -2.499999999999996891, -3.061616997868379197E-16 ) ) ;
#3034 = CARTESIAN_POINT ( 'NONE',  ( 3.033320885711236148, -1.590695890588951666, -0.4307911605903810837 ) ) ;
#3035 = CARTESIAN_POINT ( 'NONE',  ( -1.858786806967387060E-16, 3.783837241848123867, -2.180030772860265476 ) ) ;
#3036 = CARTESIAN_POINT ( 'NONE',  ( 5.749988266494568734, 1.980399999999995497, -0.8203085389236755010 ) ) ;
#3037 = CARTESIAN_POINT ( 'NONE',  ( 16.72407593295810102, -0.5345324030737796939, 2.441894414813106540 ) ) ;
#3038 = CARTESIAN_POINT ( 'NONE',  ( 17.04998826649456589, 1.980399999999995053, 0.8203085389236768332 ) ) ;
#3039 = CARTESIAN_POINT ( 'NONE',  ( 12.69997946636549635, -4.395759431678528733E-16, 2.499999999999996891 ) ) ;
#3040 = CARTESIAN_POINT ( 'NONE',  ( 3.549988266494568112, 0.8203085389236761671, 1.980399999999995053 ) ) ;
#3041 = CARTESIAN_POINT ( 'NONE',  ( 9.149991199870923353, -0.8203085389236781655, 1.980399999999998606 ) ) ;
#3042 = CARTESIAN_POINT ( 'NONE',  ( 2.649999999999997691, -2.499999999999996891, -1.035533905932736864 ) ) ;
#3043 = CARTESIAN_POINT ( 'NONE',  ( 7.749991199870922998, -1.980399999999998606, -0.8203085389236771663 ) ) ;
#3044 = CARTESIAN_POINT ( 'NONE',  ( 2.386994185914386168, 0.5875601829439872636, -2.429976551209656943 ) ) ;
#3045 = CARTESIAN_POINT ( 'NONE',  ( 11.02498899983865677, -1.937099999999994937, -0.8023730916729207019 ) ) ;
#3046 = CARTESIAN_POINT ( 'NONE',  ( 8.699988266494568023, -1.400354269461835610, -1.400354269461835832 ) ) ;
#3047 = CARTESIAN_POINT ( 'NONE',  ( 11.99998826649456873, 1.398471582531132922E-16, -1.980399999999995497 ) ) ;
#3048 = CARTESIAN_POINT ( 'NONE',  ( 17.44999119987092584, -0.8203085389236768332, -1.980399999999999050 ) ) ;
#3049 = CARTESIAN_POINT ( 'NONE',  ( 3.799999999999998046, 2.499999999999996891, 0.000000000000000000 ) ) ;
#3050 = CARTESIAN_POINT ( 'NONE',  ( 11.74997946636549528, 2.499999999999996447, 1.035533905932737975 ) ) ;
#3051 = CARTESIAN_POINT ( 'NONE',  ( 2.633312085582146356, -1.604518758959355917, -2.790230107333274034 ) ) ;
#3052 = CARTESIAN_POINT ( 'NONE',  ( 1.816665952550000185, -3.364832154357988880, -0.4436601369054349320 ) ) ;
#3053 = CARTESIAN_POINT ( 'NONE',  ( -2.168404344971008868E-16, -4.750000000000000000, 5.817072295949927426E-16 ) ) ;
#3054 = CARTESIAN_POINT ( 'NONE',  ( 13.19999999999999751, 1.735217653020818198E-16, -2.499999999999996891 ) ) ;
#3055 = CARTESIAN_POINT ( 'NONE',  ( 2.866665952550002228, 0.9135877426064000772, -1.578697677566065272 ) ) ;
#3056 = EDGE_LOOP ( 'NONE', ( #5440, #2227 ) ) ;
#3057 = CARTESIAN_POINT ( 'NONE',  ( 13.35000000000000142, 2.499999999999996891, -1.035533905932736642 ) ) ;
#3058 = CARTESIAN_POINT ( 'NONE',  ( 2.741654952388708821, 0.5169990218672712023, 1.936048417472731487 ) ) ;
#3059 = CARTESIAN_POINT ( 'NONE',  ( -1.853804494772586683E-16, 3.462097634513835231, 2.661548123274857236 ) ) ;
#3060 = CARTESIAN_POINT ( 'NONE',  ( 8.449988266494568023, -0.8203085389236766112, 1.980399999999995053 ) ) ;
#3061 = CARTESIAN_POINT ( 'NONE',  ( 16.84350362263907996, -2.362055056771892758, -0.2956100187205281116 ) ) ;
#3062 = CARTESIAN_POINT ( 'NONE',  ( 15.69998826649456802, -1.400354269461835832, 1.400354269461835388 ) ) ;
#3063 = CARTESIAN_POINT ( 'NONE',  ( 14.64997946636549919, -1.035533905932736420, -2.499999999999996891 ) ) ;
#3064 = CARTESIAN_POINT ( 'NONE',  ( 3.399988266494567313, 1.980399999999995497, 0.000000000000000000 ) ) ;
#3065 = CARTESIAN_POINT ( 'NONE',  ( 8.799991199870923708, 1.400354269461838053, -1.400354269461838053 ) ) ;
#3066 = CARTESIAN_POINT ( 'NONE',  ( 4.349999999999997868, -1.035533905932736420, -2.499999999999996891 ) ) ;
#3067 = CARTESIAN_POINT ( 'NONE',  ( 10.14999119987092158, -1.980399999999998606, -0.8203085389236771663 ) ) ;
#3068 = CARTESIAN_POINT ( 'NONE',  ( 2.415540413207492687, -1.732050807568877193, -5.384932408639257615E-17 ) ) ;
#3069 = CARTESIAN_POINT ( 'NONE',  ( 10.27498899983865499, -1.369736545836457431, -1.369736545836457653 ) ) ;
#3070 = CARTESIAN_POINT ( 'NONE',  ( 8.849988266494568379, 0.8203085389236759450, -1.980399999999995941 ) ) ;
#3071 = CARTESIAN_POINT ( 'NONE',  ( 11.64998826649457264, -0.8203085389236767222, 1.980399999999995053 ) ) ;
#3072 = CARTESIAN_POINT ( 'NONE',  ( 16.09999119987092442, 1.980399999999998828, 0.000000000000000000 ) ) ;
#3073 = CARTESIAN_POINT ( 'NONE',  ( 8.599991199870922642, -1.400354269461837609, -1.400354269461837831 ) ) ;
#3074 = CARTESIAN_POINT ( 'NONE',  ( 4.049999999999998046, -1.035533905932737753, 2.499999999999996447 ) ) ;
#3075 = CARTESIAN_POINT ( 'NONE',  ( 11.89997946636549564, -4.408147865259536856E-16, 2.499999999999996891 ) ) ;
#3076 = CARTESIAN_POINT ( 'NONE',  ( 4.524990466526833899, -1.937099999999996269, -2.372263314628333717E-16 ) ) ;
#3077 = CARTESIAN_POINT ( 'NONE',  ( 16.39998826649457087, -3.383973074836150415E-16, 1.980399999999995941 ) ) ;
#3078 = CARTESIAN_POINT ( 'NONE',  ( 2.583323819087705253, 1.719702186576062442, 1.325613914672622240 ) ) ;
#3079 = CARTESIAN_POINT ( 'NONE',  ( -1.080843307138527883E-16, -4.217301688045790087, 1.133368343930691635 ) ) ;
#3080 = CARTESIAN_POINT ( 'NONE',  ( 13.35000000000000142, 2.499999999999996891, -1.035533905932736642 ) ) ;
#3081 = CARTESIAN_POINT ( 'NONE',  ( 1.933332619216656001, -1.604518759215114887, -2.790230107276003846 ) ) ;
#3082 = EDGE_LOOP ( 'NONE', ( #4303 ) ) ;
#3083 = CARTESIAN_POINT ( 'NONE',  ( 11.69999999999999929, 1.767766952966366878, -1.767766952966366878 ) ) ;
#3084 = CARTESIAN_POINT ( 'NONE',  ( 2.508321619055414509, 2.039289370091213360, -1.171699107869567547 ) ) ;
#3085 = CARTESIAN_POINT ( 'NONE',  ( 7.849988266494568379, -1.980399999999995497, -0.8203085389236758340 ) ) ;
#3086 = AXIS2_PLACEMENT_3D ( 'NONE', #1736, #4242, #2055 ) ;
#3087 = CARTESIAN_POINT ( 'NONE',  ( 17.69998826649456802, 1.400354269461835610, -1.400354269461835610 ) ) ;
#3088 = CARTESIAN_POINT ( 'NONE',  ( 5.049988266494567668, 1.980399999999995053, 0.8203085389236769442 ) ) ;
#3089 = CARTESIAN_POINT ( 'NONE',  ( 9.449991199870922287, -0.8203085389236768332, -1.980399999999999050 ) ) ;
#3090 = CARTESIAN_POINT ( 'NONE',  ( 2.379961033535813009, 2.220060269505641060, 1.158473836736192641 ) ) ;
#3091 = FACE_OUTER_BOUND ( 'NONE', #4950, .T. ) ;
#3092 = CARTESIAN_POINT ( 'NONE',  ( 9.949991199870922287, -0.8203085389236779434, 1.980399999999998162 ) ) ;
#3093 =( BOUNDED_CURVE ( )  B_SPLINE_CURVE ( 3, ( #4058, #182, #1909, #3213 ),
 .UNSPECIFIED., .F., .T. ) 
 B_SPLINE_CURVE_WITH_KNOTS ( ( 4, 4 ),
 ( 0.000000000000000000, 1.000000000000000000 ),
 .UNSPECIFIED. ) 
 CURVE ( )  GEOMETRIC_REPRESENTATION_ITEM ( )  RATIONAL_B_SPLINE_CURVE ( ( 1.000000000000000000, 0.6666666666666586361, 0.6666666666666586361, 1.000000000000000000 ) ) 
 REPRESENTATION_ITEM ( '' )  );
#3094 = CARTESIAN_POINT ( 'NONE',  ( 2.349037240599131771, 0.8878685880604153535, -2.337931473662527626 ) ) ;
#3095 = CARTESIAN_POINT ( 'NONE',  ( 11.67498899983865357, -1.369736545836457653, 1.369736545836457431 ) ) ;
#3096 = CARTESIAN_POINT ( 'NONE',  ( 7.649988266494568201, -0.8203085389236768332, 1.980399999999995497 ) ) ;
#3097 = CARTESIAN_POINT ( 'NONE',  ( 13.09998826649457015, 1.400354269461835166, 1.400354269461835832 ) ) ;
#3098 = CARTESIAN_POINT ( 'NONE',  ( 16.49999119987092300, -1.980399999999998828, -2.425290521031417211E-16 ) ) ;
#3099 = CARTESIAN_POINT ( 'NONE',  ( 10.94999119987092406, -1.980399999999998384, -0.8203085389236771663 ) ) ;
#3100 = CARTESIAN_POINT ( 'NONE',  ( 4.799999999999998934, -4.518094895316522278E-16, 2.499999999999996891 ) ) ;
#3101 = CARTESIAN_POINT ( 'NONE',  ( 11.09997946636549848, -4.420536298840544978E-16, 2.499999999999996891 ) ) ;
#3102 = CARTESIAN_POINT ( 'NONE',  ( 3.824990466526833277, -1.369736545836458541, -1.369736545836458763 ) ) ;
#3103 = CARTESIAN_POINT ( 'NONE',  ( 17.05377236291517917, -1.003340335842563436, 1.945457202806592845 ) ) ;
#3104 = CARTESIAN_POINT ( 'NONE',  ( 2.266657152420901600, -0.6835616968177453678, -2.555809340410531760 ) ) ;
#3105 = CARTESIAN_POINT ( 'NONE',  ( 3.127925842597878425, -0.4632621497857244974, -1.896325583327173492 ) ) ;
#3106 = CARTESIAN_POINT ( 'NONE',  ( 12.09999999999999964, -1.767766952966367100, 1.767766952966366434 ) ) ;
#3107 = CARTESIAN_POINT ( 'NONE',  ( 1.573333563473583885, 0.7782531776290247949, 3.664149620205123359 ) ) ;
#3108 = ORIENTED_EDGE ( 'NONE', *, *, #1662, .F. ) ;
#3109 = CARTESIAN_POINT ( 'NONE',  ( 14.67499046652683425, 0.8023730916729214790, 1.937099999999996269 ) ) ;
#3110 = CARTESIAN_POINT ( 'NONE',  ( 2.433332987331887409, -0.6444084945233310435, 2.385564908859262534 ) ) ;
#3111 = PRESENTATION_STYLE_ASSIGNMENT (( #2659 ) ) ;
#3112 = ADVANCED_FACE ( 'NONE', ( #5226 ), #3903, .F. ) ;
#3113 = CARTESIAN_POINT ( 'NONE',  ( 17.24998826649456873, -0.8203085389236766112, 1.980399999999995053 ) ) ;
#3114 = CARTESIAN_POINT ( 'NONE',  ( 14.94997946636549635, 2.499999999999996447, 1.035533905932737975 ) ) ;
#3115 = CARTESIAN_POINT ( 'NONE',  ( 6.649991199870924241, 0.8203085389236777214, 1.980399999999998606 ) ) ;
#3116 = CARTESIAN_POINT ( 'NONE',  ( 2.359887172267089550, 2.064626259681992426, -1.439000421076879199 ) ) ;
#3117 = DIRECTION ( 'NONE',  ( 0.000000000000000000, -1.000000000000000000, 0.000000000000000000 ) ) ;
#3118 = CARTESIAN_POINT ( 'NONE',  ( 6.249991199870922998, -0.8203085389236767222, -1.980399999999998606 ) ) ;
#3119 = CARTESIAN_POINT ( 'NONE',  ( 1.699999999999999734, 2.632542135964159415E-18, 0.000000000000000000 ) ) ;
#3120 = CARTESIAN_POINT ( 'NONE',  ( 10.07498899983865392, -1.369736545836457653, 1.369736545836457431 ) ) ;
#3121 = CARTESIAN_POINT ( 'NONE',  ( 7.899988266494568201, -1.400354269461835610, -1.400354269461835832 ) ) ;
#3122 = CARTESIAN_POINT ( 'NONE',  ( 8.199988266494568023, 1.980399999999995497, 0.000000000000000000 ) ) ;
#3123 = CARTESIAN_POINT ( 'NONE',  ( 16.69999119987092229, 1.471253675244478421E-16, -1.980399999999998828 ) ) ;
#3124 = CARTESIAN_POINT ( 'NONE',  ( 9.399991199870923353, -1.400354269461837609, -1.400354269461837831 ) ) ;
#3125 = CARTESIAN_POINT ( 'NONE',  ( 14.99999119987092300, -1.400354269461837609, -1.400354269461837831 ) ) ;
#3126 = CARTESIAN_POINT ( 'NONE',  ( 10.84997946636549671, 2.499999999999996891, -1.035533905932736642 ) ) ;
#3127 = CARTESIAN_POINT ( 'NONE',  ( 2.468074991390144746, -1.587713240271471538, -0.2500000000000000555 ) ) ;
#3128 = CARTESIAN_POINT ( 'NONE',  ( 5.674990466526835142, 1.937099999999996713, -0.8023730916729211460 ) ) ;
#3129 = CARTESIAN_POINT ( 'NONE',  ( 16.89998826649456731, 1.400354269461835832, -1.400354269461835832 ) ) ;
#3130 = CARTESIAN_POINT ( 'NONE',  ( 3.216657152420998145, 0.9734039093830348932, -0.7440352565105234905 ) ) ;
#3131 = CARTESIAN_POINT ( 'NONE',  ( 3.150891631253192937, -0.7143371604295395416, -1.843571524817742890 ) ) ;
#3132 = CARTESIAN_POINT ( 'NONE',  ( 13.94999999999999929, -1.035533905932736420, -2.499999999999996891 ) ) ;
#3133 = CARTESIAN_POINT ( 'NONE',  ( 2.266665952549923535, 2.355966531940286490, 1.361568483265188423 ) ) ;
#3134 = EDGE_LOOP ( 'NONE', ( #2280, #587, #2060, #4757, #4591, #797 ) ) ;
#3135 = CARTESIAN_POINT ( 'NONE',  ( 17.24757544450493185, -1.767736349190732081, 0.8731638849833638361 ) ) ;
#3136 = CARTESIAN_POINT ( 'NONE',  ( 10.59999999999999787, -2.499999999999996891, -3.061616997868379197E-16 ) ) ;
#3137 = CARTESIAN_POINT ( 'NONE',  ( 2.016654219044544227, -0.4144553172717490019, 3.141744705539953220 ) ) ;
#3138 = PLANE ( 'NONE',  #3453 ) ;
#3139 = CARTESIAN_POINT ( 'NONE',  ( 13.54998826649456767, -0.8203085389236753899, -1.980399999999995497 ) ) ;
#3140 = CARTESIAN_POINT ( 'NONE',  ( 13.59997946636549671, -1.767766952966367100, 1.767766952966366434 ) ) ;
#3141 = DIRECTION ( 'NONE',  ( 1.000000000000000000, 1.548554197625976421E-18, 0.000000000000000000 ) ) ;
#3142 = CARTESIAN_POINT ( 'NONE',  ( 7.099991199870923531, 1.322592472272384647E-16, -1.980399999999998828 ) ) ;
#3143 = CARTESIAN_POINT ( 'NONE',  ( 2.416657152420988552, 1.921840364890640140, -1.472927296859996016 ) ) ;
#3144 = CARTESIAN_POINT ( 'NONE',  ( 6.499991199870923886, 1.980399999999998384, 0.000000000000000000 ) ) ;
#3145 = CARTESIAN_POINT ( 'NONE',  ( 3.099979456420634438, 7.940085207495946077E-06, 2.500000014752633781 ) ) ;
#3146 = CARTESIAN_POINT ( 'NONE',  ( 12.27498899983865321, 1.369736545836457431, 1.369736545836457653 ) ) ;
#3147 = CARTESIAN_POINT ( 'NONE',  ( 8.649988266494567313, -1.980399999999995941, -0.8203085389236761671 ) ) ;
#3148 = CARTESIAN_POINT ( 'NONE',  ( 9.599988266494568379, 1.361306281788109294E-16, -1.980399999999995497 ) ) ;
#3149 = CARTESIAN_POINT ( 'NONE',  ( 16.19999119987092229, 1.400354269461837609, 1.400354269461838275 ) ) ;
#3150 = CARTESIAN_POINT ( 'NONE',  ( 9.049991199870921932, 0.8203085389236773883, 1.980399999999997718 ) ) ;
#3151 = CARTESIAN_POINT ( 'NONE',  ( 16.04999119987092371, 1.980399999999998606, -0.8203085389236768332 ) ) ;
#3152 = EDGE_CURVE ( 'NONE', #561, #2838, #2784, .T. ) ;
#3153 = CARTESIAN_POINT ( 'NONE',  ( 10.49997946636549706, -2.499999999999996891, -3.061616997868379197E-16 ) ) ;
#3154 = CARTESIAN_POINT ( 'NONE',  ( 2.858682685378997945, -1.991975376527354458, -0.7749052212841812670 ) ) ;
#3155 = CARTESIAN_POINT ( 'NONE',  ( 4.174990466526832478, 1.937099999999996269, 0.8023730916729223672 ) ) ;
#3156 = CARTESIAN_POINT ( 'NONE',  ( 16.74998826649457229, -0.8203085389236757230, -1.980399999999995941 ) ) ;
#3157 = CARTESIAN_POINT ( 'NONE',  ( 2.133323819087510564, -2.745878157774263695, -0.7412251499875524008 ) ) ;
#3158 = CARTESIAN_POINT ( 'NONE',  ( 3.142873170109766079, -0.5274787141813305213, -1.885991299251503550 ) ) ;
#3159 = CARTESIAN_POINT ( 'NONE',  ( 10.65000000000000036, -2.499999999999996891, -1.035533905932736642 ) ) ;
#3160 = CARTESIAN_POINT ( 'NONE',  ( 1.399999999999999689, -3.061772362537742875, -3.061772362537760195 ) ) ;
#3161 = CARTESIAN_POINT ( 'NONE',  ( 3.399987552377907285, 1.090864477582686121, -1.110738852876330083E-05 ) ) ;
#3162 = EDGE_LOOP ( 'NONE', ( #26, #5353, #4095, #289, #188, #530 ) ) ;
#3163 = CARTESIAN_POINT ( 'NONE',  ( 2.415540413207492687, 0.8660254037844389297, 1.500000000000000000 ) ) ;
#3164 = CARTESIAN_POINT ( 'NONE',  ( 2.466654219044635443, 1.249215737120134229, -2.161036309339092742 ) ) ;
#3165 = CARTESIAN_POINT ( 'NONE',  ( 3.144124964841921166, -1.330552145381523221, -1.552716339654004685 ) ) ;
#3166 = CARTESIAN_POINT ( 'NONE',  ( 12.34998826649456838, 0.8203085389236761671, 1.980399999999995053 ) ) ;
#3167 = CARTESIAN_POINT ( 'NONE',  ( 10.44997946636549813, -2.499999999999997335, 1.035533905932735976 ) ) ;
#3168 = CARTESIAN_POINT ( 'NONE',  ( 16.49999999999999645, 1.767766952966366878, -1.767766952966366878 ) ) ;
#3169 = CARTESIAN_POINT ( 'NONE',  ( 6.249991199870922998, -0.8203085389236768332, -1.980399999999999050 ) ) ;
#3170 = FACE_OUTER_BOUND ( 'NONE', #82, .T. ) ;
#3171 = CARTESIAN_POINT ( 'NONE',  ( 1.966657152420987043, -1.547868799530348172, 2.679215986742148115 ) ) ;
#3172 = CARTESIAN_POINT ( 'NONE',  ( 14.02499046652683390, -1.369736545836458985, 1.369736545836458541 ) ) ;
#3173 = CARTESIAN_POINT ( 'NONE',  ( 4.999991199870922109, 1.400354269461837387, 1.400354269461838053 ) ) ;
#3174 = CARTESIAN_POINT ( 'NONE',  ( 0.8399999999999997469, 2.392190156761774933, -4.150485344682723898 ) ) ;
#3175 = CARTESIAN_POINT ( 'NONE',  ( 5.499988266494568734, -1.400354269461835610, -1.400354269461835832 ) ) ;
#3176 = CARTESIAN_POINT ( 'NONE',  ( 10.94998826649456802, -1.980399999999995941, 0.8203085389236751679 ) ) ;
#3177 = CARTESIAN_POINT ( 'NONE',  ( 14.74999119987092300, -0.8203085389236781655, 1.980399999999998606 ) ) ;
#3178 = CARTESIAN_POINT ( 'NONE',  ( 11.59999119987092264, -1.400354269461838053, 1.400354269461837609 ) ) ;
#3179 = CARTESIAN_POINT ( 'NONE',  ( 8.549999999999998934, 2.499999999999996891, -1.035533905932736642 ) ) ;
#3180 = CARTESIAN_POINT ( 'NONE',  ( 15.04999119987092193, -0.8203085389236767222, -1.980399999999998606 ) ) ;
#3181 = CARTESIAN_POINT ( 'NONE',  ( 7.999979466365495284, -1.767766952966367100, 1.767766952966366434 ) ) ;
#3182 = CARTESIAN_POINT ( 'NONE',  ( 0.1210752607895805161, 0.2946593587156985938, 1.500000000000000222 ) ) ;
#3183 = EDGE_CURVE ( 'NONE', #2439, #1887, #3807, .T. ) ;
#3184 = CARTESIAN_POINT ( 'NONE',  ( 17.24998826649456873, -0.8203085389236768332, 1.980399999999995497 ) ) ;
#3185 = CARTESIAN_POINT ( 'NONE',  ( 2.639378061418755195, 2.327045416350157492, -0.9247856403024246053 ) ) ;
#3186 = CARTESIAN_POINT ( 'NONE',  ( 3.148844897089342343, -0.6026668480886112622, -1.871464507950532541 ) ) ;
#3187 = CARTESIAN_POINT ( 'NONE',  ( 9.499999999999998224, 1.767766952966366212, 1.767766952966367100 ) ) ;
#3188 = CARTESIAN_POINT ( 'NONE',  ( 1.399999999999999689, 0.5660739880704098725, -4.330071440916665182 ) ) ;
#3189 = CARTESIAN_POINT ( 'NONE',  ( 10.17499046652683425, -1.937099999999996713, -0.8023730916729213680 ) ) ;
#3190 = CARTESIAN_POINT ( 'NONE',  ( 3.316654219044599561, 0.9734039094848733198, -0.7440352562664621638 ) ) ;
#3191 = EDGE_LOOP ( 'NONE', ( #217, #5475, #959, #3031 ) ) ;
#3192 = CARTESIAN_POINT ( 'NONE',  ( 3.549979466365496439, 1.035533905932736642, -2.499999999999996891 ) ) ;
#3193 = CARTESIAN_POINT ( 'NONE',  ( 2.333320885711260839, -1.342837829634836888, -2.336210996840394127 ) ) ;
#3194 = CARTESIAN_POINT ( 'NONE',  ( 3.699978752248835878, 1.610464477574514941, -1.402164780948711407E-05 ) ) ;
#3195 = CARTESIAN_POINT ( 'NONE',  ( 12.14998826649457087, 1.980399999999995497, -0.8203085389236755010 ) ) ;
#3196 = CARTESIAN_POINT ( 'NONE',  ( 10.79997946636549599, 1.767766952966366878, -1.767766952966366878 ) ) ;
#3197 = CARTESIAN_POINT ( 'NONE',  ( 16.10000000000000142, -1.767766952966367100, 1.767766952966366434 ) ) ;
#3198 = CARTESIAN_POINT ( 'NONE',  ( 4.299991199870922820, -3.571348087323976231E-16, 1.980399999999998828 ) ) ;
#3199 = CARTESIAN_POINT ( 'NONE',  ( 3.749988266494569178, -1.980399999999995941, 0.8203085389236750569 ) ) ;
#3200 = CARTESIAN_POINT ( 'NONE',  ( 2.483323819087628337, 2.301619564663942796, -0.2980706737892473979 ) ) ;
#3201 = CARTESIAN_POINT ( 'NONE',  ( 5.549991199870922820, 0.8203085389236769442, -1.980399999999998606 ) ) ;
#3202 = CARTESIAN_POINT ( 'NONE',  ( 0.8399999999999998579, -0.6217735460229798505, 4.750000000000001776 ) ) ;
#3203 = CARTESIAN_POINT ( 'NONE',  ( 7.574988999838653037, -3.441092161815789655E-16, 1.937099999999994715 ) ) ;
#3204 = CARTESIAN_POINT ( 'NONE',  ( 4.249988266494566957, 1.980399999999995497, 0.8203085389236771663 ) ) ;
#3205 = CARTESIAN_POINT ( 'NONE',  ( 11.09998826649456838, -1.400354269461835388, -1.400354269461835610 ) ) ;
#3206 = CARTESIAN_POINT ( 'NONE',  ( 14.49999119987092477, 1.980399999999998828, 0.000000000000000000 ) ) ;
#3207 = CARTESIAN_POINT ( 'NONE',  ( 7.649991199870924241, -1.980399999999998828, 0.8203085389236765002 ) ) ;
#3208 = CARTESIAN_POINT ( 'NONE',  ( 14.49999119987092477, 1.980399999999998384, 0.000000000000000000 ) ) ;
#3209 = CARTESIAN_POINT ( 'NONE',  ( 7.799979466365496883, 1.767766952966366212, 1.767766952966367100 ) ) ;
#3210 = CARTESIAN_POINT ( 'NONE',  ( 2.600556586202432019, -1.771228015438637282, 1.549372445338080606 ) ) ;
#3211 = CARTESIAN_POINT ( 'NONE',  ( 16.77498899983865144, 1.445901453622463054E-16, -1.937099999999994715 ) ) ;
#3212 = CARTESIAN_POINT ( 'NONE',  ( 13.89998826649456731, 1.400354269461835388, 1.400354269461836054 ) ) ;
#3213 = CARTESIAN_POINT ( 'NONE',  ( 3.399987552377907285, 1.090864477582686121, -1.110738852876330083E-05 ) ) ;
#3214 = CARTESIAN_POINT ( 'NONE',  ( 3.056348983537427788, -0.7044071485743512717, -1.846577004463261007 ) ) ;
#3215 = CARTESIAN_POINT ( 'NONE',  ( 10.54999999999999893, -2.499999999999997335, 1.035533905932735976 ) ) ;
#3216 = CARTESIAN_POINT ( 'NONE',  ( 1.399999999999999689, 0.000000000000000000, 4.330000000000000071 ) ) ;
#3217 = CARTESIAN_POINT ( 'NONE',  ( 10.97499046652683496, -1.937099999999996713, -0.8023730916729213680 ) ) ;
#3218 = CARTESIAN_POINT ( 'NONE',  ( 2.316654219044510743, -1.655150304158206520, -2.158949480822187184 ) ) ;
#3219 = ORIENTED_EDGE ( 'NONE', *, *, #244, .T. ) ;
#3220 = CARTESIAN_POINT ( 'NONE',  ( 3.699979466365495462, 2.499999999999996891, 0.000000000000000000 ) ) ;
#3221 = CARTESIAN_POINT ( 'NONE',  ( 2.116654219044558971, -2.396058594114125029, 1.837373315846096533 ) ) ;
#3222 = CARTESIAN_POINT ( 'NONE',  ( 2.449671509094963451, 0.9508609008736274015, -2.311861284268029504 ) ) ;
#3223 = CARTESIAN_POINT ( 'NONE',  ( 14.29998826649456944, -1.400354269461835388, -1.400354269461835610 ) ) ;
#3224 = CARTESIAN_POINT ( 'NONE',  ( 9.799979466365497771, -1.767766952966366434, -1.767766952966366878 ) ) ;
#3225 = CARTESIAN_POINT ( 'NONE',  ( 3.183312085582274076, -1.462712780103295751, 1.898097343684371552 ) ) ;
#3226 = CARTESIAN_POINT ( 'NONE',  ( 5.349991199870924419, -1.980399999999999050, -0.8203085389236773883 ) ) ;
#3227 = CARTESIAN_POINT ( 'NONE',  ( 15.09999999999999964, 1.767766952966366212, 1.767766952966367100 ) ) ;
#3228 = CARTESIAN_POINT ( 'NONE',  ( 3.324989752410171473, 1.047564477583367903, -1.086453358870298673E-05 ) ) ;
#3229 = CARTESIAN_POINT ( 'NONE',  ( 4.949991199870922287, 1.980399999999998162, 0.8203085389236781655 ) ) ;
#3230 = CARTESIAN_POINT ( 'NONE',  ( 0.8399999999999995248, -4.150485344682723898, 2.392190156761772712 ) ) ;
#3231 = CARTESIAN_POINT ( 'NONE',  ( 8.174988999838653569, 1.937099999999994715, 0.000000000000000000 ) ) ;
#3232 = CARTESIAN_POINT ( 'NONE',  ( 6.249988266494566957, -1.980399999999995941, -0.8203085389236761671 ) ) ;
#3233 = CARTESIAN_POINT ( 'NONE',  ( 9.199988266494568023, -3.495468977065219574E-16, 1.980399999999995497 ) ) ;
#3234 = CARTESIAN_POINT ( 'NONE',  ( 13.24999119987092477, -1.980399999999999494, 0.8203085389236765002 ) ) ;
#3235 = CARTESIAN_POINT ( 'NONE',  ( 8.149991199870921577, 1.980399999999997718, 0.8203085389236781655 ) ) ;
#3236 = CARTESIAN_POINT ( 'NONE',  ( 8.499999999999998224, 1.767766952966366878, -1.767766952966366878 ) ) ;
#3237 = CARTESIAN_POINT ( 'NONE',  ( 14.24999119987092477, -0.8203085389236767222, -1.980399999999998606 ) ) ;
#3238 = CARTESIAN_POINT ( 'NONE',  ( 7.649979466365496528, 2.499999999999996891, -1.035533905932736642 ) ) ;
#3239 = CARTESIAN_POINT ( 'NONE',  ( 2.945654452022836267, -1.530776261166334473, -1.390965458335755134 ) ) ;
#3240 = CARTESIAN_POINT ( 'NONE',  ( 17.17498899983865357, -3.292430958843695635E-16, 1.937099999999994715 ) ) ;
#3241 = CARTESIAN_POINT ( 'NONE',  ( 15.74998826649456873, -1.980399999999996385, 0.8203085389236752789 ) ) ;
#3242 = CARTESIAN_POINT ( 'NONE',  ( 0.08164020241298008962, -1.590645829053607851, -0.2449206072316336691 ) ) ;
#3243 = CARTESIAN_POINT ( 'NONE',  ( 0.8399999999999998579, 2.919096923789308295, -3.798417497482893701 ) ) ;
#3244 = CARTESIAN_POINT ( 'NONE',  ( 9.049999999999998934, -2.499999999999996891, -1.035533905932736642 ) ) ;
#3245 = DIRECTION ( 'NONE',  ( 0.000000000000000000, 0.000000000000000000, 1.000000000000000000 ) ) ;
#3246 = CARTESIAN_POINT ( 'NONE',  ( 12.27499046652683390, 0.8023730916729214790, 1.937099999999996269 ) ) ;
#3247 = CARTESIAN_POINT ( 'NONE',  ( 3.533312085582091644, 0.4891843760657536566, -1.807977192898226226 ) ) ;
#3248 = ORIENTED_EDGE ( 'NONE', *, *, #2147, .T. ) ;
#3249 = CARTESIAN_POINT ( 'NONE',  ( 2.531925008609854810, 1.299038105676658672, 0.7499999999999997780 ) ) ;
#3250 = FACE_OUTER_BOUND ( 'NONE', #1164, .T. ) ;
#3251 = APPLICATION_PROTOCOL_DEFINITION ( 'draft international standard', 'automotive_design', 1998, #278 ) ;
#3252 = CARTESIAN_POINT ( 'NONE',  ( 3.699978752248835878, 1.610464477574515385, -1.402164780948711407E-05 ) ) ;
#3253 = CARTESIAN_POINT ( 'NONE',  ( 12.79998826649456767, 1.410860016112140552E-16, -1.980399999999995497 ) ) ;
#3254 = CARTESIAN_POINT ( 'NONE',  ( 9.549979466365499547, -1.035533905932737753, 2.499999999999996447 ) ) ;
#3255 = ADVANCED_FACE ( 'NONE', ( #1815, #3547 ), #1545, .F. ) ;
#3256 = CARTESIAN_POINT ( 'NONE',  ( 15.59999999999999964, 1.772382953763841580E-16, -2.499999999999996891 ) ) ;
#3257 = CARTESIAN_POINT ( 'NONE',  ( 3.849991199870922642, -0.8203085389236768332, -1.980399999999999050 ) ) ;
#3258 = CARTESIAN_POINT ( 'NONE',  ( 2.783323819087693884, -1.143395735257258572, 1.482589356485642718 ) ) ;
#3259 = CARTESIAN_POINT ( 'NONE',  ( -999.0000000000000000, 0.000000000000000000, 0.000000000000000000 ) ) ;
#3260 = CARTESIAN_POINT ( 'NONE',  ( 11.24998826649456696, 0.8203085389236757230, -1.980399999999995497 ) ) ;
#3261 = DIRECTION ( 'NONE',  ( 0.000000000000000000, 0.9999999999842715814, -5.608659123794919489E-06 ) ) ;
#3262 = CARTESIAN_POINT ( 'NONE',  ( 7.424988999838654458, 1.937099999999994049, 0.8023730916729217011 ) ) ;
#3263 = CARTESIAN_POINT ( 'NONE',  ( 5.099988266494567490, 1.400354269461835388, 1.400354269461836054 ) ) ;
#3264 = CARTESIAN_POINT ( 'NONE',  ( 7.999988266494568734, 1.336529414626093788E-16, -1.980399999999995497 ) ) ;
#3265 = CARTESIAN_POINT ( 'NONE',  ( 14.94999119987092406, -1.980399999999999050, -0.8203085389236773883 ) ) ;
#3266 = CARTESIAN_POINT ( 'NONE',  ( 6.849991199870924419, -1.980399999999998828, 0.8203085389236765002 ) ) ;
#3267 = CARTESIAN_POINT ( 'NONE',  ( 12.54999119987092193, -1.980399999999998606, -0.8203085389236771663 ) ) ;
#3268 = AXIS2_PLACEMENT_3D ( 'NONE', #219, #677, #2891 ) ;
#3269 = CARTESIAN_POINT ( 'NONE',  ( 9.449979466365498126, 1.035533905932736864, 2.499999999999996447 ) ) ;
#3270 = CARTESIAN_POINT ( 'NONE',  ( 15.94999119987092229, 0.8203085389236771663, -1.980399999999998384 ) ) ;
#3271 = CARTESIAN_POINT ( 'NONE',  ( 15.92498899983865357, -0.8023730916729203688, -1.937099999999994937 ) ) ;
#3272 = CARTESIAN_POINT ( 'NONE',  ( 14.89998826649456909, -1.400354269461836054, 1.400354269461835610 ) ) ;
#3273 = CARTESIAN_POINT ( 'NONE',  ( 1.873324762216179495, 0.6694496202203630286, 3.153204194303612873 ) ) ;
#3274 = FACE_OUTER_BOUND ( 'NONE', #2682, .T. ) ;
#3275 = CARTESIAN_POINT ( 'NONE',  ( 9.150000000000000355, -1.035533905932736420, -2.499999999999996891 ) ) ;
#3276 = CARTESIAN_POINT ( 'NONE',  ( 2.467803142473493860, -0.5788440667096274028, 1.499999999999999778 ) ) ;
#3277 = CARTESIAN_POINT ( 'NONE',  ( 12.42499046652683603, -1.369736545836458985, 1.369736545836458541 ) ) ;
#3278 = CARTESIAN_POINT ( 'NONE',  ( 2.866654219044609597, -0.9505626776462772209, 1.642856630120344441 ) ) ;
#3279 = EDGE_LOOP ( 'NONE', ( #2013, #4838, #230, #2308 ) ) ;
#3280 = CARTESIAN_POINT ( 'NONE',  ( 3.283312085582147155, -2.228195700821859138, 0.2884554089677163202 ) ) ;
#3281 = CARTESIAN_POINT ( 'NONE',  ( -2.168404344971008868E-16, 4.750000000000000000, -0.6217735404963292689 ) ) ;
#3282 = CARTESIAN_POINT ( 'NONE',  ( 11.14997946636549564, -1.035533905932737753, 2.499999999999996447 ) ) ;
#3283 = CARTESIAN_POINT ( 'NONE',  ( 14.14999999999999858, 2.499999999999996891, -1.035533905932736642 ) ) ;
#3284 = CARTESIAN_POINT ( 'NONE',  ( 4.249991199870923886, 0.8203085389236777214, 1.980399999999998606 ) ) ;
#3285 = CARTESIAN_POINT ( 'NONE',  ( 16.19999999999999929, -2.499999999999996891, -3.061616997868379197E-16 ) ) ;
#3286 = CARTESIAN_POINT ( 'NONE',  ( 2.941656419076811524, -1.615881732386269309, -0.2147359165058162211 ) ) ;
#3287 = CARTESIAN_POINT ( 'NONE',  ( 2.899991199870922909, -1.980399999999998384, -2.425290521031416718E-16 ) ) ;
#3288 = CARTESIAN_POINT ( 'NONE',  ( 11.14998826649456909, -0.8203085389236753899, -1.980399999999995497 ) ) ;
#3289 = CARTESIAN_POINT ( 'NONE',  ( 2.415540413207492687, 0.8660254037844390407, -1.500000000000000000 ) ) ;
#3290 = CARTESIAN_POINT ( 'NONE',  ( 3.574988999838653925, -3.503034329720828296E-16, 1.937099999999994715 ) ) ;
#3291 = CARTESIAN_POINT ( 'NONE',  ( 4.499988266494567846, -1.400354269461836054, 1.400354269461835610 ) ) ;
#3292 = CARTESIAN_POINT ( 'NONE',  ( 5.849988266494569267, 1.980399999999995053, 0.8203085389236769442 ) ) ;
#3293 = CARTESIAN_POINT ( 'NONE',  ( 14.04999119987092371, -1.980399999999999494, 0.8203085389236765002 ) ) ;
#3294 = CARTESIAN_POINT ( 'NONE',  ( 5.349991199870924419, -1.980399999999998384, -0.8203085389236771663 ) ) ;
#3295 = CARTESIAN_POINT ( 'NONE',  ( 5.399999999999998579, 2.499999999999996891, 0.000000000000000000 ) ) ;
#3296 = CARTESIAN_POINT ( 'NONE',  ( 13.94999119987092762, -0.8203085389236779434, 1.980399999999998162 ) ) ;
#3297 = CARTESIAN_POINT ( 'NONE',  ( 9.199979466365496350, 1.767766952966366878, -1.767766952966366878 ) ) ;
#3298 = CARTESIAN_POINT ( 'NONE',  ( 16.14999119987092513, 1.980399999999997718, 0.8203085389236781655 ) ) ;
#3299 = CARTESIAN_POINT ( 'NONE',  ( 15.72498899983865783, -1.937099999999995603, 0.8023730916729199247 ) ) ;
#3300 = CARTESIAN_POINT ( 'NONE',  ( 15.69998826649456802, -1.400354269461836054, 1.400354269461835610 ) ) ;
#3301 = CARTESIAN_POINT ( 'NONE',  ( 16.59998826649457015, -1.980399999999995497, -2.425290521031412773E-16 ) ) ;
#3302 = CARTESIAN_POINT ( 'NONE',  ( 1.400000000000000133, -3.798417497483042027, 2.919096923789038733 ) ) ;
#3303 = CARTESIAN_POINT ( 'NONE',  ( 7.149999999999997691, 1.035533905932736864, 2.499999999999996447 ) ) ;
#3304 = CARTESIAN_POINT ( 'NONE',  ( 2.500088745599179152, -0.2875901655062947926, 1.500000000000000222 ) ) ;
#3305 = CARTESIAN_POINT ( 'NONE',  ( 11.47499046652683496, 0.8023730916729214790, 1.937099999999996269 ) ) ;
#3306 = CARTESIAN_POINT ( 'NONE',  ( 2.733320885711299386, 1.044174217575659869, 1.818037399555157529 ) ) ;
#3307 = CARTESIAN_POINT ( 'NONE',  ( 2.833332619216734294, 0.4891843763191370265, -1.807977192706164304 ) ) ;
#3308 = CARTESIAN_POINT ( 'NONE',  ( 12.64999119987092335, -0.8203085389236768332, -1.980399999999998384 ) ) ;
#3309 = LINE ( 'NONE', #2003, #2265 ) ;
#3310 =( BOUNDED_SURFACE ( )  B_SPLINE_SURFACE ( 3, 3, ( 
 ( #2559, #4288, #4402, #514, #4740, #90, #3862, #863, #5169, #3681, #4104, #198, #1519, #5418, #1045, #5333, #115, #1406, #142, #5363, #4074, #3258, #1018, #969, #4873, #1867, #1923, #626, #4453, #570, #1950, #4427, #4539, #3200, #4902, #3994, #3143, #3596, #227, #2775, #2746, #3651, #2691, #2289, #654, #541, #991, #4509, #2344, #5391, #4929, #4960, #2263, #1840, #3171, #3571, #1895, #2373, #1488, #1432 ),
 ( #3228, #2716, #1073, #5307, #3623, #4018, #2803, #4044, #4480, #597, #2317, #167, #1460, #4677, #256, #2928, #3286, #1189, #3375, #4166, #3828, #1979, #1614, #285, #802, #2833, #370, #5483, #5539, #2065, #5108, #4198, #3773, #1584, #5017, #2008, #1160, #4252, #316, #3348, #4623, #1214, #2523, #3742, #5512, #776, #4651, #2037, #4134, #3317, #3710, #5049, #1640, #2955, #2094, #2898, #5566, #744, #2469, #1666 ),
 ( #5077, #4990, #5452, #1102, #2496, #2434, #4226, #1130, #4568, #344, #3802, #683, #2404, #1552, #2866, #4597, #712, #4760, #4279, #5215, #507, #2576, #1719, #1320, #5137, #2658, #3058, #4815, #2550, #4394, #2981, #1240, #396, #3481, #5244, #3084, #3454, #424, #4789, #452, #4704, #881, #937, #2230, #2603, #1, #3853, #3006, #5161, #1749, #2145, #909, #2630, #1266, #4732, #3963, #827, #1345, #29, #5189 ),
 ( #3880, #84, #4365, #1293, #479, #2118, #855, #3400, #5591, #1691, #2203, #3937, #56, #3426, #4306, #3034, #1776, #4333, #3508, #2173, #3908, #190, #4531, #2685, #4012, #4421, #2739, #5384, #2338, #4447, #1832, #4066, #3564, #963, #563, #5275, #4474, #3536, #3164, #533, #1374, #1916, #135, #3193, #3590, #161, #4839, #2710, #2797, #1860, #4097, #987, #3221, #620, #2767, #4501, #3137, #2256, #3987, #4892 ) ),
 .UNSPECIFIED., .F., .F., .T. ) 
 B_SPLINE_SURFACE_WITH_KNOTS ( ( 4, 4 ),
 ( 4, 2, 2, 2, 2, 2, 2, 2, 2, 2, 2, 2, 2, 2, 2, 2, 2, 2, 2, 2, 2, 2, 2, 2, 2, 2, 2, 2, 2, 4 ),
 ( 0.000000000000000000, 1.000000000000000000 ),
 ( 0.000000000000000000, 0.03125000000000000000, 0.06250000000000000000, 0.09375000000000000000, 0.1250000000000000000, 0.1562500000000000000, 0.1875000000000000000, 0.2187500000000000000, 0.2500000000000000000, 0.2812500000000000000, 0.3125000000000000000, 0.3437500000000000000, 0.3750000000000000000, 0.4062500000000000000, 0.4375000000000000000, 0.4687500000000000000, 0.5000000000000000000, 0.5312500000000000000, 0.5625000000000000000, 0.5937500000000000000, 0.6250000000000000000, 0.6562500000000000000, 0.6875000000000000000, 0.7187500000000000000, 0.7500000000000000000, 0.7812500000000000000, 0.8125000000000000000, 0.8437500000000000000, 0.8750000000000000000, 0.8999989271234623001 ),
 .UNSPECIFIED. ) 
 GEOMETRIC_REPRESENTATION_ITEM ( )  RATIONAL_B_SPLINE_SURFACE ( (
 ( 1.000000000000000000, 1.000000000000000000, 1.000000000000000000, 1.000000000000000000, 1.000000000000000000, 1.000000000000000000, 1.000000000000000000, 1.000000000000000000, 1.000000000000000000, 1.000000000000000000, 1.000000000000000000, 1.000000000000000000, 1.000000000000000000, 1.000000000000000000, 1.000000000000000000, 1.000000000000000000, 1.000000000000000000, 1.000000000000000000, 1.000000000000000000, 1.000000000000000000, 1.000000000000000000, 1.000000000000000000, 1.000000000000000000, 1.000000000000000000, 1.000000000000000000, 1.000000000000000000, 1.000000000000000000, 1.000000000000000000, 1.000000000000000000, 1.000000000000000000, 1.000000000000000000, 1.000000000000000000, 1.000000000000000000, 1.000000000000000000, 1.000000000000000000, 1.000000000000000000, 1.000000000000000000, 1.000000000000000000, 1.000000000000000000, 1.000000000000000000, 1.000000000000000000, 1.000000000000000000, 1.000000000000000000, 1.000000000000000000, 1.000000000000000000, 1.000000000000000000, 1.000000000000000000, 1.000000000000000000, 1.000000000000000000, 1.000000000000000000, 1.000000000000000000, 1.000000000000000000, 1.000000000000000000, 1.000000000000000000, 1.000000000000000000, 1.000000000000000000, 1.000000000000000000, 1.000000000000000000, 1.000000000000000000, 1.000000000000000000),
 ( 0.6666666666666586361, 0.6666666666666586361, 0.6666666666666586361, 0.6666666666666586361, 0.6666666666666586361, 0.6666666666666586361, 0.6666666666666586361, 0.6666666666666586361, 0.6666666666666586361, 0.6666666666666586361, 0.6666666666666586361, 0.6666666666666586361, 0.6666666666666586361, 0.6666666666666586361, 0.6666666666666586361, 0.6666666666666586361, 0.6666666666666586361, 0.6666666666666586361, 0.6666666666666586361, 0.6666666666666586361, 0.6666666666666586361, 0.6666666666666586361, 0.6666666666666586361, 0.6666666666666586361, 0.6666666666666586361, 0.6666666666666586361, 0.6666666666666586361, 0.6666666666666586361, 0.6666666666666586361, 0.6666666666666586361, 0.6666666666666586361, 0.6666666666666586361, 0.6666666666666586361, 0.6666666666666586361, 0.6666666666666586361, 0.6666666666666586361, 0.6666666666666586361, 0.6666666666666586361, 0.6666666666666586361, 0.6666666666666586361, 0.6666666666666586361, 0.6666666666666586361, 0.6666666666666586361, 0.6666666666666586361, 0.6666666666666586361, 0.6666666666666586361, 0.6666666666666586361, 0.6666666666666586361, 0.6666666666666586361, 0.6666666666666586361, 0.6666666666666586361, 0.6666666666666586361, 0.6666666666666586361, 0.6666666666666586361, 0.6666666666666586361, 0.6666666666666586361, 0.6666666666666586361, 0.6666666666666586361, 0.6666666666666586361, 0.6666666666666586361),
 ( 0.6666666666666586361, 0.6666666666666586361, 0.6666666666666586361, 0.6666666666666586361, 0.6666666666666586361, 0.6666666666666586361, 0.6666666666666586361, 0.6666666666666586361, 0.6666666666666586361, 0.6666666666666586361, 0.6666666666666586361, 0.6666666666666586361, 0.6666666666666586361, 0.6666666666666586361, 0.6666666666666586361, 0.6666666666666586361, 0.6666666666666586361, 0.6666666666666586361, 0.6666666666666586361, 0.6666666666666586361, 0.6666666666666586361, 0.6666666666666586361, 0.6666666666666586361, 0.6666666666666586361, 0.6666666666666586361, 0.6666666666666586361, 0.6666666666666586361, 0.6666666666666586361, 0.6666666666666586361, 0.6666666666666586361, 0.6666666666666586361, 0.6666666666666586361, 0.6666666666666586361, 0.6666666666666586361, 0.6666666666666586361, 0.6666666666666586361, 0.6666666666666586361, 0.6666666666666586361, 0.6666666666666586361, 0.6666666666666586361, 0.6666666666666586361, 0.6666666666666586361, 0.6666666666666586361, 0.6666666666666586361, 0.6666666666666586361, 0.6666666666666586361, 0.6666666666666586361, 0.6666666666666586361, 0.6666666666666586361, 0.6666666666666586361, 0.6666666666666586361, 0.6666666666666586361, 0.6666666666666586361, 0.6666666666666586361, 0.6666666666666586361, 0.6666666666666586361, 0.6666666666666586361, 0.6666666666666586361, 0.6666666666666586361, 0.6666666666666586361),
 ( 1.000000000000000000, 1.000000000000000000, 1.000000000000000000, 1.000000000000000000, 1.000000000000000000, 1.000000000000000000, 1.000000000000000000, 1.000000000000000000, 1.000000000000000000, 1.000000000000000000, 1.000000000000000000, 1.000000000000000000, 1.000000000000000000, 1.000000000000000000, 1.000000000000000000, 1.000000000000000000, 1.000000000000000000, 1.000000000000000000, 1.000000000000000000, 1.000000000000000000, 1.000000000000000000, 1.000000000000000000, 1.000000000000000000, 1.000000000000000000, 1.000000000000000000, 1.000000000000000000, 1.000000000000000000, 1.000000000000000000, 1.000000000000000000, 1.000000000000000000, 1.000000000000000000, 1.000000000000000000, 1.000000000000000000, 1.000000000000000000, 1.000000000000000000, 1.000000000000000000, 1.000000000000000000, 1.000000000000000000, 1.000000000000000000, 1.000000000000000000, 1.000000000000000000, 1.000000000000000000, 1.000000000000000000, 1.000000000000000000, 1.000000000000000000, 1.000000000000000000, 1.000000000000000000, 1.000000000000000000, 1.000000000000000000, 1.000000000000000000, 1.000000000000000000, 1.000000000000000000, 1.000000000000000000, 1.000000000000000000, 1.000000000000000000, 1.000000000000000000, 1.000000000000000000, 1.000000000000000000, 1.000000000000000000, 1.000000000000000000) ) ) 
 REPRESENTATION_ITEM ( '' )  SURFACE ( )  );
#3311 = CARTESIAN_POINT ( 'NONE',  ( 2.733320885711193693, 1.044174213560738362, 1.818037400042177953 ) ) ;
#3312 = CARTESIAN_POINT ( 'NONE',  ( -2.168404344971008868E-16, 4.750000000000000000, 0.6217735404963292689 ) ) ;
#3313 = CARTESIAN_POINT ( 'NONE',  ( 7.799979466365496883, 1.767766952966366212, 1.767766952966367100 ) ) ;
#3314 = CARTESIAN_POINT ( 'NONE',  ( 14.34999999999999609, 1.035533905932736864, 2.499999999999996447 ) ) ;
#3315 = CARTESIAN_POINT ( 'NONE',  ( 17.67499046652683603, 1.937099999999996713, -0.8023730916729211460 ) ) ;
#3316 = CARTESIAN_POINT ( 'NONE',  ( 16.60000000000000142, 2.499999999999996891, 0.000000000000000000 ) ) ;
#3317 = CARTESIAN_POINT ( 'NONE',  ( 2.108323085743475822, -2.851343194303911588, 0.3700352253280272952 ) ) ;
#3318 = CARTESIAN_POINT ( 'NONE',  ( -1.817752761163447316E-16, 1.134007751421045818, 4.216959509699786501 ) ) ;
#3319 = CARTESIAN_POINT ( 'NONE',  ( 9.599988266494568379, 1.361306281788109294E-16, -1.980399999999995497 ) ) ;
#3320 = B_SPLINE_CURVE_WITH_KNOTS ( 'NONE', 3,
 ( #5365, #1557, #1870, #3230, #1462, #4137, #572, #3714, #3202, #4994, #3683, #1106, #200, #5393, #4931, #4482, #2346, #4077, #993, #3653, #656, #1490, #3174, #4904, #3599, #4106, #4020, #599, #2375, #2319, #4046, #229, #1952, #5422 ),
 .UNSPECIFIED., .T., .F.,
 ( 4, 2, 2, 2, 2, 2, 2, 2, 2, 2, 2, 2, 2, 2, 2, 2, 4 ),
 ( 0.000000000000000000, 0.06250000000000000000, 0.1250000000000000000, 0.1875000000000000000, 0.2500000000000000000, 0.3125000000000000000, 0.3750000000000000000, 0.4375000000000000000, 0.5000000000000000000, 0.5625000000000000000, 0.6250000000000000000, 0.6875000000000000000, 0.7500000000000000000, 0.8125000000000000000, 0.8750000000000000000, 0.9375000000000000000, 1.000000000000000000 ),
 .UNSPECIFIED. ) ;
#3321 = CARTESIAN_POINT ( 'NONE',  ( 3.133323819087659334, 0.3531826576179947219, -1.301900328243719818 ) ) ;
#3322 = ORIENTED_EDGE ( 'NONE', *, *, #3568, .T. ) ;
#3323 = CARTESIAN_POINT ( 'NONE',  ( 3.674988999838653125, -1.369736545836457653, 1.369736545836457431 ) ) ;
#3324 = CARTESIAN_POINT ( 'NONE',  ( 15.79997946636549777, 1.767766952966366212, 1.767766952966367100 ) ) ;
#3325 = CARTESIAN_POINT ( 'NONE',  ( 5.299988266494567668, -1.400354269461835832, 1.400354269461835388 ) ) ;
#3326 = CARTESIAN_POINT ( 'NONE',  ( 12.64999119987092158, -0.8203085389236768332, -1.980399999999999050 ) ) ;
#3327 = CARTESIAN_POINT ( 'NONE',  ( 7.049991199870922820, -0.8203085389236768332, -1.980399999999998384 ) ) ;
#3328 = CARTESIAN_POINT ( 'NONE',  ( 6.999999999999997335, 2.499999999999996891, 0.000000000000000000 ) ) ;
#3329 = CARTESIAN_POINT ( 'NONE',  ( 11.29999119987092371, 1.980399999999998384, 0.000000000000000000 ) ) ;
#3330 = CARTESIAN_POINT ( 'NONE',  ( 6.749979466365496172, 1.035533905932736642, -2.499999999999996891 ) ) ;
#3331 = CARTESIAN_POINT ( 'NONE',  ( 14.89999119987092335, -1.980399999999998384, -2.425290521031416718E-16 ) ) ;
#3332 = CARTESIAN_POINT ( 'NONE',  ( 14.97498899983865428, -1.937099999999994715, -2.372263314628331252E-16 ) ) ;
#3333 = CARTESIAN_POINT ( 'NONE',  ( 13.59998826649456838, 1.423248449693148428E-16, -1.980399999999995941 ) ) ;
#3334 = CARTESIAN_POINT ( 'NONE',  ( 16.39998826649457087, -3.383973074836149429E-16, 1.980399999999995497 ) ) ;
#3335 = CARTESIAN_POINT ( 'NONE',  ( 1.400000000000000133, -2.919096923789161302, 3.798417497483164595 ) ) ;
#3336 = EDGE_CURVE ( 'NONE', #4559, #1009, #1696, .T. ) ;
#3337 = CARTESIAN_POINT ( 'NONE',  ( 5.649999999999998579, -1.035533905932737753, 2.499999999999996447 ) ) ;
#3338 = CARTESIAN_POINT ( 'NONE',  ( 13.94997946636549635, 1.035533905932736642, -2.499999999999996891 ) ) ;
#3339 = CARTESIAN_POINT ( 'NONE',  ( 7.524990466526833011, -3.441866416202144848E-16, 1.937099999999996269 ) ) ;
#3340 = CARTESIAN_POINT ( 'NONE',  ( 2.516654219044624163, 1.921840366476112560, -1.472927294303452816 ) ) ;
#3341 = CARTESIAN_POINT ( 'NONE',  ( 2.916665952550073104, 1.388909115822188012, -1.063355916061066608 ) ) ;
#3342 = CARTESIAN_POINT ( 'NONE',  ( 12.24999119987092300, 0.8203085389236773883, 1.980399999999997718 ) ) ;
#3343 = CARTESIAN_POINT ( 'NONE',  ( 3.183320885711269810, -0.1816215442058252971, -1.412084165250809153 ) ) ;
#3344 = CARTESIAN_POINT ( 'NONE',  ( 7.149979466365497416, -1.035533905932737753, 2.499999999999996447 ) ) ;
#3345 = CARTESIAN_POINT ( 'NONE',  ( 13.74999999999999822, -2.499999999999997335, 1.035533905932735976 ) ) ;
#3346 = CARTESIAN_POINT ( 'NONE',  ( 16.62499046652683532, -1.369736545836458541, -1.369736545836458763 ) ) ;
#3347 = CARTESIAN_POINT ( 'NONE',  ( 16.14999999999999503, -2.499999999999997335, 1.035533905932735976 ) ) ;
#3348 = CARTESIAN_POINT ( 'NONE',  ( 2.358323085743442515, 0.6522832067468777861, -2.414909510149373606 ) ) ;
#3349 = CARTESIAN_POINT ( 'NONE',  ( 13.02499046652683568, 1.369736545836458319, 1.369736545836458985 ) ) ;
#3350 = CARTESIAN_POINT ( 'NONE',  ( 0.1341613175303215388, 1.445469840534469697, -0.4963727953858159125 ) ) ;
#3351 = CARTESIAN_POINT ( 'NONE',  ( 9.049988266494569444, 1.980399999999995053, 0.8203085389236768332 ) ) ;
#3352 = CARTESIAN_POINT ( 'NONE',  ( 2.483323819087562168, 2.301619565470080619, -0.2980706769838912806 ) ) ;
#3353 = CARTESIAN_POINT ( 'NONE',  ( 5.224988999838656056, -0.8023730916729214790, 1.937099999999994049 ) ) ;
#3354 = CARTESIAN_POINT ( 'NONE',  ( 15.59997946636549671, 1.767766952966366878, -1.767766952966366878 ) ) ;
#3355 = CARTESIAN_POINT ( 'NONE',  ( 8.099988266494568379, 1.400354269461835610, -1.400354269461835610 ) ) ;
#3356 = CARTESIAN_POINT ( 'NONE',  ( 9.699991199870924063, 1.980399999999998828, 0.000000000000000000 ) ) ;
#3357 = CARTESIAN_POINT ( 'NONE',  ( 4.149991199870922465, 1.980399999999997718, 0.8203085389236781655 ) ) ;
#3358 = CARTESIAN_POINT ( 'NONE',  ( 7.749999999999998224, 2.499999999999996891, -1.035533905932736642 ) ) ;
#3359 = CARTESIAN_POINT ( 'NONE',  ( 12.74999119987092477, 0.8203085389236769442, -1.980399999999998606 ) ) ;
#3360 = CARTESIAN_POINT ( 'NONE',  ( 6.649979466365496528, -1.035533905932736420, -2.499999999999996891 ) ) ;
#3361 = CARTESIAN_POINT ( 'NONE',  ( 16.84999119987092442, 1.980399999999998384, -0.8203085389236769442 ) ) ;
#3362 = CARTESIAN_POINT ( 'NONE',  ( 15.52498899983865854, 0.8023730916729209239, 1.937099999999994493 ) ) ;
#3363 = CARTESIAN_POINT ( 'NONE',  ( 11.44998826649456625, 1.980399999999995497, 0.8203085389236771663 ) ) ;
#3364 = CARTESIAN_POINT ( 'NONE',  ( 16.04998826649456589, 0.8203085389236757230, -1.980399999999995497 ) ) ;
#3365 = CARTESIAN_POINT ( 'NONE',  ( 1.400000000000122480, 2.919096923789247455, -3.798417497482832417 ) ) ;
#3366 = CARTESIAN_POINT ( 'NONE',  ( 5.299999999999997158, 1.767766952966366878, -1.767766952966366878 ) ) ;
#3367 = CARTESIAN_POINT ( 'NONE',  ( 16.71920000000000073, -0.3856737105801105181, 2.470072021008163698 ) ) ;
#3368 = CARTESIAN_POINT ( 'NONE',  ( 7.774990466526834787, -1.937099999999996713, -0.8023730916729213680 ) ) ;
#3369 = CARTESIAN_POINT ( 'NONE',  ( 3.133312085582134365, -0.6444022240856441819, 2.385568096706172980 ) ) ;
#3370 = CARTESIAN_POINT ( 'NONE',  ( 2.566665952549916252, -2.195503069619672232, 0.5867246748908049314 ) ) ;
#3371 = CARTESIAN_POINT ( 'NONE',  ( 3.166645418915579491, -1.212241569803967467, 2.096876913598808123 ) ) ;
#3372 = CARTESIAN_POINT ( 'NONE',  ( 7.049979466365496883, 1.035533905932736864, 2.499999999999996447 ) ) ;
#3373 = CARTESIAN_POINT ( 'NONE',  ( 15.04999999999999893, 2.499999999999996447, 1.035533905932737975 ) ) ;
#3374 = CARTESIAN_POINT ( 'NONE',  ( 16.22499046652683319, 1.369736545836458319, 1.369736545836458985 ) ) ;
#3375 = CARTESIAN_POINT ( 'NONE',  ( 2.891656419076872542, -1.647254433145326491, 0.4393846438815646183 ) ) ;
#3376 = CARTESIAN_POINT ( 'NONE',  ( 3.649991199870923353, -1.980399999999999050, 0.8203085389236763891 ) ) ;
#3377 = CARTESIAN_POINT ( 'NONE',  ( 8.849988266494568379, 0.8203085389236757230, -1.980399999999995497 ) ) ;
#3378 = CARTESIAN_POINT ( 'NONE',  ( 2.583323819087705253, 1.719702186576062442, 1.325613914672622240 ) ) ;
#3379 = CARTESIAN_POINT ( 'NONE',  ( 5.374988999838653747, -1.937099999999994715, -2.372263314628331252E-16 ) ) ;
#3380 = CARTESIAN_POINT ( 'NONE',  ( 16.29997946636549599, 1.783222515172764733E-16, -2.499999999999996891 ) ) ;
#3381 = CARTESIAN_POINT ( 'NONE',  ( 6.499988266494567846, 1.400354269461835610, -1.400354269461835610 ) ) ;
#3382 = CARTESIAN_POINT ( 'NONE',  ( 10.64999119987092335, 0.8203085389236777214, 1.980399999999998606 ) ) ;
#3383 = CARTESIAN_POINT ( 'NONE',  ( 4.799988266494567668, 1.286975680302062284E-16, -1.980399999999995497 ) ) ;
#3384 = CARTESIAN_POINT ( 'NONE',  ( 3.549991199870922376, -0.8203085389236779434, 1.980399999999997718 ) ) ;
#3385 = CARTESIAN_POINT ( 'NONE',  ( 6.299999999999998046, 1.767766952966366212, 1.767766952966367100 ) ) ;
#3386 = CARTESIAN_POINT ( 'NONE',  ( 11.84999119987092620, -0.8203085389236767222, -1.980399999999998606 ) ) ;
#3387 = CARTESIAN_POINT ( 'NONE',  ( 4.449979466365495462, 2.499999999999996891, -1.035533905932736642 ) ) ;
#3388 = CARTESIAN_POINT ( 'NONE',  ( 14.94999119987092406, -1.980399999999998384, -0.8203085389236771663 ) ) ;
#3389 = CARTESIAN_POINT ( 'NONE',  ( 12.67498899983865535, -1.369736545836457431, -1.369736545836457653 ) ) ;
#3390 = CARTESIAN_POINT ( 'NONE',  ( 10.49998826649456696, 1.400354269461835832, -1.400354269461835832 ) ) ;
#3391 = CARTESIAN_POINT ( 'NONE',  ( 15.49998826649456873, 1.400354269461835166, 1.400354269461835832 ) ) ;
#3392 = CARTESIAN_POINT ( 'NONE',  ( 1.399999999999999689, 0.5667956695466789263, 4.330000000000000071 ) ) ;
#3393 = CARTESIAN_POINT ( 'NONE',  ( 7.849999999999997868, 2.499999999999996447, 1.035533905932737975 ) ) ;
#3394 = CARTESIAN_POINT ( 'NONE',  ( 15.39997946636549564, -1.767766952966366434, -1.767766952966366878 ) ) ;
#3395 = CARTESIAN_POINT ( 'NONE',  ( 8.974990466526834965, 1.937099999999996269, 0.8023730916729223672 ) ) ;
#3396 = CARTESIAN_POINT ( 'NONE',  ( 0.5599999999999996092, -0.6217735460229785183, -4.750000000000000888 ) ) ;
#3397 = CARTESIAN_POINT ( 'NONE',  ( 3.116645418915510390, -0.3272278139122165030, 2.475294560220812290 ) ) ;
#3398 = CARTESIAN_POINT ( 'NONE',  ( 9.299979466365495995, 2.499999999999996891, 0.000000000000000000 ) ) ;
#3399 = CARTESIAN_POINT ( 'NONE',  ( 15.82499046652683461, -1.369736545836458541, -1.369736545836458763 ) ) ;
#3400 = CARTESIAN_POINT ( 'NONE',  ( 3.233320885711269632, 0.3531826635992013630, -1.301900322101851026 ) ) ;
#3401 = CARTESIAN_POINT ( 'NONE',  ( 3.101196351736716039, -0.2594987212830837109, 2.480405618773745324 ) ) ;
#3402 = CARTESIAN_POINT ( 'NONE',  ( 7.199988266494568911, 1.324140981045085912E-16, -1.980399999999995497 ) ) ;
#3403 = CARTESIAN_POINT ( 'NONE',  ( 3.083323819087563589, -0.1816215514333864856, -1.412084168194992051 ) ) ;
#3404 = CARTESIAN_POINT ( 'NONE',  ( 4.424988999838654458, -0.8023730916729214790, 1.937099999999994049 ) ) ;
#3405 = CARTESIAN_POINT ( 'NONE',  ( 16.54997946636549955, 2.499999999999996447, 1.035533905932737975 ) ) ;
#3406 = CARTESIAN_POINT ( 'NONE',  ( 3.349988266494567490, 1.980399999999995497, -0.8203085389236757230 ) ) ;
#3407 = CARTESIAN_POINT ( 'NONE',  ( 11.59999119987092264, -1.400354269461838275, 1.400354269461837831 ) ) ;
#3408 = CARTESIAN_POINT ( 'NONE',  ( 4.049991199870922820, 1.980399999999998384, -0.8203085389236769442 ) ) ;
#3409 = CARTESIAN_POINT ( 'NONE',  ( 6.799999999999998934, 1.636110184372755682E-16, -2.499999999999996891 ) ) ;
#3410 = CARTESIAN_POINT ( 'NONE',  ( 10.44999119987092406, 1.980399999999998606, -0.8203085389236768332 ) ) ;
#3411 = CARTESIAN_POINT ( 'NONE',  ( 5.849979466365495817, -1.035533905932736420, -2.499999999999996891 ) ) ;
#3412 = CARTESIAN_POINT ( 'NONE',  ( 15.17498899983865535, 1.421124586460447056E-16, -1.937099999999994715 ) ) ;
#3413 = CARTESIAN_POINT ( 'NONE',  ( 10.19998826649456980, -1.980399999999995941, -2.425290521031413266E-16 ) ) ;
#3414 = CARTESIAN_POINT ( 'NONE',  ( 1.399999999999999689, 1.133368343930691413, -4.217301688045790087 ) ) ;
#3415 = CARTESIAN_POINT ( 'NONE',  ( 7.499999999999998224, -1.767766952966366434, -1.767766952966366878 ) ) ;
#3416 = CARTESIAN_POINT ( 'NONE',  ( 16.44997946636549813, 2.499999999999996891, -1.035533905932736642 ) ) ;
#3417 = CARTESIAN_POINT ( 'NONE',  ( 9.924990466526832478, -3.404701115459119987E-16, 1.937099999999996269 ) ) ;
#3418 = CARTESIAN_POINT ( 'NONE',  ( 2.816645418915552312, 2.337346650134329629, -1.792246552672718485 ) ) ;
#3419 = CARTESIAN_POINT ( 'NONE',  ( 2.816665952550036156, 0.2496062630299387408, -1.882269498543023722 ) ) ;
#3420 = CARTESIAN_POINT ( 'NONE',  ( 0.5599999999999997202, 0.6217735404957802636, 4.750000000000000888 ) ) ;
#3421 = CARTESIAN_POINT ( 'NONE',  ( 2.733312085582127793, 0.7996200724827258188, -2.963158999548817896 ) ) ;
#3422 = VERTEX_POINT ( 'NONE', #4455 ) ;
#3423 = CARTESIAN_POINT ( 'NONE',  ( 7.449979466365496350, -1.035533905932736420, -2.499999999999996891 ) ) ;
#3424 = CARTESIAN_POINT ( 'NONE',  ( 13.44999999999999929, 2.499999999999996447, 1.035533905932737975 ) ) ;
#3425 = CARTESIAN_POINT ( 'NONE',  ( 16.82499046652683461, 1.369736545836458763, -1.369736545836458763 ) ) ;
#3426 = CARTESIAN_POINT ( 'NONE',  ( 3.083320885711259063, -1.245476528746239930, -0.9611775539878002483 ) ) ;
#3427 = CARTESIAN_POINT ( 'NONE',  ( 3.103077916955038429, -0.5091988945262436728, 2.421488785522253107 ) ) ;
#3428 = CARTESIAN_POINT ( 'NONE',  ( 8.299988266494569444, 1.400354269461835166, 1.400354269461835832 ) ) ;
#3429 = EDGE_CURVE ( 'NONE', #4418, #1182, #4127, .T. ) ;
#3430 = CARTESIAN_POINT ( 'NONE',  ( 3.133320885711318837, -0.7455106024632166539, -1.299863802225187603 ) ) ;
#3431 = CARTESIAN_POINT ( 'NONE',  ( 16.44998826649456802, -0.8203085389236766112, 1.980399999999995053 ) ) ;
#3432 = CARTESIAN_POINT ( 'NONE',  ( 17.54997946636550310, -1.035533905932737753, 2.499999999999996447 ) ) ;
#3433 = CARTESIAN_POINT ( 'NONE',  ( 3.383312085582122375, -1.660984786149404480, -1.280494248882301234 ) ) ;
#3434 = CARTESIAN_POINT ( 'NONE',  ( 11.19999119987092229, 1.400354269461838053, -1.400354269461838053 ) ) ;
#3435 = CARTESIAN_POINT ( 'NONE',  ( 2.999999999999997335, 2.499999999999996891, 0.000000000000000000 ) ) ;
#3436 = CARTESIAN_POINT ( 'NONE',  ( 8.649991199870923353, -0.8203085389236767222, -1.980399999999998606 ) ) ;
#3437 = CARTESIAN_POINT ( 'NONE',  ( 6.149979466365496528, 2.499999999999996447, 1.035533905932737975 ) ) ;
#3438 = CARTESIAN_POINT ( 'NONE',  ( 15.47498899983865428, 1.369736545836457431, 1.369736545836457653 ) ) ;
#3439 = CARTESIAN_POINT ( 'NONE',  ( 9.999988266494566957, -3.483080543484212931E-16, 1.980399999999995941 ) ) ;
#3440 = CARTESIAN_POINT ( 'NONE',  ( 13.69998826649456980, 1.400354269461835610, -1.400354269461835610 ) ) ;
#3441 = CARTESIAN_POINT ( 'NONE',  ( 1.399999999999999689, -4.217301688045544061, -1.133368343930630573 ) ) ;
#3442 = CARTESIAN_POINT ( 'NONE',  ( 11.99999119987092300, 1.400354269461837831, -1.400354269461837831 ) ) ;
#3443 = CARTESIAN_POINT ( 'NONE',  ( 2.599999999999998312, -2.499999999999996891, -3.061616997868379197E-16 ) ) ;
#3444 = CARTESIAN_POINT ( 'NONE',  ( 16.24997946636549528, -1.035533905932736420, -2.499999999999996891 ) ) ;
#3445 = CARTESIAN_POINT ( 'NONE',  ( 8.724990466526833188, 1.321242863426034524E-16, -1.937099999999996269 ) ) ;
#3446 = CARTESIAN_POINT ( 'NONE',  ( 2.366645418915441557, -1.809549223045334276, 3.133235387679631945 ) ) ;
#3447 = CARTESIAN_POINT ( 'NONE',  ( 2.516657152420962884, 2.252206939192531898, 0.2980243090607275214 ) ) ;
#3448 = CARTESIAN_POINT ( 'NONE',  ( -1.845731709565515416E-13, -3.798417497483077998, 2.919096923789369580 ) ) ;
#3449 = CARTESIAN_POINT ( 'NONE',  ( 12.34999999999999964, -1.035533905932736420, -2.499999999999996891 ) ) ;
#3450 = CARTESIAN_POINT ( 'NONE',  ( 2.616665952550025764, -2.178782029092318329, -0.2884170392361931068 ) ) ;
#3451 = CARTESIAN_POINT ( 'NONE',  ( 5.949979466365495462, 1.035533905932736642, -2.499999999999996891 ) ) ;
#3452 = CARTESIAN_POINT ( 'NONE',  ( 13.09999999999999964, -1.767766952966366434, -1.767766952966366878 ) ) ;
#3453 = AXIS2_PLACEMENT_3D ( 'NONE', #1039, #534, #1399 ) ;
#3454 = CARTESIAN_POINT ( 'NONE',  ( 2.491654952388721700, 1.887214939974059646, -1.446317229569369145 ) ) ;
#3455 = DIRECTION ( 'NONE',  ( -1.000000000000000000, -1.548554197625976421E-18, -0.000000000000000000 ) ) ;
#3456 = CARTESIAN_POINT ( 'NONE',  ( 5.849988266494569267, 1.980399999999995053, 0.8203085389236768332 ) ) ;
#3457 = CARTESIAN_POINT ( 'NONE',  ( 16.88008791465810532, -1.974104019668880161, -1.263685240848419822 ) ) ;
#3458 = CARTESIAN_POINT ( 'NONE',  ( 16.84998826649457015, 0.8203085389236757230, -1.980399999999995497 ) ) ;
#3459 = CARTESIAN_POINT ( 'NONE',  ( 12.74997946636549706, -1.035533905932737753, 2.499999999999996447 ) ) ;
#3460 = CARTESIAN_POINT ( 'NONE',  ( 4.399988266494568201, -3.569799578551266338E-16, 1.980399999999995497 ) ) ;
#3461 = CARTESIAN_POINT ( 'NONE',  ( 9.249991199870922998, -1.980399999999999494, 0.8203085389236765002 ) ) ;
#3462 = CARTESIAN_POINT ( 'NONE',  ( 4.299999999999998046, -1.767766952966366434, -1.767766952966366878 ) ) ;
#3463 = CARTESIAN_POINT ( 'NONE',  ( 8.049991199870921932, 1.980399999999998606, -0.8203085389236768332 ) ) ;
#3464 = ADVANCED_FACE ( 'NONE', ( #5457 ), #1523, .T. ) ;
#3465 = CARTESIAN_POINT ( 'NONE',  ( 2.399181655859886408, 0.6171379346662562160, -2.422643999239103341 ) ) ;
#3466 = CARTESIAN_POINT ( 'NONE',  ( 10.22498899983865606, -1.937099999999994937, -0.8023730916729207019 ) ) ;
#3467 = CARTESIAN_POINT ( 'NONE',  ( 12.29998826649456767, 1.400354269461835388, 1.400354269461836054 ) ) ;
#3468 = CARTESIAN_POINT ( 'NONE',  ( 12.14998826649456909, 1.980399999999995497, -0.8203085389236757230 ) ) ;
#3469 = CARTESIAN_POINT ( 'NONE',  ( 11.94999119987092229, 0.8203085389236771663, -1.980399999999998384 ) ) ;
#3470 = CARTESIAN_POINT ( 'NONE',  ( 4.699999999999997513, 1.767766952966366212, 1.767766952966367100 ) ) ;
#3471 = CARTESIAN_POINT ( 'NONE',  ( 11.94997946636549813, -1.035533905932737753, 2.499999999999996447 ) ) ;
#3472 = CARTESIAN_POINT ( 'NONE',  ( 5.124990466526833544, -3.479031716945167737E-16, 1.937099999999996269 ) ) ;
#3473 = CARTESIAN_POINT ( 'NONE',  ( 0.5599999999999997202, 4.150485344682727451, 2.392190156761771824 ) ) ;
#3474 = CARTESIAN_POINT ( 'NONE',  ( 2.333323819087634643, 0.6636166514548701434, -2.457082592138086330 ) ) ;
#3475 = CARTESIAN_POINT ( 'NONE',  ( -3.252606517456513302E-16, 2.392190151655876118, -4.150485346797522013 ) ) ;
#3476 = CARTESIAN_POINT ( 'NONE',  ( 13.99999999999999822, 1.747606086601826321E-16, -2.499999999999996891 ) ) ;
#3477 = CARTESIAN_POINT ( 'NONE',  ( 3.033312085582114737, 1.305855908911879748, 2.272056069864213157 ) ) ;
#3478 = EDGE_LOOP ( 'NONE', ( #2575, #1451, #1524, #3588 ) ) ;
#3479 = CARTESIAN_POINT ( 'NONE',  ( 4.949979466365496350, -2.499999999999996891, -1.035533905932736642 ) ) ;
#3480 = CARTESIAN_POINT ( 'NONE',  ( 11.85000000000000320, 2.499999999999996447, 1.035533905932737975 ) ) ;
#3481 = CARTESIAN_POINT ( 'NONE',  ( 2.558321619055360596, 2.258319596454228861, -0.2924024743698455109 ) ) ;
#3482 = CARTESIAN_POINT ( 'NONE',  ( 3.118007224281043932, -1.963850591875692553, 1.219820339088686145 ) ) ;
#3483 = CARTESIAN_POINT ( 'NONE',  ( 8.399988266494569089, -3.507857410646227697E-16, 1.980399999999995497 ) ) ;
#3484 = CARTESIAN_POINT ( 'NONE',  ( 17.03482033315181710, 1.747361355237160296, -1.319404260103737903 ) ) ;
#3485 = CARTESIAN_POINT ( 'NONE',  ( 17.64998826649457087, 0.8203085389236757230, -1.980399999999995497 ) ) ;
#3486 = CARTESIAN_POINT ( 'NONE',  ( 12.99997946636549706, -1.767766952966366434, -1.767766952966366878 ) ) ;
#3487 = CARTESIAN_POINT ( 'NONE',  ( 3.649988266494568645, -0.8203085389236767222, 1.980399999999995053 ) ) ;
#3488 = CARTESIAN_POINT ( 'NONE',  ( 9.499991199870922998, 1.359757773015408029E-16, -1.980399999999998828 ) ) ;
#3489 = CARTESIAN_POINT ( 'NONE',  ( 9.449991199870922287, -0.8203085389236767222, -1.980399999999998606 ) ) ;
#3490 = CARTESIAN_POINT ( 'NONE',  ( 3.499979466365497061, 1.585007577876639702E-16, -2.499999999999996891 ) ) ;
#3491 = CARTESIAN_POINT ( 'NONE',  ( 11.47498899983865428, 1.369736545836457431, 1.369736545836457653 ) ) ;
#3492 = CARTESIAN_POINT ( 'NONE',  ( 9.049988266494569444, 1.980399999999995497, 0.8203085389236771663 ) ) ;
#3493 = CARTESIAN_POINT ( 'NONE',  ( 13.74998826649456873, 1.980399999999995497, -0.8203085389236757230 ) ) ;
#3494 = FACE_OUTER_BOUND ( 'NONE', #3478, .T. ) ;
#3495 = CARTESIAN_POINT ( 'NONE',  ( 8.649991199870923353, -0.8203085389236768332, -1.980399999999998384 ) ) ;
#3496 = CARTESIAN_POINT ( 'NONE',  ( 3.999999999999998224, -4.530483328897530401E-16, 2.499999999999996891 ) ) ;
#3497 = CARTESIAN_POINT ( 'NONE',  ( 12.24997946636549528, -1.035533905932736420, -2.499999999999996891 ) ) ;
#3498 = CARTESIAN_POINT ( 'NONE',  ( 6.524990466526834787, 1.937099999999996269, 0.000000000000000000 ) ) ;
#3499 = ADVANCED_FACE ( 'NONE', ( #144 ), #1897, .T. ) ;
#3500 = CARTESIAN_POINT ( 'NONE',  ( 17.54998826649456944, -0.8203085389236757230, -1.980399999999995941 ) ) ;
#3501 = CARTESIAN_POINT ( 'NONE',  ( 3.133323819087659334, 0.3531826576179947219, -1.301900328243719818 ) ) ;
#3502 = CARTESIAN_POINT ( 'NONE',  ( -2.171763210317987884E-16, 4.217301688045949071, -1.133368343930245770 ) ) ;
#3503 = CARTESIAN_POINT ( 'NONE',  ( 13.39999999999999858, 2.499999999999996891, 0.000000000000000000 ) ) ;
#3504 = EDGE_LOOP ( 'NONE', ( #3748 ) ) ;
#3505 = CARTESIAN_POINT ( 'NONE',  ( 4.499979466365496172, 2.499999999999996891, 0.000000000000000000 ) ) ;
#3506 = CARTESIAN_POINT ( 'NONE',  ( 11.99999999999999822, -4.406598993087451640E-16, 2.499999999999996891 ) ) ;
#3507 = CARTESIAN_POINT ( 'NONE',  ( 14.77499046652683745, -0.8023730916729222562, 1.937099999999996269 ) ) ;
#3508 = CARTESIAN_POINT ( 'NONE',  ( 2.966654219044608354, -1.689427386361634031, 0.4507185640882168109 ) ) ;
#3509 = CARTESIAN_POINT ( 'NONE',  ( -1.808957999031350870E-16, 0.5660739880707227334, -4.329928559083336737 ) ) ;
#3510 = CARTESIAN_POINT ( 'NONE',  ( 7.549988266494568556, 0.8203085389236761671, 1.980399999999995053 ) ) ;
#3511 = CARTESIAN_POINT ( 'NONE',  ( 16.72908110857948571, -0.6809715897639861959, 2.399895941289677648 ) ) ;
#3512 = CARTESIAN_POINT ( 'NONE',  ( 15.59998826649456838, -3.396361508417157552E-16, 1.980399999999995497 ) ) ;
#3513 = CARTESIAN_POINT ( 'NONE',  ( 13.54997946636549599, -1.035533905932737753, 2.499999999999996447 ) ) ;
#3514 = CARTESIAN_POINT ( 'NONE',  ( 4.499988266494567846, -1.400354269461835832, 1.400354269461835388 ) ) ;
#3515 = CARTESIAN_POINT ( 'NONE',  ( 9.299991199870921932, -1.980399999999998828, -2.425290521031417211E-16 ) ) ;
#3516 = CARTESIAN_POINT ( 'NONE',  ( 2.370528637895632063, 2.515073871128637339, -0.08738890763304997533 ) ) ;
#3517 = CARTESIAN_POINT ( 'NONE',  ( 3.199999999999997957, -4.542871762478538524E-16, 2.499999999999996891 ) ) ;
#3518 = CARTESIAN_POINT ( 'NONE',  ( 8.449991199870922287, -1.980399999999999050, 0.8203085389236763891 ) ) ;
#3519 = CARTESIAN_POINT ( 'NONE',  ( -999.0000000000000000, 0.000000000000000000, 0.000000000000000000 ) ) ;
#3520 = CARTESIAN_POINT ( 'NONE',  ( 9.674988999838655346, 1.369736545836457653, -1.369736545836457653 ) ) ;
#3521 = CARTESIAN_POINT ( 'NONE',  ( 8.549988266494569444, -1.980399999999996385, 0.8203085389236752789 ) ) ;
#3522 = CARTESIAN_POINT ( 'NONE',  ( 11.39998826649456909, 1.980399999999995497, 0.000000000000000000 ) ) ;
#3523 = CARTESIAN_POINT ( 'NONE',  ( 9.699991199870924063, 1.980399999999998384, 0.000000000000000000 ) ) ;
#3524 = CARTESIAN_POINT ( 'NONE',  ( 3.499999999999997780, -1.767766952966366434, -1.767766952966366878 ) ) ;
#3525 = CARTESIAN_POINT ( 'NONE',  ( 12.04997946636549777, -2.499999999999997335, 1.035533905932735976 ) ) ;
#3526 = CARTESIAN_POINT ( 'NONE',  ( 4.674990466526833366, -0.8023730916729210350, -1.937099999999996713 ) ) ;
#3527 = CARTESIAN_POINT ( 'NONE',  ( 17.44998826649457513, -1.980399999999995941, -0.8203085389236761671 ) ) ;
#3528 = CARTESIAN_POINT ( 'NONE',  ( 2.366657152420889698, 1.249215739409796466, -2.161036307758587682 ) ) ;
#3529 = CARTESIAN_POINT ( 'NONE',  ( -2.162197971077945326E-16, -3.462557424021436514, 2.660987301054188681 ) ) ;
#3530 = CARTESIAN_POINT ( 'NONE',  ( 12.59999999999999787, 2.499999999999996891, 0.000000000000000000 ) ) ;
#3531 = EDGE_CURVE ( 'NONE', #3961, #1774, #480, .T. ) ;
#3532 = CARTESIAN_POINT ( 'NONE',  ( 2.166665952550053564, 2.773091268151703037, -0.7419525799445862990 ) ) ;
#3533 = ORIENTED_EDGE ( 'NONE', *, *, #244, .F. ) ;
#3534 = CARTESIAN_POINT ( 'NONE',  ( 4.799979466365495995, -1.767766952966367100, 1.767766952966366434 ) ) ;
#3535 = CARTESIAN_POINT ( 'NONE',  ( 9.849999999999999645, -2.499999999999996891, -1.035533905932736864 ) ) ;
#3536 = CARTESIAN_POINT ( 'NONE',  ( 2.483320885711180814, 1.507832097834863161, -1.956815009724585996 ) ) ;
#3537 = CARTESIAN_POINT ( 'NONE',  ( 3.145139183182026787, -1.221640499590410434, -1.624597413400163504 ) ) ;
#3538 = AXIS2_PLACEMENT_3D ( 'NONE', #8, #2237, #3117 ) ;
#3539 = CARTESIAN_POINT ( 'NONE',  ( 15.94998826649456625, -0.8203085389236753899, -1.980399999999995497 ) ) ;
#3540 = CARTESIAN_POINT ( 'NONE',  ( 13.29997946636549599, 2.499999999999996891, 0.000000000000000000 ) ) ;
#3541 = FACE_BOUND ( 'NONE', #3162, .T. ) ;
#3542 = CARTESIAN_POINT ( 'NONE',  ( 7.399991199870923353, 1.400354269461837609, 1.400354269461838275 ) ) ;
#3543 = CARTESIAN_POINT ( 'NONE',  ( 2.353613218581334543, 1.457985106533004060, -2.051307384867847361 ) ) ;
#3544 = CARTESIAN_POINT ( 'NONE',  ( 4.399999999999997691, 1.598944883629732301E-16, -2.499999999999996891 ) ) ;
#3545 = CARTESIAN_POINT ( 'NONE',  ( 14.32499046652683461, 1.407961898493089163E-16, -1.937099999999996269 ) ) ;
#3546 = CARTESIAN_POINT ( 'NONE',  ( 6.549991199870923708, 1.980399999999998162, 0.8203085389236781655 ) ) ;
#3547 = FACE_OUTER_BOUND ( 'NONE', #1371, .T. ) ;
#3548 = CARTESIAN_POINT ( 'NONE',  ( 11.27498899983865499, 1.369736545836457653, -1.369736545836457653 ) ) ;
#3549 = CARTESIAN_POINT ( 'NONE',  ( 7.849988266494568379, -1.980399999999995941, -0.8203085389236761671 ) ) ;
#3550 = CARTESIAN_POINT ( 'NONE',  ( 14.14998826649456909, -1.980399999999995941, 0.8203085389236751679 ) ) ;
#3551 = CARTESIAN_POINT ( 'NONE',  ( 17.39999119987092158, -1.400354269461837831, -1.400354269461838053 ) ) ;
#3552 = CARTESIAN_POINT ( 'NONE',  ( 11.44999119987092229, 0.8203085389236773883, 1.980399999999997718 ) ) ;
#3553 = CARTESIAN_POINT ( 'NONE',  ( 14.34999119987092442, 0.8203085389236769442, -1.980399999999998606 ) ) ;
#3554 = CARTESIAN_POINT ( 'NONE',  ( 12.09997946636549671, -2.499999999999996891, -3.061616997868379197E-16 ) ) ;
#3555 = CARTESIAN_POINT ( 'NONE',  ( 4.724990466526832300, 1.259300695520995390E-16, -1.937099999999996269 ) ) ;
#3556 = CARTESIAN_POINT ( 'NONE',  ( 17.21366286549064739, -1.705911800906616094, 1.066849518694778176 ) ) ;
#3557 = CARTESIAN_POINT ( 'NONE',  ( 1.966665952549976559, -0.8195665334025115101, -3.061885367283440296 ) ) ;
#3558 = CARTESIAN_POINT ( 'NONE',  ( 3.127326598862693263, -0.4623102335312002098, -1.896462566556323504 ) ) ;
#3559 = CARTESIAN_POINT ( 'NONE',  ( 13.09999999999999964, -1.767766952966366434, -1.767766952966366878 ) ) ;
#3560 = CARTESIAN_POINT ( 'NONE',  ( 1.399999999999999689, 4.330000000000000071, 5.421010862427522170E-16 ) ) ;
#3561 = ORIENTED_EDGE ( 'NONE', *, *, #2734, .F. ) ;
#3562 = CARTESIAN_POINT ( 'NONE',  ( 5.549979466365497771, -1.035533905932737753, 2.499999999999996447 ) ) ;
#3563 = CARTESIAN_POINT ( 'NONE',  ( 9.350000000000001421, 2.499999999999996891, -1.035533905932736642 ) ) ;
#3564 = CARTESIAN_POINT ( 'NONE',  ( 2.616654219044541652, 2.252206939998666613, 0.2980243058660831945 ) ) ;
#3565 = CARTESIAN_POINT ( 'NONE',  ( 3.135500884815315636, -1.993382974523250084, -0.7721445666899080518 ) ) ;
#3566 = CARTESIAN_POINT ( 'NONE',  ( 13.74998826649456873, 1.980399999999995497, -0.8203085389236755010 ) ) ;
#3567 = CARTESIAN_POINT ( 'NONE',  ( 14.29997946636549777, -4.370982564516513967E-16, 2.499999999999996891 ) ) ;
#3568 = EDGE_CURVE ( 'NONE', #3591, #3591, #3320, .T. ) ;
#3569 = CARTESIAN_POINT ( 'NONE',  ( 7.299991199870921932, 1.980399999999998828, 0.000000000000000000 ) ) ;
#3570 = CARTESIAN_POINT ( 'NONE',  ( 3.149988266494567757, -0.8203085389236753899, -1.980399999999995497 ) ) ;
#3571 = CARTESIAN_POINT ( 'NONE',  ( 1.933323819087537698, -0.8188336501090330843, 3.034673722209699331 ) ) ;
#3572 = CARTESIAN_POINT ( 'NONE',  ( 14.47499046652683674, 1.937099999999996713, -0.8023730916729211460 ) ) ;
#3573 = CARTESIAN_POINT ( 'NONE',  ( 5.649991199870922465, 1.980399999999998606, -0.8203085389236768332 ) ) ;
#3574 = CARTESIAN_POINT ( 'NONE',  ( 2.405499500490900111, 0.6402264294068348294, -2.416684263384293541 ) ) ;
#3575 = CARTESIAN_POINT ( 'NONE',  ( 11.07498899983865392, -1.369736545836457431, -1.369736545836457653 ) ) ;
#3576 = CARTESIAN_POINT ( 'NONE',  ( 7.399988266494567313, 1.980399999999995941, 0.000000000000000000 ) ) ;
#3577 = CARTESIAN_POINT ( 'NONE',  ( 10.44998826649456802, 0.8203085389236757230, -1.980399999999995497 ) ) ;
#3578 = CARTESIAN_POINT ( 'NONE',  ( 11.29999119987092371, 1.980399999999998384, 0.000000000000000000 ) ) ;
#3579 = CARTESIAN_POINT ( 'NONE',  ( 15.99999119987092300, 1.400354269461837831, -1.400354269461837831 ) ) ;
#3580 = CARTESIAN_POINT ( 'NONE',  ( 10.54997946636549777, -2.499999999999996891, -1.035533905932736864 ) ) ;
#3581 = LINE ( 'NONE', #3723, #2088 ) ;
#3582 = CARTESIAN_POINT ( 'NONE',  ( 5.074990466526834609, 0.8023730916729214790, 1.937099999999996269 ) ) ;
#3583 = CARTESIAN_POINT ( 'NONE',  ( 17.34998826649457015, -1.980399999999996385, 0.8203085389236752789 ) ) ;
#3584 = CARTESIAN_POINT ( 'NONE',  ( 2.747573253270119142, 2.508617679547048063, 0.2001572496863271433 ) ) ;
#3585 = CARTESIAN_POINT ( 'NONE',  ( -2.176513363245868012E-16, 2.180670180351557352, -3.783495063501743250 ) ) ;
#3586 = CARTESIAN_POINT ( 'NONE',  ( 9.750000000000000000, -2.499999999999997335, 1.035533905932735976 ) ) ;
#3587 = CARTESIAN_POINT ( 'NONE',  ( 2.066665952550045926, 1.510895396630747012, -2.615056150379572397 ) ) ;
#3588 = ORIENTED_EDGE ( 'NONE', *, *, #4336, .T. ) ;
#3589 = CARTESIAN_POINT ( 'NONE',  ( 17.25673855455863404, -1.756439102331480706, 0.8753457307440694057 ) ) ;
#3590 = CARTESIAN_POINT ( 'NONE',  ( 2.316654219044591567, -1.655150306252470171, -2.158949479535252625 ) ) ;
#3591 = VERTEX_POINT ( 'NONE', #1833 ) ;
#3592 = CARTESIAN_POINT ( 'NONE',  ( 13.89998826649456731, 1.400354269461835166, 1.400354269461835832 ) ) ;
#3593 = CARTESIAN_POINT ( 'NONE',  ( 11.89997946636549564, -4.408147865259536856E-16, 2.499999999999996891 ) ) ;
#3594 = CARTESIAN_POINT ( 'NONE',  ( 4.549991199870925485, -1.980399999999999050, -0.8203085389236773883 ) ) ;
#3595 = CARTESIAN_POINT ( 'NONE',  ( 4.499988266494567846, -1.400354269461835832, 1.400354269461835388 ) ) ;
#3596 = CARTESIAN_POINT ( 'NONE',  ( 2.383323819087535878, 1.507832097834830964, -1.956815009724622412 ) ) ;
#3597 = B_SPLINE_CURVE_WITH_KNOTS ( 'NONE', 1,
 ( #1609, #4646 ),
 .UNSPECIFIED., .F., .F.,
 ( 2, 2 ),
 ( 0.000000000000000000, 1.000000000000000000 ),
 .UNSPECIFIED. ) ;
#3598 = CARTESIAN_POINT ( 'NONE',  ( 5.249991199870922998, -1.980399999999999050, 0.8203085389236763891 ) ) ;
#3599 = CARTESIAN_POINT ( 'NONE',  ( 0.8399999999999997469, 0.6217735460229806277, -4.750000000000000000 ) ) ;
#3600 = CARTESIAN_POINT ( 'NONE',  ( 3.699988266494567135, -1.400354269461836054, 1.400354269461835610 ) ) ;
#3601 = CARTESIAN_POINT ( 'NONE',  ( 9.399988266494567313, -1.980399999999995497, -2.425290521031412773E-16 ) ) ;
#3602 = CARTESIAN_POINT ( 'NONE',  ( 15.54999119987092371, -0.8203085389236781655, 1.980399999999998606 ) ) ;
#3603 = CARTESIAN_POINT ( 'NONE',  ( 8.699991199870922287, 1.347369339434400153E-16, -1.980399999999998384 ) ) ;
#3604 = CARTESIAN_POINT ( 'NONE',  ( 17.24999119987092300, -1.980399999999999050, 0.8203085389236763891 ) ) ;
#3605 = CARTESIAN_POINT ( 'NONE',  ( 8.349979466365496705, 1.035533905932736642, -2.499999999999996891 ) ) ;
#3606 = CARTESIAN_POINT ( 'NONE',  ( 2.761008990432793020, -2.224511115406874850, 0.09195972606548168116 ) ) ;
#3607 = CARTESIAN_POINT ( 'NONE',  ( 2.824990466526834165, -1.369736545836458985, 1.369736545836458541 ) ) ;
#3608 = CARTESIAN_POINT ( 'NONE',  ( 16.94998826649457513, 1.980399999999995941, -0.8203085389236758340 ) ) ;
#3609 = CARTESIAN_POINT ( 'NONE',  ( 17.40099999999999980, -1.732050807568877193, -3.548795239967278438E-17 ) ) ;
#3610 = CARTESIAN_POINT ( 'NONE',  ( -2.174610718864072164E-16, -2.660987301054070553, 3.462557424021309060 ) ) ;
#3611 = CARTESIAN_POINT ( 'NONE',  ( 10.49999999999999822, -1.767766952966367100, 1.767766952966366434 ) ) ;
#3612 = CARTESIAN_POINT ( 'NONE',  ( 1.966665952550019636, -0.8195665330860253395, -3.061885367355376975 ) ) ;
#3613 = CARTESIAN_POINT ( 'NONE',  ( 17.02403783274612437, 1.558345426151578561, -1.553345181133800157 ) ) ;
#3614 = ORIENTED_EDGE ( 'NONE', *, *, #319, .T. ) ;
#3615 = CARTESIAN_POINT ( 'NONE',  ( 17.23880000000000834, -0.5984071800756302073, 1.887827589276603657 ) ) ;
#3616 = CARTESIAN_POINT ( 'NONE',  ( 2.666665952549970520, -1.837787295428751300, -1.062914656245661726 ) ) ;
#3617 = CARTESIAN_POINT ( 'NONE',  ( 3.134129737968880836, -2.046426285319266736, -0.6552856323579897557 ) ) ;
#3618 = CARTESIAN_POINT ( 'NONE',  ( 12.69998826649456802, -1.400354269461835388, -1.400354269461835610 ) ) ;
#3619 = CARTESIAN_POINT ( 'NONE',  ( 12.24997946636549528, -1.035533905932736420, -2.499999999999996891 ) ) ;
#3620 = CARTESIAN_POINT ( 'NONE',  ( 5.299991199870921932, -1.980399999999998828, -2.425290521031417211E-16 ) ) ;
#3621 = CARTESIAN_POINT ( 'NONE',  ( 4.049988266494568556, 0.8203085389236757230, -1.980399999999995497 ) ) ;
#3622 = STYLED_ITEM ( 'NONE', ( #4982 ), #1317 ) ;
#3623 = CARTESIAN_POINT ( 'NONE',  ( 3.241656419076849538, 0.9387784814699824398, -0.7174251977798986601 ) ) ;
#3624 = CARTESIAN_POINT ( 'NONE',  ( 4.749991199870922109, 0.8203085389236769442, -1.980399999999998606 ) ) ;
#3625 = CONICAL_SURFACE ( 'NONE', #5090, 1732.050807568901064, 1.047197551196603627 ) ;
#3626 = CARTESIAN_POINT ( 'NONE',  ( 3.349989019066083262, 1.061997810916473828, -1.094548523538975922E-05 ) ) ;
#3627 = CARTESIAN_POINT ( 'NONE',  ( 7.674988999838653569, -1.369736545836457653, 1.369736545836457431 ) ) ;
#3628 = CARTESIAN_POINT ( 'NONE',  ( 5.449988266494568911, -1.980399999999995941, -0.8203085389236761671 ) ) ;
#3629 = CARTESIAN_POINT ( 'NONE',  ( 9.149988266494569089, 0.8203085389236761671, 1.980399999999995053 ) ) ;
#3630 = CARTESIAN_POINT ( 'NONE',  ( 14.59999119987092264, 1.400354269461837609, 1.400354269461838275 ) ) ;
#3631 = CARTESIAN_POINT ( 'NONE',  ( 5.699991199870923175, 1.980399999999998384, 0.000000000000000000 ) ) ;
#3632 = CARTESIAN_POINT ( 'NONE',  ( 16.89999119987092513, 1.980399999999998384, 0.000000000000000000 ) ) ;
#3633 = CARTESIAN_POINT ( 'NONE',  ( 9.549979466365497771, -1.035533905932737753, 2.499999999999996447 ) ) ;
#3634 = CARTESIAN_POINT ( 'NONE',  ( 3.019618791142702374, -0.9941638310886781182, -1.745441174735256951 ) ) ;
#3635 = CARTESIAN_POINT ( 'NONE',  ( 17.22498899983865783, -0.8023730916729214790, 1.937099999999994049 ) ) ;
#3636 = CARTESIAN_POINT ( 'NONE',  ( 16.04998826649456589, 0.8203085389236759450, -1.980399999999995941 ) ) ;
#3637 = CARTESIAN_POINT ( 'NONE',  ( 2.166657152421014310, -2.420126146649998145, -1.398542270264471643 ) ) ;
#3638 = CARTESIAN_POINT ( 'NONE',  ( 0.8399999999999998579, 0.6217735404957795975, 4.750000000000000888 ) ) ;
#3639 = CARTESIAN_POINT ( 'NONE',  ( 10.25000000000000000, 2.499999999999996447, 1.035533905932737975 ) ) ;
#3640 = FACE_OUTER_BOUND ( 'NONE', #4812, .T. ) ;
#3641 = CARTESIAN_POINT ( 'NONE',  ( 11.77499046652683390, -1.937099999999996713, -0.8023730916729213680 ) ) ;
#3642 = CARTESIAN_POINT ( 'NONE',  ( 2.883320885711345927, -1.143395732931135500, 1.482589360840896431 ) ) ;
#3643 = ORIENTED_EDGE ( 'NONE', *, *, #2734, .T. ) ;
#3644 = CARTESIAN_POINT ( 'NONE',  ( 3.749979466365496616, 2.499999999999996447, 1.035533905932737975 ) ) ;
#3645 = CARTESIAN_POINT ( 'NONE',  ( 2.866665952550002228, 0.9135877426064000772, -1.578697677566065272 ) ) ;
#3646 = CARTESIAN_POINT ( 'NONE',  ( 2.883320885711338821, -1.143395735257282553, 1.482589356485640497 ) ) ;
#3647 = CARTESIAN_POINT ( 'NONE',  ( 13.34998826649456838, -1.980399999999995941, 0.8203085389236750569 ) ) ;
#3648 = CARTESIAN_POINT ( 'NONE',  ( 11.09997946636549848, -4.420536298840544978E-16, 2.499999999999996891 ) ) ;
#3649 = CARTESIAN_POINT ( 'NONE',  ( 5.049991199870924596, 0.8203085389236777214, 1.980399999999998606 ) ) ;
#3650 = CARTESIAN_POINT ( 'NONE',  ( 16.69999999999999929, 1.767766952966366212, 1.767766952966367100 ) ) ;
#3651 = CARTESIAN_POINT ( 'NONE',  ( 2.283323819087513584, -0.3368870494129341808, -2.598131363657353532 ) ) ;
#3652 = CARTESIAN_POINT ( 'NONE',  ( 4.499991199870923886, -1.980399999999998384, -2.425290521031416718E-16 ) ) ;
#3653 = CARTESIAN_POINT ( 'NONE',  ( 0.8399999999999996358, 4.150485344682724786, -2.392190156761771380 ) ) ;
#3654 = CARTESIAN_POINT ( 'NONE',  ( 8.524988999838654991, -1.937099999999995603, 0.8023730916729199247 ) ) ;
#3655 = CARTESIAN_POINT ( 'NONE',  ( 4.449988266494567135, -0.8203085389236768332, 1.980399999999995497 ) ) ;
#3656 = CARTESIAN_POINT ( 'NONE',  ( 9.699988266494569800, 1.400354269461835610, -1.400354269461835610 ) ) ;
#3657 = CARTESIAN_POINT ( 'NONE',  ( 14.29999119987092371, 1.434088374501455039E-16, -1.980399999999998828 ) ) ;
#3658 = CARTESIAN_POINT ( 'NONE',  ( 6.249991199870923886, -0.8203085389236768332, -1.980399999999998384 ) ) ;
#3659 = CARTESIAN_POINT ( 'NONE',  ( 14.69999119987092406, -3.410298450770873595E-16, 1.980399999999998384 ) ) ;
#3660 =( BOUNDED_SURFACE ( )  B_SPLINE_SURFACE ( 2, 3, ( 
 ( #2281, #4473, #5354, #4011, #2738, #588, #4036, #160, #619, #2337, #4065, #189, #1125, #4301, #446, #3901, #4192, #1156, #418, #1262, #3705, #1686, #1743, #1313, #3420, #738, #4593, #3737, #280, #2573, #2893, #2167, #4327, #5585 ),
 ( #3053, #5012, #2465, #2861, #311, #707, #5479, #2005, #2140, #4619, #23, #3475, #3001, #4782, #2033, #1579, #3281, #3312, #5044, #3768, #1714, #2429, #5209, #4727, #851, #3875, #4161, #5613, #903, #3448, #5446, #2597, #5185, #1287 ),
 ( #3028, #4753, #876, #1547, #4129, #252, #1975, #4915, #1800, #4031, #1421, #3585, #5321, #3958, #1341, #3502, #103, #2652, #473, #2679, #501, #1826, #1447, #5348, #4808, #4357, #2704, #5294, #3610, #3529, #1392, #3079, #930, #5238 ) ),
 .UNSPECIFIED., .F., .T., .F. ) 
 B_SPLINE_SURFACE_WITH_KNOTS ( ( 3, 3 ),
 ( 4, 2, 2, 2, 2, 2, 2, 2, 2, 2, 2, 2, 2, 2, 2, 2, 4 ),
 ( 0.000000000000000000, 1.000000000000000000 ),
 ( -3.141592653589793116, -2.748893571891068976, -2.356194490192344837, -1.963495408493620697, -1.570796326794896558, -1.178097245096172418, -0.7853981633974482790, -0.3926990816987241395, 0.000000000000000000, 0.3926990816987241395, 0.7853981633974482790, 1.178097245096172418, 1.570796326794896558, 1.963495408493620697, 2.356194490192344837, 2.748893571891068976, 3.141592653589793116 ),
 .UNSPECIFIED. ) 
 GEOMETRIC_REPRESENTATION_ITEM ( )  RATIONAL_B_SPLINE_SURFACE ( (
 ( 1.000000000000000000, 1.000000000000000000, 1.000000000000000000, 1.000000000000000000, 1.000000000000000000, 1.000000000000000000, 1.000000000000000000, 1.000000000000000000, 1.000000000000000000, 1.000000000000000000, 1.000000000000000000, 1.000000000000000000, 1.000000000000000000, 1.000000000000000000, 1.000000000000000000, 1.000000000000000000, 1.000000000000000000, 1.000000000000000000, 1.000000000000000000, 1.000000000000000000, 1.000000000000000000, 1.000000000000000000, 1.000000000000000000, 1.000000000000000000, 1.000000000000000000, 1.000000000000000000, 1.000000000000000000, 1.000000000000000000, 1.000000000000000000, 1.000000000000000000, 1.000000000000000000, 1.000000000000000000, 1.000000000000000000, 1.000000000000000000),
 ( 0.7071067811865475727, 0.7071067811865475727, 0.7071067811865474617, 0.7071067811865474617, 0.7071067811865476838, 0.7071067811865476838, 0.7071067811865475727, 0.7071067811865475727, 0.7071067811865475727, 0.7071067811865475727, 0.7071067811865474617, 0.7071067811865474617, 0.7071067811865476838, 0.7071067811865476838, 0.7071067811865475727, 0.7071067811865475727, 0.7071067811865475727, 0.7071067811865475727, 0.7071067811865475727, 0.7071067811865475727, 0.7071067811865471286, 0.7071067811865471286, 0.7071067811865475727, 0.7071067811865475727, 0.7071067811865475727, 0.7071067811865475727, 0.7071067811865475727, 0.7071067811865475727, 0.7071067811865475727, 0.7071067811865475727, 0.7071067811865475727, 0.7071067811865475727, 0.7071067811865475727, 0.7071067811865475727),
 ( 1.000000000000000000, 1.000000000000000000, 1.000000000000000000, 1.000000000000000000, 1.000000000000000000, 1.000000000000000000, 1.000000000000000000, 1.000000000000000000, 1.000000000000000000, 1.000000000000000000, 1.000000000000000000, 1.000000000000000000, 1.000000000000000000, 1.000000000000000000, 1.000000000000000000, 1.000000000000000000, 1.000000000000000000, 1.000000000000000000, 1.000000000000000000, 1.000000000000000000, 1.000000000000000000, 1.000000000000000000, 1.000000000000000000, 1.000000000000000000, 1.000000000000000000, 1.000000000000000000, 1.000000000000000000, 1.000000000000000000, 1.000000000000000000, 1.000000000000000000, 1.000000000000000000, 1.000000000000000000, 1.000000000000000000, 1.000000000000000000) ) ) 
 REPRESENTATION_ITEM ( '' )  SURFACE ( )  );
#3661 = CARTESIAN_POINT ( 'NONE',  ( 9.849979466365496705, -1.035533905932736420, -2.499999999999996891 ) ) ;
#3662 = DIRECTION ( 'NONE',  ( 1.000000000000000000, -0.000000000000000000, -0.000000000000000000 ) ) ;
#3663 = CARTESIAN_POINT ( 'NONE',  ( 16.22498899983865428, 1.937099999999994049, 0.8023730916729217011 ) ) ;
#3664 = CARTESIAN_POINT ( 'NONE',  ( 15.94998826649456625, -0.8203085389236757230, -1.980399999999995941 ) ) ;
#3665 = PLANE ( 'NONE',  #1779 ) ;
#3666 = CARTESIAN_POINT ( 'NONE',  ( 0.8399999999999998579, 2.392190151655278374, 4.150485346797904818 ) ) ;
#3667 = CARTESIAN_POINT ( 'NONE',  ( 8.649999999999998579, 2.499999999999996447, 1.035533905932737975 ) ) ;
#3668 = EDGE_CURVE ( 'NONE', #1607, #1887, #3797, .T. ) ;
#3669 = CARTESIAN_POINT ( 'NONE',  ( 1.399999999999999689, 4.000398375773870363, 1.657019262140844607 ) ) ;
#3670 = CARTESIAN_POINT ( 'NONE',  ( 10.27499046652683568, -0.8023730916729210350, -1.937099999999996713 ) ) ;
#3671 = CARTESIAN_POINT ( 'NONE',  ( 3.016654219044594409, -1.659181762343089117, -0.2204036354997760960 ) ) ;
#3672 = CARTESIAN_POINT ( 'NONE',  ( 3.249979466365496616, -2.499999999999997335, 1.035533905932735976 ) ) ;
#3673 = CYLINDRICAL_SURFACE ( 'NONE', #4358, 2.499999999999998224 ) ;
#3674 =( NAMED_UNIT ( * ) SI_UNIT ( $, .STERADIAN. ) SOLID_ANGLE_UNIT ( ) );
#3675 = CARTESIAN_POINT ( 'NONE',  ( 3.066654219044578689, -1.383766795725776655, -0.8012361421125510086 ) ) ;
#3676 = CARTESIAN_POINT ( 'NONE',  ( 13.69998826649456980, 1.400354269461835610, -1.400354269461835610 ) ) ;
#3677 = CARTESIAN_POINT ( 'NONE',  ( 9.899979466365495639, 1.684115046524702218E-16, -2.499999999999996891 ) ) ;
#3678 = CARTESIAN_POINT ( 'NONE',  ( 14.94999999999999929, 2.499999999999996891, -1.035533905932736642 ) ) ;
#3679 = CARTESIAN_POINT ( 'NONE',  ( 3.549991199870922376, -0.8203085389236781655, 1.980399999999998606 ) ) ;
#3680 = CARTESIAN_POINT ( 'NONE',  ( 15.45000000000000107, -2.499999999999996891, -1.035533905932736642 ) ) ;
#3681 = CARTESIAN_POINT ( 'NONE',  ( 3.083323819087624873, -0.1816215442058256579, -1.412084165250812262 ) ) ;
#3682 = CARTESIAN_POINT ( 'NONE',  ( 2.849991199870923531, -1.980399999999999050, 0.8203085389236763891 ) ) ;
#3683 = CARTESIAN_POINT ( 'NONE',  ( 0.8399999999999998579, 1.243302450706581519, 4.626370214174500894 ) ) ;
#3684 = CARTESIAN_POINT ( 'NONE',  ( 6.524988999838653214, 1.937099999999994937, -0.8023730916729204798 ) ) ;
#3685 = CARTESIAN_POINT ( 'NONE',  ( 4.599988266494568379, -1.980399999999995941, -2.425290521031413266E-16 ) ) ;
#3686 = CARTESIAN_POINT ( 'NONE',  ( 8.599988266494568379, -1.980399999999995497, -2.425290521031412773E-16 ) ) ;
#3687 = CARTESIAN_POINT ( 'NONE',  ( 13.94999119987092762, -0.8203085389236781655, 1.980399999999998606 ) ) ;
#3688 = CARTESIAN_POINT ( 'NONE',  ( 5.649991199870922465, 1.980399999999998384, -0.8203085389236769442 ) ) ;
#3689 = CARTESIAN_POINT ( 'NONE',  ( 13.34999119987092442, -1.980399999999998606, -0.8203085389236771663 ) ) ;
#3690 = CARTESIAN_POINT ( 'NONE',  ( 8.399979466365497416, 1.767766952966366878, -1.767766952966366878 ) ) ;
#3691 = CARTESIAN_POINT ( 'NONE',  ( 16.44999119987092229, -1.980399999999998828, 0.8203085389236765002 ) ) ;
#3692 = CARTESIAN_POINT ( 'NONE',  ( 15.97498899983865428, 1.433513020041454932E-16, -1.937099999999994715 ) ) ;
#3693 = CARTESIAN_POINT ( 'NONE',  ( 15.19998826649456802, 1.448025316855164180E-16, -1.980399999999995941 ) ) ;
#3694 = CARTESIAN_POINT ( 'NONE',  ( 1.916657152420814025, -0.4144553190649180041, 3.141744705178690200 ) ) ;
#3695 = FACE_OUTER_BOUND ( 'NONE', #3504, .T. ) ;
#3696 = CARTESIAN_POINT ( 'NONE',  ( 10.04999999999999893, 1.035533905932736642, -2.499999999999996891 ) ) ;
#3697 = CARTESIAN_POINT ( 'NONE',  ( 10.59999999999999787, -2.499999999999996891, -3.061616997868379197E-16 ) ) ;
#3698 = CARTESIAN_POINT ( 'NONE',  ( 1.399999999999999689, 2.661548123275700117, 3.462097634512764088 ) ) ;
#3699 = CARTESIAN_POINT ( 'NONE',  ( 10.87499046652683532, -1.937099999999996935, 0.8023730916729207019 ) ) ;
#3700 = CARTESIAN_POINT ( 'NONE',  ( 2.716654219044582153, 1.290704284503904287, 1.684731252093587317 ) ) ;
#3701 = EDGE_LOOP ( 'NONE', ( #4529 ) ) ;
#3702 = CARTESIAN_POINT ( 'NONE',  ( 11.69999119987092406, -1.980399999999998384, -2.425290521031416718E-16 ) ) ;
#3703 = SURFACE_STYLE_FILL_AREA ( #5042 ) ;
#3704 = CARTESIAN_POINT ( 'NONE',  ( 3.316645418915523891, -2.178782029092318329, -0.2884170392361931068 ) ) ;
#3705 = CARTESIAN_POINT ( 'NONE',  ( 0.5599999999999997202, 3.798417497483102867, 2.919096923789100018 ) ) ;
#3706 = CARTESIAN_POINT ( 'NONE',  ( 12.04997946636549777, -2.499999999999997335, 1.035533905932735976 ) ) ;
#3707 = CARTESIAN_POINT ( 'NONE',  ( 14.24999999999999822, 2.499999999999996447, 1.035533905932737975 ) ) ;
#3708 = CARTESIAN_POINT ( 'NONE',  ( 5.399991199870923353, -1.400354269461837831, -1.400354269461838053 ) ) ;
#3709 = CARTESIAN_POINT ( 'NONE',  ( 15.25000000000000000, -1.035533905932737753, 2.499999999999996447 ) ) ;
#3710 = CARTESIAN_POINT ( 'NONE',  ( 2.091656419076794560, -2.802430371320768110, 0.7498421583072238938 ) ) ;
#3711 = CARTESIAN_POINT ( 'NONE',  ( 13.97499046652683319, -0.8023730916729222562, 1.937099999999996269 ) ) ;
#3712 = DIRECTION ( 'NONE',  ( 0.000000000000000000, 0.000000000000000000, 1.000000000000000000 ) ) ;
#3713 = CARTESIAN_POINT ( 'NONE',  ( 10.54998826649456944, 1.980399999999995497, -0.8203085389236755010 ) ) ;
#3714 = CARTESIAN_POINT ( 'NONE',  ( 0.8399999999999995248, -1.243302450706581297, 4.626370214174498230 ) ) ;
#3715 = CARTESIAN_POINT ( 'NONE',  ( 9.124988999838656412, 0.8023730916729209239, 1.937099999999994493 ) ) ;
#3716 = CARTESIAN_POINT ( 'NONE',  ( 3.649988266494568201, -0.8203085389236768332, 1.980399999999995497 ) ) ;
#3717 = CARTESIAN_POINT ( 'NONE',  ( 5.899988266494568201, 1.400354269461835166, 1.400354269461835832 ) ) ;
#3718 = CARTESIAN_POINT ( 'NONE',  ( 15.04999119987092193, -0.8203085389236768332, -1.980399999999999050 ) ) ;
#3719 = CARTESIAN_POINT ( 'NONE',  ( 6.499991199870923886, 1.980399999999998384, 0.000000000000000000 ) ) ;
#3720 = CARTESIAN_POINT ( 'NONE',  ( 6.699999999999997513, -1.767766952966366434, -1.767766952966366878 ) ) ;
#3721 = CARTESIAN_POINT ( 'NONE',  ( 12.69999119987092229, 1.409311507339439040E-16, -1.980399999999998384 ) ) ;
#3722 = CARTESIAN_POINT ( 'NONE',  ( 9.799979466365497771, -1.767766952966366434, -1.767766952966366878 ) ) ;
#3723 = CARTESIAN_POINT ( 'NONE',  ( 17.40099999999999980, -0.8660254037844389297, 1.500000000000000000 ) ) ;
#3724 = CARTESIAN_POINT ( 'NONE',  ( 15.82498899983865392, -1.937099999999994937, -0.8023730916729207019 ) ) ;
#3725 = CARTESIAN_POINT ( 'NONE',  ( 13.34998826649456838, -1.980399999999996385, 0.8203085389236752789 ) ) ;
#3726 = CARTESIAN_POINT ( 'NONE',  ( 15.19998826649456802, 1.448025316855163934E-16, -1.980399999999995497 ) ) ;
#3727 = CARTESIAN_POINT ( 'NONE',  ( 3.107820657836062317, -0.4697398707455310851, -1.895382343641456080 ) ) ;
#3728 = CARTESIAN_POINT ( 'NONE',  ( 9.249999999999998224, 1.035533905932736642, -2.499999999999996891 ) ) ;
#3729 = CARTESIAN_POINT ( 'NONE',  ( 5.599999999999998757, -4.505706461735514156E-16, 2.499999999999996891 ) ) ;
#3730 = DIRECTION ( 'NONE',  ( 1.000000000000000000, 1.548554197625976421E-18, 0.000000000000000000 ) ) ;
#3731 = CARTESIAN_POINT ( 'NONE',  ( 10.02499046652683390, -1.369736545836458985, 1.369736545836458541 ) ) ;
#3732 = CARTESIAN_POINT ( 'NONE',  ( 2.383320885711371240, -0.3368870520527776358, -2.598131364244278263 ) ) ;
#3733 = ORIENTED_EDGE ( 'NONE', *, *, #2769, .F. ) ;
#3734 = CARTESIAN_POINT ( 'NONE',  ( 13.34999119987092442, -1.980399999999998384, -0.8203085389236771663 ) ) ;
#3735 = CARTESIAN_POINT ( 'NONE',  ( -1.224698418616533548E-17, 0.000000000000000000, 0.000000000000000000 ) ) ;
#3736 = CARTESIAN_POINT ( 'NONE',  ( 2.916654219044477081, -1.447622135451826608, 1.108481279229216909 ) ) ;
#3737 = CARTESIAN_POINT ( 'NONE',  ( 0.5599999999999997202, -2.392190151655278374, 4.150485346797904818 ) ) ;
#3738 = CARTESIAN_POINT ( 'NONE',  ( 9.049979466365497771, -1.035533905932736420, -2.499999999999996891 ) ) ;
#3739 = CARTESIAN_POINT ( 'NONE',  ( 15.64999999999999680, 1.035533905932736642, -2.499999999999996891 ) ) ;
#3740 = CARTESIAN_POINT ( 'NONE',  ( 15.37499046652683710, 1.937099999999996269, 0.8023730916729223672 ) ) ;
#3741 = CARTESIAN_POINT ( 'NONE',  ( 17.30000000000000071, 1.767766952966366878, -1.767766952966366878 ) ) ;
#3742 = CARTESIAN_POINT ( 'NONE',  ( 2.258323085743524139, -1.321030915705835973, -2.298376168480140702 ) ) ;
#3743 = CARTESIAN_POINT ( 'NONE',  ( 13.32499046652683461, -1.937099999999996269, -2.372263314628333717E-16 ) ) ;
#3744 = CARTESIAN_POINT ( 'NONE',  ( 0.08164020241298011737, 1.007430382299709271, -1.255079392768366553 ) ) ;
#3745 = CARTESIAN_POINT ( 'NONE',  ( 11.84998826649456838, -1.980399999999995497, -0.8203085389236758340 ) ) ;
#3746 = ADVANCED_FACE ( 'NONE', ( #2121, #2931 ), #2177, .T. ) ;
#3747 = CARTESIAN_POINT ( 'NONE',  ( 2.349674442473893343, 0.9508609008761232939, -2.311861284274885353 ) ) ;
#3748 = ORIENTED_EDGE ( 'NONE', *, *, #3568, .F. ) ;
#3749 = CARTESIAN_POINT ( 'NONE',  ( 4.724988999838654280, -0.8023730916729203688, -1.937099999999994937 ) ) ;
#3750 = CARTESIAN_POINT ( 'NONE',  ( 15.89997946636549564, -4.346205697354498215E-16, 2.499999999999996891 ) ) ;
#3751 = CARTESIAN_POINT ( 'NONE',  ( 11.84999119987092620, -0.8203085389236768332, -1.980399999999999050 ) ) ;
#3752 = CARTESIAN_POINT ( 'NONE',  ( 6.049991199870922820, -1.980399999999998828, 0.8203085389236765002 ) ) ;
#3753 = CARTESIAN_POINT ( 'NONE',  ( 6.099999999999997868, 1.767766952966366878, -1.767766952966366878 ) ) ;
#3754 = CARTESIAN_POINT ( 'NONE',  ( 12.09999119987092264, 1.980399999999998384, 0.000000000000000000 ) ) ;
#3755 = CARTESIAN_POINT ( 'NONE',  ( 6.049979466365496883, 2.499999999999996891, -1.035533905932736642 ) ) ;
#3756 = CARTESIAN_POINT ( 'NONE',  ( 14.99999119987092300, -1.400354269461837609, -1.400354269461837831 ) ) ;
#3757 = CARTESIAN_POINT ( 'NONE',  ( 13.67498899983865535, 1.369736545836457653, -1.369736545836457653 ) ) ;
#3758 = CARTESIAN_POINT ( 'NONE',  ( 15.79998826649457122, -1.980399999999995941, -2.425290521031413266E-16 ) ) ;
#3759 = CARTESIAN_POINT ( 'NONE',  ( 15.09998826649456838, -1.400354269461835388, -1.400354269461835610 ) ) ;
#3760 = CARTESIAN_POINT ( 'NONE',  ( 0.8399999999999998579, -0.6217735404957880352, -4.750000000000000000 ) ) ;
#3761 = CARTESIAN_POINT ( 'NONE',  ( 7.899999999999999467, 1.767766952966366212, 1.767766952966367100 ) ) ;
#3762 = CARTESIAN_POINT ( 'NONE',  ( 16.71919999999999717, 1.474218708424465563, 2.019078799782536127 ) ) ;
#3763 = CARTESIAN_POINT ( 'NONE',  ( 10.92499046652683425, -1.937099999999996269, -2.372263314628333717E-16 ) ) ;
#3764 = CARTESIAN_POINT ( 'NONE',  ( 3.366645418915453991, -1.837787295940987331, -1.062914655597865687 ) ) ;
#3765 = CARTESIAN_POINT ( 'NONE',  ( 2.999999285883337752, 1.610464477574515385, -1.402164780948711407E-05 ) ) ;
#3766 = CARTESIAN_POINT ( 'NONE',  ( 13.09999119987092442, -3.435075317932889841E-16, 1.980399999999998384 ) ) ;
#3767 = CARTESIAN_POINT ( 'NONE',  ( 3.033320885711236148, -1.590695890588951666, -0.4307911605903810837 ) ) ;
#3768 = CARTESIAN_POINT ( 'NONE',  ( 3.061763486978267633E-14, 4.150485346797825770, 2.392190151655307240 ) ) ;
#3769 = CARTESIAN_POINT ( 'NONE',  ( 8.349979466365496705, 1.035533905932736642, -2.499999999999996891 ) ) ;
#3770 = CARTESIAN_POINT ( 'NONE',  ( 15.19999999999999751, -4.357045258763420629E-16, 2.499999999999996891 ) ) ;
#3771 = CARTESIAN_POINT ( 'NONE',  ( 2.699991199870922287, -3.596124954485992476E-16, 1.980399999999998828 ) ) ;
#3772 = CARTESIAN_POINT ( 'NONE',  ( 15.69999999999999929, 1.767766952966366878, -1.767766952966366878 ) ) ;
#3773 = CARTESIAN_POINT ( 'NONE',  ( 2.541656419076805395, 2.208906908209739228, 0.2923565921565619563 ) ) ;
#3774 = CARTESIAN_POINT ( 'NONE',  ( 3.099991199870923531, 1.260650304367345267E-16, -1.980399999999998384 ) ) ;
#3775 = CARTESIAN_POINT ( 'NONE',  ( 10.04998826649457122, -0.8203085389236766112, 1.980399999999995053 ) ) ;
#3776 = CARTESIAN_POINT ( 'NONE',  ( 2.683323819087600981, 0.2592543018934066468, 2.005107766576549100 ) ) ;
#3777 = EDGE_LOOP ( 'NONE', ( #4645, #4921, #1480, #3933 ) ) ;
#3778 = CARTESIAN_POINT ( 'NONE',  ( 4.524988999838654102, -1.937099999999995603, 0.8023730916729199247 ) ) ;
#3779 = CARTESIAN_POINT ( 'NONE',  ( 17.04997946636549955, -1.035533905932736420, -2.499999999999996891 ) ) ;
#3780 = CARTESIAN_POINT ( 'NONE',  ( 7.699988266494567135, -1.400354269461835832, 1.400354269461835388 ) ) ;
#3781 = CARTESIAN_POINT ( 'NONE',  ( 10.39999119987092335, 1.400354269461838053, -1.400354269461838053 ) ) ;
#3782 = CARTESIAN_POINT ( 'NONE',  ( 3.999991199870923442, 1.400354269461837831, -1.400354269461837831 ) ) ;
#3783 = CARTESIAN_POINT ( 'NONE',  ( 5.099999999999998757, -1.767766952966366434, -1.767766952966366878 ) ) ;
#3784 = CARTESIAN_POINT ( 'NONE',  ( 11.74999119987092477, -1.980399999999998606, -0.8203085389236771663 ) ) ;
#3785 = EDGE_CURVE ( 'NONE', #1009, #3422, #5456, .T. ) ;
#3786 = CARTESIAN_POINT ( 'NONE',  ( 6.699979466365496350, 1.634561312200670960E-16, -2.499999999999996891 ) ) ;
#3787 = CARTESIAN_POINT ( 'NONE',  ( 16.39999119987092513, -1.400354269461838053, 1.400354269461837609 ) ) ;
#3788 = CARTESIAN_POINT ( 'NONE',  ( 15.07498899983865392, -1.369736545836457431, -1.369736545836457653 ) ) ;
#3789 = CARTESIAN_POINT ( 'NONE',  ( 10.99998826649456873, -1.980399999999995941, -2.425290521031413266E-16 ) ) ;
#3790 = CARTESIAN_POINT ( 'NONE',  ( 15.89998826649456909, -1.400354269461835388, -1.400354269461835610 ) ) ;
#3791 = CARTESIAN_POINT ( 'NONE',  ( 1.399999999999999911, 4.750000000000000888, 0.6217735404957802636 ) ) ;
#3792 = CARTESIAN_POINT ( 'NONE',  ( 7.099999999999998757, 1.767766952966366212, 1.767766952966367100 ) ) ;
#3793 = CARTESIAN_POINT ( 'NONE',  ( 15.59997946636549671, 1.767766952966366878, -1.767766952966366878 ) ) ;
#3794 = CARTESIAN_POINT ( 'NONE',  ( 7.474990466526833188, 0.8023730916729214790, 1.937099999999996269 ) ) ;
#3795 = CARTESIAN_POINT ( 'NONE',  ( 2.766645418915437915, 1.510895396376283895, -2.615056150541043234 ) ) ;
#3796 = ORIENTED_EDGE ( 'NONE', *, *, #1861, .F. ) ;
#3797 = B_SPLINE_CURVE_WITH_KNOTS ( 'NONE', 3,
 ( #1217, #2902, #2041, #5140, #4707, #288, #2958, #3321, #4681, #3403, #4202, #3856, #2012, #1643, #320, #830, #2869, #399, #5516, #5569, #2096, #4229, #3805, #1617, #5052, #3776, #1192, #4282, #347, #3378, #4654, #1244, #2553, #3352, #5542, #805, #2526, #2068, #4170, #5081, #3747, #715 ),
 .UNSPECIFIED., .F., .F.,
 ( 4, 2, 2, 2, 2, 2, 2, 2, 2, 2, 2, 2, 2, 2, 2, 2, 2, 2, 2, 2, 4 ),
 ( 0.000000000000000000, 0.03472225633425567864, 0.06944451266851135729, 0.1041667690027670429, 0.1388890253370227146, 0.1736112816712784002, 0.2083335380055340857, 0.2430557943397897991, 0.2777780506740454292, 0.3125003070083011147, 0.3472225633425568003, 0.3819448196768125414, 0.4166670760110681715, 0.4513893323453238571, 0.4861115886795795982, 0.5208338450138352282, 0.5555561013480908583, 0.5902783576823465994, 0.6250006140166022295, 0.6597228703508579706, 0.6600520824246687290 ),
 .UNSPECIFIED. ) ;
#3798 = CARTESIAN_POINT ( 'NONE',  ( 2.533332619216562165, -2.012969051154539279, 1.156524483547062943 ) ) ;
#3799 = CARTESIAN_POINT ( 'NONE',  ( 6.949979466365497238, 2.499999999999996447, 1.035533905932737975 ) ) ;
#3800 = CARTESIAN_POINT ( 'NONE',  ( 15.14999999999999858, 1.035533905932736864, 2.499999999999996447 ) ) ;
#3801 = CARTESIAN_POINT ( 'NONE',  ( 15.12499046652683354, 1.420350332074096793E-16, -1.937099999999996269 ) ) ;
#3802 = CARTESIAN_POINT ( 'NONE',  ( 3.141654952388693633, -0.3617702667239657277, -1.358460449155316052 ) ) ;
#3803 = CARTESIAN_POINT ( 'NONE',  ( 2.699991199870922287, -3.596124954485991490E-16, 1.980399999999998384 ) ) ;
#3804 = CARTESIAN_POINT ( 'NONE',  ( 9.899988266494567313, 1.400354269461835166, 1.400354269461835832 ) ) ;
#3805 = CARTESIAN_POINT ( 'NONE',  ( 2.766657152420804788, -0.9505626775628742697, 1.642856630196364076 ) ) ;
#3806 = CARTESIAN_POINT ( 'NONE',  ( 3.824988999838654369, -1.937099999999994937, -0.8023730916729207019 ) ) ;
#3807 = B_SPLINE_CURVE_WITH_KNOTS ( 'NONE', 3,
 ( #4798, #920, #516, #435, #1842, #2239, #3574, #3465, #5309, #11, #5199, #3044, #4404, #1410, #4377, #462, #1789, #4875, #2586, #4771, #2613, #4346, #5255, #92, #3094, #40 ),
 .UNSPECIFIED., .F., .F.,
 ( 4, 2, 2, 2, 2, 2, 2, 2, 2, 2, 2, 2, 4 ),
 ( 0.000000000000000000, 0.0001969474668222612364, 0.0002954212002333918004, 0.0003446580669389567842, 0.0003692765002917394387, 0.0003815857169681305221, 0.0003938949336445216054, 0.0004062041503209127971, 0.0004185133669973037721, 0.0004431318003500850713, 0.0004923686670556469110, 0.0005908424004667709156, 0.0007877898672890183826 ),
 .UNSPECIFIED. ) ;
#3808 = CARTESIAN_POINT ( 'NONE',  ( 16.94997946636549813, -2.499999999999996891, -1.035533905932736642 ) ) ;
#3809 = CARTESIAN_POINT ( 'NONE',  ( 6.099988266494568379, -1.400354269461835832, 1.400354269461835388 ) ) ;
#3810 = CARTESIAN_POINT ( 'NONE',  ( 11.79999119987092548, -1.400354269461837831, -1.400354269461838053 ) ) ;
#3811 = CARTESIAN_POINT ( 'NONE',  ( 3.599991199870922198, -1.400354269461838053, 1.400354269461837609 ) ) ;
#3812 = CARTESIAN_POINT ( 'NONE',  ( 6.899999999999998579, 1.767766952966366878, -1.767766952966366878 ) ) ;
#3813 = CARTESIAN_POINT ( 'NONE',  ( 12.84999119987092620, 1.980399999999998606, -0.8203085389236768332 ) ) ;
#3814 = CARTESIAN_POINT ( 'NONE',  ( 4.349979466365496705, 1.035533905932736642, -2.499999999999996891 ) ) ;
#3815 = CARTESIAN_POINT ( 'NONE',  ( 14.59999119987092264, 1.400354269461837387, 1.400354269461838053 ) ) ;
#3816 = CARTESIAN_POINT ( 'NONE',  ( 12.72498899983865606, -0.8023730916729203688, -1.937099999999994937 ) ) ;
#3817 = CARTESIAN_POINT ( 'NONE',  ( 12.24998826649456873, 1.980399999999995497, 0.8203085389236771663 ) ) ;
#3818 = CARTESIAN_POINT ( 'NONE',  ( 16.14998826649457087, 1.980399999999995497, -0.8203085389236757230 ) ) ;
#3819 = CARTESIAN_POINT ( 'NONE',  ( 1.399999999999999689, 2.660987301054070553, 3.462557424021309060 ) ) ;
#3820 = CARTESIAN_POINT ( 'NONE',  ( 6.849999999999999645, 1.035533905932736642, -2.499999999999996891 ) ) ;
#3821 = CARTESIAN_POINT ( 'NONE',  ( 14.44997946636549635, -2.499999999999997335, 1.035533905932735976 ) ) ;
#3822 = CARTESIAN_POINT ( 'NONE',  ( 9.124990466526833544, -3.417089549040128603E-16, 1.937099999999996269 ) ) ;
#3823 = CARTESIAN_POINT ( 'NONE',  ( 2.716645418915371923, 0.4048493625739155166, -3.068319622915101963 ) ) ;
#3824 = CARTESIAN_POINT ( 'NONE',  ( 2.783332619216638992, -0.2496394695435098232, -1.931683843988802218 ) ) ;
#3825 = CARTESIAN_POINT ( 'NONE',  ( 2.466665952550081364, -1.212241569803967467, 2.096876913598808123 ) ) ;
#3826 = CARTESIAN_POINT ( 'NONE',  ( 7.999979466365495284, -1.767766952966367100, 1.767766952966366434 ) ) ;
#3827 = CARTESIAN_POINT ( 'NONE',  ( 16.87499046652683532, 1.937099999999996713, -0.8023730916729211460 ) ) ;
#3828 = CARTESIAN_POINT ( 'NONE',  ( 2.841656419076740381, -1.412996710619726537, 1.081871211854252612 ) ) ;
#3829 = CARTESIAN_POINT ( 'NONE',  ( -1.733570458233068966E-16, -4.302179309996303047, -0.5651417258868627336 ) ) ;
#3830 = CARTESIAN_POINT ( 'NONE',  ( 8.599988266494568379, -1.980399999999995497, -2.425290521031412773E-16 ) ) ;
#3831 = CARTESIAN_POINT ( 'NONE',  ( 17.16057123549751395, 1.264926277852833847, 1.631065291460437106 ) ) ;
#3832 = CARTESIAN_POINT ( 'NONE',  ( 3.274988999838653658, 1.369736545836457653, -1.369736545836457653 ) ) ;
#3833 = CARTESIAN_POINT ( 'NONE',  ( 2.849988266494567490, -0.8203085389236768332, 1.980399999999995497 ) ) ;
#3834 = CARTESIAN_POINT ( 'NONE',  ( 6.249988266494567846, -1.980399999999995497, -0.8203085389236758340 ) ) ;
#3835 = CARTESIAN_POINT ( 'NONE',  ( 12.04999119987092193, 1.980399999999999050, -0.8203085389236769442 ) ) ;
#3836 = CARTESIAN_POINT ( 'NONE',  ( 4.849991199870924419, 1.980399999999998384, -0.8203085389236769442 ) ) ;
#3837 = CARTESIAN_POINT ( 'NONE',  ( 6.049999999999998934, 1.035533905932736642, -2.499999999999996891 ) ) ;
#3838 = CARTESIAN_POINT ( 'NONE',  ( 10.64999119987092335, 0.8203085389236773883, 1.980399999999998162 ) ) ;
#3839 = CARTESIAN_POINT ( 'NONE',  ( 6.199979466365496350, 1.767766952966366212, 1.767766952966367100 ) ) ;
#3840 = CARTESIAN_POINT ( 'NONE',  ( 13.87498899983865286, 1.369736545836457431, 1.369736545836457653 ) ) ;
#3841 = CARTESIAN_POINT ( 'NONE',  ( 11.29998826649456767, 1.400354269461835832, -1.400354269461835832 ) ) ;
#3842 = DIRECTION ( 'NONE',  ( 0.000000000000000000, 0.000000000000000000, -1.000000000000000000 ) ) ;
#3843 = CARTESIAN_POINT ( 'NONE',  ( 6.349999999999998757, 1.035533905932736864, 2.499999999999996447 ) ) ;
#3844 = CARTESIAN_POINT ( 'NONE',  ( 14.84997946636549671, 2.499999999999996891, -1.035533905932736642 ) ) ;
#3845 = CARTESIAN_POINT ( 'NONE',  ( 9.674990466526834254, 1.937099999999996713, -0.8023730916729211460 ) ) ;
#3846 = CARTESIAN_POINT ( 'NONE',  ( 2.733312085582233042, 0.7996200727371880479, -2.963158999387344839 ) ) ;
#3847 = CARTESIAN_POINT ( 'NONE',  ( 2.133332619216664838, 2.531143088739576719, -1.455187333734105914 ) ) ;
#3848 = EDGE_CURVE ( 'NONE', #1774, #4559, #2500, .T. ) ;
#3849 = CARTESIAN_POINT ( 'NONE',  ( 2.273313029839082233, 0.7782531776290247949, 3.664149620205123359 ) ) ;
#3850 = CARTESIAN_POINT ( 'NONE',  ( 8.299979466365497771, 1.659338179362686712E-16, -2.499999999999996891 ) ) ;
#3851 = CARTESIAN_POINT ( 'NONE',  ( 11.39999999999999858, -2.499999999999996891, -3.061616997868379197E-16 ) ) ;
#3852 = CARTESIAN_POINT ( 'NONE',  ( 15.97499046652683319, 0.8023730916729211460, -1.937099999999996713 ) ) ;
#3853 = CARTESIAN_POINT ( 'NONE',  ( 2.241654952388690170, -2.382291075019449700, -1.376735778862453019 ) ) ;
#3854 = CARTESIAN_POINT ( 'NONE',  ( 17.39999999999999858, 2.694484303869198565E-17, 0.000000000000000000 ) ) ;
#3855 = CARTESIAN_POINT ( 'NONE',  ( 6.399988266494568201, 1.311752547464078036E-16, -1.980399999999995497 ) ) ;
#3856 = CARTESIAN_POINT ( 'NONE',  ( 3.033323819087557549, -0.7455106022668858134, -1.299863802223277354 ) ) ;
#3857 = CARTESIAN_POINT ( 'NONE',  ( 4.324988999838655701, 0.8023730916729209239, 1.937099999999994493 ) ) ;
#3858 = CARTESIAN_POINT ( 'NONE',  ( 16.69997946636549813, -4.333817263773490092E-16, 2.499999999999996891 ) ) ;
#3859 = CARTESIAN_POINT ( 'NONE',  ( 3.299988266494568112, 1.400354269461835610, -1.400354269461835610 ) ) ;
#3860 = CARTESIAN_POINT ( 'NONE',  ( 12.79999119987092371, 1.400354269461838053, -1.400354269461838053 ) ) ;
#3861 = CARTESIAN_POINT ( 'NONE',  ( 5.249991199870922998, -1.980399999999998828, 0.8203085389236765002 ) ) ;
#3862 = CARTESIAN_POINT ( 'NONE',  ( 3.166657152420900179, 0.6519096097163656900, -1.124676959685292799 ) ) ;
#3863 = CARTESIAN_POINT ( 'NONE',  ( 10.79999119987092371, -1.400354269461838053, 1.400354269461837609 ) ) ;
#3864 = CARTESIAN_POINT ( 'NONE',  ( 7.249979466365497949, -2.499999999999997335, 1.035533905932735976 ) ) ;
#3865 = CARTESIAN_POINT ( 'NONE',  ( 15.27498899983865499, 1.369736545836457653, -1.369736545836457653 ) ) ;
#3866 = CARTESIAN_POINT ( 'NONE',  ( 12.04998826649456944, 0.8203085389236759450, -1.980399999999995941 ) ) ;
#3867 = CARTESIAN_POINT ( 'NONE',  ( 13.44998826649456980, -1.980399999999995497, -0.8203085389236758340 ) ) ;
#3868 = CARTESIAN_POINT ( 'NONE',  ( 1.399999999999999689, 4.330000000000000071, 0.5667956695466797035 ) ) ;
#3869 = CARTESIAN_POINT ( 'NONE',  ( 13.24999119987092477, -1.980399999999998828, 0.8203085389236765002 ) ) ;
#3870 = CARTESIAN_POINT ( 'NONE',  ( 2.699999999999997513, -1.767766952966366434, -1.767766952966366878 ) ) ;
#3871 = CARTESIAN_POINT ( 'NONE',  ( 13.74997946636549706, -2.499999999999996891, -1.035533905932736864 ) ) ;
#3872 = CARTESIAN_POINT ( 'NONE',  ( 8.174990466526832478, 1.937099999999996269, 0.8023730916729223672 ) ) ;
#3873 = CARTESIAN_POINT ( 'NONE',  ( 0.5599999999999996092, -4.750000000000000000, -0.6217735460229810718 ) ) ;
#3874 = CARTESIAN_POINT ( 'NONE',  ( 2.666657152421001875, 0.5283329380954935317, 1.978221371239037740 ) ) ;
#3875 = CARTESIAN_POINT ( 'NONE',  ( -2.168404344971008868E-16, -0.6217735404957795975, 4.750000000000000000 ) ) ;
#3876 = CARTESIAN_POINT ( 'NONE',  ( 12.24999999999999822, -2.499999999999996891, -1.035533905932736642 ) ) ;
#3877 = CARTESIAN_POINT ( 'NONE',  ( 2.566645418915516341, -2.874145768941717360, -1.660222309940975860 ) ) ;
#3878 = EDGE_CURVE ( 'NONE', #2857, #5588, #4334, .T. ) ;
#3879 = CARTESIAN_POINT ( 'NONE',  ( 11.19999999999999751, -4.418987426668459763E-16, 2.499999999999996891 ) ) ;
#3880 = CARTESIAN_POINT ( 'NONE',  ( 3.399987552377907285, 1.090864477582686121, -1.110738852876330083E-05 ) ) ;
#3881 = CARTESIAN_POINT ( 'NONE',  ( 3.126338979154432263, -2.208862098634892135, 0.3543660225140570219 ) ) ;
#3882 = CARTESIAN_POINT ( 'NONE',  ( 8.649988266494567313, -1.980399999999995497, -0.8203085389236758340 ) ) ;
#3883 = CARTESIAN_POINT ( 'NONE',  ( 16.75903926932793198, -1.472439100856064220, 1.976546518646813411 ) ) ;
#3884 = CARTESIAN_POINT ( 'NONE',  ( 16.49998826649456873, -1.400354269461835832, 1.400354269461835388 ) ) ;
#3885 = CARTESIAN_POINT ( 'NONE',  ( 15.14997946636549919, -1.035533905932737753, 2.499999999999996447 ) ) ;
#3886 = CARTESIAN_POINT ( 'NONE',  ( 3.699978752248835878, 1.610464477574514941, -1.402164780948711407E-05 ) ) ;
#3887 = CARTESIAN_POINT ( 'NONE',  ( 7.349991199870924419, 1.980399999999998606, 0.8203085389236783875 ) ) ;
#3888 = CARTESIAN_POINT ( 'NONE',  ( 3.099999999999998757, 1.767766952966366212, 1.767766952966367100 ) ) ;
#3889 = CARTESIAN_POINT ( 'NONE',  ( 9.599991199870924419, 1.400354269461837831, -1.400354269461837831 ) ) ;
#3890 = CARTESIAN_POINT ( 'NONE',  ( 3.449979466365495462, -1.035533905932736420, -2.499999999999996891 ) ) ;
#3891 = CARTESIAN_POINT ( 'NONE',  ( 11.57498899983865392, -3.379149993910749535E-16, 1.937099999999994715 ) ) ;
#3892 = CARTESIAN_POINT ( 'NONE',  ( 11.49998826649456873, 1.400354269461835388, 1.400354269461836054 ) ) ;
#3893 = CARTESIAN_POINT ( 'NONE',  ( 13.79998826649456944, 1.980399999999995497, 0.000000000000000000 ) ) ;
#3894 = CARTESIAN_POINT ( 'NONE',  ( 1.399999999999999689, 3.462557424021309060, -2.660987301054316134 ) ) ;
#3895 = CARTESIAN_POINT ( 'NONE',  ( 13.54999119987092193, 0.8203085389236771663, -1.980399999999998384 ) ) ;
#3896 = CARTESIAN_POINT ( 'NONE',  ( 3.099999999999998757, 1.767766952966366212, 1.767766952966367100 ) ) ;
#3897 = CARTESIAN_POINT ( 'NONE',  ( 15.24997946636549706, -2.499999999999997335, 1.035533905932735976 ) ) ;
#3898 = CARTESIAN_POINT ( 'NONE',  ( 7.824990466526833721, -1.369736545836458541, -1.369736545836458763 ) ) ;
#3899 = CARTESIAN_POINT ( 'NONE',  ( 0.5599999999999997202, 1.243302450706583517, -4.626370214174498230 ) ) ;
#3900 = CARTESIAN_POINT ( 'NONE',  ( 3.283328094557353527, 1.115566044282492619, -0.1427685727181920439 ) ) ;
#3901 = CARTESIAN_POINT ( 'NONE',  ( 0.5599999999999997202, 4.626370212059566001, -1.243302455812480556 ) ) ;
#3902 = CARTESIAN_POINT ( 'NONE',  ( 11.59999999999999964, 1.710440785858802692E-16, -2.499999999999996891 ) ) ;
#3903 = CONICAL_SURFACE ( 'NONE', #2635, 1732.050807568901064, 1.047197551196603627 ) ;
#3904 = CARTESIAN_POINT ( 'NONE',  ( 3.083312085582161632, 0.3272713468616917920, 2.524707557076160125 ) ) ;
#3905 = ORIENTED_EDGE ( 'NONE', *, *, #1904, .F. ) ;
#3906 = CARTESIAN_POINT ( 'NONE',  ( 5.249979466365497061, 2.499999999999996891, -1.035533905932736642 ) ) ;
#3907 = CARTESIAN_POINT ( 'NONE',  ( 11.09999999999999787, 1.767766952966366212, 1.767766952966367100 ) ) ;
#3908 = CARTESIAN_POINT ( 'NONE',  ( 2.916654219044477081, -1.447622135451826608, 1.108481279229216909 ) ) ;
#3909 = CARTESIAN_POINT ( 'NONE',  ( -1.766433078484722475E-16, -2.180030772861865973, -3.783837241847164190 ) ) ;
#3910 = CARTESIAN_POINT ( 'NONE',  ( 7.099988266494567490, -1.400354269461835388, -1.400354269461835610 ) ) ;
#3911 = CARTESIAN_POINT ( 'NONE',  ( 16.95378156433312711, -0.2000170323490180480, -2.261583510958706800 ) ) ;
#3912 = CARTESIAN_POINT ( 'NONE',  ( 3.124988999838654191, -0.8023730916729203688, -1.937099999999994937 ) ) ;
#3913 = CARTESIAN_POINT ( 'NONE',  ( 12.64997946636549919, 1.035533905932736864, 2.499999999999996447 ) ) ;
#3914 = CARTESIAN_POINT ( 'NONE',  ( 3.566645418915579846, 0.9135877416541965390, -1.578697678387076531 ) ) ;
#3915 = CARTESIAN_POINT ( 'NONE',  ( 6.949991199870923175, -1.980399999999999050, -0.8203085389236773883 ) ) ;
#3916 = CARTESIAN_POINT ( 'NONE',  ( 4.999988266494567846, 1.980399999999995497, 0.000000000000000000 ) ) ;
#3917 = CARTESIAN_POINT ( 'NONE',  ( -1.224698418616533548E-17, 0.8660254037844388186, -1.500000000000000000 ) ) ;
#3918 = CARTESIAN_POINT ( 'NONE',  ( 9.849991199870924419, 0.8203085389236773883, 1.980399999999998162 ) ) ;
#3919 = CARTESIAN_POINT ( 'NONE',  ( 3.199979466365496794, -1.767766952966367100, 1.767766952966366434 ) ) ;
#3920 = CARTESIAN_POINT ( 'NONE',  ( 9.424988999838657122, -1.937099999999994937, -0.8023730916729207019 ) ) ;
#3921 = CARTESIAN_POINT ( 'NONE',  ( 6.999988266494567846, -1.980399999999995941, -2.425290521031413266E-16 ) ) ;
#3922 = CARTESIAN_POINT ( 'NONE',  ( 14.19998826649456802, -1.980399999999995497, -2.425290521031412773E-16 ) ) ;
#3923 = CARTESIAN_POINT ( 'NONE',  ( 17.04999119987092016, 0.8203085389236777214, 1.980399999999998606 ) ) ;
#3924 = CARTESIAN_POINT ( 'NONE',  ( 8.949991199870924063, 1.980399999999997718, 0.8203085389236781655 ) ) ;
#3925 = CARTESIAN_POINT ( 'NONE',  ( 17.34999119987092797, -1.980399999999998606, -0.8203085389236771663 ) ) ;
#3926 = CARTESIAN_POINT ( 'NONE',  ( 13.64997946636549919, -2.499999999999997335, 1.035533905932735976 ) ) ;
#3927 = CARTESIAN_POINT ( 'NONE',  ( 5.474990466526834965, -0.8023730916729210350, -1.937099999999996713 ) ) ;
#3928 = CARTESIAN_POINT ( 'NONE',  ( 16.84998826649457015, 0.8203085389236759450, -1.980399999999995941 ) ) ;
#3929 = CARTESIAN_POINT ( 'NONE',  ( 2.866657152420840848, -1.689427386731657155, 0.4507185588997833503 ) ) ;
#3930 = CARTESIAN_POINT ( 'NONE',  ( 3.122067638884918228, -0.4577787122039146950, -1.897106736473683775 ) ) ;
#3931 = CARTESIAN_POINT ( 'NONE',  ( 12.94999999999999929, -2.499999999999997335, 1.035533905932735976 ) ) ;
#3932 = CARTESIAN_POINT ( 'NONE',  ( 2.216665952549998320, 2.771807091506518717, 0.3660385884408718371 ) ) ;
#3933 = ORIENTED_EDGE ( 'NONE', *, *, #419, .F. ) ;
#3934 = CARTESIAN_POINT ( 'NONE',  ( 4.149979466365496528, -2.499999999999996891, -1.035533905932736642 ) ) ;
#3935 = CARTESIAN_POINT ( 'NONE',  ( 11.79999999999999716, 2.499999999999996891, 0.000000000000000000 ) ) ;
#3936 = CARTESIAN_POINT ( 'NONE',  ( 14.82499046652683283, -1.369736545836458985, 1.369736545836458541 ) ) ;
#3937 = CARTESIAN_POINT ( 'NONE',  ( 3.133320885711207815, -0.7455105951339986436, -1.299863802395703649 ) ) ;
#3938 = DIRECTION ( 'NONE',  ( -6.123492093082666200E-18, 0.8660254037844387076, -0.4999999999999998890 ) ) ;
#3939 = CARTESIAN_POINT ( 'NONE',  ( 6.349988266494569267, -0.8203085389236753899, -1.980399999999995497 ) ) ;
#3940 = CARTESIAN_POINT ( 'NONE',  ( 16.82861530406477613, -2.404544752516063255, 0.1551905587413390242 ) ) ;
#3941 = CARTESIAN_POINT ( 'NONE',  ( 15.49998826649456873, 1.400354269461835166, 1.400354269461835832 ) ) ;
#3942 = CARTESIAN_POINT ( 'NONE',  ( 13.84997946636549493, -1.035533905932736420, -2.499999999999996891 ) ) ;
#3943 = CARTESIAN_POINT ( 'NONE',  ( 4.449988266494568023, -0.8203085389236767222, 1.980399999999995053 ) ) ;
#3944 = CARTESIAN_POINT ( 'NONE',  ( 8.549991199870923708, -1.980399999999999050, -0.8203085389236773883 ) ) ;
#3945 = CARTESIAN_POINT ( 'NONE',  ( 3.749999999999998224, 2.499999999999996891, -1.035533905932736642 ) ) ;
#3946 = B_SPLINE_CURVE_WITH_KNOTS ( 'NONE', 3,
 ( #1933, #4971, #1388, #3127, #551 ),
 .UNSPECIFIED., .F., .F.,
 ( 4, 1, 4 ),
 ( 2.309401076757153916E-07, 0.0008662563438921143649, 0.001732281747676553060 ),
 .UNSPECIFIED. ) ;
#3947 = CARTESIAN_POINT ( 'NONE',  ( 10.59999119987092264, 1.400354269461837387, 1.400354269461838053 ) ) ;
#3948 = DIRECTION ( 'NONE',  ( 0.000000000000000000, 0.000000000000000000, 1.000000000000000000 ) ) ;
#3949 = CARTESIAN_POINT ( 'NONE',  ( 9.324988999838652148, -1.937099999999995603, 0.8023730916729199247 ) ) ;
#3950 = CARTESIAN_POINT ( 'NONE',  ( 9.499988266494568734, -1.400354269461835610, -1.400354269461835832 ) ) ;
#3951 = CARTESIAN_POINT ( 'NONE',  ( 11.89998826649456909, -1.400354269461835388, -1.400354269461835610 ) ) ;
#3952 = CARTESIAN_POINT ( 'NONE',  ( 9.649991199870923353, 1.980399999999998384, -0.8203085389236769442 ) ) ;
#3953 = CARTESIAN_POINT ( 'NONE',  ( 3.549999999999997602, -1.035533905932736420, -2.499999999999996891 ) ) ;
#3954 = CARTESIAN_POINT ( 'NONE',  ( 11.64997946636549564, 2.499999999999996891, -1.035533905932736642 ) ) ;
#3955 = CARTESIAN_POINT ( 'NONE',  ( 4.974990466526834076, 1.937099999999996269, 0.8023730916729223672 ) ) ;
#3956 = CARTESIAN_POINT ( 'NONE',  ( 17.59998826649457015, 1.485190617598187562E-16, -1.980399999999995941 ) ) ;
#3957 = CARTESIAN_POINT ( 'NONE',  ( 2.933323819087453987, -1.590695894621837025, -0.4307911560921582894 ) ) ;
#3958 = CARTESIAN_POINT ( 'NONE',  ( -2.174610718864073643E-16, 3.462557424021506236, -2.660987301054119403 ) ) ;
#3959 = CARTESIAN_POINT ( 'NONE',  ( 14.09999999999999787, 1.767766952966366878, -1.767766952966366878 ) ) ;
#3960 = CARTESIAN_POINT ( 'NONE',  ( 1.399999999999999689, 4.000398375773873916, -1.657019262140832838 ) ) ;
#3961 = VERTEX_POINT ( 'NONE', #5247 ) ;
#3962 = CARTESIAN_POINT ( 'NONE',  ( 5.599979466365496705, -1.767766952966367100, 1.767766952966366434 ) ) ;
#3963 = CARTESIAN_POINT ( 'NONE',  ( 2.008321619055270624, -0.8075002031595703844, 2.992500641781755455 ) ) ;
#3964 = CARTESIAN_POINT ( 'NONE',  ( 0.5599999999999997202, -4.750000000000000888, -1.163414459189985682E-15 ) ) ;
#3965 = CARTESIAN_POINT ( 'NONE',  ( 2.774988999838653658, -3.515422763301835925E-16, 1.937099999999994715 ) ) ;
#3966 = CARTESIAN_POINT ( 'NONE',  ( 13.49997946636549706, -4.383370998097521104E-16, 2.499999999999996891 ) ) ;
#3967 = CARTESIAN_POINT ( 'NONE',  ( 9.349991199870924419, -1.980399999999999050, -0.8203085389236773883 ) ) ;
#3968 = CARTESIAN_POINT ( 'NONE',  ( 2.376829454912087858, 2.385415359594631468, 0.7616847906945841684 ) ) ;
#3969 = CARTESIAN_POINT ( 'NONE',  ( 3.299999999999997158, -1.767766952966367100, 1.767766952966366434 ) ) ;
#3970 = CARTESIAN_POINT ( 'NONE',  ( 6.349991199870924419, 0.8203085389236769442, -1.980399999999998606 ) ) ;
#3971 = CARTESIAN_POINT ( 'NONE',  ( 3.649979466365496084, 2.499999999999996891, -1.035533905932736642 ) ) ;
#3972 = CARTESIAN_POINT ( 'NONE',  ( 12.32498899983865392, 0.8023730916729209239, 1.937099999999994493 ) ) ;
#3973 = CARTESIAN_POINT ( 'NONE',  ( 9.299988266494567668, -1.400354269461836054, 1.400354269461835610 ) ) ;
#3974 = CARTESIAN_POINT ( 'NONE',  ( 12.29998826649456767, 1.400354269461835166, 1.400354269461835832 ) ) ;
#3975 = CARTESIAN_POINT ( 'NONE',  ( 10.24999119987092300, -0.8203085389236768332, -1.980399999999998384 ) ) ;
#3976 = CARTESIAN_POINT ( 'NONE',  ( 3.449999999999998845, -2.499999999999996891, -1.035533905932736642 ) ) ;
#3977 = CARTESIAN_POINT ( 'NONE',  ( 12.39997946636549742, 1.767766952966366878, -1.767766952966366878 ) ) ;
#3978 = CARTESIAN_POINT ( 'NONE',  ( 4.274990466526834787, 0.8023730916729214790, 1.937099999999996269 ) ) ;
#3979 = CARTESIAN_POINT ( 'NONE',  ( 16.29998826649456589, 1.400354269461835388, 1.400354269461836054 ) ) ;
#3980 = CARTESIAN_POINT ( 'NONE',  ( 1.983332619216735981, -0.4049032218941750472, -3.117731269176037934 ) ) ;
#3981 = CARTESIAN_POINT ( 'NONE',  ( 3.140692896448332938, -0.5086696803263216493, -1.889340057039804233 ) ) ;
#3982 = CARTESIAN_POINT ( 'NONE',  ( 14.29999999999999893, 1.767766952966366212, 1.767766952966367100 ) ) ;
#3983 = CARTESIAN_POINT ( 'NONE',  ( 1.399999999999999689, -6.938893903907228378E-15, -4.330000000000000071 ) ) ;
#3984 = VERTEX_POINT ( 'NONE', #1424 ) ;
#3985 = CARTESIAN_POINT ( 'NONE',  ( 6.099979466365496705, 2.499999999999996891, 0.000000000000000000 ) ) ;
#3986 = CARTESIAN_POINT ( 'NONE',  ( 10.14999999999999858, 2.499999999999996891, -1.035533905932736642 ) ) ;
#3987 = CARTESIAN_POINT ( 'NONE',  ( 1.973322030112877101, 0.6694445207338711734, 3.153204692291824873 ) ) ;
#3988 = CARTESIAN_POINT ( 'NONE',  ( 3.399987552377907285, 1.090864477582686121, -1.110738852876330083E-05 ) ) ;
#3989 = CARTESIAN_POINT ( 'NONE',  ( 17.34998826649457015, -1.980399999999995941, 0.8203085389236750569 ) ) ;
#3990 = CARTESIAN_POINT ( 'NONE',  ( 13.74997946636549528, -2.499999999999996891, -1.035533905932736642 ) ) ;
#3991 = CARTESIAN_POINT ( 'NONE',  ( 16.64999999999999858, 2.499999999999996447, 1.035533905932737975 ) ) ;
#3992 = CARTESIAN_POINT ( 'NONE',  ( 8.499991199870922998, -1.980399999999998828, -2.425290521031417211E-16 ) ) ;
#3993 = CARTESIAN_POINT ( 'NONE',  ( 3.299988266494568112, 1.400354269461835610, -1.400354269461835610 ) ) ;
#3994 = CARTESIAN_POINT ( 'NONE',  ( 2.433323819087681805, 2.077124198465108318, -1.193506021765480485 ) ) ;
#3995 = CARTESIAN_POINT ( 'NONE',  ( 5.049991199870924596, 0.8203085389236773883, 1.980399999999998162 ) ) ;
#3996 = CARTESIAN_POINT ( 'NONE',  ( 2.468074991390144746, -1.010362971081845362, 1.250000000000000222 ) ) ;
#3997 = CARTESIAN_POINT ( 'NONE',  ( 10.12498899983865641, -1.937099999999995603, 0.8023730916729199247 ) ) ;
#3998 = CARTESIAN_POINT ( 'NONE',  ( 7.599988266494568379, -3.520245844227236312E-16, 1.980399999999995941 ) ) ;
#3999 = CARTESIAN_POINT ( 'NONE',  ( 9.949988266494568023, 0.8203085389236761671, 1.980399999999995053 ) ) ;
#4000 = CARTESIAN_POINT ( 'NONE',  ( 11.39999119987092335, 1.400354269461837387, 1.400354269461838053 ) ) ;
#4001 = CARTESIAN_POINT ( 'NONE',  ( 16.29999119987092371, -3.385521583608858336E-16, 1.980399999999998384 ) ) ;
#4002 = CARTESIAN_POINT ( 'NONE',  ( 10.69997946636549635, 1.696503480105710094E-16, -2.499999999999996891 ) ) ;
#4003 = CARTESIAN_POINT ( 'NONE',  ( 2.349516420831780472, 0.9480786916881546178, -2.313254589186908738 ) ) ;
#4004 = CARTESIAN_POINT ( 'NONE',  ( 4.024990466526833899, 1.369736545836458763, -1.369736545836458763 ) ) ;
#4005 = CARTESIAN_POINT ( 'NONE',  ( 0.5599999999999996092, -4.749999999999999112, 0.6217735460229791844 ) ) ;
#4006 = CARTESIAN_POINT ( 'NONE',  ( 1.983323819087552176, -1.872268459506714278, 2.431040663248477784 ) ) ;
#4007 = CARTESIAN_POINT ( 'NONE',  ( 3.130794516337083166, -0.4687157692784894580, -1.895535125722790148 ) ) ;
#4008 = CARTESIAN_POINT ( 'NONE',  ( 8.399999999999998579, 1.660887051534771434E-16, -2.499999999999996891 ) ) ;
#4009 = CARTESIAN_POINT ( 'NONE',  ( 1.716665952549898844, -2.811565417077277029, 2.156691872346614414 ) ) ;
#4010 = EDGE_LOOP ( 'NONE', ( #4064, #3533, #3796, #1857 ) ) ;
#4011 = CARTESIAN_POINT ( 'NONE',  ( 0.5599999999999997202, -4.150485346797891495, -2.392190151655311681 ) ) ;
#4012 = CARTESIAN_POINT ( 'NONE',  ( 2.816654219044573804, -0.2592139682087672981, 1.955694351878847215 ) ) ;
#4013 = FILL_AREA_STYLE_COLOUR ( '', #1275 ) ;
#4014 = CARTESIAN_POINT ( 'NONE',  ( 14.09998826649456838, -1.400354269461835832, 1.400354269461835388 ) ) ;
#4015 = CARTESIAN_POINT ( 'NONE',  ( 11.79997946636549777, 1.767766952966366212, 1.767766952966367100 ) ) ;
#4016 = CARTESIAN_POINT ( 'NONE',  ( 3.349991199870923975, 1.980399999999998606, 0.8203085389236783875 ) ) ;
#4017 = CARTESIAN_POINT ( 'NONE',  ( 3.849988266494568379, -1.980399999999995497, -0.8203085389236758340 ) ) ;
#4018 = CARTESIAN_POINT ( 'NONE',  ( 3.208323085743494119, 0.7523496934220419430, -0.9737379763669756771 ) ) ;
#4019 = CARTESIAN_POINT ( 'NONE',  ( 5.099991199870923531, -3.558959653742968108E-16, 1.980399999999998384 ) ) ;
#4020 = CARTESIAN_POINT ( 'NONE',  ( 0.8399999999999997469, -1.243302450706581741, -4.626370214174500006 ) ) ;
#4021 = CARTESIAN_POINT ( 'NONE',  ( 9.599988266494568379, 1.361306281788109541E-16, -1.980399999999995941 ) ) ;
#4022 = CARTESIAN_POINT ( 'NONE',  ( 8.249988266494566957, 1.980399999999995053, 0.8203085389236769442 ) ) ;
#4023 = CARTESIAN_POINT ( 'NONE',  ( 17.54999119987092371, 0.8203085389236772773, -1.980399999999999050 ) ) ;
#4024 = CARTESIAN_POINT ( 'NONE',  ( 9.499991199870922998, 1.359757773015407783E-16, -1.980399999999998384 ) ) ;
#4025 = CARTESIAN_POINT ( 'NONE',  ( 15.24999119987092300, 1.980399999999998606, -0.8203085389236768332 ) ) ;
#4026 = CARTESIAN_POINT ( 'NONE',  ( 12.94997946636549635, -2.499999999999996891, -1.035533905932736864 ) ) ;
#4027 = CARTESIAN_POINT ( 'NONE',  ( 2.989531430567128556, -1.220996354260426520, -1.624990631043981004 ) ) ;
#4028 = CARTESIAN_POINT ( 'NONE',  ( 15.57498899983865392, -3.317207826005711387E-16, 1.937099999999994715 ) ) ;
#4029 = CARTESIAN_POINT ( 'NONE',  ( 0.5599999999999999423, -2.919096919880844965, 3.798417501391359252 ) ) ;
#4030 = CARTESIAN_POINT ( 'NONE',  ( 3.072620476351747509, 0.2894500740926752025, 2.499999103349475060 ) ) ;
#4031 = CARTESIAN_POINT ( 'NONE',  ( -2.177181483103727763E-16, 0.5667956695461373595, -4.330000000000000071 ) ) ;
#4032 = CARTESIAN_POINT ( 'NONE',  ( 10.84999999999999964, 1.035533905932736642, -2.499999999999996891 ) ) ;
#4033 = CARTESIAN_POINT ( 'NONE',  ( 1.399999999999999689, -1.134062429930790428, -4.217091515302352711 ) ) ;
#4034 = CARTESIAN_POINT ( 'NONE',  ( 16.94311254608960127, -0.4990447830667447127, -2.225797498415536424 ) ) ;
#4035 = ORIENTED_EDGE ( 'NONE', *, *, #1476, .T. ) ;
#4036 = CARTESIAN_POINT ( 'NONE',  ( 0.5599999999999997202, -2.392190151654863151, -4.150485346798076236 ) ) ;
#4037 = CARTESIAN_POINT ( 'NONE',  ( 2.916665952549942542, 1.388909116630033802, -1.063355914493242294 ) ) ;
#4038 =( LENGTH_UNIT ( ) NAMED_UNIT ( * ) SI_UNIT ( .MILLI., .METRE. ) );
#4039 = CARTESIAN_POINT ( 'NONE',  ( 13.59998826649456838, 1.423248449693148181E-16, -1.980399999999995497 ) ) ;
#4040 = CARTESIAN_POINT ( 'NONE',  ( 10.94997946636549635, 2.499999999999996447, 1.035533905932737975 ) ) ;
#4041 = CARTESIAN_POINT ( 'NONE',  ( 16.25000000000000000, -2.499999999999996891, -1.035533905932736864 ) ) ;
#4042 = CARTESIAN_POINT ( 'NONE',  ( 5.649991199870922465, 1.980399999999999050, -0.8203085389236769442 ) ) ;
#4043 = CARTESIAN_POINT ( 'NONE',  ( 2.385266977080884754, 1.802692206017136645, 1.738010309712039181 ) ) ;
#4044 = CARTESIAN_POINT ( 'NONE',  ( 3.158323085743534264, 0.3418492162422270830, -1.259727241842492074 ) ) ;
#4045 = CARTESIAN_POINT ( 'NONE',  ( 7.249991199870922109, 1.980399999999998606, -0.8203085389236768332 ) ) ;
#4046 = CARTESIAN_POINT ( 'NONE',  ( 0.8399999999999997469, -4.150485344682723898, -2.392190156761775377 ) ) ;
#4047 = CARTESIAN_POINT ( 'NONE',  ( 8.974988999838654280, 1.937099999999994715, 0.000000000000000000 ) ) ;
#4048 = CARTESIAN_POINT ( 'NONE',  ( 4.699988266494568023, -1.400354269461835610, -1.400354269461835832 ) ) ;
#4049 = CARTESIAN_POINT ( 'NONE',  ( 9.799988266494567668, 1.980399999999995497, 0.000000000000000000 ) ) ;
#4050 = CARTESIAN_POINT ( 'NONE',  ( 15.59999119987092264, -1.400354269461838275, 1.400354269461837831 ) ) ;
#4051 = CARTESIAN_POINT ( 'NONE',  ( 8.299991199870923708, -3.509405919418936604E-16, 1.980399999999998384 ) ) ;
#4052 = CARTESIAN_POINT ( 'NONE',  ( 8.399999999999998579, 1.660887051534771434E-16, -2.499999999999996891 ) ) ;
#4053 = CARTESIAN_POINT ( 'NONE',  ( 14.94999119987092406, -1.980399999999998606, -0.8203085389236771663 ) ) ;
#4054 = CARTESIAN_POINT ( 'NONE',  ( 9.349979466365496705, 2.499999999999996447, 1.035533905932737975 ) ) ;
#4055 = DIRECTION ( 'NONE',  ( 0.000000000000000000, 0.000000000000000000, -1.000000000000000000 ) ) ;
#4056 = CARTESIAN_POINT ( 'NONE',  ( 3.324990466526832833, 1.937099999999996269, 0.000000000000000000 ) ) ;
#4057 = CARTESIAN_POINT ( 'NONE',  ( 14.04998826649456944, -0.8203085389236768332, 1.980399999999995497 ) ) ;
#4058 = CARTESIAN_POINT ( 'NONE',  ( 3.299990485754262348, 1.090864477582689229, -1.110738852876331777E-05 ) ) ;
#4059 = CARTESIAN_POINT ( 'NONE',  ( 1.399999999999999911, 1.243302455812909768, 4.626370212059210729 ) ) ;
#4060 = CARTESIAN_POINT ( 'NONE',  ( 11.09999999999999787, 1.767766952966366212, 1.767766952966367100 ) ) ;
#4061 =( BOUNDED_SURFACE ( )  B_SPLINE_SURFACE ( 1, 2, ( 
 ( #2302, #5292, #1445, #954, #3956, #3500, #77, #3527, #2677, #3583, #5264, #3184, #980, #4832, #2702, #4413, #5319, #3608, #3129, #3928, #1881, #3156, #4884, #1002, #525, #2249, #4914, #1029, #3077, #4355, #3979, #49, #1769, #1935, #1599, #3636, #5003, #3664, #4182, #611, #3758, #3241, #3300, #5468, #2882, #1964, #1534, #4973, #2788, #5403, #4552, #2024, #3693, #1117, #2388, #4611, #301, #1500, #3272, #4148, #2418, #5432, #1908, #1085, #1472, #2817, #5033, #726, #1145, #668, #2450, #4117, #240, #5064, #4522, #4057, #2849, #5499, #3212, #4492, #4942, #4582, #210, #1058, #3333, #696, #1568, #269, #1995, #3725, #2759, #2329, #638, #181, #5376, #2356, #4088, #358, #5123, #332, #2912, #5174, #1228, #2563, #2969, #5149, #4213, #2079, #2158, #4692, #3467, #3817, #2588, #5604, #2131, #3866, #2511, #5527, #2053, #4266, #1203, #4638, #815, #4666, #386, #13, #3892, #3363, #760, #1254, #3841, #1734, #5554, #5579, #1628, #5094, #3789, #4292, #3018, #2943, #409, #790, #2483, #1654, #4240, #2993, #3390, #2537, #1278, #2106, #1679, #1176, #3413, #4718, #841, #1704, #3439, #437, #4318, #4744, #867, #5311, #4431, #146, #4021, #5285, #3950, #4348, #42, #4379, #3973, #2695, #1872, #5257, #5201, #3492, #492, #545, #4851, #3070, #4800, #574, #3046, #3147, #1817, #3521, #2615, #1763, #2215, #4456, #1383, #1358, #2268, #1305, #922, #4877, #2293, #5228, #3121, #3549, #973, #995, #4773, #3096, #3998, #948, #119, #1844, #3576, #1412, #894, #464, #1791, #2187, #518, #2721, #3921, #68, #1332, #2644, #4826, #2670, #4406, #2241, #94, #5337, #4964, #5395, #291, #5367, #4906, #3232, #5459, #2321, #1436, #172, #658, #1049, #1899, #4602, #4109, #688, #1077, #5424, #630, #4995, #3175, #3628, #2807, #4484, #1526, #717, #2779, #1927, #3263, #1021, #2871, #1108, #5023, #2750, #2441, #601, #4048, #1464, #3685, #1559, #3291, #3655, #2348, #2840, #2378, #3204, #4543, #1136, #4173, #232, #202, #4933, #4514, #4079, #1955, #1492, #3600, #3716, #4573, #2410, #4139, #261, #1986, #1619, #1194, #4231, #5142, #2474, #3011, #2528, #2933, #4257, #2044, #3833, #1271 ),
 ( #1697, #2904, #5571, #323, #1671, #401, #4657, #860, #4628, #376, #781, #3432, #5490, #4737, #2502, #2555, #4709, #2123, #1219, #807, #349, #3779, #2070, #3808, #2581, #2960, #2098, #1645, #3858, #5166, #5545, #3405, #1246, #2986, #4683, #1166, #3380, #751, #5113, #4284, #5596, #4311, #832, #2015, #3750, #1589, #3324, #5055, #4204, #5518, #3354, #5084, #4424, #5220, #4869, #1298, #2662, #1325, #1836, #3885, #1402, #915, #965, #3114, #538, #5249, #4819, #2637, #457, #3063, #2208, #5304, #1349, #4398, #61, #2259, #3567, #4371, #511, #1808, #86, #2233, #5194, #485, #4765, #3942, #2687, #3990, #112, #1782, #3140, #3513, #3966, #2713, #2179, #1724, #3540, #429, #886, #2151, #2608, #5278, #3486, #4340, #5, #1376, #4842, #3459, #3039, #3913, #34, #1754, #2742, #195, #5329, #650, #1548, #3619, #2771, #2370, #566, #3706, #4100, #253, #3593, #5447, #4015, #2285, #1428, #4535, #680, #4130, #4505, #1456, #223, #1485, #137, #1919, #1976, #3282, #3648, #1041, #4898, #4040, #592, #2800, #3196, #2400, #4564, #5388, #5013, #622, #2313, #3167, #163, #5359, #2341, #1946, #1014, #1126, #4956, #4926, #1069, #4477, #3677, #4450, #3224, #1863, #2829, #5415, #1515, #3254, #1892, #4071, #4985, #1098, #3398, #5508, #2894, #5133, #4620, #3738, #1610, #708, #5537, #4594, #4222, #5480, #2430, #1237, #1184, #4249, #4647, #1212, #281, #3769, #3850, #2924, #5159, #2034, #1689, #1664, #3826, #5563, #4193, #1580, #3313, #341, #739, #4162, #771, #2466, #2062, #3423, #2862, #5045, #312, #2952, #1637, #3344, #5074, #3372, #2492, #3799, #5105, #367, #4701, #4675, #2090, #799, #2520, #2978, #2546, #5242, #2601, #1291, #5272, #4331, #27, #1830, #3985, #4787, #450, #3451, #934, #531, #2683, #2228, #2656, #1372, #3962, #3562, #108, #4392, #1747, #422, #3032, #3906, #55, #83, #1264, #1318, #3003, #3479, #5213, #1804, #3534, #907, #2628, #2255, #4730, #960, #3505, #4363, #4304, #477, #2200, #853, #4419, #3934, #2143, #5616, #4891, #4981, #4560, #133, #1481, #3644, #3220, #1094, #1396, #3192, #5383, #1037, #4951, #1065, #1915, #3672, #2396, #562, #1888 ) ),
 .UNSPECIFIED., .F., .F., .T. ) 
 B_SPLINE_SURFACE_WITH_KNOTS ( ( 2, 2 ),
 ( 3, 2, 2, 2, 2, 2, 2, 2, 2, 2, 2, 2, 2, 2, 2, 2, 2, 2, 2, 2, 2, 2, 2, 2, 2, 2, 2, 2, 2, 2, 2, 2, 2, 2, 2, 2, 2, 2, 2, 2, 2, 2, 2, 2, 2, 2, 2, 2, 2, 2, 2, 2, 2, 2, 2, 2, 2, 2, 2, 2, 2, 2, 2, 2, 2, 2, 2, 2, 2, 2, 2, 2, 2, 2, 2, 2, 2, 2, 2, 2, 2, 2, 2, 2, 2, 2, 2, 2, 2, 2, 2, 2, 2, 2, 2, 2, 2, 2, 2, 2, 2, 2, 2, 2, 2, 2, 2, 2, 2, 2, 2, 2, 2, 2, 2, 2, 2, 2, 2, 2, 2, 2, 2, 2, 2, 2, 2, 2, 2, 2, 2, 2, 2, 2, 2, 2, 2, 2, 2, 2, 2, 2, 2, 2, 2, 2, 2, 2, 2, 2, 3 ),
 ( 0.000000000000000000, 1.000000000000000000 ),
 ( 0.000000000000000000, 0.006578947368421052266, 0.01315789473684210453, 0.01973684210526315680, 0.02631578947368420907, 0.03289473684210526133, 0.03947368421052631360, 0.04605263157894736586, 0.05263157894736841813, 0.05921052631578947040, 0.06578947368421052266, 0.07236842105263158187, 0.07894736842105262720, 0.08552631578947368640, 0.09210526315789473173, 0.09868421052631579093, 0.1052631578947368363, 0.1118421052631578955, 0.1184210526315789408, 0.1250000000000000000, 0.1315789473684210453, 0.1381578947368421184, 0.1447368421052631637, 0.1513157894736842091, 0.1578947368421052544, 0.1644736842105263275, 0.1710526315789473728, 0.1776315789473684181, 0.1842105263157894635, 0.1907894736842105365, 0.1973684210526315819, 0.2039473684210526272, 0.2105263157894736725, 0.2171052631578947456, 0.2236842105263157909, 0.2302631578947368363, 0.2368421052631578816, 0.2434210526315789547, 0.2500000000000000000, 0.2565789473684210731, 0.2631578947368420907, 0.2697368421052631637, 0.2763157894736842368, 0.2828947368421052544, 0.2894736842105263275, 0.2960526315789473450, 0.3026315789473684181, 0.3092105263157894912, 0.3157894736842105088, 0.3223684210526315819, 0.3289473684210526550, 0.3355263157894736725, 0.3421052631578947456, 0.3486842105263157632, 0.3552631578947368363, 0.3618421052631579093, 0.3684210526315789269, 0.3750000000000000000, 0.3815789473684210731, 0.3881578947368420907, 0.3947368421052631637, 0.4013157894736842368, 0.4078947368421052544, 0.4144736842105263275, 0.4210526315789473450, 0.4276315789473684181, 0.4342105263157894912, 0.4407894736842105088, 0.4473684210526315819, 0.4539473684210526550, 0.4605263157894736725, 0.4671052631578947456, 0.4736842105263157632, 0.4802631578947368363, 0.4868421052631579093, 0.4934210526315789269, 0.5000000000000000000, 0.5065789473684210176, 0.5131578947368421462, 0.5197368421052631637, 0.5263157894736841813, 0.5328947368421053099, 0.5394736842105263275, 0.5460526315789473450, 0.5526315789473684736, 0.5592105263157894912, 0.5657894736842105088, 0.5723684210526315264, 0.5789473684210526550, 0.5855263157894736725, 0.5921052631578946901, 0.5986842105263158187, 0.6052631578947368363, 0.6118421052631578538, 0.6184210526315789824, 0.6250000000000000000, 0.6315789473684210176, 0.6381578947368421462, 0.6447368421052631637, 0.6513157894736841813, 0.6578947368421053099, 0.6644736842105263275, 0.6710526315789473450, 0.6776315789473684736, 0.6842105263157894912, 0.6907894736842105088, 0.6973684210526315264, 0.7039473684210526550, 0.7105263157894736725, 0.7171052631578946901, 0.7236842105263158187, 0.7302631578947368363, 0.7368421052631578538, 0.7434210526315789824, 0.7500000000000000000, 0.7565789473684210176, 0.7631578947368421462, 0.7697368421052631637, 0.7763157894736841813, 0.7828947368421053099, 0.7894736842105263275, 0.7960526315789473450, 0.8026315789473684736, 0.8092105263157894912, 0.8157894736842105088, 0.8223684210526315264, 0.8289473684210526550, 0.8355263157894736725, 0.8421052631578946901, 0.8486842105263158187, 0.8552631578947368363, 0.8618421052631578538, 0.8684210526315789824, 0.8750000000000000000, 0.8815789473684210176, 0.8881578947368421462, 0.8947368421052631637, 0.9013157894736841813, 0.9078947368421053099, 0.9144736842105263275, 0.9210526315789473450, 0.9276315789473684736, 0.9342105263157894912, 0.9407894736842105088, 0.9473684210526315264, 0.9539473684210526550, 0.9605263157894736725, 0.9671052631578946901, 0.9736842105263158187, 0.9802631578947368363, 0.9868421052631578538 ),
 .UNSPECIFIED. ) 
 GEOMETRIC_REPRESENTATION_ITEM ( )  RATIONAL_B_SPLINE_SURFACE ( (
 ( 1.000000000000000000, 0.9238795325112867385, 1.000000000000000000, 0.9238795325112867385, 1.000000000000000000, 0.9238795325112867385, 1.000000000000000000, 0.9238795325112867385, 1.000000000000000000, 0.9238795325112867385, 1.000000000000000000, 0.9238795325112867385, 1.000000000000000000, 0.9238795325112867385, 1.000000000000000000, 0.9238795325112867385, 1.000000000000000000, 0.9238795325112867385, 1.000000000000000000, 0.9238795325112867385, 1.000000000000000000, 0.9238795325112867385, 1.000000000000000000, 0.9238795325112867385, 1.000000000000000000, 0.9238795325112867385, 1.000000000000000000, 0.9238795325112867385, 1.000000000000000000, 0.9238795325112867385, 1.000000000000000000, 0.9238795325112867385, 1.000000000000000000, 0.9238795325112867385, 1.000000000000000000, 0.9238795325112867385, 1.000000000000000000, 0.9238795325112867385, 1.000000000000000000, 0.9238795325112867385, 1.000000000000000000, 0.9238795325112867385, 1.000000000000000000, 0.9238795325112867385, 1.000000000000000000, 0.9238795325112867385, 1.000000000000000000, 0.9238795325112867385, 1.000000000000000000, 0.9238795325112867385, 1.000000000000000000, 0.9238795325112867385, 1.000000000000000000, 0.9238795325112867385, 1.000000000000000000, 0.9238795325112867385, 1.000000000000000000, 0.9238795325112867385, 1.000000000000000000, 0.9238795325112867385, 1.000000000000000000, 0.9238795325112867385, 1.000000000000000000, 0.9238795325112867385, 1.000000000000000000, 0.9238795325112867385, 1.000000000000000000, 0.9238795325112867385, 1.000000000000000000, 0.9238795325112867385, 1.000000000000000000, 0.9238795325112867385, 1.000000000000000000, 0.9238795325112867385, 1.000000000000000000, 0.9238795325112867385, 1.000000000000000000, 0.9238795325112867385, 1.000000000000000000, 0.9238795325112867385, 1.000000000000000000, 0.9238795325112867385, 1.000000000000000000, 0.9238795325112867385, 1.000000000000000000, 0.9238795325112867385, 1.000000000000000000, 0.9238795325112867385, 1.000000000000000000, 0.9238795325112867385, 1.000000000000000000, 0.9238795325112867385, 1.000000000000000000, 0.9238795325112867385, 1.000000000000000000, 0.9238795325112867385, 1.000000000000000000, 0.9238795325112867385, 1.000000000000000000, 0.9238795325112867385, 1.000000000000000000, 0.9238795325112867385, 1.000000000000000000, 0.9238795325112867385, 1.000000000000000000, 0.9238795325112867385, 1.000000000000000000, 0.9238795325112867385, 1.000000000000000000, 0.9238795325112867385, 1.000000000000000000, 0.9238795325112867385, 1.000000000000000000, 0.9238795325112867385, 1.000000000000000000, 0.9238795325112867385, 1.000000000000000000, 0.9238795325112867385, 1.000000000000000000, 0.9238795325112867385, 1.000000000000000000, 0.9238795325112867385, 1.000000000000000000, 0.9238795325112867385, 1.000000000000000000, 0.9238795325112867385, 1.000000000000000000, 0.9238795325112867385, 1.000000000000000000, 0.9238795325112867385, 1.000000000000000000, 0.9238795325112867385, 1.000000000000000000, 0.9238795325112867385, 1.000000000000000000, 0.9238795325112867385, 1.000000000000000000, 0.9238795325112867385, 1.000000000000000000, 0.9238795325112867385, 1.000000000000000000, 0.9238795325112867385, 1.000000000000000000, 0.9238795325112867385, 1.000000000000000000, 0.9238795325112867385, 1.000000000000000000, 0.9238795325112867385, 1.000000000000000000, 0.9238795325112867385, 1.000000000000000000, 0.9238795325112867385, 1.000000000000000000, 0.9238795325112867385, 1.000000000000000000, 0.9238795325112867385, 1.000000000000000000, 0.9238795325112867385, 1.000000000000000000, 0.9238795325112867385, 1.000000000000000000, 0.9238795325112867385, 1.000000000000000000, 0.9238795325112867385, 1.000000000000000000, 0.9238795325112867385, 1.000000000000000000, 0.9238795325112867385, 1.000000000000000000, 0.9238795325112867385, 1.000000000000000000, 0.9238795325112867385, 1.000000000000000000, 0.9238795325112867385, 1.000000000000000000, 0.9238795325112867385, 1.000000000000000000, 0.9238795325112867385, 1.000000000000000000, 0.9238795325112867385, 1.000000000000000000, 0.9238795325112867385, 1.000000000000000000, 0.9238795325112867385, 1.000000000000000000, 0.9238795325112867385, 1.000000000000000000, 0.9238795325112867385, 1.000000000000000000, 0.9238795325112867385, 1.000000000000000000, 0.9238795325112867385, 1.000000000000000000, 0.9238795325112867385, 1.000000000000000000, 0.9238795325112867385, 1.000000000000000000, 0.9238795325112867385, 1.000000000000000000, 0.9238795325112867385, 1.000000000000000000, 0.9238795325112867385, 1.000000000000000000, 0.9238795325112867385, 1.000000000000000000, 0.9238795325112867385, 1.000000000000000000, 0.9238795325112867385, 1.000000000000000000, 0.9238795325112867385, 1.000000000000000000, 0.9238795325112867385, 1.000000000000000000, 0.9238795325112867385, 1.000000000000000000, 0.9238795325112867385, 1.000000000000000000, 0.9238795325112867385, 1.000000000000000000, 0.9238795325112867385, 1.000000000000000000, 0.9238795325112867385, 1.000000000000000000, 0.9238795325112867385, 1.000000000000000000, 0.9238795325112867385, 1.000000000000000000, 0.9238795325112867385, 1.000000000000000000, 0.9238795325112867385, 1.000000000000000000, 0.9238795325112867385, 1.000000000000000000, 0.9238795325112867385, 1.000000000000000000, 0.9238795325112867385, 1.000000000000000000, 0.9238795325112867385, 1.000000000000000000, 0.9238795325112867385, 1.000000000000000000, 0.9238795325112867385, 1.000000000000000000, 0.9238795325112867385, 1.000000000000000000, 0.9238795325112867385, 1.000000000000000000, 0.9238795325112867385, 1.000000000000000000, 0.9238795325112867385, 1.000000000000000000, 0.9238795325112867385, 1.000000000000000000, 0.9238795325112867385, 1.000000000000000000, 0.9238795325112867385, 1.000000000000000000, 0.9238795325112867385, 1.000000000000000000, 0.9238795325112867385, 1.000000000000000000, 0.9238795325112867385, 1.000000000000000000, 0.9238795325112867385, 1.000000000000000000, 0.9238795325112867385, 1.000000000000000000, 0.9238795325112867385, 1.000000000000000000, 0.9238795325112867385, 1.000000000000000000, 0.9238795325112867385, 1.000000000000000000, 0.9238795325112867385, 1.000000000000000000, 0.9238795325112867385, 1.000000000000000000, 0.9238795325112867385, 1.000000000000000000, 0.9238795325112867385, 1.000000000000000000, 0.9238795325112867385, 1.000000000000000000, 0.9238795325112867385, 1.000000000000000000, 0.9238795325112867385, 1.000000000000000000, 0.9238795325112867385, 1.000000000000000000, 0.9238795325112867385, 1.000000000000000000, 0.9238795325112867385, 1.000000000000000000, 0.9238795325112867385, 1.000000000000000000, 0.9238795325112867385, 1.000000000000000000, 0.9238795325112867385, 1.000000000000000000, 0.9238795325112867385, 1.000000000000000000),
 ( 1.000000000000000000, 0.9238795325112867385, 1.000000000000000000, 0.9238795325112867385, 1.000000000000000000, 0.9238795325112867385, 1.000000000000000000, 0.9238795325112867385, 1.000000000000000000, 0.9238795325112867385, 1.000000000000000000, 0.9238795325112867385, 1.000000000000000000, 0.9238795325112867385, 1.000000000000000000, 0.9238795325112867385, 1.000000000000000000, 0.9238795325112867385, 1.000000000000000000, 0.9238795325112867385, 1.000000000000000000, 0.9238795325112867385, 1.000000000000000000, 0.9238795325112867385, 1.000000000000000000, 0.9238795325112867385, 1.000000000000000000, 0.9238795325112867385, 1.000000000000000000, 0.9238795325112867385, 1.000000000000000000, 0.9238795325112867385, 1.000000000000000000, 0.9238795325112867385, 1.000000000000000000, 0.9238795325112867385, 1.000000000000000000, 0.9238795325112867385, 1.000000000000000000, 0.9238795325112867385, 1.000000000000000000, 0.9238795325112867385, 1.000000000000000000, 0.9238795325112867385, 1.000000000000000000, 0.9238795325112867385, 1.000000000000000000, 0.9238795325112867385, 1.000000000000000000, 0.9238795325112867385, 1.000000000000000000, 0.9238795325112867385, 1.000000000000000000, 0.9238795325112867385, 1.000000000000000000, 0.9238795325112867385, 1.000000000000000000, 0.9238795325112867385, 1.000000000000000000, 0.9238795325112867385, 1.000000000000000000, 0.9238795325112867385, 1.000000000000000000, 0.9238795325112867385, 1.000000000000000000, 0.9238795325112867385, 1.000000000000000000, 0.9238795325112867385, 1.000000000000000000, 0.9238795325112867385, 1.000000000000000000, 0.9238795325112867385, 1.000000000000000000, 0.9238795325112867385, 1.000000000000000000, 0.9238795325112867385, 1.000000000000000000, 0.9238795325112867385, 1.000000000000000000, 0.9238795325112867385, 1.000000000000000000, 0.9238795325112867385, 1.000000000000000000, 0.9238795325112867385, 1.000000000000000000, 0.9238795325112867385, 1.000000000000000000, 0.9238795325112867385, 1.000000000000000000, 0.9238795325112867385, 1.000000000000000000, 0.9238795325112867385, 1.000000000000000000, 0.9238795325112867385, 1.000000000000000000, 0.9238795325112867385, 1.000000000000000000, 0.9238795325112867385, 1.000000000000000000, 0.9238795325112867385, 1.000000000000000000, 0.9238795325112867385, 1.000000000000000000, 0.9238795325112867385, 1.000000000000000000, 0.9238795325112867385, 1.000000000000000000, 0.9238795325112867385, 1.000000000000000000, 0.9238795325112867385, 1.000000000000000000, 0.9238795325112867385, 1.000000000000000000, 0.9238795325112867385, 1.000000000000000000, 0.9238795325112867385, 1.000000000000000000, 0.9238795325112867385, 1.000000000000000000, 0.9238795325112867385, 1.000000000000000000, 0.9238795325112867385, 1.000000000000000000, 0.9238795325112867385, 1.000000000000000000, 0.9238795325112867385, 1.000000000000000000, 0.9238795325112867385, 1.000000000000000000, 0.9238795325112867385, 1.000000000000000000, 0.9238795325112867385, 1.000000000000000000, 0.9238795325112867385, 1.000000000000000000, 0.9238795325112867385, 1.000000000000000000, 0.9238795325112867385, 1.000000000000000000, 0.9238795325112867385, 1.000000000000000000, 0.9238795325112867385, 1.000000000000000000, 0.9238795325112867385, 1.000000000000000000, 0.9238795325112867385, 1.000000000000000000, 0.9238795325112867385, 1.000000000000000000, 0.9238795325112867385, 1.000000000000000000, 0.9238795325112867385, 1.000000000000000000, 0.9238795325112867385, 1.000000000000000000, 0.9238795325112867385, 1.000000000000000000, 0.9238795325112867385, 1.000000000000000000, 0.9238795325112867385, 1.000000000000000000, 0.9238795325112867385, 1.000000000000000000, 0.9238795325112867385, 1.000000000000000000, 0.9238795325112867385, 1.000000000000000000, 0.9238795325112867385, 1.000000000000000000, 0.9238795325112867385, 1.000000000000000000, 0.9238795325112867385, 1.000000000000000000, 0.9238795325112867385, 1.000000000000000000, 0.9238795325112867385, 1.000000000000000000, 0.9238795325112867385, 1.000000000000000000, 0.9238795325112867385, 1.000000000000000000, 0.9238795325112867385, 1.000000000000000000, 0.9238795325112867385, 1.000000000000000000, 0.9238795325112867385, 1.000000000000000000, 0.9238795325112867385, 1.000000000000000000, 0.9238795325112867385, 1.000000000000000000, 0.9238795325112867385, 1.000000000000000000, 0.9238795325112867385, 1.000000000000000000, 0.9238795325112867385, 1.000000000000000000, 0.9238795325112867385, 1.000000000000000000, 0.9238795325112867385, 1.000000000000000000, 0.9238795325112867385, 1.000000000000000000, 0.9238795325112867385, 1.000000000000000000, 0.9238795325112867385, 1.000000000000000000, 0.9238795325112867385, 1.000000000000000000, 0.9238795325112867385, 1.000000000000000000, 0.9238795325112867385, 1.000000000000000000, 0.9238795325112867385, 1.000000000000000000, 0.9238795325112867385, 1.000000000000000000, 0.9238795325112867385, 1.000000000000000000, 0.9238795325112867385, 1.000000000000000000, 0.9238795325112867385, 1.000000000000000000, 0.9238795325112867385, 1.000000000000000000, 0.9238795325112867385, 1.000000000000000000, 0.9238795325112867385, 1.000000000000000000, 0.9238795325112867385, 1.000000000000000000, 0.9238795325112867385, 1.000000000000000000, 0.9238795325112867385, 1.000000000000000000, 0.9238795325112867385, 1.000000000000000000, 0.9238795325112867385, 1.000000000000000000, 0.9238795325112867385, 1.000000000000000000, 0.9238795325112867385, 1.000000000000000000, 0.9238795325112867385, 1.000000000000000000, 0.9238795325112867385, 1.000000000000000000, 0.9238795325112867385, 1.000000000000000000, 0.9238795325112867385, 1.000000000000000000, 0.9238795325112867385, 1.000000000000000000, 0.9238795325112867385, 1.000000000000000000, 0.9238795325112867385, 1.000000000000000000, 0.9238795325112867385, 1.000000000000000000, 0.9238795325112867385, 1.000000000000000000, 0.9238795325112867385, 1.000000000000000000, 0.9238795325112867385, 1.000000000000000000, 0.9238795325112867385, 1.000000000000000000, 0.9238795325112867385, 1.000000000000000000, 0.9238795325112867385, 1.000000000000000000, 0.9238795325112867385, 1.000000000000000000, 0.9238795325112867385, 1.000000000000000000, 0.9238795325112867385, 1.000000000000000000, 0.9238795325112867385, 1.000000000000000000, 0.9238795325112867385, 1.000000000000000000, 0.9238795325112867385, 1.000000000000000000, 0.9238795325112867385, 1.000000000000000000, 0.9238795325112867385, 1.000000000000000000, 0.9238795325112867385, 1.000000000000000000, 0.9238795325112867385, 1.000000000000000000, 0.9238795325112867385, 1.000000000000000000, 0.9238795325112867385, 1.000000000000000000, 0.9238795325112867385, 1.000000000000000000, 0.9238795325112867385, 1.000000000000000000, 0.9238795325112867385, 1.000000000000000000) ) ) 
 REPRESENTATION_ITEM ( '' )  SURFACE ( )  );
#4062 = CARTESIAN_POINT ( 'NONE',  ( 1.399999999999999689, 3.783837241847097577, 2.180030772861000887 ) ) ;
#4063 = CARTESIAN_POINT ( 'NONE',  ( 16.84857515284035401, -2.333757938664972720, -0.4424792892287593427 ) ) ;
#4064 = ORIENTED_EDGE ( 'NONE', *, *, #319, .F. ) ;
#4065 = CARTESIAN_POINT ( 'NONE',  ( 0.5599999999999997202, 1.243302455812431484, -4.626370212059587317 ) ) ;
#4066 = CARTESIAN_POINT ( 'NONE',  ( 2.633320885711256665, 2.168287024376244432, 0.5860081557719116763 ) ) ;
#4067 = FILL_AREA_STYLE ('',( #4013 ) ) ;
#4068 = CARTESIAN_POINT ( 'NONE',  ( 5.449988266494568911, -1.980399999999995497, -0.8203085389236758340 ) ) ;
#4069 = CARTESIAN_POINT ( 'NONE',  ( 3.483312085582212614, -0.2496394708905721460, -1.931683844389392890 ) ) ;
#4070 = CARTESIAN_POINT ( 'NONE',  ( 12.89998826649456909, 1.400354269461835610, -1.400354269461835610 ) ) ;
#4071 = CARTESIAN_POINT ( 'NONE',  ( 9.449979466365498126, 1.035533905932736864, 2.499999999999996447 ) ) ;
#4072 = CARTESIAN_POINT ( 'NONE',  ( 5.899991199870924241, -3.546571220161960972E-16, 1.980399999999998828 ) ) ;
#4073 = CARTESIAN_POINT ( 'NONE',  ( 2.358001292955074657, 1.887679838654918285, -1.664406015616729517 ) ) ;
#4074 = CARTESIAN_POINT ( 'NONE',  ( 2.816657152420831700, -1.447622135451854808, 1.108481279229219130 ) ) ;
#4075 = CARTESIAN_POINT ( 'NONE',  ( 7.549991199870922820, -0.8203085389236779434, 1.980399999999998162 ) ) ;
#4076 = PRESENTATION_LAYER_ASSIGNMENT (  '', '', ( #5269 ) ) ;
#4077 = CARTESIAN_POINT ( 'NONE',  ( 0.8399999999999996358, 4.750000000000000888, -0.6217735460229795175 ) ) ;
#4078 = CARTESIAN_POINT ( 'NONE',  ( 8.574988999838653925, -1.937099999999994715, -2.372263314628331252E-16 ) ) ;
#4079 = CARTESIAN_POINT ( 'NONE',  ( 3.849988266494568379, -1.980399999999995941, -0.8203085389236761671 ) ) ;
#4080 = CARTESIAN_POINT ( 'NONE',  ( 8.649988266494569089, -1.980399999999995497, -0.8203085389236758340 ) ) ;
#4081 = CARTESIAN_POINT ( 'NONE',  ( 13.54999119987092193, 0.8203085389236772773, -1.980399999999999050 ) ) ;
#4082 = CARTESIAN_POINT ( 'NONE',  ( 8.199991199870924063, 1.400354269461837387, 1.400354269461838053 ) ) ;
#4083 = CARTESIAN_POINT ( 'NONE',  ( 15.34999119987092442, 1.980399999999998162, 0.8203085389236781655 ) ) ;
#4084 = ADVANCED_FACE ( 'NONE', ( #4471 ), #557, .T. ) ;
#4085 = CARTESIAN_POINT ( 'NONE',  ( 8.499979466365495284, 2.499999999999996891, 0.000000000000000000 ) ) ;
#4086 = CARTESIAN_POINT ( 'NONE',  ( -1.224698418616533548E-17, 1.732050807568877415, 6.510658844684554623E-17 ) ) ;
#4087 = CARTESIAN_POINT ( 'NONE',  ( 17.27498899983865499, -1.369736545836457653, 1.369736545836457431 ) ) ;
#4088 = CARTESIAN_POINT ( 'NONE',  ( 12.99998826649456873, 1.980399999999995941, 0.000000000000000000 ) ) ;
#4089 = CARTESIAN_POINT ( 'NONE',  ( 2.116657152420876820, -2.845232116504536002, -0.3756449824531246096 ) ) ;
#4090 = CARTESIAN_POINT ( 'NONE',  ( 1.400000000000184208, 3.798417497483077998, 2.919096923789369580 ) ) ;
#4091 = CARTESIAN_POINT ( 'NONE',  ( 9.599999999999997868, -4.443764293830475515E-16, 2.499999999999996891 ) ) ;
#4092 = CARTESIAN_POINT ( 'NONE',  ( 1.399999999999999689, 3.061772362537753533, 3.061772362537749093 ) ) ;
#4093 = CARTESIAN_POINT ( 'NONE',  ( 10.82499046652683283, -1.369736545836458985, 1.369736545836458541 ) ) ;
#4094 = CARTESIAN_POINT ( 'NONE',  ( 2.216654219044589702, -2.845232116484475604, -0.3756449824954659067 ) ) ;
#4095 = ORIENTED_EDGE ( 'NONE', *, *, #4715, .T. ) ;
#4096 = CARTESIAN_POINT ( 'NONE',  ( 17.26019787792154503, -1.737878824281738455, 0.9041784152955384402 ) ) ;
#4097 = CARTESIAN_POINT ( 'NONE',  ( 2.166654219044530372, -2.844603324611402861, 0.7611760783342398362 ) ) ;
#4098 = CARTESIAN_POINT ( 'NONE',  ( 2.483320885711180814, 1.507832097834863161, -1.956815009724585996 ) ) ;
#4099 = CARTESIAN_POINT ( 'NONE',  ( 12.64998826649457087, -1.980399999999995497, -0.8203085389236758340 ) ) ;
#4100 = CARTESIAN_POINT ( 'NONE',  ( 11.99997946636549528, -1.767766952966367100, 1.767766952966366434 ) ) ;
#4101 = CARTESIAN_POINT ( 'NONE',  ( 15.75000000000000000, 2.499999999999996891, -1.035533905932736642 ) ) ;
#4102 = CARTESIAN_POINT ( 'NONE',  ( 4.399991199870922465, -1.400354269461838275, 1.400354269461837831 ) ) ;
#4103 = CARTESIAN_POINT ( 'NONE',  ( 15.39999999999999858, -2.499999999999996891, -3.061616997868379197E-16 ) ) ;
#4104 = CARTESIAN_POINT ( 'NONE',  ( 3.066657152420961818, -0.3731041870542649574, -1.400633402320432319 ) ) ;
#4105 = CARTESIAN_POINT ( 'NONE',  ( 3.999991199870923442, 1.400354269461837831, -1.400354269461837831 ) ) ;
#4106 = CARTESIAN_POINT ( 'NONE',  ( 0.8399999999999996358, -0.6217735460229791844, -4.749999999999999112 ) ) ;
#4107 = VERTEX_POINT ( 'NONE', #5584 ) ;
#4108 = CARTESIAN_POINT ( 'NONE',  ( 6.474988999838652504, 1.369736545836457653, -1.369736545836457653 ) ) ;
#4109 = CARTESIAN_POINT ( 'NONE',  ( 5.799988266494568556, 1.980399999999995941, 0.000000000000000000 ) ) ;
#4110 = CARTESIAN_POINT ( 'NONE',  ( 8.849988266494568379, 0.8203085389236757230, -1.980399999999995497 ) ) ;
#4111 = CARTESIAN_POINT ( 'NONE',  ( 13.14999119987092335, -0.8203085389236781655, 1.980399999999998606 ) ) ;
#4112 = CARTESIAN_POINT ( 'NONE',  ( 5.999991199870922998, -1.400354269461838053, 1.400354269461837609 ) ) ;
#4113 = CARTESIAN_POINT ( 'NONE',  ( 15.79999119987092548, -1.400354269461837609, -1.400354269461837831 ) ) ;
#4114 = CARTESIAN_POINT ( 'NONE',  ( 7.349979466365495817, -2.499999999999996891, -1.035533905932736864 ) ) ;
#4115 = CARTESIAN_POINT ( 'NONE',  ( 2.652799001295452541, -2.029985726154078129, 1.106113103780728801 ) ) ;
#4116 = CARTESIAN_POINT ( 'NONE',  ( 16.92498899983865357, 1.937099999999994937, -0.8023730916729204798 ) ) ;
#4117 = CARTESIAN_POINT ( 'NONE',  ( 14.24998826649457051, -1.980399999999995941, -0.8203085389236761671 ) ) ;
#4118 = PLANE ( 'NONE',  #2880 ) ;
#4119 = CARTESIAN_POINT ( 'NONE',  ( 1.399999999999999911, -1.243302455813090956, 4.626370212058965592 ) ) ;
#4120 = CARTESIAN_POINT ( 'NONE',  ( 9.549999999999997158, 1.035533905932736864, 2.499999999999996447 ) ) ;
#4121 = CARTESIAN_POINT ( 'NONE',  ( 2.468074991390144746, 1.010362971081845362, -1.250000000000000222 ) ) ;
#4122 = CARTESIAN_POINT ( 'NONE',  ( 11.87499046652683354, -0.8023730916729210350, -1.937099999999996713 ) ) ;
#4123 = CARTESIAN_POINT ( 'NONE',  ( 3.683314194830651367, 1.635168873912907550, -0.2107968909837577010 ) ) ;
#4124 = ORIENTED_EDGE ( 'NONE', *, *, #3531, .T. ) ;
#4125 = CARTESIAN_POINT ( 'NONE',  ( 17.25267445830325386, -1.764132506291693714, 0.8689433542361076901 ) ) ;
#4126 = SURFACE_STYLE_USAGE ( .BOTH. , #2462 ) ;
#4127 = B_SPLINE_CURVE_WITH_KNOTS ( 'NONE', 1,
 ( #2837, #170 ),
 .UNSPECIFIED., .F., .F.,
 ( 2, 2 ),
 ( 0.000000000000000000, 1.000000000000000000 ),
 .UNSPECIFIED. ) ;
#4128 = CARTESIAN_POINT ( 'NONE',  ( 3.416645418915526644, -1.245578573568056235, -1.626018500024912772 ) ) ;
#4129 = CARTESIAN_POINT ( 'NONE',  ( -2.162197971077947298E-16, -3.462557424021309060, -2.660987301054316134 ) ) ;
#4130 = CARTESIAN_POINT ( 'NONE',  ( 11.54997946636549777, 1.035533905932736642, -2.499999999999996891 ) ) ;
#4131 = CARTESIAN_POINT ( 'NONE',  ( 14.40000000000000036, -4.369433692344428752E-16, 2.499999999999996891 ) ) ;
#4132 = CARTESIAN_POINT ( 'NONE',  ( 4.349991199870921754, -0.8203085389236781655, 1.980399999999998606 ) ) ;
#4133 = CARTESIAN_POINT ( 'NONE',  ( 17.14999999999999858, -1.035533905932736420, -2.499999999999996891 ) ) ;
#4134 = CARTESIAN_POINT ( 'NONE',  ( 2.141656419076867213, -2.801932085109119175, -0.3699772665416908857 ) ) ;
#4135 = CARTESIAN_POINT ( 'NONE',  ( 3.749991199870923886, -1.980399999999998606, -0.8203085389236771663 ) ) ;
#4136 = CARTESIAN_POINT ( 'NONE',  ( 11.44998826649456625, 1.980399999999995053, 0.8203085389236768332 ) ) ;
#4137 = CARTESIAN_POINT ( 'NONE',  ( 0.8399999999999995248, -2.919096919880846297, 3.798417501391354367 ) ) ;
#4138 = CARTESIAN_POINT ( 'NONE',  ( 8.274988999838654991, 1.369736545836457431, 1.369736545836457653 ) ) ;
#4139 = CARTESIAN_POINT ( 'NONE',  ( 3.499988266494568290, 1.400354269461835388, 1.400354269461836054 ) ) ;
#4140 = CARTESIAN_POINT ( 'NONE',  ( 7.449988266494568023, 1.980399999999995053, 0.8203085389236769442 ) ) ;
#4141 = CARTESIAN_POINT ( 'NONE',  ( 12.99999119987092477, 1.400354269461837609, 1.400354269461838275 ) ) ;
#4142 = CARTESIAN_POINT ( 'NONE',  ( 7.949991199870924063, 0.8203085389236771663, -1.980399999999998384 ) ) ;
#4143 = CARTESIAN_POINT ( 'NONE',  ( 5.999999999999998224, 1.623721750791748053E-16, -2.499999999999996891 ) ) ;
#4144 = CARTESIAN_POINT ( 'NONE',  ( 13.39999119987092335, -1.400354269461837609, -1.400354269461837831 ) ) ;
#4145 = CARTESIAN_POINT ( 'NONE',  ( 9.899979466365495639, 1.684115046524702218E-16, -2.499999999999996891 ) ) ;
#4146 = CARTESIAN_POINT ( 'NONE',  ( 16.69999119987092229, 1.471253675244478174E-16, -1.980399999999998384 ) ) ;
#4147 = CARTESIAN_POINT ( 'NONE',  ( 15.87498899983865641, -1.369736545836457431, -1.369736545836457653 ) ) ;
#4148 = CARTESIAN_POINT ( 'NONE',  ( 14.84998826649456838, -0.8203085389236768332, 1.980399999999995497 ) ) ;
#4149 = CARTESIAN_POINT ( 'NONE',  ( 15.24998826649457051, 0.8203085389236757230, -1.980399999999995497 ) ) ;
#4150 = CARTESIAN_POINT ( 'NONE',  ( 0.8399999999999998579, 1.243302455813077856, 4.626370212059319975 ) ) ;
#4151 = CARTESIAN_POINT ( 'NONE',  ( 9.649999999999998579, -1.035533905932737753, 2.499999999999996447 ) ) ;
#4152 = CARTESIAN_POINT ( 'NONE',  ( 5.149999999999998579, -1.035533905932736420, -2.499999999999996891 ) ) ;
#4153 = CARTESIAN_POINT ( 'NONE',  ( 1.399999999999999689, -1.134007751421274968, 4.216959509699785613 ) ) ;
#4154 = CARTESIAN_POINT ( 'NONE',  ( 10.37499046652683354, 0.8023730916729211460, -1.937099999999996713 ) ) ;
#4155 = CARTESIAN_POINT ( 'NONE',  ( 1.959989355029750913, 0.9968001606991205854, 3.067790757783297018 ) ) ;
#4156 = EDGE_LOOP ( 'NONE', ( #476 ) ) ;
#4157 = CARTESIAN_POINT ( 'NONE',  ( 12.99999119987092477, 1.400354269461837387, 1.400354269461838053 ) ) ;
#4158 = DIRECTION ( 'NONE',  ( -1.000000000000000000, -1.548554197625976421E-18, -0.000000000000000000 ) ) ;
#4159 = EDGE_CURVE ( 'NONE', #2231, #2231, #2031, .T. ) ;
#4160 = CARTESIAN_POINT ( 'NONE',  ( 2.833320885711250625, -0.5083996580249561248, 1.879491457814528088 ) ) ;
#4161 = CARTESIAN_POINT ( 'NONE',  ( -6.166895060857432191E-14, -1.243302455812909546, 4.626370212059210729 ) ) ;
#4162 = CARTESIAN_POINT ( 'NONE',  ( 7.649979466365497416, 2.499999999999996891, -1.035533905932736642 ) ) ;
#4163 = CARTESIAN_POINT ( 'NONE',  ( 14.29999999999999893, 1.767766952966366212, 1.767766952966367100 ) ) ;
#4164 = CARTESIAN_POINT ( 'NONE',  ( 16.12499046652683532, 1.937099999999996269, 0.000000000000000000 ) ) ;
#4165 = CARTESIAN_POINT ( 'NONE',  ( 15.79999999999999893, 2.499999999999996891, 0.000000000000000000 ) ) ;
#4166 = CARTESIAN_POINT ( 'NONE',  ( 2.858323085743470493, -1.521115772952872813, 0.8730354910130192492 ) ) ;
#4167 = CARTESIAN_POINT ( 'NONE',  ( 13.37499046652683532, -1.937099999999996713, -0.8023730916729213680 ) ) ;
#4168 = CARTESIAN_POINT ( 'NONE',  ( -1.741597266087475167E-16, -3.783837241845771970, 2.180030772862986854 ) ) ;
#4169 = CARTESIAN_POINT ( 'NONE',  ( 9.849988266494568379, 1.980399999999995053, 0.8203085389236768332 ) ) ;
#4170 = CARTESIAN_POINT ( 'NONE',  ( 2.366657152420889698, 1.249215739409796466, -2.161036307758587682 ) ) ;
#4171 = ORIENTED_EDGE ( 'NONE', *, *, #3336, .T. ) ;
#4172 = CARTESIAN_POINT ( 'NONE',  ( 6.124988999838656412, -1.937099999999995603, 0.8023730916729199247 ) ) ;
#4173 = CARTESIAN_POINT ( 'NONE',  ( 4.099988266494568379, 1.400354269461835832, -1.400354269461835832 ) ) ;
#4174 = CARTESIAN_POINT ( 'NONE',  ( 6.549988266494567668, 1.980399999999995497, -0.8203085389236757230 ) ) ;
#4175 = CARTESIAN_POINT ( 'NONE',  ( 14.34999119987092442, 0.8203085389236772773, -1.980399999999999050 ) ) ;
#4176 = CARTESIAN_POINT ( 'NONE',  ( 6.099991199870922642, -1.980399999999998384, -2.425290521031416718E-16 ) ) ;
#4177 = CARTESIAN_POINT ( 'NONE',  ( 7.249999999999997335, -1.035533905932737753, 2.499999999999996447 ) ) ;
#4178 = CARTESIAN_POINT ( 'NONE',  ( 11.99999119987092300, 1.400354269461837831, -1.400354269461837831 ) ) ;
#4179 = CARTESIAN_POINT ( 'NONE',  ( 5.099979466365495817, 1.609784445038655454E-16, -2.499999999999996891 ) ) ;
#4180 = CARTESIAN_POINT ( 'NONE',  ( 16.34999119987092442, -0.8203085389236779434, 1.980399999999997718 ) ) ;
#4181 = CARTESIAN_POINT ( 'NONE',  ( 14.47498899983865428, 1.369736545836457653, -1.369736545836457653 ) ) ;
#4182 = CARTESIAN_POINT ( 'NONE',  ( 15.89998826649456909, -1.400354269461835610, -1.400354269461835832 ) ) ;
#4183 = CARTESIAN_POINT ( 'NONE',  ( 15.74998826649456873, -1.980399999999995941, 0.8203085389236751679 ) ) ;
#4184 = CARTESIAN_POINT ( 'NONE',  ( 0.8399999999999998579, 2.919096923789190612, 3.798417497483012273 ) ) ;
#4185 = CARTESIAN_POINT ( 'NONE',  ( 7.049999999999999822, 2.499999999999996447, 1.035533905932737975 ) ) ;
#4186 = CARTESIAN_POINT ( 'NONE',  ( 1.399999999999999689, -3.783705236245621162, 2.179976094351131266 ) ) ;
#4187 = CARTESIAN_POINT ( 'NONE',  ( 12.62499046652683354, -1.369736545836458541, -1.369736545836458763 ) ) ;
#4188 = CARTESIAN_POINT ( 'NONE',  ( 3.033320885711289883, -1.590695894712187419, -0.4307911559675390301 ) ) ;
#4189 = CARTESIAN_POINT ( 'NONE',  ( 2.016665952549939078, 0.4048493625087959402, -3.068319622886079845 ) ) ;
#4190 = CARTESIAN_POINT ( 'NONE',  ( 13.69999119987092406, 1.980399999999998384, 0.000000000000000000 ) ) ;
#4191 = CARTESIAN_POINT ( 'NONE',  ( 3.633312085582139694, 1.494795013224899716, -0.8578616320042437016 ) ) ;
#4192 = CARTESIAN_POINT ( 'NONE',  ( 0.5599999999999997202, 4.750000000000000888, -0.6217735404963292689 ) ) ;
#4193 = CARTESIAN_POINT ( 'NONE',  ( 7.899979466365496528, -4.470090033164575497E-16, 2.499999999999996891 ) ) ;
#4194 = EDGE_CURVE ( 'NONE', #2737, #4107, #5350, .T. ) ;
#4195 = CARTESIAN_POINT ( 'NONE',  ( 15.54999999999999538, -1.035533905932736420, -2.499999999999996891 ) ) ;
#4196 = CARTESIAN_POINT ( 'NONE',  ( 15.72499046652683496, -1.937099999999996269, -2.372263314628333717E-16 ) ) ;
#4197 = CARTESIAN_POINT ( 'NONE',  ( 14.64999999999999680, -2.499999999999996891, -1.035533905932736642 ) ) ;
#4198 = CARTESIAN_POINT ( 'NONE',  ( 2.558323085743520853, 2.126113943984439647, 0.5746747087345026594 ) ) ;
#4199 = CARTESIAN_POINT ( 'NONE',  ( 13.12499046652683354, -3.355147381135089469E-16, 1.937099999999996269 ) ) ;
#4200 = CARTESIAN_POINT ( 'NONE',  ( 4.199991199870924063, 1.400354269461837387, 1.400354269461838053 ) ) ;
#4201 = CARTESIAN_POINT ( 'NONE',  ( 10.64998826649456909, 1.980399999999995053, 0.8203085389236768332 ) ) ;
#4202 = CARTESIAN_POINT ( 'NONE',  ( 3.066657152420966703, -0.3731041799213895005, -1.400633402492861501 ) ) ;
#4203 = CARTESIAN_POINT ( 'NONE',  ( 4.074988999838653925, 1.369736545836457653, -1.369736545836457653 ) ) ;
#4204 = CARTESIAN_POINT ( 'NONE',  ( 15.69997946636549813, 2.499999999999996891, 0.000000000000000000 ) ) ;
#4205 = CARTESIAN_POINT ( 'NONE',  ( 6.899988266494569089, -1.400354269461835832, 1.400354269461835388 ) ) ;
#4206 = CARTESIAN_POINT ( 'NONE',  ( 10.54999119987092371, 1.980399999999998606, 0.8203085389236783875 ) ) ;
#4207 = CARTESIAN_POINT ( 'NONE',  ( 4.249991199870923886, 0.8203085389236773883, 1.980399999999997718 ) ) ;
#4208 = CARTESIAN_POINT ( 'NONE',  ( 6.549999999999998934, -2.499999999999997335, 1.035533905932735976 ) ) ;
#4209 = CARTESIAN_POINT ( 'NONE',  ( 11.09999119987092442, 1.384534640177423535E-16, -1.980399999999998384 ) ) ;
#4210 = CARTESIAN_POINT ( 'NONE',  ( 6.249979466365496172, 1.035533905932736864, 2.499999999999996447 ) ) ;
#4211 = CARTESIAN_POINT ( 'NONE',  ( 14.54999119987092371, 1.980399999999997718, 0.8203085389236781655 ) ) ;
#4212 = CARTESIAN_POINT ( 'NONE',  ( 13.82498899983865570, 1.937099999999994049, 0.8023730916729217011 ) ) ;
#4213 = CARTESIAN_POINT ( 'NONE',  ( 12.49998826649456873, -1.400354269461836054, 1.400354269461835610 ) ) ;
#4214 = CARTESIAN_POINT ( 'NONE',  ( 17.09998826649457015, 1.400354269461835166, 1.400354269461835832 ) ) ;
#4215 = CARTESIAN_POINT ( 'NONE',  ( 1.399999999999999689, -1.133368343930617916, -4.217301688045794528 ) ) ;
#4216 = CARTESIAN_POINT ( 'NONE',  ( 6.499999999999999112, -1.767766952966367100, 1.767766952966366434 ) ) ;
#4217 = CARTESIAN_POINT ( 'NONE',  ( 16.14997946636549742, -2.499999999999996891, -1.035533905932736864 ) ) ;
#4218 = CARTESIAN_POINT ( 'NONE',  ( 6.924990466526832478, -1.937099999999996269, -2.372263314628333717E-16 ) ) ;
#4219 = CARTESIAN_POINT ( 'NONE',  ( 2.566654219044551599, 2.267015355839938184, -0.6059473173505465216 ) ) ;
#4220 = CARTESIAN_POINT ( 'NONE',  ( 2.683332619216642012, -1.660984785989375156, -1.280494249033291787 ) ) ;
#4221 = CARTESIAN_POINT ( 'NONE',  ( 2.766665952550031005, -0.5091107214583040497, -1.906708970751122667 ) ) ;
#4222 = CARTESIAN_POINT ( 'NONE',  ( 8.799979466365495995, -1.767766952966367100, 1.767766952966366434 ) ) ;
#4223 = CARTESIAN_POINT ( 'NONE',  ( 14.79999999999999893, 1.759994520182833950E-16, -2.499999999999996891 ) ) ;
#4224 = CARTESIAN_POINT ( 'NONE',  ( 15.22499046652683496, 1.369736545836458763, -1.369736545836458763 ) ) ;
#4225 = CARTESIAN_POINT ( 'NONE',  ( 12.04999999999999716, -1.035533905932737753, 2.499999999999996447 ) ) ;
#4226 = CARTESIAN_POINT ( 'NONE',  ( 3.241654952388633326, 0.6301031205684646253, -1.086841886557286418 ) ) ;
#4227 = CARTESIAN_POINT ( 'NONE',  ( 3.299991199870922376, 1.980399999999998384, 0.000000000000000000 ) ) ;
#4228 = CARTESIAN_POINT ( 'NONE',  ( 11.64998826649457264, -0.8203085389236766112, 1.980399999999995053 ) ) ;
#4229 = CARTESIAN_POINT ( 'NONE',  ( 2.783323819087605067, -1.143395732999716419, 1.482589360746878082 ) ) ;
#4230 = CARTESIAN_POINT ( 'NONE',  ( 4.374988999838653747, -3.490645896139820173E-16, 1.937099999999994715 ) ) ;
#4231 = CARTESIAN_POINT ( 'NONE',  ( 3.249988266494569178, 0.8203085389236759450, -1.980399999999995941 ) ) ;
#4232 = CARTESIAN_POINT ( 'NONE',  ( 6.649988266494569977, 1.980399999999995053, 0.8203085389236769442 ) ) ;
#4233 = CARTESIAN_POINT ( 'NONE',  ( 12.69999119987092229, 1.409311507339439287E-16, -1.980399999999998828 ) ) ;
#4234 = CARTESIAN_POINT ( 'NONE',  ( 5.099991199870923531, -3.558959653742968108E-16, 1.980399999999998384 ) ) ;
#4235 = CARTESIAN_POINT ( 'NONE',  ( 5.649999999999998579, -1.035533905932737753, 2.499999999999996447 ) ) ;
#4236 = CARTESIAN_POINT ( 'NONE',  ( 11.04999119987092371, -0.8203085389236767222, -1.980399999999998606 ) ) ;
#4237 = CARTESIAN_POINT ( 'NONE',  ( 4.649979466365496528, 1.035533905932736864, 2.499999999999996447 ) ) ;
#4238 = CARTESIAN_POINT ( 'NONE',  ( 14.49999119987092477, 1.980399999999998384, 0.000000000000000000 ) ) ;
#4239 = CARTESIAN_POINT ( 'NONE',  ( 13.22498899983865606, -0.8023730916729214790, 1.937099999999994049 ) ) ;
#4240 = CARTESIAN_POINT ( 'NONE',  ( 10.59998826649456660, 1.980399999999995941, 0.000000000000000000 ) ) ;
#4241 = CARTESIAN_POINT ( 'NONE',  ( 16.94998826649457158, 1.980399999999995497, -0.8203085389236757230 ) ) ;
#4242 = DIRECTION ( 'NONE',  ( -1.000000000000000000, -1.548554197625976421E-18, 0.000000000000000000 ) ) ;
#4243 = CARTESIAN_POINT ( 'NONE',  ( 6.649999999999997691, -2.499999999999996891, -1.035533905932736642 ) ) ;
#4244 = CARTESIAN_POINT ( 'NONE',  ( 14.89997946636549742, 2.499999999999996891, 0.000000000000000000 ) ) ;
#4245 = CARTESIAN_POINT ( 'NONE',  ( 9.024990466526832122, 1.369736545836458319, 1.369736545836458985 ) ) ;
#4246 = CARTESIAN_POINT ( 'NONE',  ( 2.416645418915379651, -2.811565416943145657, 2.156691872480364314 ) ) ;
#4247 = CARTESIAN_POINT ( 'NONE',  ( 2.583332619216708093, -2.228195700607400465, 0.2884554080657411590 ) ) ;
#4248 = CARTESIAN_POINT ( 'NONE',  ( 2.666665952549970520, -1.837787295428751300, -1.062914656245661726 ) ) ;
#4249 = CARTESIAN_POINT ( 'NONE',  ( 8.549979466365497771, 2.499999999999996447, 1.035533905932737975 ) ) ;
#4250 = CARTESIAN_POINT ( 'NONE',  ( 13.14999999999999858, -1.035533905932736420, -2.499999999999996891 ) ) ;
#4251 = CARTESIAN_POINT ( 'NONE',  ( 17.62499046652683532, 1.369736545836458763, -1.369736545836458763 ) ) ;
#4252 = CARTESIAN_POINT ( 'NONE',  ( 2.408323085743445002, 1.481222418950295383, -1.922189286316702495 ) ) ;
#4253 = CARTESIAN_POINT ( 'NONE',  ( 3.099979456420634438, 7.940085207495946077E-06, 2.500000014752633781 ) ) ;
#4254 = CARTESIAN_POINT ( 'NONE',  ( 11.04998826649456944, -1.980399999999995497, -0.8203085389236758340 ) ) ;
#4255 = CARTESIAN_POINT ( 'NONE',  ( 17.23880000000000834, -0.5984071800756302073, 1.887827589276603657 ) ) ;
#4256 = CARTESIAN_POINT ( 'NONE',  ( 3.624988999838653747, -0.8023730916729214790, 1.937099999999994049 ) ) ;
#4257 = CARTESIAN_POINT ( 'NONE',  ( 2.949988266494568467, -1.980399999999996385, 0.8203085389236752789 ) ) ;
#4258 = CARTESIAN_POINT ( 'NONE',  ( 7.599988266494568379, -3.520245844227235819E-16, 1.980399999999995497 ) ) ;
#4259 = CARTESIAN_POINT ( 'NONE',  ( 11.99999119987092300, 1.400354269461838053, -1.400354269461838053 ) ) ;
#4260 = CARTESIAN_POINT ( 'NONE',  ( 5.149991199870923353, -0.8203085389236779434, 1.980399999999997718 ) ) ;
#4261 = CARTESIAN_POINT ( 'NONE',  ( 5.499999999999998224, 1.767766952966366212, 1.767766952966367100 ) ) ;
#4262 = CARTESIAN_POINT ( 'NONE',  ( 12.14999119987092335, 1.980399999999998162, 0.8203085389236781655 ) ) ;
#4263 = CARTESIAN_POINT ( 'NONE',  ( 7.099979466365495817, -4.482478466745583619E-16, 2.499999999999996891 ) ) ;
#4264 = CARTESIAN_POINT ( 'NONE',  ( 17.09999119987092442, -3.373133150027850214E-16, 1.980399999999998384 ) ) ;
#4265 = CARTESIAN_POINT ( 'NONE',  ( 12.87498899983865641, 1.369736545836457653, -1.369736545836457653 ) ) ;
#4266 = CARTESIAN_POINT ( 'NONE',  ( 11.84998826649456838, -1.980399999999995941, -0.8203085389236761671 ) ) ;
#4267 = CARTESIAN_POINT ( 'NONE',  ( 1.399999999999999689, -3.462557424021302399, -2.660987301054077658 ) ) ;
#4268 = ADVANCED_FACE ( 'NONE', ( #4806 ), #4061, .T. ) ;
#4269 = CARTESIAN_POINT ( 'NONE',  ( 5.399999999999998579, 2.499999999999996891, 0.000000000000000000 ) ) ;
#4270 = AXIS2_PLACEMENT_3D ( 'NONE', #2455, #3730, #5502 ) ;
#4271 = CARTESIAN_POINT ( 'NONE',  ( 16.64997946636549742, 1.035533905932736864, 2.499999999999996447 ) ) ;
#4272 = CARTESIAN_POINT ( 'NONE',  ( 8.424990466526832478, -1.369736545836458985, 1.369736545836458541 ) ) ;
#4273 = CARTESIAN_POINT ( 'NONE',  ( 3.233312085582191298, -2.012969051236742857, 1.156524482867634651 ) ) ;
#4274 = AXIS2_PLACEMENT_3D ( 'NONE', #5444, #1511, #220 ) ;
#4275 = B_SPLINE_CURVE_WITH_KNOTS ( 'NONE', 3,
 ( #1539, #3276, #3304, #5037, #1149, #2886 ),
 .UNSPECIFIED., .F., .F.,
 ( 4, 2, 4 ),
 ( 0.001469814497261147249, 0.002343945029895437744, 0.003218075562529728022 ),
 .UNSPECIFIED. ) ;
#4276 = CARTESIAN_POINT ( 'NONE',  ( 2.783312085582215545, 1.827149842522565626, -2.372322458161300940 ) ) ;
#4277 = CARTESIAN_POINT ( 'NONE',  ( 11.59999999999999964, 1.710440785858802692E-16, -2.499999999999996891 ) ) ;
#4278 = CARTESIAN_POINT ( 'NONE',  ( 3.149991199870923353, 0.8203085389236772773, -1.980399999999999050 ) ) ;
#4279 = CARTESIAN_POINT ( 'NONE',  ( 2.941654952388696564, -1.647254433145324715, 0.4393846438815640076 ) ) ;
#4280 = CARTESIAN_POINT ( 'NONE',  ( 3.121707609135963679, -2.111388294650307085, 0.8611694530800722003 ) ) ;
#4281 = CARTESIAN_POINT ( 'NONE',  ( 7.949988266494568023, -0.8203085389236753899, -1.980399999999995497 ) ) ;
#4282 = CARTESIAN_POINT ( 'NONE',  ( 2.633323819087522999, 1.044174217464660215, 1.818037399523010356 ) ) ;
#4283 = CARTESIAN_POINT ( 'NONE',  ( 5.574988999838653925, 1.272463383488353282E-16, -1.937099999999994715 ) ) ;
#4284 = CARTESIAN_POINT ( 'NONE',  ( 16.14997946636549742, -2.499999999999996891, -1.035533905932736642 ) ) ;
#4285 = CARTESIAN_POINT ( 'NONE',  ( 4.649988266494568201, -1.980399999999995497, -0.8203085389236758340 ) ) ;
#4286 = CARTESIAN_POINT ( 'NONE',  ( 11.49999119987092300, -3.459852185094906086E-16, 1.980399999999998828 ) ) ;
#4287 = CARTESIAN_POINT ( 'NONE',  ( 3.649991199870923797, -1.980399999999998828, 0.8203085389236765002 ) ) ;
#4288 = CARTESIAN_POINT ( 'NONE',  ( 3.283328097997745498, 1.115566050047445801, -0.1427685641494270130 ) ) ;
#4289 = CARTESIAN_POINT ( 'NONE',  ( 9.199991199870922287, -1.400354269461838053, 1.400354269461837609 ) ) ;
#4290 = CARTESIAN_POINT ( 'NONE',  ( 5.999979466365495284, 1.767766952966366878, -1.767766952966366878 ) ) ;
#4291 = CARTESIAN_POINT ( 'NONE',  ( 13.97498899983865606, -3.341984693167727139E-16, 1.937099999999994715 ) ) ;
#4292 = CARTESIAN_POINT ( 'NONE',  ( 10.94998826649456802, -1.980399999999996385, 0.8203085389236752789 ) ) ;
#4293 = CARTESIAN_POINT ( 'NONE',  ( 13.29998826649456767, -1.400354269461835832, 1.400354269461835388 ) ) ;
#4294 = CARTESIAN_POINT ( 'NONE',  ( 1.399999999999999689, 3.783495063501950195, 2.180670180350997800 ) ) ;
#4295 = CARTESIAN_POINT ( 'NONE',  ( 13.04999119987092193, 0.8203085389236773883, 1.980399999999997718 ) ) ;
#4296 = CARTESIAN_POINT ( 'NONE',  ( 2.899999999999998135, 1.767766952966366878, -1.767766952966366878 ) ) ;
#4297 = CARTESIAN_POINT ( 'NONE',  ( 14.59997946636549671, -1.767766952966366434, -1.767766952966366878 ) ) ;
#4298 = CARTESIAN_POINT ( 'NONE',  ( 9.324990466526832833, -1.937099999999996269, -2.372263314628333717E-16 ) ) ;
#4299 = CARTESIAN_POINT ( 'NONE',  ( 3.166645418915537746, -1.212241569331237390, 2.096876913901083217 ) ) ;
#4300 = VERTEX_POINT ( 'NONE', #1858 ) ;
#4301 = CARTESIAN_POINT ( 'NONE',  ( 0.5599999999999997202, 3.798417497483105087, -2.919096923789096909 ) ) ;
#4302 = CARTESIAN_POINT ( 'NONE',  ( 2.716665952550028518, -1.245578573568056235, -1.626018500024912772 ) ) ;
#4303 = ORIENTED_EDGE ( 'NONE', *, *, #911, .T. ) ;
#4304 = CARTESIAN_POINT ( 'NONE',  ( 4.399979466365496528, 1.767766952966366878, -1.767766952966366878 ) ) ;
#4305 = CARTESIAN_POINT ( 'NONE',  ( 11.34999999999999964, -2.499999999999997335, 1.035533905932735976 ) ) ;
#4306 = CARTESIAN_POINT ( 'NONE',  ( 3.066654219044578689, -1.383766795725776655, -0.8012361421125510086 ) ) ;
#4307 = CARTESIAN_POINT ( 'NONE',  ( 3.125203997507603138, -2.195178835946192120, 0.4847739579589326886 ) ) ;
#4308 = CARTESIAN_POINT ( 'NONE',  ( 6.199988266494568023, -1.980399999999995497, -2.425290521031412773E-16 ) ) ;
#4309 = CARTESIAN_POINT ( 'NONE',  ( 17.00237350384390567, 1.093360222198667575, -1.934351099104887339 ) ) ;
#4310 = CARTESIAN_POINT ( 'NONE',  ( 3.074988999838653037, -1.369736545836457431, -1.369736545836457653 ) ) ;
#4311 = CARTESIAN_POINT ( 'NONE',  ( 16.04997946636549599, -2.499999999999997335, 1.035533905932735976 ) ) ;
#4312 = CARTESIAN_POINT ( 'NONE',  ( 4.299988266494568556, 1.400354269461835166, 1.400354269461835832 ) ) ;
#4313 = CARTESIAN_POINT ( 'NONE',  ( 6.799991199870923708, -1.400354269461838275, 1.400354269461837831 ) ) ;
#4314 = CARTESIAN_POINT ( 'NONE',  ( 2.899999999999998135, 1.767766952966366878, -1.767766952966366878 ) ) ;
#4315 = CARTESIAN_POINT ( 'NONE',  ( 10.49999119987092122, 1.980399999999998384, 0.000000000000000000 ) ) ;
#4316 = CARTESIAN_POINT ( 'NONE',  ( 3.549979466365496439, 1.035533905932736642, -2.499999999999996891 ) ) ;
#4317 = CARTESIAN_POINT ( 'NONE',  ( 11.77498899983865499, -1.937099999999994715, -2.372263314628331252E-16 ) ) ;
#4318 = CARTESIAN_POINT ( 'NONE',  ( 9.899988266494567313, 1.400354269461835388, 1.400354269461836054 ) ) ;
#4319 = CARTESIAN_POINT ( 'NONE',  ( 12.19998826649456802, 1.980399999999995497, 0.000000000000000000 ) ) ;
#4320 = CARTESIAN_POINT ( 'NONE',  ( 1.399999999999999689, 3.462557424021436514, 2.660987301054188681 ) ) ;
#4321 = CARTESIAN_POINT ( 'NONE',  ( 13.64999119987092335, 1.980399999999998384, -0.8203085389236769442 ) ) ;
#4322 = CARTESIAN_POINT ( 'NONE',  ( 17.54999119987092371, 0.8203085389236769442, -1.980399999999998606 ) ) ;
#4323 = CARTESIAN_POINT ( 'NONE',  ( 14.94997946636549635, 2.499999999999996447, 1.035533905932737975 ) ) ;
#4324 = CARTESIAN_POINT ( 'NONE',  ( 7.974990466526836741, 0.8023730916729211460, -1.937099999999996713 ) ) ;
#4325 = CARTESIAN_POINT ( 'NONE',  ( 3.266645418915479659, -2.195503069679924923, 0.5867246747399508244 ) ) ;
#4326 = CARTESIAN_POINT ( 'NONE',  ( 2.883323819087633133, -1.708595967536370441, 0.2204379267129661923 ) ) ;
#4327 = CARTESIAN_POINT ( 'NONE',  ( 0.5599999999999997202, -4.750000000000000888, 0.6217735404957802636 ) ) ;
#4328 = CARTESIAN_POINT ( 'NONE',  ( 13.24999999999999822, 1.035533905932736642, -2.499999999999996891 ) ) ;
#4329 = CARTESIAN_POINT ( 'NONE',  ( 2.666645418915517762, -0.8195665330860253395, -3.061885367355376975 ) ) ;
#4330 = ORIENTED_EDGE ( 'NONE', *, *, #3152, .F. ) ;
#4331 = CARTESIAN_POINT ( 'NONE',  ( 6.249979466365495284, 1.035533905932736864, 2.499999999999996447 ) ) ;
#4332 = CARTESIAN_POINT ( 'NONE',  ( 12.54999999999999893, 2.499999999999996891, -1.035533905932736642 ) ) ;
#4333 = CARTESIAN_POINT ( 'NONE',  ( 2.983320885711267412, -1.708595965738750166, 0.2204379214166443668 ) ) ;
#4334 = B_SPLINE_CURVE_WITH_KNOTS ( 'NONE', 3,
 ( #4255, #1163, #1669, #2472, #1587, #373, #4600, #3831, #1134, #2984, #2438, #5164, #1886, #1752, #4889, #5218, #1780, #858, #4338, #4498, #3484, #3613, #2606, #2335, #4309, #59, #455, #4920, #1269, #617, #3911, #4034, #586, #5352, #2634, #2206, #32, #3457, #2176, #1323, #2764, #4063, #3061, #3940, #2149, #1722, #427, #1008, #1450, #2579, #2736, #3883, #3009, #4792, #4735, #3511, #3037, #5192 ),
 .UNSPECIFIED., .F., .F.,
 ( 4, 2, 2, 2, 2, 2, 2, 2, 2, 2, 2, 2, 2, 2, 2, 2, 2, 2, 2, 2, 2, 2, 2, 2, 2, 2, 2, 2, 4 ),
 ( 1.006422310108603907E-16, 0.0004495259931864514194, 0.0008990519863728021165, 0.001798103972745504486, 0.002247629965931855888, 0.002697155959118206422, 0.003146681952304557824, 0.003596207945490909226, 0.004495259931863611162, 0.004944785925049961263, 0.005394311918236311364, 0.005843837911422662332, 0.006293363904609013300, 0.006742889897795363401, 0.007192415890981714369, 0.007641941884168065337, 0.008091467877354416305, 0.008990519863727118241, 0.009440045856913468342, 0.009889571850099820177, 0.01033909784328617028, 0.01078862383647252038, 0.01168767582284522231, 0.01213720181603157415, 0.01258672780921792425, 0.01303625380240427609, 0.01348577979559062619, 0.01393530578877697802, 0.01438483178196332812 ),
 .UNSPECIFIED. ) ;
#4335 = CARTESIAN_POINT ( 'NONE',  ( -1.817753607889792982E-16, 1.134062429930009941, -4.217091515302595184 ) ) ;
#4336 = EDGE_CURVE ( 'NONE', #4107, #2857, #1408, .T. ) ;
#4337 = CARTESIAN_POINT ( 'NONE',  ( 5.599988266494567490, 1.299364113883070160E-16, -1.980399999999995497 ) ) ;
#4338 = CARTESIAN_POINT ( 'NONE',  ( 17.05172288106886569, 1.965316073445280143, -0.9263015065260622460 ) ) ;
#4339 = CARTESIAN_POINT ( 'NONE',  ( 2.874988999838654635, -1.369736545836457653, 1.369736545836457431 ) ) ;
#4340 = CARTESIAN_POINT ( 'NONE',  ( 12.94997946636549813, -2.499999999999996891, -1.035533905932736642 ) ) ;
#4341 = CARTESIAN_POINT ( 'NONE',  ( 4.949988266494568023, 1.980399999999995497, -0.8203085389236757230 ) ) ;
#4342 = CARTESIAN_POINT ( 'NONE',  ( 7.749991199870922998, -1.980399999999999050, -0.8203085389236773883 ) ) ;
#4343 = CARTESIAN_POINT ( 'NONE',  ( 3.699999999999998401, 1.767766952966366878, -1.767766952966366878 ) ) ;
#4344 = CARTESIAN_POINT ( 'NONE',  ( 9.799991199870923708, 1.400354269461837387, 1.400354269461838053 ) ) ;
#4345 = B_SPLINE_CURVE_WITH_KNOTS ( 'NONE', 3,
 ( #5472, #1062, #4526, #4121, #642 ),
 .UNSPECIFIED., .F., .F.,
 ( 4, 1, 4 ),
 ( 2.309401076757282824E-07, 0.0008662563438921144733, 0.001732281747676553060 ),
 .UNSPECIFIED. ) ;
#4346 = CARTESIAN_POINT ( 'NONE',  ( 2.354371117352961118, 0.7029857518883680934, -2.399346348358570413 ) ) ;
#4347 = CARTESIAN_POINT ( 'NONE',  ( 11.92498899983865357, -0.8023730916729203688, -1.937099999999994937 ) ) ;
#4348 = CARTESIAN_POINT ( 'NONE',  ( 9.449988266494569800, -1.980399999999995941, -0.8203085389236761671 ) ) ;
#4349 = CARTESIAN_POINT ( 'NONE',  ( 12.69998826649456802, -1.400354269461835388, -1.400354269461835610 ) ) ;
#4350 = CARTESIAN_POINT ( 'NONE',  ( 16.89999119987092513, 1.980399999999998828, 0.000000000000000000 ) ) ;
#4351 = CARTESIAN_POINT ( 'NONE',  ( 11.84999119987092620, -0.8203085389236768332, -1.980399999999998384 ) ) ;
#4352 = CARTESIAN_POINT ( 'NONE',  ( 17.39999119987092158, -1.400354269461837609, -1.400354269461837831 ) ) ;
#4353 = CARTESIAN_POINT ( 'NONE',  ( 11.14997946636549564, -1.035533905932737753, 2.499999999999996447 ) ) ;
#4354 = CARTESIAN_POINT ( 'NONE',  ( 4.124990466526832655, 1.937099999999996269, 0.000000000000000000 ) ) ;
#4355 = CARTESIAN_POINT ( 'NONE',  ( 16.34998826649457015, 0.8203085389236763891, 1.980399999999995497 ) ) ;
#4356 = CARTESIAN_POINT ( 'NONE',  ( 1.616665952549889207, -0.4824709112040417858, 3.661344685762971896 ) ) ;
#4357 = CARTESIAN_POINT ( 'NONE',  ( -2.159627206838281592E-16, -0.5667956695466789263, 4.330000000000000071 ) ) ;
#4358 = AXIS2_PLACEMENT_3D ( 'NONE', #1123, #4158, #277 ) ;
#4359 = CARTESIAN_POINT ( 'NONE',  ( 11.94999999999999751, 1.035533905932736864, 2.499999999999996447 ) ) ;
#4360 = AXIS2_PLACEMENT_3D ( 'NONE', #4441, #4467, #2304 ) ;
#4361 = CARTESIAN_POINT ( 'NONE',  ( 2.316665952550043261, 1.610023892632073128, 2.100237266927621249 ) ) ;
#4362 = EDGE_LOOP ( 'NONE', ( #1543, #4786, #5071, #248 ) ) ;
#4363 = CARTESIAN_POINT ( 'NONE',  ( 4.449979466365495462, 2.499999999999996891, -1.035533905932736642 ) ) ;
#4364 = CARTESIAN_POINT ( 'NONE',  ( 11.89999999999999680, 1.767766952966366212, 1.767766952966367100 ) ) ;
#4365 = CARTESIAN_POINT ( 'NONE',  ( 3.366654219044574958, 1.111839419217195868, -0.2954898116908309946 ) ) ;
#4366 = CARTESIAN_POINT ( 'NONE',  ( -1.741599310265761190E-16, -3.783705236244081949, -2.179976094355371874 ) ) ;
#4367 = CARTESIAN_POINT ( 'NONE',  ( 6.899988266494569089, -1.400354269461835832, 1.400354269461835388 ) ) ;
#4368 = EDGE_CURVE ( 'NONE', #2795, #449, #764, .T. ) ;
#4369 = CARTESIAN_POINT ( 'NONE',  ( 3.216654219044535967, 0.1815932985690307533, -1.362669174245763726 ) ) ;
#4370 = CARTESIAN_POINT ( 'NONE',  ( 16.34998826649457015, 0.8203085389236761671, 1.980399999999995053 ) ) ;
#4371 = CARTESIAN_POINT ( 'NONE',  ( 14.24997946636549706, 1.035533905932736864, 2.499999999999996447 ) ) ;
#4372 = CARTESIAN_POINT ( 'NONE',  ( 3.366645418915453991, -1.837787295940987331, -1.062914655597865687 ) ) ;
#4373 = CARTESIAN_POINT ( 'NONE',  ( 6.749991199870923886, -0.8203085389236781655, 1.980399999999998606 ) ) ;
#4374 = CARTESIAN_POINT ( 'NONE',  ( 5.099988266494567490, 1.400354269461835166, 1.400354269461835832 ) ) ;
#4375 = CARTESIAN_POINT ( 'NONE',  ( 4.149999999999997691, -2.499999999999997335, 1.035533905932735976 ) ) ;
#4376 = CARTESIAN_POINT ( 'NONE',  ( 9.299991199870921932, -1.980399999999998384, -2.425290521031416718E-16 ) ) ;
#4377 = CARTESIAN_POINT ( 'NONE',  ( 2.373754990240358964, 0.5869442101239304987, -2.430125549638118887 ) ) ;
#4378 = CARTESIAN_POINT ( 'NONE',  ( 10.72498899983865250, 0.8023730916729209239, 1.937099999999994493 ) ) ;
#4379 = CARTESIAN_POINT ( 'NONE',  ( 9.349988266494568379, -1.980399999999996385, 0.8203085389236752789 ) ) ;
#4380 = CARTESIAN_POINT ( 'NONE',  ( 11.54998826649456767, 0.8203085389236761671, 1.980399999999995053 ) ) ;
#4381 = CARTESIAN_POINT ( 'NONE',  ( 17.24999119987092300, -1.980399999999999494, 0.8203085389236765002 ) ) ;
#4382 = CARTESIAN_POINT ( 'NONE',  ( 9.749991199870922998, 1.980399999999997718, 0.8203085389236781655 ) ) ;
#4383 = CARTESIAN_POINT ( 'NONE',  ( 3.649999999999998579, 1.035533905932736642, -2.499999999999996891 ) ) ;
#4384 = CARTESIAN_POINT ( 'NONE',  ( 12.19997946636549813, -1.767766952966366434, -1.767766952966366878 ) ) ;
#4385 = CARTESIAN_POINT ( 'NONE',  ( 6.724990466526833188, -3.454254849783152478E-16, 1.937099999999996269 ) ) ;
#4386 = CARTESIAN_POINT ( 'NONE',  ( 16.82025324988313741, 0.7129328761732922626, 2.296224645825474031 ) ) ;
#4387 = CARTESIAN_POINT ( 'NONE',  ( 2.433323819087589879, 2.077124198050038562, -1.193506024866387127 ) ) ;
#4388 = PLANE ( 'NONE',  #4360 ) ;
#4389 = CARTESIAN_POINT ( 'NONE',  ( 14.54999999999999716, -2.499999999999997335, 1.035533905932735976 ) ) ;
#4390 = CARTESIAN_POINT ( 'NONE',  ( 2.383332619216663506, 0.3272713468616917920, 2.524707557076160125 ) ) ;
#4391 = VERTEX_POINT ( 'NONE', #986 ) ;
#4392 = CARTESIAN_POINT ( 'NONE',  ( 5.449979466365497238, 1.035533905932736864, 2.499999999999996447 ) ) ;
#4393 = CARTESIAN_POINT ( 'NONE',  ( 9.049999999999998934, -2.499999999999996891, -1.035533905932736864 ) ) ;
#4394 = CARTESIAN_POINT ( 'NONE',  ( 2.658321619055305174, 1.685076459984539365, 1.299004237605242640 ) ) ;
#4395 = VERTEX_POINT ( 'NONE', #110 ) ;
#4396 = CARTESIAN_POINT ( 'NONE',  ( 5.699988266494567135, 1.400354269461835610, -1.400354269461835610 ) ) ;
#4397 = CARTESIAN_POINT ( 'NONE',  ( 17.09998826649457015, 1.400354269461835166, 1.400354269461835832 ) ) ;
#4398 = CARTESIAN_POINT ( 'NONE',  ( 14.44997946636549635, -2.499999999999997335, 1.035533905932735976 ) ) ;
#4399 = CARTESIAN_POINT ( 'NONE',  ( 3.466645418915422994, -0.5091107224469487713, -1.906708970608685050 ) ) ;
#4400 = CARTESIAN_POINT ( 'NONE',  ( 6.899991199870923353, -1.980399999999998828, -2.425290521031417211E-16 ) ) ;
#4401 = CARTESIAN_POINT ( 'NONE',  ( 3.899988266494567757, -1.400354269461835388, -1.400354269461835610 ) ) ;
#4402 = CARTESIAN_POINT ( 'NONE',  ( 3.266657152420929577, 1.111839419217198532, -0.2954898116908363237 ) ) ;
#4403 = CARTESIAN_POINT ( 'NONE',  ( 4.649991199870922465, -0.8203085389236767222, -1.980399999999998606 ) ) ;
#4404 = CARTESIAN_POINT ( 'NONE',  ( 2.384593072842034811, 0.5832790280057220667, -2.431005108041660812 ) ) ;
#4405 = CARTESIAN_POINT ( 'NONE',  ( 10.97498899983865428, -1.937099999999994715, -2.372263314628331252E-16 ) ) ;
#4406 = CARTESIAN_POINT ( 'NONE',  ( 6.699988266494568023, 1.400354269461835388, 1.400354269461836054 ) ) ;
#4407 = CARTESIAN_POINT ( 'NONE',  ( 12.99998826649456873, 1.980399999999995497, 0.000000000000000000 ) ) ;
#4408 = CARTESIAN_POINT ( 'NONE',  ( 16.04999119987092371, 1.980399999999999050, -0.8203085389236769442 ) ) ;
#4409 = CARTESIAN_POINT ( 'NONE',  ( 9.799991199870923708, 1.400354269461837387, 1.400354269461838053 ) ) ;
#4410 = CARTESIAN_POINT ( 'NONE',  ( 4.499999999999999112, 1.767766952966366878, -1.767766952966366878 ) ) ;
#4411 = CARTESIAN_POINT ( 'NONE',  ( 10.99997946636549706, 1.767766952966366212, 1.767766952966367100 ) ) ;
#4412 = CARTESIAN_POINT ( 'NONE',  ( 5.724990466526834076, 1.937099999999996269, 0.000000000000000000 ) ) ;
#4413 = CARTESIAN_POINT ( 'NONE',  ( 17.04998826649456589, 1.980399999999995497, 0.8203085389236771663 ) ) ;
#4414 = CARTESIAN_POINT ( 'NONE',  ( 1.586666424114384188, 0.3860208443312507232, 3.705813252530638202 ) ) ;
#4415 = CARTESIAN_POINT ( 'NONE',  ( 3.123295008955575547, -0.4583637724927960289, -1.897024142282311976 ) ) ;
#4416 = CARTESIAN_POINT ( 'NONE',  ( 14.34999999999999964, 1.035533905932736864, 2.499999999999996447 ) ) ;
#4417 = CARTESIAN_POINT ( 'NONE',  ( 1.783332619216615678, -3.414243125187011785, 0.4437191597720664404 ) ) ;
#4418 = VERTEX_POINT ( 'NONE', #2708 ) ;
#4419 = CARTESIAN_POINT ( 'NONE',  ( 4.199979466365496350, -1.767766952966366434, -1.767766952966366878 ) ) ;
#4420 = CARTESIAN_POINT ( 'NONE',  ( 8.899999999999998579, -1.767766952966367100, 1.767766952966366434 ) ) ;
#4421 = CARTESIAN_POINT ( 'NONE',  ( 2.783320885711241477, 0.2592542978454046021, 2.005107765409673171 ) ) ;
#4422 = CARTESIAN_POINT ( 'NONE',  ( 3.150474792101233046, -0.7510479330515783536, -1.832460412194197641 ) ) ;
#4423 = CARTESIAN_POINT ( 'NONE',  ( 16.54998826649456944, -1.980399999999995941, 0.8203085389236750569 ) ) ;
#4424 = CARTESIAN_POINT ( 'NONE',  ( 15.49997946636549706, 1.770834081591756857E-16, -2.499999999999996891 ) ) ;
#4425 = CARTESIAN_POINT ( 'NONE',  ( 9.599991199870924419, 1.400354269461838053, -1.400354269461838053 ) ) ;
#4426 = CARTESIAN_POINT ( 'NONE',  ( 4.399988266494568201, -3.569799578551266338E-16, 1.980399999999995497 ) ) ;
#4427 = CARTESIAN_POINT ( 'NONE',  ( 2.533323819087611728, 2.168287024376185368, 0.5860081557718971323 ) ) ;
#4428 = CARTESIAN_POINT ( 'NONE',  ( 6.699991199870922287, -3.534182786580951863E-16, 1.980399999999998384 ) ) ;
#4429 = CARTESIAN_POINT ( 'NONE',  ( 3.749979466365497061, 2.499999999999996447, 1.035533905932737975 ) ) ;
#4430 = CARTESIAN_POINT ( 'NONE',  ( 11.72498899983865428, -1.937099999999995603, 0.8023730916729199247 ) ) ;
#4431 = CARTESIAN_POINT ( 'NONE',  ( 9.699988266494569800, 1.400354269461835832, -1.400354269461835832 ) ) ;
#4432 = CARTESIAN_POINT ( 'NONE',  ( 10.74998826649456873, 0.8203085389236761671, 1.980399999999995053 ) ) ;
#4433 = CARTESIAN_POINT ( 'NONE',  ( 10.54999119987092371, 1.980399999999997718, 0.8203085389236781655 ) ) ;
#4434 = CARTESIAN_POINT ( 'NONE',  ( 15.59999119987092264, -1.400354269461838053, 1.400354269461837609 ) ) ;
#4435 = CARTESIAN_POINT ( 'NONE',  ( 11.99997946636549528, -1.767766952966367100, 1.767766952966366434 ) ) ;
#4436 = CARTESIAN_POINT ( 'NONE',  ( 2.844461927167888593, -2.045253423334204346, -0.6581714474393690617 ) ) ;
#4437 = CARTESIAN_POINT ( 'NONE',  ( 4.624990466526833544, -1.369736545836458541, -1.369736545836458763 ) ) ;
#4438 = ADVANCED_FACE ( 'NONE', ( #4500, #4445 ), #3660, .T. ) ;
#4439 = CARTESIAN_POINT ( 'NONE',  ( 0.5599999999999997202, 1.243302450706582185, 4.626370214174500894 ) ) ;
#4440 = CARTESIAN_POINT ( 'NONE',  ( 2.783323819087605067, -1.143395732999716419, 1.482589360746878082 ) ) ;
#4441 = CARTESIAN_POINT ( 'NONE',  ( 17.40099999999999980, 1.732050807568877637, 6.510658844684554623E-17 ) ) ;
#4442 = CARTESIAN_POINT ( 'NONE',  ( 8.449999999999999289, 1.035533905932736642, -2.499999999999996891 ) ) ;
#4443 = CARTESIAN_POINT ( 'NONE',  ( 1.916665952550036911, -1.974469212308383126, -2.574456033687330780 ) ) ;
#4444 = VERTEX_POINT ( 'NONE', #1883 ) ;
#4445 = FACE_OUTER_BOUND ( 'NONE', #704, .T. ) ;
#4446 = CARTESIAN_POINT ( 'NONE',  ( 10.25000000000000000, 2.499999999999996447, 1.035533905932737975 ) ) ;
#4447 = CARTESIAN_POINT ( 'NONE',  ( 2.683320885711217407, 1.719702183358988501, 1.325613916523276536 ) ) ;
#4448 = CONICAL_SURFACE ( 'NONE', #3268, 1732.050807568901064, 1.047197551196603627 ) ;
#4449 = CARTESIAN_POINT ( 'NONE',  ( 12.39998826649456909, -3.445915242741188070E-16, 1.980399999999995497 ) ) ;
#4450 = CARTESIAN_POINT ( 'NONE',  ( 9.849979466365496705, -1.035533905932736420, -2.499999999999996891 ) ) ;
#4451 = CARTESIAN_POINT ( 'NONE',  ( 3.399991199870923353, 1.400354269461837609, 1.400354269461838275 ) ) ;
#4452 = CARTESIAN_POINT ( 'NONE',  ( 2.364280755692639513, 2.338333876442136194, -0.9303754544865092679 ) ) ;
#4453 = CARTESIAN_POINT ( 'NONE',  ( 2.616657152420952315, 1.290704287790809923, 1.684731250194013263 ) ) ;
#4454 = CARTESIAN_POINT ( 'NONE',  ( 5.749991199870922998, 1.980399999999998162, 0.8203085389236781655 ) ) ;
#4455 = CARTESIAN_POINT ( 'NONE',  ( -1.224698418616533548E-17, 1.732050807568877415, 6.510658844684554623E-17 ) ) ;
#4456 = CARTESIAN_POINT ( 'NONE',  ( 8.349988266494568379, 0.8203085389236763891, 1.980399999999995497 ) ) ;
#4457 = CARTESIAN_POINT ( 'NONE',  ( 8.999988266494568734, 1.980399999999995497, 0.000000000000000000 ) ) ;
#4458 = CARTESIAN_POINT ( 'NONE',  ( 17.29999119987092371, -1.980399999999998828, -2.425290521031417211E-16 ) ) ;
#4459 = CARTESIAN_POINT ( 'NONE',  ( 8.849991199870924419, 1.980399999999998384, -0.8203085389236769442 ) ) ;
#4460 = CARTESIAN_POINT ( 'NONE',  ( 16.19999119987092229, 1.400354269461837387, 1.400354269461838053 ) ) ;
#4461 = CARTESIAN_POINT ( 'NONE',  ( 13.54997946636549599, -1.035533905932737753, 2.499999999999996447 ) ) ;
#4462 = CARTESIAN_POINT ( 'NONE',  ( 2.801943783798172216, -2.163066975876924314, -0.2881216515313196336 ) ) ;
#4463 = CARTESIAN_POINT ( 'NONE',  ( 6.024990466526834787, -1.369736545836458985, 1.369736545836458541 ) ) ;
#4464 = B_SPLINE_CURVE_WITH_KNOTS ( 'NONE', 3,
 ( #5454, #3744, #777, #3350, #1132, #2867 ),
 .UNSPECIFIED., .F., .F.,
 ( 4, 2, 4 ),
 ( 2.380757420217796632E-07, 0.0008748794216455113223, 0.001749520767549000988 ),
 .UNSPECIFIED. ) ;
#4465 = CARTESIAN_POINT ( 'NONE',  ( 0.5599999999999996092, -2.392190156761772268, 4.150485344682726563 ) ) ;
#4466 = CARTESIAN_POINT ( 'NONE',  ( 2.802118480889769003, 2.397098261497346172, 0.7662542081218249868 ) ) ;
#4467 = DIRECTION ( 'NONE',  ( 6.123492093082666200E-18, -0.8660254037844387076, -0.4999999999999998890 ) ) ;
#4468 = CARTESIAN_POINT ( 'NONE',  ( 11.34999999999999964, -2.499999999999997335, 1.035533905932735976 ) ) ;
#4469 = ADVANCED_FACE ( 'NONE', ( #155 ), #4388, .T. ) ;
#4470 = CARTESIAN_POINT ( 'NONE',  ( 2.283332619216632775, 2.135209901236388763, 1.644931311106857752 ) ) ;
#4471 = FACE_OUTER_BOUND ( 'NONE', #4362, .T. ) ;
#4472 = ORIENTED_EDGE ( 'NONE', *, *, #1148, .T. ) ;
#4473 = CARTESIAN_POINT ( 'NONE',  ( 0.5599999999999997202, -4.750000000000000888, -0.6217735404957791534 ) ) ;
#4474 = CARTESIAN_POINT ( 'NONE',  ( 2.516654219044633489, 1.921840364890603503, -1.472927296860028212 ) ) ;
#4475 = CARTESIAN_POINT ( 'NONE',  ( 16.71920000000000073, -0.3856737105801105181, 2.470072021008163698 ) ) ;
#4476 = CARTESIAN_POINT ( 'NONE',  ( 14.54998826649456944, 1.980399999999995497, -0.8203085389236755010 ) ) ;
#4477 = CARTESIAN_POINT ( 'NONE',  ( 9.949979466365496350, 1.035533905932736642, -2.499999999999996891 ) ) ;
#4478 = CARTESIAN_POINT ( 'NONE',  ( 6.149991199870922465, -1.980399999999999050, -0.8203085389236773883 ) ) ;
#4479 = CARTESIAN_POINT ( 'NONE',  ( 3.499988266494568290, 1.400354269461835166, 1.400354269461835832 ) ) ;
#4480 = CARTESIAN_POINT ( 'NONE',  ( 3.141656419076808593, 0.1759255777356049377, -1.319369145500139062 ) ) ;
#4481 = CARTESIAN_POINT ( 'NONE',  ( 7.399991199870923353, 1.400354269461837387, 1.400354269461838053 ) ) ;
#4482 = CARTESIAN_POINT ( 'NONE',  ( 0.8399999999999996358, 4.626370214174498230, 1.243302450706581297 ) ) ;
#4483 = CARTESIAN_POINT ( 'NONE',  ( 7.124988999838655523, -0.8023730916729203688, -1.937099999999994937 ) ) ;
#4484 = CARTESIAN_POINT ( 'NONE',  ( 5.349988266494569267, -1.980399999999996385, 0.8203085389236752789 ) ) ;
#4485 = CARTESIAN_POINT ( 'NONE',  ( 10.24998826649456696, -1.980399999999995497, -0.8203085389236758340 ) ) ;
#4486 = CARTESIAN_POINT ( 'NONE',  ( 15.14999119987092335, 0.8203085389236772773, -1.980399999999999050 ) ) ;
#4487 = CARTESIAN_POINT ( 'NONE',  ( 11.14999119987092335, 0.8203085389236771663, -1.980399999999998384 ) ) ;
#4488 = CARTESIAN_POINT ( 'NONE',  ( 15.44999119987092584, 0.8203085389236773883, 1.980399999999998162 ) ) ;
#4489 = CARTESIAN_POINT ( 'NONE',  ( 10.09997946636549671, 2.499999999999996891, 0.000000000000000000 ) ) ;
#4490 = FACE_OUTER_BOUND ( 'NONE', #2087, .T. ) ;
#4491 = CARTESIAN_POINT ( 'NONE',  ( 17.52498899983865854, -0.8023730916729203688, -1.937099999999994937 ) ) ;
#4492 = CARTESIAN_POINT ( 'NONE',  ( 13.84998826649456660, 1.980399999999995497, 0.8203085389236771663 ) ) ;
#4493 = FACE_BOUND ( 'NONE', #3082, .T. ) ;
#4494 = CARTESIAN_POINT ( 'NONE',  ( 0.8399999999999998579, 3.798417497483016714, 2.919096923789184395 ) ) ;
#4495 = CARTESIAN_POINT ( 'NONE',  ( 9.099999999999997868, -1.767766952966366434, -1.767766952966366878 ) ) ;
#4496 = DIRECTION ( 'NONE',  ( 1.000000000000000000, -0.000000000000000000, -0.000000000000000000 ) ) ;
#4497 = CARTESIAN_POINT ( 'NONE',  ( 12.07499046652683461, 1.937099999999996713, -0.8023730916729211460 ) ) ;
#4498 = CARTESIAN_POINT ( 'NONE',  ( 17.04035478646278534, 1.828743836595720706, -1.193987911627251597 ) ) ;
#4499 = ORIENTED_EDGE ( 'NONE', *, *, #2922, .T. ) ;
#4500 = FACE_OUTER_BOUND ( 'NONE', #2376, .T. ) ;
#4501 = CARTESIAN_POINT ( 'NONE',  ( 2.033320885711182857, -0.8188336501091194597, 3.034673722209784597 ) ) ;
#4502 = VERTEX_POINT ( 'NONE', #2768 ) ;
#4503 =( BOUNDED_SURFACE ( )  B_SPLINE_SURFACE ( 1, 2, ( 
 ( #1551, #1072, #3741, #2927, #1101, #4133, #5482, #1922, #5076, #1583, #1613, #2802, #1187, #5390, #3650, #4537, #3316, #2036, #5511, #255, #2832, #5048, #2865, #1487, #3285, #3347, #2495, #5016, #2403, #2372, #5417, #1949, #4165, #4567, #3772, #315, #1129, #197, #1978, #3680, #4103, #1518, #682, #3709, #1159, #226, #3227, #711, #5451, #2433, #4596, #2897, #4622, #742, #2468, #4197, #1772, #4389, #502, #2168, #1314, #4416, #3982, #5186, #2225, #2598, #3959, #2680, #3476, #3132, #1288, #931, #5210, #104, #2141, #5295, #4783, #4835, #1369, #528, #3503, #3080, #904, #4328, #3054, #474, #3559, #5239, #2653, #3931, #2252, #1827, #2625, #4809, #80, #1801, #3530, #343, #1393, #5268, #4862, #3449, #983, #3876, #5614, #3029, #3106, #4225, #1715, #4359, #2197, #957, #1342, #4754, #877, #447, #3902, #24, #52, #1744, #2305, #4468, #1061, #5349, #4555, #2821, #4060, #5436, #4916, #584, #1855, #4032, #1884, #1032, #213, #3159, #3697, #3215, #3611, #4945, #2733, #4525, #1967, #3639, #2278, #1088, #184, #2791, #641, #156, #1448, #672, #2392, #3586, #2360, #1006, #4091, #4120, #3187, #1538, #5322, #1938, #2761, #243, #556, #3275, #4495, #3244, #5406, #5006, #1911, #1475, #614, #2332, #5379, #3667, #2705, #1504, #4976, #4442, #4008, #130, #1422, #4887, #2514, #793, #335, #273, #2026, #5471, #3761, #3393, #2972, #5126, #4641, #4695, #304, #2915, #3415, #2885, #2421, #765, #818, #1571, #2853, #3303, #3792, #4185, #5036, #2109, #1631, #3820, #2486, #2946, #5501, #4243, #4587, #729, #4216, #1998, #4669, #3843, #1603, #5067, #2453, #361, #389, #2540, #2083, #1206, #1231, #5557, #1681, #5581, #1657, #3337, #3729, #1178, #2056, #5531, #4269, #1119, #3366, #700, #5098, #4152, #2647, #4803, #3023, #4747, #522, #2996, #3100, #1766, #3470, #2567, #5608, #2162, #4410, #1336, #1307, #2219, #1257, #871, #4829, #2245, #1708, #3074, #3496, #925, #951, #4722, #3049, #5232, #898, #4383, #496, #3953, #3524, #3976, #413, #1738, #2135, #467, #2674, #73, #3896, #5178, #1795, #1282, #4296, #17, #846, #2191, #3870, #2619, #3443, #2592, #5261, #5204, #1362 ),
 ( #98, #1820, #5152, #4322, #441, #4777, #4352, #3925, #46, #3604, #1415, #2755, #2383, #663, #123, #5288, #3632, #606, #4548, #2725, #2325, #2271, #1848, #549, #1054, #5399, #2698, #4938, #4001, #1386, #4460, #4855, #1903, #3151, #3579, #1931, #4880, #2298, #4113, #236, #5341, #998, #4434, #150, #5315, #4488, #1496, #4083, #577, #4025, #206, #1877, #1441, #3180, #3125, #4053, #976, #4910, #1025, #177, #3659, #5372, #2783, #1468, #3208, #4518, #634, #3553, #2352, #3237, #4969, #1081, #2812, #2938, #4662, #3296, #692, #2844, #5060, #1991, #5428, #2020, #5464, #1172, #811, #4688, #4144, #3689, #2049, #4633, #2965, #1141, #756, #2414, #265, #4578, #5089, #3813, #1113, #3359, #3721, #1530, #2876, #3267, #328, #1564, #5028, #354, #4607, #722, #2533, #4262, #3754, #2446, #4178, #1624, #1224, #3386, #1199, #3784, #2075, #786, #1960, #4999, #5523, #297, #5495, #1594, #3329, #2479, #2507, #2908, #4209, #4236, #5549, #1650, #5119, #39, #3863, #5601, #1355, #3838, #3947, #2612, #4315, #3410, #837, #3015, #5254, #2184, #2155, #3067, #2103, #1701, #65, #3092, #2560, #3918, #4344, #1759, #1788, #5576, #3889, #461, #1729, #3489, #5225, #1329, #4376, #4823, #4289, #5170, #4770, #4797, #2666, #433, #381, #406, #1274, #919, #2641, #3436, #4741, #945, #1676, #3518, #489, #9, #5146, #2128, #864, #1251, #2212, #3463, #2990, #4714, #2585, #5198, #1302, #3043, #891, #2748, #598, #4075, #515, #2290, #4481, #143, #2318, #4045, #1019, #2776, #1489, #5283, #992, #1380, #5334, #2345, #4930, #1407, #4428, #1046, #542, #3546, #3144, #2238, #1433, #3970, #1869, #3118, #91, #4511, #2718, #168, #571, #1896, #1813, #5308, #5392, #4454, #1074, #3573, #199, #3201, #5364, #1461, #116, #4847, #970, #3598, #2264, #2692, #4019, #3995, #3173, #3229, #4961, #1841, #4874, #3624, #4903, #4403, #627, #1924, #3652, #1104, #5420, #317, #4652, #1951, #4200, #1521, #4540, #1981, #4105, #1161, #2406, #2834, #1190, #4135, #1554, #3376, #5540, #4598, #684, #4991, #2470, #2066, #4227, #2039, #2900, #2929, #3774, #5109, #1641, #4624, #3287, #3682, #257, #4569, #3803 ) ),
 .UNSPECIFIED., .F., .F., .F. ) 
 B_SPLINE_SURFACE_WITH_KNOTS ( ( 2, 2 ),
 ( 3, 2, 2, 2, 2, 2, 2, 2, 2, 2, 2, 2, 2, 2, 2, 2, 2, 2, 2, 2, 2, 2, 2, 2, 2, 2, 2, 2, 2, 2, 2, 2, 2, 2, 2, 2, 2, 2, 2, 2, 2, 2, 2, 2, 2, 2, 2, 2, 2, 2, 2, 2, 2, 2, 2, 2, 2, 2, 2, 2, 2, 2, 2, 2, 2, 2, 2, 2, 2, 2, 2, 2, 2, 2, 2, 2, 2, 2, 2, 2, 2, 2, 2, 2, 2, 2, 2, 2, 2, 2, 2, 2, 2, 2, 2, 2, 2, 2, 2, 2, 2, 2, 2, 2, 2, 2, 2, 2, 2, 2, 2, 2, 2, 2, 2, 2, 2, 2, 2, 2, 2, 2, 2, 2, 2, 2, 2, 2, 2, 2, 2, 2, 2, 2, 2, 2, 2, 2, 2, 2, 2, 2, 2, 2, 2, 2, 2, 2, 2, 2, 3 ),
 ( 0.000000000000000000, 1.000000000000000000 ),
 ( 0.000000000000000000, 0.006578947368421052266, 0.01315789473684210453, 0.01973684210526315680, 0.02631578947368420907, 0.03289473684210526133, 0.03947368421052631360, 0.04605263157894736586, 0.05263157894736841813, 0.05921052631578947040, 0.06578947368421052266, 0.07236842105263158187, 0.07894736842105262720, 0.08552631578947368640, 0.09210526315789473173, 0.09868421052631579093, 0.1052631578947368363, 0.1118421052631578955, 0.1184210526315789408, 0.1250000000000000000, 0.1315789473684210453, 0.1381578947368421184, 0.1447368421052631637, 0.1513157894736842091, 0.1578947368421052544, 0.1644736842105263275, 0.1710526315789473728, 0.1776315789473684181, 0.1842105263157894635, 0.1907894736842105365, 0.1973684210526315819, 0.2039473684210526272, 0.2105263157894736725, 0.2171052631578947456, 0.2236842105263157909, 0.2302631578947368363, 0.2368421052631578816, 0.2434210526315789547, 0.2500000000000000000, 0.2565789473684210731, 0.2631578947368420907, 0.2697368421052631637, 0.2763157894736842368, 0.2828947368421052544, 0.2894736842105263275, 0.2960526315789473450, 0.3026315789473684181, 0.3092105263157894912, 0.3157894736842105088, 0.3223684210526315819, 0.3289473684210526550, 0.3355263157894736725, 0.3421052631578947456, 0.3486842105263157632, 0.3552631578947368363, 0.3618421052631579093, 0.3684210526315789269, 0.3750000000000000000, 0.3815789473684210731, 0.3881578947368420907, 0.3947368421052631637, 0.4013157894736842368, 0.4078947368421052544, 0.4144736842105263275, 0.4210526315789473450, 0.4276315789473684181, 0.4342105263157894912, 0.4407894736842105088, 0.4473684210526315819, 0.4539473684210526550, 0.4605263157894736725, 0.4671052631578947456, 0.4736842105263157632, 0.4802631578947368363, 0.4868421052631579093, 0.4934210526315789269, 0.5000000000000000000, 0.5065789473684210176, 0.5131578947368421462, 0.5197368421052631637, 0.5263157894736841813, 0.5328947368421053099, 0.5394736842105263275, 0.5460526315789473450, 0.5526315789473684736, 0.5592105263157894912, 0.5657894736842105088, 0.5723684210526315264, 0.5789473684210526550, 0.5855263157894736725, 0.5921052631578946901, 0.5986842105263158187, 0.6052631578947368363, 0.6118421052631578538, 0.6184210526315789824, 0.6250000000000000000, 0.6315789473684210176, 0.6381578947368421462, 0.6447368421052631637, 0.6513157894736841813, 0.6578947368421053099, 0.6644736842105263275, 0.6710526315789473450, 0.6776315789473684736, 0.6842105263157894912, 0.6907894736842105088, 0.6973684210526315264, 0.7039473684210526550, 0.7105263157894736725, 0.7171052631578946901, 0.7236842105263158187, 0.7302631578947368363, 0.7368421052631578538, 0.7434210526315789824, 0.7500000000000000000, 0.7565789473684210176, 0.7631578947368421462, 0.7697368421052631637, 0.7763157894736841813, 0.7828947368421053099, 0.7894736842105263275, 0.7960526315789473450, 0.8026315789473684736, 0.8092105263157894912, 0.8157894736842105088, 0.8223684210526315264, 0.8289473684210526550, 0.8355263157894736725, 0.8421052631578946901, 0.8486842105263158187, 0.8552631578947368363, 0.8618421052631578538, 0.8684210526315789824, 0.8750000000000000000, 0.8815789473684210176, 0.8881578947368421462, 0.8947368421052631637, 0.9013157894736841813, 0.9078947368421053099, 0.9144736842105263275, 0.9210526315789473450, 0.9276315789473684736, 0.9342105263157894912, 0.9407894736842105088, 0.9473684210526315264, 0.9539473684210526550, 0.9605263157894736725, 0.9671052631578946901, 0.9736842105263158187, 0.9802631578947368363, 0.9868421052631578538 ),
 .UNSPECIFIED. ) 
 GEOMETRIC_REPRESENTATION_ITEM ( )  RATIONAL_B_SPLINE_SURFACE ( (
 ( 1.000000000000000000, 0.9238795325112867385, 1.000000000000000000, 0.9238795325112867385, 1.000000000000000000, 0.9238795325112867385, 1.000000000000000000, 0.9238795325112867385, 1.000000000000000000, 0.9238795325112867385, 1.000000000000000000, 0.9238795325112867385, 1.000000000000000000, 0.9238795325112867385, 1.000000000000000000, 0.9238795325112867385, 1.000000000000000000, 0.9238795325112867385, 1.000000000000000000, 0.9238795325112867385, 1.000000000000000000, 0.9238795325112867385, 1.000000000000000000, 0.9238795325112867385, 1.000000000000000000, 0.9238795325112867385, 1.000000000000000000, 0.9238795325112867385, 1.000000000000000000, 0.9238795325112867385, 1.000000000000000000, 0.9238795325112867385, 1.000000000000000000, 0.9238795325112867385, 1.000000000000000000, 0.9238795325112867385, 1.000000000000000000, 0.9238795325112867385, 1.000000000000000000, 0.9238795325112867385, 1.000000000000000000, 0.9238795325112867385, 1.000000000000000000, 0.9238795325112867385, 1.000000000000000000, 0.9238795325112867385, 1.000000000000000000, 0.9238795325112867385, 1.000000000000000000, 0.9238795325112867385, 1.000000000000000000, 0.9238795325112867385, 1.000000000000000000, 0.9238795325112867385, 1.000000000000000000, 0.9238795325112867385, 1.000000000000000000, 0.9238795325112867385, 1.000000000000000000, 0.9238795325112867385, 1.000000000000000000, 0.9238795325112867385, 1.000000000000000000, 0.9238795325112867385, 1.000000000000000000, 0.9238795325112867385, 1.000000000000000000, 0.9238795325112867385, 1.000000000000000000, 0.9238795325112867385, 1.000000000000000000, 0.9238795325112867385, 1.000000000000000000, 0.9238795325112867385, 1.000000000000000000, 0.9238795325112867385, 1.000000000000000000, 0.9238795325112867385, 1.000000000000000000, 0.9238795325112867385, 1.000000000000000000, 0.9238795325112867385, 1.000000000000000000, 0.9238795325112867385, 1.000000000000000000, 0.9238795325112867385, 1.000000000000000000, 0.9238795325112867385, 1.000000000000000000, 0.9238795325112867385, 1.000000000000000000, 0.9238795325112867385, 1.000000000000000000, 0.9238795325112867385, 1.000000000000000000, 0.9238795325112867385, 1.000000000000000000, 0.9238795325112867385, 1.000000000000000000, 0.9238795325112867385, 1.000000000000000000, 0.9238795325112867385, 1.000000000000000000, 0.9238795325112867385, 1.000000000000000000, 0.9238795325112867385, 1.000000000000000000, 0.9238795325112867385, 1.000000000000000000, 0.9238795325112867385, 1.000000000000000000, 0.9238795325112867385, 1.000000000000000000, 0.9238795325112867385, 1.000000000000000000, 0.9238795325112867385, 1.000000000000000000, 0.9238795325112867385, 1.000000000000000000, 0.9238795325112867385, 1.000000000000000000, 0.9238795325112867385, 1.000000000000000000, 0.9238795325112867385, 1.000000000000000000, 0.9238795325112867385, 1.000000000000000000, 0.9238795325112867385, 1.000000000000000000, 0.9238795325112867385, 1.000000000000000000, 0.9238795325112867385, 1.000000000000000000, 0.9238795325112867385, 1.000000000000000000, 0.9238795325112867385, 1.000000000000000000, 0.9238795325112867385, 1.000000000000000000, 0.9238795325112867385, 1.000000000000000000, 0.9238795325112867385, 1.000000000000000000, 0.9238795325112867385, 1.000000000000000000, 0.9238795325112867385, 1.000000000000000000, 0.9238795325112867385, 1.000000000000000000, 0.9238795325112867385, 1.000000000000000000, 0.9238795325112867385, 1.000000000000000000, 0.9238795325112867385, 1.000000000000000000, 0.9238795325112867385, 1.000000000000000000, 0.9238795325112867385, 1.000000000000000000, 0.9238795325112867385, 1.000000000000000000, 0.9238795325112867385, 1.000000000000000000, 0.9238795325112867385, 1.000000000000000000, 0.9238795325112867385, 1.000000000000000000, 0.9238795325112867385, 1.000000000000000000, 0.9238795325112867385, 1.000000000000000000, 0.9238795325112867385, 1.000000000000000000, 0.9238795325112867385, 1.000000000000000000, 0.9238795325112867385, 1.000000000000000000, 0.9238795325112867385, 1.000000000000000000, 0.9238795325112867385, 1.000000000000000000, 0.9238795325112867385, 1.000000000000000000, 0.9238795325112867385, 1.000000000000000000, 0.9238795325112867385, 1.000000000000000000, 0.9238795325112867385, 1.000000000000000000, 0.9238795325112867385, 1.000000000000000000, 0.9238795325112867385, 1.000000000000000000, 0.9238795325112867385, 1.000000000000000000, 0.9238795325112867385, 1.000000000000000000, 0.9238795325112867385, 1.000000000000000000, 0.9238795325112867385, 1.000000000000000000, 0.9238795325112867385, 1.000000000000000000, 0.9238795325112867385, 1.000000000000000000, 0.9238795325112867385, 1.000000000000000000, 0.9238795325112867385, 1.000000000000000000, 0.9238795325112867385, 1.000000000000000000, 0.9238795325112867385, 1.000000000000000000, 0.9238795325112867385, 1.000000000000000000, 0.9238795325112867385, 1.000000000000000000, 0.9238795325112867385, 1.000000000000000000, 0.9238795325112867385, 1.000000000000000000, 0.9238795325112867385, 1.000000000000000000, 0.9238795325112867385, 1.000000000000000000, 0.9238795325112867385, 1.000000000000000000, 0.9238795325112867385, 1.000000000000000000, 0.9238795325112867385, 1.000000000000000000, 0.9238795325112867385, 1.000000000000000000, 0.9238795325112867385, 1.000000000000000000, 0.9238795325112867385, 1.000000000000000000, 0.9238795325112867385, 1.000000000000000000, 0.9238795325112867385, 1.000000000000000000, 0.9238795325112867385, 1.000000000000000000, 0.9238795325112867385, 1.000000000000000000, 0.9238795325112867385, 1.000000000000000000, 0.9238795325112867385, 1.000000000000000000, 0.9238795325112867385, 1.000000000000000000, 0.9238795325112867385, 1.000000000000000000, 0.9238795325112867385, 1.000000000000000000, 0.9238795325112867385, 1.000000000000000000, 0.9238795325112867385, 1.000000000000000000, 0.9238795325112867385, 1.000000000000000000, 0.9238795325112867385, 1.000000000000000000, 0.9238795325112867385, 1.000000000000000000, 0.9238795325112867385, 1.000000000000000000, 0.9238795325112867385, 1.000000000000000000, 0.9238795325112867385, 1.000000000000000000, 0.9238795325112867385, 1.000000000000000000, 0.9238795325112867385, 1.000000000000000000, 0.9238795325112867385, 1.000000000000000000, 0.9238795325112867385, 1.000000000000000000, 0.9238795325112867385, 1.000000000000000000, 0.9238795325112867385, 1.000000000000000000, 0.9238795325112867385, 1.000000000000000000, 0.9238795325112867385, 1.000000000000000000, 0.9238795325112867385, 1.000000000000000000, 0.9238795325112867385, 1.000000000000000000, 0.9238795325112867385, 1.000000000000000000, 0.9238795325112867385, 1.000000000000000000, 0.9238795325112867385, 1.000000000000000000, 0.9238795325112867385, 1.000000000000000000, 0.9238795325112867385, 1.000000000000000000),
 ( 1.000000000000000000, 0.9238795325112867385, 1.000000000000000000, 0.9238795325112867385, 1.000000000000000000, 0.9238795325112867385, 1.000000000000000000, 0.9238795325112867385, 1.000000000000000000, 0.9238795325112867385, 1.000000000000000000, 0.9238795325112867385, 1.000000000000000000, 0.9238795325112867385, 1.000000000000000000, 0.9238795325112867385, 1.000000000000000000, 0.9238795325112867385, 1.000000000000000000, 0.9238795325112867385, 1.000000000000000000, 0.9238795325112867385, 1.000000000000000000, 0.9238795325112867385, 1.000000000000000000, 0.9238795325112867385, 1.000000000000000000, 0.9238795325112867385, 1.000000000000000000, 0.9238795325112867385, 1.000000000000000000, 0.9238795325112867385, 1.000000000000000000, 0.9238795325112867385, 1.000000000000000000, 0.9238795325112867385, 1.000000000000000000, 0.9238795325112867385, 1.000000000000000000, 0.9238795325112867385, 1.000000000000000000, 0.9238795325112867385, 1.000000000000000000, 0.9238795325112867385, 1.000000000000000000, 0.9238795325112867385, 1.000000000000000000, 0.9238795325112867385, 1.000000000000000000, 0.9238795325112867385, 1.000000000000000000, 0.9238795325112867385, 1.000000000000000000, 0.9238795325112867385, 1.000000000000000000, 0.9238795325112867385, 1.000000000000000000, 0.9238795325112867385, 1.000000000000000000, 0.9238795325112867385, 1.000000000000000000, 0.9238795325112867385, 1.000000000000000000, 0.9238795325112867385, 1.000000000000000000, 0.9238795325112867385, 1.000000000000000000, 0.9238795325112867385, 1.000000000000000000, 0.9238795325112867385, 1.000000000000000000, 0.9238795325112867385, 1.000000000000000000, 0.9238795325112867385, 1.000000000000000000, 0.9238795325112867385, 1.000000000000000000, 0.9238795325112867385, 1.000000000000000000, 0.9238795325112867385, 1.000000000000000000, 0.9238795325112867385, 1.000000000000000000, 0.9238795325112867385, 1.000000000000000000, 0.9238795325112867385, 1.000000000000000000, 0.9238795325112867385, 1.000000000000000000, 0.9238795325112867385, 1.000000000000000000, 0.9238795325112867385, 1.000000000000000000, 0.9238795325112867385, 1.000000000000000000, 0.9238795325112867385, 1.000000000000000000, 0.9238795325112867385, 1.000000000000000000, 0.9238795325112867385, 1.000000000000000000, 0.9238795325112867385, 1.000000000000000000, 0.9238795325112867385, 1.000000000000000000, 0.9238795325112867385, 1.000000000000000000, 0.9238795325112867385, 1.000000000000000000, 0.9238795325112867385, 1.000000000000000000, 0.9238795325112867385, 1.000000000000000000, 0.9238795325112867385, 1.000000000000000000, 0.9238795325112867385, 1.000000000000000000, 0.9238795325112867385, 1.000000000000000000, 0.9238795325112867385, 1.000000000000000000, 0.9238795325112867385, 1.000000000000000000, 0.9238795325112867385, 1.000000000000000000, 0.9238795325112867385, 1.000000000000000000, 0.9238795325112867385, 1.000000000000000000, 0.9238795325112867385, 1.000000000000000000, 0.9238795325112867385, 1.000000000000000000, 0.9238795325112867385, 1.000000000000000000, 0.9238795325112867385, 1.000000000000000000, 0.9238795325112867385, 1.000000000000000000, 0.9238795325112867385, 1.000000000000000000, 0.9238795325112867385, 1.000000000000000000, 0.9238795325112867385, 1.000000000000000000, 0.9238795325112867385, 1.000000000000000000, 0.9238795325112867385, 1.000000000000000000, 0.9238795325112867385, 1.000000000000000000, 0.9238795325112867385, 1.000000000000000000, 0.9238795325112867385, 1.000000000000000000, 0.9238795325112867385, 1.000000000000000000, 0.9238795325112867385, 1.000000000000000000, 0.9238795325112867385, 1.000000000000000000, 0.9238795325112867385, 1.000000000000000000, 0.9238795325112867385, 1.000000000000000000, 0.9238795325112867385, 1.000000000000000000, 0.9238795325112867385, 1.000000000000000000, 0.9238795325112867385, 1.000000000000000000, 0.9238795325112867385, 1.000000000000000000, 0.9238795325112867385, 1.000000000000000000, 0.9238795325112867385, 1.000000000000000000, 0.9238795325112867385, 1.000000000000000000, 0.9238795325112867385, 1.000000000000000000, 0.9238795325112867385, 1.000000000000000000, 0.9238795325112867385, 1.000000000000000000, 0.9238795325112867385, 1.000000000000000000, 0.9238795325112867385, 1.000000000000000000, 0.9238795325112867385, 1.000000000000000000, 0.9238795325112867385, 1.000000000000000000, 0.9238795325112867385, 1.000000000000000000, 0.9238795325112867385, 1.000000000000000000, 0.9238795325112867385, 1.000000000000000000, 0.9238795325112867385, 1.000000000000000000, 0.9238795325112867385, 1.000000000000000000, 0.9238795325112867385, 1.000000000000000000, 0.9238795325112867385, 1.000000000000000000, 0.9238795325112867385, 1.000000000000000000, 0.9238795325112867385, 1.000000000000000000, 0.9238795325112867385, 1.000000000000000000, 0.9238795325112867385, 1.000000000000000000, 0.9238795325112867385, 1.000000000000000000, 0.9238795325112867385, 1.000000000000000000, 0.9238795325112867385, 1.000000000000000000, 0.9238795325112867385, 1.000000000000000000, 0.9238795325112867385, 1.000000000000000000, 0.9238795325112867385, 1.000000000000000000, 0.9238795325112867385, 1.000000000000000000, 0.9238795325112867385, 1.000000000000000000, 0.9238795325112867385, 1.000000000000000000, 0.9238795325112867385, 1.000000000000000000, 0.9238795325112867385, 1.000000000000000000, 0.9238795325112867385, 1.000000000000000000, 0.9238795325112867385, 1.000000000000000000, 0.9238795325112867385, 1.000000000000000000, 0.9238795325112867385, 1.000000000000000000, 0.9238795325112867385, 1.000000000000000000, 0.9238795325112867385, 1.000000000000000000, 0.9238795325112867385, 1.000000000000000000, 0.9238795325112867385, 1.000000000000000000, 0.9238795325112867385, 1.000000000000000000, 0.9238795325112867385, 1.000000000000000000, 0.9238795325112867385, 1.000000000000000000, 0.9238795325112867385, 1.000000000000000000, 0.9238795325112867385, 1.000000000000000000, 0.9238795325112867385, 1.000000000000000000, 0.9238795325112867385, 1.000000000000000000, 0.9238795325112867385, 1.000000000000000000, 0.9238795325112867385, 1.000000000000000000, 0.9238795325112867385, 1.000000000000000000, 0.9238795325112867385, 1.000000000000000000, 0.9238795325112867385, 1.000000000000000000, 0.9238795325112867385, 1.000000000000000000, 0.9238795325112867385, 1.000000000000000000, 0.9238795325112867385, 1.000000000000000000, 0.9238795325112867385, 1.000000000000000000, 0.9238795325112867385, 1.000000000000000000, 0.9238795325112867385, 1.000000000000000000, 0.9238795325112867385, 1.000000000000000000, 0.9238795325112867385, 1.000000000000000000, 0.9238795325112867385, 1.000000000000000000, 0.9238795325112867385, 1.000000000000000000, 0.9238795325112867385, 1.000000000000000000, 0.9238795325112867385, 1.000000000000000000) ) ) 
 REPRESENTATION_ITEM ( '' )  SURFACE ( )  );
#4504 = CARTESIAN_POINT ( 'NONE',  ( 14.34998826649456838, -0.8203085389236753899, -1.980399999999995497 ) ) ;
#4505 = CARTESIAN_POINT ( 'NONE',  ( 11.49997946636549706, 1.708891913686717970E-16, -2.499999999999996891 ) ) ;
#4506 = EDGE_CURVE ( 'NONE', #1803, #2825, #1760, .T. ) ;
#4507 = CARTESIAN_POINT ( 'NONE',  ( 4.099991199870922642, 1.980399999999998828, 0.000000000000000000 ) ) ;
#4508 = CARTESIAN_POINT ( 'NONE',  ( 2.849988266494567490, -0.8203085389236766112, 1.980399999999995053 ) ) ;
#4509 = CARTESIAN_POINT ( 'NONE',  ( 2.133323819087567408, -2.745878156437212780, -0.7412251518544885620 ) ) ;
#4510 = CARTESIAN_POINT ( 'NONE',  ( 14.07499046652683283, -1.937099999999996935, 0.8023730916729207019 ) ) ;
#4511 = CARTESIAN_POINT ( 'NONE',  ( 6.149991199870922465, -1.980399999999998606, -0.8203085389236771663 ) ) ;
#4512 = CARTESIAN_POINT ( 'NONE',  ( 0.04040780731666784170, 0.7260486531946018784, -1.499999999999999556 ) ) ;
#4513 = CARTESIAN_POINT ( 'NONE',  ( 8.124988999838654635, 1.937099999999994937, -0.8023730916729204798 ) ) ;
#4514 = CARTESIAN_POINT ( 'NONE',  ( 3.899988266494567757, -1.400354269461835610, -1.400354269461835832 ) ) ;
#4515 = CARTESIAN_POINT ( 'NONE',  ( 9.099988266494568379, 1.400354269461835166, 1.400354269461835832 ) ) ;
#4516 = CARTESIAN_POINT ( 'NONE',  ( 14.19999119987092406, -1.400354269461837831, -1.400354269461838053 ) ) ;
#4517 = CARTESIAN_POINT ( 'NONE',  ( 7.899991199870924241, 1.334980905853392277E-16, -1.980399999999998384 ) ) ;
#4518 = CARTESIAN_POINT ( 'NONE',  ( 14.44999119987092762, 1.980399999999998606, -0.8203085389236768332 ) ) ;
#4519 = CARTESIAN_POINT ( 'NONE',  ( 9.749979466365497061, -2.499999999999996891, -1.035533905932736864 ) ) ;
#4520 = CARTESIAN_POINT ( 'NONE',  ( 0.04040780731640950668, 0.7260486531954971623, 1.499999999999999778 ) ) ;
#4521 = CARTESIAN_POINT ( 'NONE',  ( 16.57498899983865570, -1.937099999999994715, -2.372263314628331252E-16 ) ) ;
#4522 = CARTESIAN_POINT ( 'NONE',  ( 14.09998826649456838, -1.400354269461836054, 1.400354269461835610 ) ) ;
#4523 = CARTESIAN_POINT ( 'NONE',  ( 2.449513487453490956, 0.9480786916857281144, -2.313254589181974907 ) ) ;
#4524 = CARTESIAN_POINT ( 'NONE',  ( 1.399999999999815614, 2.919096923789128883, 3.798417497482827088 ) ) ;
#4525 = CARTESIAN_POINT ( 'NONE',  ( 10.34999999999999964, 1.035533905932736864, 2.499999999999996447 ) ) ;
#4526 = CARTESIAN_POINT ( 'NONE',  ( 2.531925008609854810, 1.299038105676658228, -0.7500000000000002220 ) ) ;
#4527 = CARTESIAN_POINT ( 'NONE',  ( 11.17499046652683603, 0.8023730916729211460, -1.937099999999996713 ) ) ;
#4528 = CARTESIAN_POINT ( 'NONE',  ( 2.483320885711191472, 1.507832096249354104, -1.956815012281161170 ) ) ;
#4529 = ORIENTED_EDGE ( 'NONE', *, *, #5171, .T. ) ;
#4530 = CARTESIAN_POINT ( 'NONE',  ( 17.25741188602582454, -1.751887457697460793, 0.8829346630597419976 ) ) ;
#4531 = CARTESIAN_POINT ( 'NONE',  ( 2.866654219044563856, -0.9505626740653339013, 1.642856633027786284 ) ) ;
#4532 = CARTESIAN_POINT ( 'NONE',  ( 5.549988266494568556, -0.8203085389236753899, -1.980399999999995497 ) ) ;
#4533 = CARTESIAN_POINT ( 'NONE',  ( 3.233320885711269632, 0.3531826635992013630, -1.301900322101851026 ) ) ;
#4534 = CARTESIAN_POINT ( 'NONE',  ( 13.24998826649456873, -0.8203085389236766112, 1.980399999999995053 ) ) ;
#4535 = CARTESIAN_POINT ( 'NONE',  ( 11.64997946636549742, 2.499999999999996891, -1.035533905932736642 ) ) ;
#4536 = CARTESIAN_POINT ( 'NONE',  ( 5.149991199870923353, -0.8203085389236781655, 1.980399999999998606 ) ) ;
#4537 = CARTESIAN_POINT ( 'NONE',  ( 16.64999999999999858, 2.499999999999996447, 1.035533905932737975 ) ) ;
#4538 = AXIS2_PLACEMENT_3D ( 'NONE', #4857, #2757, #2815 ) ;
#4539 = CARTESIAN_POINT ( 'NONE',  ( 2.516657152420896271, 2.252206939998669721, 0.2980243058660835831 ) ) ;
#4540 = CARTESIAN_POINT ( 'NONE',  ( 4.099991199870922642, 1.980399999999998384, 0.000000000000000000 ) ) ;
#4541 = CARTESIAN_POINT ( 'NONE',  ( 0.1339631176195879847, 0.1464398784637487017, -1.500000000000000666 ) ) ;
#4542 = CARTESIAN_POINT ( 'NONE',  ( 7.824988999838654813, -1.937099999999994937, -0.8023730916729207019 ) ) ;
#4543 = CARTESIAN_POINT ( 'NONE',  ( 4.199988266494568023, 1.980399999999995941, 0.000000000000000000 ) ) ;
#4544 = CARTESIAN_POINT ( 'NONE',  ( 9.749988266494568734, 1.980399999999995497, -0.8203085389236757230 ) ) ;
#4545 = CARTESIAN_POINT ( 'NONE',  ( 15.44999119987092584, 0.8203085389236777214, 1.980399999999998606 ) ) ;
#4546 = CARTESIAN_POINT ( 'NONE',  ( 5.899991199870924241, -3.546571220161959986E-16, 1.980399999999998384 ) ) ;
#4547 = CARTESIAN_POINT ( 'NONE',  ( 7.949999999999998401, 1.035533905932736864, 2.499999999999996447 ) ) ;
#4548 = CARTESIAN_POINT ( 'NONE',  ( 16.79999119987092371, 1.400354269461837831, -1.400354269461837831 ) ) ;
#4549 = CARTESIAN_POINT ( 'NONE',  ( 10.39997946636549742, -1.767766952966367100, 1.767766952966366434 ) ) ;
#4550 = FACE_OUTER_BOUND ( 'NONE', #5535, .T. ) ;
#4551 = CARTESIAN_POINT ( 'NONE',  ( 16.72498899983865428, -0.8023730916729203688, -1.937099999999994937 ) ) ;
#4552 = CARTESIAN_POINT ( 'NONE',  ( 15.29998826649456767, 1.400354269461835832, -1.400354269461835832 ) ) ;
#4553 = CARTESIAN_POINT ( 'NONE',  ( 1.399999999999999689, 2.499999999999999556, 0.000000000000000000 ) ) ;
#4554 = CARTESIAN_POINT ( 'NONE',  ( 0.8399999999999998579, 0.6217735404957728251, -4.750000000000001776 ) ) ;
#4555 = CARTESIAN_POINT ( 'NONE',  ( 11.19999999999999751, -4.418987426668459763E-16, 2.499999999999996891 ) ) ;
#4556 = CARTESIAN_POINT ( 'NONE',  ( 17.23880000000000834, -0.5984071800756302073, 1.887827589276603657 ) ) ;
#4557 = CARTESIAN_POINT ( 'NONE',  ( 11.42499046652683425, 1.369736545836458319, 1.369736545836458985 ) ) ;
#4558 = CARTESIAN_POINT ( 'NONE',  ( 2.433320885711304893, 0.6636166514125196869, -2.457082592188862158 ) ) ;
#4559 = VERTEX_POINT ( 'NONE', #212 ) ;
#4560 = CARTESIAN_POINT ( 'NONE',  ( 3.899979466365496084, -4.532032201069614138E-16, 2.499999999999996891 ) ) ;
#4561 = CARTESIAN_POINT ( 'NONE',  ( -999.0000000000000000, 0.000000000000000000, 0.000000000000000000 ) ) ;
#4562 = FACE_OUTER_BOUND ( 'NONE', #850, .T. ) ;
#4563 = CARTESIAN_POINT ( 'NONE',  ( 14.64998826649456909, 1.980399999999995053, 0.8203085389236768332 ) ) ;
#4564 = CARTESIAN_POINT ( 'NONE',  ( 10.69997946636549635, 1.696503480105710094E-16, -2.499999999999996891 ) ) ;
#4565 = CARTESIAN_POINT ( 'NONE',  ( 14.55000000000000071, -2.499999999999997335, 1.035533905932735976 ) ) ;
#4566 = CARTESIAN_POINT ( 'NONE',  ( 5.999991199870922998, -1.400354269461838275, 1.400354269461837831 ) ) ;
#4567 = CARTESIAN_POINT ( 'NONE',  ( 15.75000000000000000, 2.499999999999996891, -1.035533905932736642 ) ) ;
#4568 = CARTESIAN_POINT ( 'NONE',  ( 3.191654952388633060, 0.1759255777356045214, -1.319369145500137064 ) ) ;
#4569 = CARTESIAN_POINT ( 'NONE',  ( 2.749991199870921665, -0.8203085389236779434, 1.980399999999998162 ) ) ;
#4570 = CARTESIAN_POINT ( 'NONE',  ( 10.34998826649457015, -0.8203085389236753899, -1.980399999999995497 ) ) ;
#4571 = CARTESIAN_POINT ( 'NONE',  ( 2.467803141764328245, -0.5788440706064595931, -1.500000000000000666 ) ) ;
#4572 = CARTESIAN_POINT ( 'NONE',  ( 8.074988999838653925, 1.369736545836457653, -1.369736545836457653 ) ) ;
#4573 = CARTESIAN_POINT ( 'NONE',  ( 3.599988266494567934, -3.582188012132275446E-16, 1.980399999999995941 ) ) ;
#4574 = CARTESIAN_POINT ( 'NONE',  ( 5.499988266494568734, -1.400354269461835388, -1.400354269461835610 ) ) ;
#4575 = CARTESIAN_POINT ( 'NONE',  ( 13.39999119987092335, -1.400354269461837831, -1.400354269461838053 ) ) ;
#4576 = CARTESIAN_POINT ( 'NONE',  ( 5.499991199870922998, 1.297815605110368649E-16, -1.980399999999998384 ) ) ;
#4577 = CARTESIAN_POINT ( 'NONE',  ( 8.149999999999996803, -2.499999999999997335, 1.035533905932735976 ) ) ;
#4578 = CARTESIAN_POINT ( 'NONE',  ( 12.94999119987092584, 1.980399999999998162, 0.8203085389236781655 ) ) ;
#4579 = CARTESIAN_POINT ( 'NONE',  ( 7.699979466365495462, 2.499999999999996891, 0.000000000000000000 ) ) ;
#4580 = CARTESIAN_POINT ( 'NONE',  ( 16.04999119987092371, 1.980399999999998384, -0.8203085389236769442 ) ) ;
#4581 = CARTESIAN_POINT ( 'NONE',  ( 3.424990466526833810, 1.369736545836458319, 1.369736545836458985 ) ) ;
#4582 = CARTESIAN_POINT ( 'NONE',  ( 13.74998826649456873, 1.980399999999995941, -0.8203085389236758340 ) ) ;
#4583 = CARTESIAN_POINT ( 'NONE',  ( 2.666439892180290983, 2.417171877399900470, -0.6539487482768701065 ) ) ;
#4584 = CARTESIAN_POINT ( 'NONE',  ( 3.071325249168505245, -0.6100539708829949559, -1.869448207674596185 ) ) ;
#4585 = CARTESIAN_POINT ( 'NONE',  ( 9.699999999999999289, -1.767766952966367100, 1.767766952966366434 ) ) ;
#4586 = ADVANCED_FACE ( 'NONE', ( #3274, #3695 ), #2361, .T. ) ;
#4587 = CARTESIAN_POINT ( 'NONE',  ( 6.599999999999997868, -2.499999999999996891, -3.061616997868379197E-16 ) ) ;
#4588 = CARTESIAN_POINT ( 'NONE',  ( 1.399999999999999689, -1.657019262140836835, 4.000398375773873028 ) ) ;
#4589 = CARTESIAN_POINT ( 'NONE',  ( 10.67499046652683603, 0.8023730916729214790, 1.937099999999996269 ) ) ;
#4590 = CARTESIAN_POINT ( 'NONE',  ( 2.916654219044469087, -1.447622137777973661, 1.108481274873960976 ) ) ;
#4591 = ORIENTED_EDGE ( 'NONE', *, *, #4750, .T. ) ;
#4592 = CARTESIAN_POINT ( 'NONE',  ( 3.233312085582060291, -2.012969051154539279, 1.156524483547062943 ) ) ;
#4593 = CARTESIAN_POINT ( 'NONE',  ( 0.5599999999999997202, -1.243302455813077856, 4.626370212059319975 ) ) ;
#4594 = CARTESIAN_POINT ( 'NONE',  ( 8.849979466365494929, -2.499999999999997335, 1.035533905932735976 ) ) ;
#4595 = CARTESIAN_POINT ( 'NONE',  ( 16.32499046652683461, -3.305593646811058458E-16, 1.937099999999996269 ) ) ;
#4596 = CARTESIAN_POINT ( 'NONE',  ( 14.89999999999999858, 1.767766952966366878, -1.767766952966366878 ) ) ;
#4597 = CARTESIAN_POINT ( 'NONE',  ( 3.008321619055323914, -1.548522810261249161, -0.4194577133984392359 ) ) ;
#4598 = CARTESIAN_POINT ( 'NONE',  ( 3.549991199870922376, -0.8203085389236779434, 1.980399999999998162 ) ) ;
#4599 = CARTESIAN_POINT ( 'NONE',  ( 11.74998826649456873, -1.980399999999995941, 0.8203085389236750569 ) ) ;
#4600 = CARTESIAN_POINT ( 'NONE',  ( 17.17837278129880829, 0.8807181202260595532, 1.865248418518913986 ) ) ;
#4601 = CARTESIAN_POINT ( 'NONE',  ( 5.474988999838654280, -1.369736545836457431, -1.369736545836457653 ) ) ;
#4602 = CARTESIAN_POINT ( 'NONE',  ( 5.849988266494569267, 1.980399999999995497, 0.8203085389236771663 ) ) ;
#4603 = CARTESIAN_POINT ( 'NONE',  ( 5.599988266494567490, 1.299364113883070160E-16, -1.980399999999995497 ) ) ;
#4604 = CARTESIAN_POINT ( 'NONE',  ( 15.64999119987092335, -1.980399999999999494, 0.8203085389236765002 ) ) ;
#4605 = CARTESIAN_POINT ( 'NONE',  ( 7.799991199870922820, -1.400354269461837609, -1.400354269461837831 ) ) ;
#4606 = CARTESIAN_POINT ( 'NONE',  ( 7.799999999999998046, 2.499999999999996891, 0.000000000000000000 ) ) ;
#4607 = CARTESIAN_POINT ( 'NONE',  ( 12.29999119987092371, -3.447463751513896977E-16, 1.980399999999998384 ) ) ;
#4608 = CARTESIAN_POINT ( 'NONE',  ( 9.249979466365497061, 2.499999999999996891, -1.035533905932736642 ) ) ;
#4609 = CARTESIAN_POINT ( 'NONE',  ( 15.34999119987092442, 1.980399999999997718, 0.8203085389236781655 ) ) ;
#4610 = CARTESIAN_POINT ( 'NONE',  ( 15.67498899983865179, -1.369736545836457653, 1.369736545836457431 ) ) ;
#4611 = CARTESIAN_POINT ( 'NONE',  ( 15.04998826649456767, -1.980399999999995941, -0.8203085389236761671 ) ) ;
#4612 = CARTESIAN_POINT ( 'NONE',  ( 15.44998826649456980, 1.980399999999995053, 0.8203085389236769442 ) ) ;
#4613 = CARTESIAN_POINT ( 'NONE',  ( 0.8399999999999998579, -3.798417497483005612, -2.919096923789199050 ) ) ;
#4614 = CARTESIAN_POINT ( 'NONE',  ( 17.40099999999999980, 0.8660254037844390407, 1.500000000000000000 ) ) ;
#4615 = CARTESIAN_POINT ( 'NONE',  ( 12.72499046652683141, 1.383185031331073411E-16, -1.937099999999996269 ) ) ;
#4616 = CARTESIAN_POINT ( 'NONE',  ( 2.333320885711218207, -1.342837832165864498, -2.336210996386965277 ) ) ;
#4617 = CARTESIAN_POINT ( 'NONE',  ( 2.516665952549995922, -1.863127883058621093, 1.427801233627369104 ) ) ;
#4618 = CARTESIAN_POINT ( 'NONE',  ( 2.533320885711326742, 2.077124198465037708, -1.193506021765496028 ) ) ;
#4619 = CARTESIAN_POINT ( 'NONE',  ( -2.168404344971008868E-16, 0.6217735404951852951, -4.750000000000000000 ) ) ;
#4620 = CARTESIAN_POINT ( 'NONE',  ( 9.099979466365496705, 1.671726612943694588E-16, -2.499999999999996891 ) ) ;
#4621 = CARTESIAN_POINT ( 'NONE',  ( 17.72499046652683319, 1.937099999999996269, 0.000000000000000000 ) ) ;
#4622 = CARTESIAN_POINT ( 'NONE',  ( 14.79999999999999893, 1.759994520182833950E-16, -2.499999999999996891 ) ) ;
#4623 = CARTESIAN_POINT ( 'NONE',  ( 2.341656419076920681, 0.3311669294545048214, -2.505419496590796324 ) ) ;
#4624 = CARTESIAN_POINT ( 'NONE',  ( 2.949991199870922731, -1.980399999999998606, -0.8203085389236771663 ) ) ;
#4625 = CARTESIAN_POINT ( 'NONE',  ( 11.09998826649456838, -1.400354269461835388, -1.400354269461835610 ) ) ;
#4626 = DIRECTION ( 'NONE',  ( 0.000000000000000000, -1.000000000000000000, 0.000000000000000000 ) ) ;
#4627 = CARTESIAN_POINT ( 'NONE',  ( 4.124988999838654635, 1.937099999999994937, -0.8023730916729204798 ) ) ;
#4628 = CARTESIAN_POINT ( 'NONE',  ( 17.69997946636549457, -2.499999999999996891, -3.061616997868379197E-16 ) ) ;
#4629 = CARTESIAN_POINT ( 'NONE',  ( 7.849988266494568379, -1.980399999999995497, -0.8203085389236758340 ) ) ;
#4630 = CARTESIAN_POINT ( 'NONE',  ( 10.59999119987092264, 1.400354269461837609, 1.400354269461838275 ) ) ;
#4631 = CARTESIAN_POINT ( 'NONE',  ( 4.799991199870923708, 1.400354269461837831, -1.400354269461837831 ) ) ;
#4632 = CARTESIAN_POINT ( 'NONE',  ( 5.599999999999998757, -4.505706461735514156E-16, 2.499999999999996891 ) ) ;
#4633 = CARTESIAN_POINT ( 'NONE',  ( 13.24999119987092477, -1.980399999999999050, 0.8203085389236763891 ) ) ;
#4634 = AXIS2_PLACEMENT_3D ( 'NONE', #2777, #1984, #1925 ) ;
#4635 = CARTESIAN_POINT ( 'NONE',  ( 6.499979466365496172, -2.499999999999996891, -3.061616997868379197E-16 ) ) ;
#4636 = CARTESIAN_POINT ( 'NONE',  ( 14.74999119987092477, -0.8203085389236779434, 1.980399999999997718 ) ) ;
#4637 = CARTESIAN_POINT ( 'NONE',  ( 14.52498899983865677, 1.937099999999994937, -0.8023730916729204798 ) ) ;
#4638 = CARTESIAN_POINT ( 'NONE',  ( 11.74998826649456873, -1.980399999999996385, 0.8203085389236752789 ) ) ;
#4639 = CARTESIAN_POINT ( 'NONE',  ( 14.84998826649456838, -0.8203085389236767222, 1.980399999999995053 ) ) ;
#4640 = CARTESIAN_POINT ( 'NONE',  ( 1.399999999999999689, -2.180670180351002241, 3.783495063502236189 ) ) ;
#4641 = CARTESIAN_POINT ( 'NONE',  ( 7.699999999999998401, 1.767766952966366878, -1.767766952966366878 ) ) ;
#4642 = CARTESIAN_POINT ( 'NONE',  ( 13.84997946636549671, -1.035533905932736420, -2.499999999999996891 ) ) ;
#4643 = CARTESIAN_POINT ( 'NONE',  ( 6.974990466526833188, -1.937099999999996713, -0.8023730916729213680 ) ) ;
#4644 = CARTESIAN_POINT ( 'NONE',  ( 2.233320885711304271, -2.745878157762278171, -0.7412251499339742589 ) ) ;
#4645 = ORIENTED_EDGE ( 'NONE', *, *, #2147, .F. ) ;
#4646 = CARTESIAN_POINT ( 'NONE',  ( 3.299990485754262348, 1.090864477582689229, -1.110738852876331777E-05 ) ) ;
#4647 = CARTESIAN_POINT ( 'NONE',  ( 8.499979466365495284, 2.499999999999996891, 0.000000000000000000 ) ) ;
#4648 = CARTESIAN_POINT ( 'NONE',  ( 13.59999999999999964, -4.381822125925436874E-16, 2.499999999999996891 ) ) ;
#4649 = CARTESIAN_POINT ( 'NONE',  ( 15.87499046652683710, -0.8023730916729210350, -1.937099999999996713 ) ) ;
#4650 = CARTESIAN_POINT ( 'NONE',  ( 2.391535856974802421, 1.110915078769146636, 2.244160739680699734 ) ) ;
#4651 = CARTESIAN_POINT ( 'NONE',  ( 2.191656419076866591, -2.382291075019530524, -1.376735778862453685 ) ) ;
#4652 = CARTESIAN_POINT ( 'NONE',  ( 4.299991199870922820, -3.571348087323975245E-16, 1.980399999999998384 ) ) ;
#4653 = CARTESIAN_POINT ( 'NONE',  ( 9.349988266494568379, -1.980399999999995941, 0.8203085389236750569 ) ) ;
#4654 = CARTESIAN_POINT ( 'NONE',  ( 2.566657152420912080, 1.901946468921832611, 1.099889208506289018 ) ) ;
#4655 =( BOUNDED_SURFACE ( )  B_SPLINE_SURFACE ( 3, 2, ( 
 ( #1334, #2672, #2295, #4023, #44, #3048, #3551, #2243, #4458, #4381, #96, #2189, #5230, #3923, #547, #5313, #4350, #1793, #4853, #1360, #3123, #896, #494, #148, #3098, #4775, #2217, #2723, #121, #1846, #3149, #70, #3072, #4408, #4966, #1901, #5339, #1929, #5369, #1079, #719, #4604, #4050, #3602, #1957, #4545, #2873, #1051, #660, #603, #174, #4486, #4997, #3718, #1023, #3265, #2323, #1438, #2781, #3177, #234, #1466, #3630, #262, #3206, #632, #2443, #4175, #3657, #4935, #4516, #1528, #1138, #3293, #1110, #3687, #1988, #2842, #1874, #4908, #5426, #2350, #2752, #4081, #204, #2380, #4575, #5397, #1494, #3234, #2809, #4111, #690, #2412, #4141, #5461, #1561, #5025, #3860, #2530, #4233, #3326, #753, #2935, #5168, #2100, #2072, #2987, #2017, #5520, #5598, #1272, #2476, #3835, #4259, #5573, #1699, #3751, #3810, #378, #1647, #1673, #3407, #5144, #4286, #3013, #1168, #2503, #2905, #1221, #3434, #834, #4659, #325, #2557, #2046, #5057, #783, #5492, #2962, #1591, #3382, #4630, #4206, #403, #4739, #3781, #862, #351, #2125, #4711, #2583, #5115, #4685, #5547, #1621, #5086, #808, #293, #1248, #3356, #1196, #4425, #1838, #3488, #3089, #88, #3967, #3515, #3461, #5222, #3041, #1327, #967, #540, #2689, #2210, #2261, #3065, #487, #989, #459, #7, #3944, #3992, #4767, #431, #888, #1351, #1756, #2610, #5305, #4821, #1377, #62, #512, #4795, #1810, #2153, #4342, #1784, #5196, #2235, #1404, #917, #2639, #3542, #3887, #3569, #5280, #113, #1300, #3142, #1726, #2181, #3915, #4400, #4871, #4313, #4373, #5251, #3115, #941, #36, #2664, #4844, #5450, #1921, #4927, #3169, #2315, #4478, #1071, #5361, #4566, #2831, #4072, #1550, #1043, #594, #1865, #4042, #1893, #2773, #225, #4900, #3708, #3226, #3620, #4958, #2744, #4536, #1977, #3649, #2287, #1100, #196, #2801, #652, #165, #1458, #681, #2402, #3594, #2371, #1016, #4102, #4132, #3198, #3284, #5331, #1948, #4507, #254, #568, #5015, #624, #3257, #5416, #2714, #5389, #1486, #2342, #3679, #1517, #4987, #4451, #4016, #140, #1430, #1239, #4278, #314, #5538, #2522, #801, #342, #283, #2035, #5481, #3771 ),
 ( #4621, #3315, #4251, #395, #2548, #369, #1213, #2980, #2092, #1690, #5590, #2954, #5510, #2006, #1582, #1612, #1639, #3827, #3425, #1186, #1128, #5047, #3346, #5565, #1665, #741, #2467, #2117, #4595, #4703, #3374, #5075, #4164, #1158, #2926, #3852, #4676, #4649, #3399, #2864, #4196, #826, #710, #2896, #5136, #5107, #2432, #3740, #774, #2494, #4224, #2064, #3801, #4814, #1775, #5274, #4759, #2202, #3936, #3507, #936, #3109, #1373, #962, #64, #3572, #1354, #944, #3545, #4769, #2717, #1868, #5419, #4510, #3172, #3711, #1520, #1103, #2405, #1980, #2747, #5453, #2435, #1553, #2009, #5018, #1131, #4167, #3743, #2899, #745, #5513, #4199, #2038, #3349, #5078, #1121, #4919, #2457, #2855, #4615, #2334, #4187, #2763, #1034, #186, #3277, #5038, #2887, #3246, #215, #5008, #246, #4497, #2394, #731, #306, #4122, #5408, #3641, #2793, #4948, #1541, #1940, #1150, #3305, #4557, #2028, #1506, #1063, #1478, #4527, #2363, #4978, #702, #3217, #3763, #3699, #4093, #5438, #643, #4589, #5503, #1969, #616, #1573, #2424, #4154, #274, #3670, #1091, #3189, #2823, #2000, #3731, #5473, #3417, #5609, #795, #443, #2488, #3845, #2516, #3025, #5069, #2594, #2085, #2137, #4298, #1711, #820, #391, #3822, #1633, #4245, #3395, #873, #2542, #5583, #1233, #3445, #4749, #363, #2112, #2998, #1259, #4272, #767, #5560, #337, #1659, #3872, #5182, #1284, #5128, #4324, #2974, #4697, #3898, #3368, #2918, #1683, #2164, #2058, #3339, #3794, #5154, #4671, #5533, #1605, #4724, #415, #848, #2569, #1180, #4643, #4218, #5100, #1208, #2948, #4385, #580, #2729, #1797, #3498, #2193, #5291, #4883, #1418, #4858, #100, #126, #979, #2301, #4463, #1823, #498, #4779, #470, #4805, #4412, #3128, #20, #75, #1740, #3927, #927, #2701, #1389, #5235, #1338, #1001, #3472, #3582, #2247, #3955, #900, #48, #2649, #5206, #3555, #3526, #4437, #1309, #3076, #5318, #2621, #1768, #552, #3978, #2274, #3155, #4354, #5263, #4004, #1365, #1851, #2221, #3102, #4831, #953, #2676, #524, #4913, #4972, #1994, #4581, #1057, #4056, #695, #180, #1028, #2787, #1880, #1084, #153, #5402, #2758, #3607, #2417, #2355 ),
 ( #5467, #2848, #5002, #1116, #5375, #4491, #609, #1499, #1907, #5345, #4087, #3635, #3240, #2879, #1144, #2328, #1444, #4116, #2816, #5032, #3211, #4551, #1471, #4941, #4521, #1533, #268, #637, #5431, #209, #1934, #3663, #667, #2386, #239, #1963, #3692, #3271, #4147, #3724, #1567, #3299, #4610, #725, #4028, #3362, #3438, #789, #4743, #1627, #3865, #1253, #3412, #5148, #3788, #1175, #3332, #5553, #2482, #300, #2510, #331, #1653, #1277, #5173, #4637, #4181, #2536, #5122, #3017, #5093, #1227, #2911, #759, #5063, #5578, #4291, #1598, #3840, #4212, #2023, #1202, #3757, #814, #2052, #5526, #840, #2942, #4665, #2449, #5498, #4239, #357, #2078, #2105, #1703, #5603, #1678, #4265, #2562, #2992, #3816, #3389, #385, #2968, #4691, #4717, #408, #2130, #3972, #3146, #921, #866, #4772, #1762, #93, #517, #4347, #463, #1843, #4317, #4430, #3095, #4799, #3891, #1304, #3491, #118, #2669, #2643, #3548, #2587, #2186, #544, #3575, #3045, #4405, #4825, #2240, #2267, #436, #4378, #947, #2214, #1816, #5284, #1382, #4850, #5310, #1733, #3069, #3466, #1790, #3997, #3120, #5227, #893, #972, #2614, #12, #1331, #2157, #3520, #5200, #491, #2694, #1411, #3920, #41, #3949, #67, #5256, #1357, #3715, #1871, #1491, #4047, #687, #2720, #260, #5366, #5423, #1954, #2839, #4078, #3654, #1463, #4905, #171, #1048, #4138, #201, #3231, #4513, #4572, #2409, #1898, #5394, #657, #4542, #1926, #5336, #3627, #1435, #3203, #1525, #1985, #3262, #2778, #5458, #4932, #629, #1558, #4483, #573, #2347, #4876, #600, #994, #2320, #4963, #1076, #2806, #2292, #2377, #3684, #4108, #231, #322, #4682, #5022, #1588, #4656, #4172, #5112, #400, #2473, #1618, #1218, #1135, #2554, #2959, #4708, #2440, #4283, #2870, #4601, #290, #3379, #5141, #2985, #3353, #2043, #806, #348, #716, #780, #831, #2122, #2501, #5517, #3749, #2903, #5054, #1644, #3778, #1245, #3404, #4230, #3857, #5083, #1165, #2014, #4627, #4203, #1193, #2527, #5489, #5595, #3806, #2932, #5544, #3323, #4256, #3290, #2069, #750, #1670, #375, #2097, #3832, #5570, #2580, #3912, #4310, #2636, #5277, #2232, #4339, #1723, #3965 ),
 ( #85, #33, #3087, #3485, #60, #4736, #2607, #2686, #1753, #3989, #885, #3113, #510, #2661, #4397, #3038, #428, #2150, #4793, #3458, #5165, #5219, #5193, #914, #537, #4423, #3884, #3431, #1781, #4370, #2258, #456, #484, #1297, #4764, #2178, #4818, #3539, #859, #939, #1324, #1270, #3062, #3010, #3512, #2207, #3941, #1807, #5248, #1348, #1695, #1375, #4841, #964, #2284, #5387, #4984, #1514, #4955, #194, #222, #1068, #679, #4563, #1918, #4476, #4868, #565, #4897, #4504, #3223, #2399, #162, #111, #4014, #1013, #2799, #1484, #3592, #5328, #1097, #3566, #3676, #2340, #4039, #3139, #136, #2741, #2828, #3647, #1891, #4534, #1835, #1427, #5414, #5303, #1862, #649, #4070, #2369, #3253, #1401, #3618, #4099, #1455, #1945, #988, #2712, #4449, #3166, #591, #2312, #5358, #3195, #4925, #1040, #2770, #621, #804, #3745, #5421, #4599, #1216, #4228, #778, #2498, #1133, #4136, #685, #2901, #5455, #3260, #5485, #3288, #4625, #4254, #2525, #1982, #1522, #5515, #2471, #372, #714, #4201, #258, #3713, #2407, #2930, #1642, #4570, #1191, #1555, #4992, #2437, #1105, #3775, #5020, #2868, #3804, #4169, #287, #2835, #2011, #1586, #3319, #5051, #5080, #4679, #2957, #4653, #1616, #5541, #346, #1162, #747, #3351, #318, #2040, #2067, #3377, #5110, #1322, #509, #3882, #3830, #2120, #4734, #3060, #3483, #1693, #3428, #4817, #1668, #1778, #454, #2148, #1242, #4281, #857, #3085, #31, #3, #912, #5568, #5163, #3510, #938, #398, #1751, #2175, #5217, #5246, #3402, #1721, #3910, #5191, #4791, #2633, #4367, #2205, #2660, #4706, #426, #829, #4762, #1347, #482, #2578, #3855, #3939, #5593, #2983, #4308, #5139, #883, #2552, #1295, #1268, #3008, #3456, #58, #3036, #4396, #2605, #4337, #4532, #1012, #4068, #535, #294, #1169, #2504, #1111, #1727, #4374, #889, #3916, #37, #1757, #5223, #3383, #5116, #1352, #166, #4872, #1866, #3595, #5281, #4426, #1894, #1459, #2665, #5332, #89, #1431, #3621, #968, #625, #4401, #4017, #2690, #3199, #5252, #2774, #2262, #2316, #4479, #5362, #990, #569, #3993, #1811, #114, #3570, #1044, #2715, #141, #1405, #4928, #4508, #1839 ) ),
 .UNSPECIFIED., .F., .F., .T. ) 
 B_SPLINE_SURFACE_WITH_KNOTS ( ( 4, 4 ),
 ( 3, 2, 2, 2, 2, 2, 2, 2, 2, 2, 2, 2, 2, 2, 2, 2, 2, 2, 2, 2, 2, 2, 2, 2, 2, 2, 2, 2, 2, 2, 2, 2, 2, 2, 2, 2, 2, 2, 2, 2, 2, 2, 2, 2, 2, 2, 2, 2, 2, 2, 2, 2, 2, 2, 2, 2, 2, 2, 2, 2, 2, 2, 2, 2, 2, 2, 2, 2, 2, 2, 2, 2, 2, 2, 2, 2, 2, 2, 2, 2, 2, 2, 2, 2, 2, 2, 2, 2, 2, 2, 2, 2, 2, 2, 2, 2, 2, 2, 2, 2, 2, 2, 2, 2, 2, 2, 2, 2, 2, 2, 2, 2, 2, 2, 2, 2, 2, 2, 2, 2, 2, 2, 2, 2, 2, 2, 2, 2, 2, 2, 2, 2, 2, 2, 2, 2, 2, 2, 2, 2, 2, 2, 2, 2, 2, 2, 2, 2, 2, 2, 3 ),
 ( 0.000000000000000000, 1.000000000000000000 ),
 ( 0.000000000000000000, 0.006578947368421052266, 0.01315789473684210453, 0.01973684210526315680, 0.02631578947368420907, 0.03289473684210526133, 0.03947368421052631360, 0.04605263157894736586, 0.05263157894736841813, 0.05921052631578947040, 0.06578947368421052266, 0.07236842105263158187, 0.07894736842105262720, 0.08552631578947368640, 0.09210526315789473173, 0.09868421052631579093, 0.1052631578947368363, 0.1118421052631578955, 0.1184210526315789408, 0.1250000000000000000, 0.1315789473684210453, 0.1381578947368421184, 0.1447368421052631637, 0.1513157894736842091, 0.1578947368421052544, 0.1644736842105263275, 0.1710526315789473728, 0.1776315789473684181, 0.1842105263157894635, 0.1907894736842105365, 0.1973684210526315819, 0.2039473684210526272, 0.2105263157894736725, 0.2171052631578947456, 0.2236842105263157909, 0.2302631578947368363, 0.2368421052631578816, 0.2434210526315789547, 0.2500000000000000000, 0.2565789473684210731, 0.2631578947368420907, 0.2697368421052631637, 0.2763157894736842368, 0.2828947368421052544, 0.2894736842105263275, 0.2960526315789473450, 0.3026315789473684181, 0.3092105263157894912, 0.3157894736842105088, 0.3223684210526315819, 0.3289473684210526550, 0.3355263157894736725, 0.3421052631578947456, 0.3486842105263157632, 0.3552631578947368363, 0.3618421052631579093, 0.3684210526315789269, 0.3750000000000000000, 0.3815789473684210731, 0.3881578947368420907, 0.3947368421052631637, 0.4013157894736842368, 0.4078947368421052544, 0.4144736842105263275, 0.4210526315789473450, 0.4276315789473684181, 0.4342105263157894912, 0.4407894736842105088, 0.4473684210526315819, 0.4539473684210526550, 0.4605263157894736725, 0.4671052631578947456, 0.4736842105263157632, 0.4802631578947368363, 0.4868421052631579093, 0.4934210526315789269, 0.5000000000000000000, 0.5065789473684210176, 0.5131578947368421462, 0.5197368421052631637, 0.5263157894736841813, 0.5328947368421053099, 0.5394736842105263275, 0.5460526315789473450, 0.5526315789473684736, 0.5592105263157894912, 0.5657894736842105088, 0.5723684210526315264, 0.5789473684210526550, 0.5855263157894736725, 0.5921052631578946901, 0.5986842105263158187, 0.6052631578947368363, 0.6118421052631578538, 0.6184210526315789824, 0.6250000000000000000, 0.6315789473684210176, 0.6381578947368421462, 0.6447368421052631637, 0.6513157894736841813, 0.6578947368421053099, 0.6644736842105263275, 0.6710526315789473450, 0.6776315789473684736, 0.6842105263157894912, 0.6907894736842105088, 0.6973684210526315264, 0.7039473684210526550, 0.7105263157894736725, 0.7171052631578946901, 0.7236842105263158187, 0.7302631578947368363, 0.7368421052631578538, 0.7434210526315789824, 0.7500000000000000000, 0.7565789473684210176, 0.7631578947368421462, 0.7697368421052631637, 0.7763157894736841813, 0.7828947368421053099, 0.7894736842105263275, 0.7960526315789473450, 0.8026315789473684736, 0.8092105263157894912, 0.8157894736842105088, 0.8223684210526315264, 0.8289473684210526550, 0.8355263157894736725, 0.8421052631578946901, 0.8486842105263158187, 0.8552631578947368363, 0.8618421052631578538, 0.8684210526315789824, 0.8750000000000000000, 0.8815789473684210176, 0.8881578947368421462, 0.8947368421052631637, 0.9013157894736841813, 0.9078947368421053099, 0.9144736842105263275, 0.9210526315789473450, 0.9276315789473684736, 0.9342105263157894912, 0.9407894736842105088, 0.9473684210526315264, 0.9539473684210526550, 0.9605263157894736725, 0.9671052631578946901, 0.9736842105263158187, 0.9802631578947368363, 0.9868421052631578538 ),
 .UNSPECIFIED. ) 
 GEOMETRIC_REPRESENTATION_ITEM ( )  RATIONAL_B_SPLINE_SURFACE ( (
 ( 1.000000000000000000, 0.9238795325112867385, 1.000000000000000000, 0.9238795325112867385, 1.000000000000000000, 0.9238795325112867385, 1.000000000000000000, 0.9238795325112867385, 1.000000000000000000, 0.9238795325112867385, 1.000000000000000000, 0.9238795325112867385, 1.000000000000000000, 0.9238795325112867385, 1.000000000000000000, 0.9238795325112867385, 1.000000000000000000, 0.9238795325112867385, 1.000000000000000000, 0.9238795325112867385, 1.000000000000000000, 0.9238795325112867385, 1.000000000000000000, 0.9238795325112867385, 1.000000000000000000, 0.9238795325112867385, 1.000000000000000000, 0.9238795325112867385, 1.000000000000000000, 0.9238795325112867385, 1.000000000000000000, 0.9238795325112867385, 1.000000000000000000, 0.9238795325112867385, 1.000000000000000000, 0.9238795325112867385, 1.000000000000000000, 0.9238795325112867385, 1.000000000000000000, 0.9238795325112867385, 1.000000000000000000, 0.9238795325112867385, 1.000000000000000000, 0.9238795325112867385, 1.000000000000000000, 0.9238795325112867385, 1.000000000000000000, 0.9238795325112867385, 1.000000000000000000, 0.9238795325112867385, 1.000000000000000000, 0.9238795325112867385, 1.000000000000000000, 0.9238795325112867385, 1.000000000000000000, 0.9238795325112867385, 1.000000000000000000, 0.9238795325112867385, 1.000000000000000000, 0.9238795325112867385, 1.000000000000000000, 0.9238795325112867385, 1.000000000000000000, 0.9238795325112867385, 1.000000000000000000, 0.9238795325112867385, 1.000000000000000000, 0.9238795325112867385, 1.000000000000000000, 0.9238795325112867385, 1.000000000000000000, 0.9238795325112867385, 1.000000000000000000, 0.9238795325112867385, 1.000000000000000000, 0.9238795325112867385, 1.000000000000000000, 0.9238795325112867385, 1.000000000000000000, 0.9238795325112867385, 1.000000000000000000, 0.9238795325112867385, 1.000000000000000000, 0.9238795325112867385, 1.000000000000000000, 0.9238795325112867385, 1.000000000000000000, 0.9238795325112867385, 1.000000000000000000, 0.9238795325112867385, 1.000000000000000000, 0.9238795325112867385, 1.000000000000000000, 0.9238795325112867385, 1.000000000000000000, 0.9238795325112867385, 1.000000000000000000, 0.9238795325112867385, 1.000000000000000000, 0.9238795325112867385, 1.000000000000000000, 0.9238795325112867385, 1.000000000000000000, 0.9238795325112867385, 1.000000000000000000, 0.9238795325112867385, 1.000000000000000000, 0.9238795325112867385, 1.000000000000000000, 0.9238795325112867385, 1.000000000000000000, 0.9238795325112867385, 1.000000000000000000, 0.9238795325112867385, 1.000000000000000000, 0.9238795325112867385, 1.000000000000000000, 0.9238795325112867385, 1.000000000000000000, 0.9238795325112867385, 1.000000000000000000, 0.9238795325112867385, 1.000000000000000000, 0.9238795325112867385, 1.000000000000000000, 0.9238795325112867385, 1.000000000000000000, 0.9238795325112867385, 1.000000000000000000, 0.9238795325112867385, 1.000000000000000000, 0.9238795325112867385, 1.000000000000000000, 0.9238795325112867385, 1.000000000000000000, 0.9238795325112867385, 1.000000000000000000, 0.9238795325112867385, 1.000000000000000000, 0.9238795325112867385, 1.000000000000000000, 0.9238795325112867385, 1.000000000000000000, 0.9238795325112867385, 1.000000000000000000, 0.9238795325112867385, 1.000000000000000000, 0.9238795325112867385, 1.000000000000000000, 0.9238795325112867385, 1.000000000000000000, 0.9238795325112867385, 1.000000000000000000, 0.9238795325112867385, 1.000000000000000000, 0.9238795325112867385, 1.000000000000000000, 0.9238795325112867385, 1.000000000000000000, 0.9238795325112867385, 1.000000000000000000, 0.9238795325112867385, 1.000000000000000000, 0.9238795325112867385, 1.000000000000000000, 0.9238795325112867385, 1.000000000000000000, 0.9238795325112867385, 1.000000000000000000, 0.9238795325112867385, 1.000000000000000000, 0.9238795325112867385, 1.000000000000000000, 0.9238795325112867385, 1.000000000000000000, 0.9238795325112867385, 1.000000000000000000, 0.9238795325112867385, 1.000000000000000000, 0.9238795325112867385, 1.000000000000000000, 0.9238795325112867385, 1.000000000000000000, 0.9238795325112867385, 1.000000000000000000, 0.9238795325112867385, 1.000000000000000000, 0.9238795325112867385, 1.000000000000000000, 0.9238795325112867385, 1.000000000000000000, 0.9238795325112867385, 1.000000000000000000, 0.9238795325112867385, 1.000000000000000000, 0.9238795325112867385, 1.000000000000000000, 0.9238795325112867385, 1.000000000000000000, 0.9238795325112867385, 1.000000000000000000, 0.9238795325112867385, 1.000000000000000000, 0.9238795325112867385, 1.000000000000000000, 0.9238795325112867385, 1.000000000000000000, 0.9238795325112867385, 1.000000000000000000, 0.9238795325112867385, 1.000000000000000000, 0.9238795325112867385, 1.000000000000000000, 0.9238795325112867385, 1.000000000000000000, 0.9238795325112867385, 1.000000000000000000, 0.9238795325112867385, 1.000000000000000000, 0.9238795325112867385, 1.000000000000000000, 0.9238795325112867385, 1.000000000000000000, 0.9238795325112867385, 1.000000000000000000, 0.9238795325112867385, 1.000000000000000000, 0.9238795325112867385, 1.000000000000000000, 0.9238795325112867385, 1.000000000000000000, 0.9238795325112867385, 1.000000000000000000, 0.9238795325112867385, 1.000000000000000000, 0.9238795325112867385, 1.000000000000000000, 0.9238795325112867385, 1.000000000000000000, 0.9238795325112867385, 1.000000000000000000, 0.9238795325112867385, 1.000000000000000000, 0.9238795325112867385, 1.000000000000000000, 0.9238795325112867385, 1.000000000000000000, 0.9238795325112867385, 1.000000000000000000, 0.9238795325112867385, 1.000000000000000000, 0.9238795325112867385, 1.000000000000000000, 0.9238795325112867385, 1.000000000000000000, 0.9238795325112867385, 1.000000000000000000, 0.9238795325112867385, 1.000000000000000000, 0.9238795325112867385, 1.000000000000000000, 0.9238795325112867385, 1.000000000000000000, 0.9238795325112867385, 1.000000000000000000, 0.9238795325112867385, 1.000000000000000000, 0.9238795325112867385, 1.000000000000000000, 0.9238795325112867385, 1.000000000000000000, 0.9238795325112867385, 1.000000000000000000, 0.9238795325112867385, 1.000000000000000000, 0.9238795325112867385, 1.000000000000000000, 0.9238795325112867385, 1.000000000000000000, 0.9238795325112867385, 1.000000000000000000, 0.9238795325112867385, 1.000000000000000000, 0.9238795325112867385, 1.000000000000000000, 0.9238795325112867385, 1.000000000000000000, 0.9238795325112867385, 1.000000000000000000, 0.9238795325112867385, 1.000000000000000000, 0.9238795325112867385, 1.000000000000000000, 0.9238795325112867385, 1.000000000000000000, 0.9238795325112867385, 1.000000000000000000, 0.9238795325112867385, 1.000000000000000000, 0.9238795325112867385, 1.000000000000000000),
 ( 0.6666666666666607455, 0.6159196883408523115, 0.6666666666666607455, 0.6159196883408523115, 0.6666666666666607455, 0.6159196883408523115, 0.6666666666666607455, 0.6159196883408523115, 0.6666666666666607455, 0.6159196883408523115, 0.6666666666666607455, 0.6159196883408523115, 0.6666666666666607455, 0.6159196883408523115, 0.6666666666666607455, 0.6159196883408523115, 0.6666666666666607455, 0.6159196883408523115, 0.6666666666666607455, 0.6159196883408523115, 0.6666666666666607455, 0.6159196883408523115, 0.6666666666666607455, 0.6159196883408523115, 0.6666666666666607455, 0.6159196883408523115, 0.6666666666666607455, 0.6159196883408523115, 0.6666666666666607455, 0.6159196883408523115, 0.6666666666666607455, 0.6159196883408523115, 0.6666666666666607455, 0.6159196883408523115, 0.6666666666666607455, 0.6159196883408523115, 0.6666666666666607455, 0.6159196883408523115, 0.6666666666666607455, 0.6159196883408523115, 0.6666666666666607455, 0.6159196883408523115, 0.6666666666666607455, 0.6159196883408523115, 0.6666666666666607455, 0.6159196883408523115, 0.6666666666666607455, 0.6159196883408523115, 0.6666666666666607455, 0.6159196883408523115, 0.6666666666666607455, 0.6159196883408523115, 0.6666666666666607455, 0.6159196883408523115, 0.6666666666666607455, 0.6159196883408523115, 0.6666666666666607455, 0.6159196883408523115, 0.6666666666666607455, 0.6159196883408523115, 0.6666666666666607455, 0.6159196883408523115, 0.6666666666666607455, 0.6159196883408523115, 0.6666666666666607455, 0.6159196883408523115, 0.6666666666666607455, 0.6159196883408523115, 0.6666666666666607455, 0.6159196883408523115, 0.6666666666666607455, 0.6159196883408523115, 0.6666666666666607455, 0.6159196883408523115, 0.6666666666666607455, 0.6159196883408523115, 0.6666666666666607455, 0.6159196883408523115, 0.6666666666666607455, 0.6159196883408523115, 0.6666666666666607455, 0.6159196883408523115, 0.6666666666666607455, 0.6159196883408523115, 0.6666666666666607455, 0.6159196883408523115, 0.6666666666666607455, 0.6159196883408523115, 0.6666666666666607455, 0.6159196883408523115, 0.6666666666666607455, 0.6159196883408523115, 0.6666666666666607455, 0.6159196883408523115, 0.6666666666666607455, 0.6159196883408523115, 0.6666666666666607455, 0.6159196883408523115, 0.6666666666666607455, 0.6159196883408523115, 0.6666666666666607455, 0.6159196883408523115, 0.6666666666666607455, 0.6159196883408523115, 0.6666666666666607455, 0.6159196883408523115, 0.6666666666666607455, 0.6159196883408523115, 0.6666666666666607455, 0.6159196883408523115, 0.6666666666666607455, 0.6159196883408523115, 0.6666666666666607455, 0.6159196883408523115, 0.6666666666666607455, 0.6159196883408523115, 0.6666666666666607455, 0.6159196883408523115, 0.6666666666666607455, 0.6159196883408523115, 0.6666666666666607455, 0.6159196883408523115, 0.6666666666666607455, 0.6159196883408523115, 0.6666666666666607455, 0.6159196883408523115, 0.6666666666666607455, 0.6159196883408523115, 0.6666666666666607455, 0.6159196883408523115, 0.6666666666666607455, 0.6159196883408523115, 0.6666666666666607455, 0.6159196883408523115, 0.6666666666666607455, 0.6159196883408523115, 0.6666666666666607455, 0.6159196883408523115, 0.6666666666666607455, 0.6159196883408523115, 0.6666666666666607455, 0.6159196883408523115, 0.6666666666666607455, 0.6159196883408523115, 0.6666666666666607455, 0.6159196883408523115, 0.6666666666666607455, 0.6159196883408523115, 0.6666666666666607455, 0.6159196883408523115, 0.6666666666666607455, 0.6159196883408523115, 0.6666666666666607455, 0.6159196883408523115, 0.6666666666666607455, 0.6159196883408523115, 0.6666666666666607455, 0.6159196883408523115, 0.6666666666666607455, 0.6159196883408523115, 0.6666666666666607455, 0.6159196883408523115, 0.6666666666666607455, 0.6159196883408523115, 0.6666666666666607455, 0.6159196883408523115, 0.6666666666666607455, 0.6159196883408523115, 0.6666666666666607455, 0.6159196883408523115, 0.6666666666666607455, 0.6159196883408523115, 0.6666666666666607455, 0.6159196883408523115, 0.6666666666666607455, 0.6159196883408523115, 0.6666666666666607455, 0.6159196883408523115, 0.6666666666666607455, 0.6159196883408523115, 0.6666666666666607455, 0.6159196883408523115, 0.6666666666666607455, 0.6159196883408523115, 0.6666666666666607455, 0.6159196883408523115, 0.6666666666666607455, 0.6159196883408523115, 0.6666666666666607455, 0.6159196883408523115, 0.6666666666666607455, 0.6159196883408523115, 0.6666666666666607455, 0.6159196883408523115, 0.6666666666666607455, 0.6159196883408523115, 0.6666666666666607455, 0.6159196883408523115, 0.6666666666666607455, 0.6159196883408523115, 0.6666666666666607455, 0.6159196883408523115, 0.6666666666666607455, 0.6159196883408523115, 0.6666666666666607455, 0.6159196883408523115, 0.6666666666666607455, 0.6159196883408523115, 0.6666666666666607455, 0.6159196883408523115, 0.6666666666666607455, 0.6159196883408523115, 0.6666666666666607455, 0.6159196883408523115, 0.6666666666666607455, 0.6159196883408523115, 0.6666666666666607455, 0.6159196883408523115, 0.6666666666666607455, 0.6159196883408523115, 0.6666666666666607455, 0.6159196883408523115, 0.6666666666666607455, 0.6159196883408523115, 0.6666666666666607455, 0.6159196883408523115, 0.6666666666666607455, 0.6159196883408523115, 0.6666666666666607455, 0.6159196883408523115, 0.6666666666666607455, 0.6159196883408523115, 0.6666666666666607455, 0.6159196883408523115, 0.6666666666666607455, 0.6159196883408523115, 0.6666666666666607455, 0.6159196883408523115, 0.6666666666666607455, 0.6159196883408523115, 0.6666666666666607455, 0.6159196883408523115, 0.6666666666666607455, 0.6159196883408523115, 0.6666666666666607455, 0.6159196883408523115, 0.6666666666666607455, 0.6159196883408523115, 0.6666666666666607455, 0.6159196883408523115, 0.6666666666666607455, 0.6159196883408523115, 0.6666666666666607455, 0.6159196883408523115, 0.6666666666666607455, 0.6159196883408523115, 0.6666666666666607455, 0.6159196883408523115, 0.6666666666666607455, 0.6159196883408523115, 0.6666666666666607455, 0.6159196883408523115, 0.6666666666666607455, 0.6159196883408523115, 0.6666666666666607455, 0.6159196883408523115, 0.6666666666666607455, 0.6159196883408523115, 0.6666666666666607455, 0.6159196883408523115, 0.6666666666666607455, 0.6159196883408523115, 0.6666666666666607455, 0.6159196883408523115, 0.6666666666666607455, 0.6159196883408523115, 0.6666666666666607455, 0.6159196883408523115, 0.6666666666666607455, 0.6159196883408523115, 0.6666666666666607455, 0.6159196883408523115, 0.6666666666666607455, 0.6159196883408523115, 0.6666666666666607455, 0.6159196883408523115, 0.6666666666666607455, 0.6159196883408523115, 0.6666666666666607455, 0.6159196883408523115, 0.6666666666666607455, 0.6159196883408523115, 0.6666666666666607455, 0.6159196883408523115, 0.6666666666666607455, 0.6159196883408523115, 0.6666666666666607455, 0.6159196883408523115, 0.6666666666666607455, 0.6159196883408523115, 0.6666666666666607455),
 ( 0.6666666666666607455, 0.6159196883408523115, 0.6666666666666607455, 0.6159196883408523115, 0.6666666666666607455, 0.6159196883408523115, 0.6666666666666607455, 0.6159196883408523115, 0.6666666666666607455, 0.6159196883408523115, 0.6666666666666607455, 0.6159196883408523115, 0.6666666666666607455, 0.6159196883408523115, 0.6666666666666607455, 0.6159196883408523115, 0.6666666666666607455, 0.6159196883408523115, 0.6666666666666607455, 0.6159196883408523115, 0.6666666666666607455, 0.6159196883408523115, 0.6666666666666607455, 0.6159196883408523115, 0.6666666666666607455, 0.6159196883408523115, 0.6666666666666607455, 0.6159196883408523115, 0.6666666666666607455, 0.6159196883408523115, 0.6666666666666607455, 0.6159196883408523115, 0.6666666666666607455, 0.6159196883408523115, 0.6666666666666607455, 0.6159196883408523115, 0.6666666666666607455, 0.6159196883408523115, 0.6666666666666607455, 0.6159196883408523115, 0.6666666666666607455, 0.6159196883408523115, 0.6666666666666607455, 0.6159196883408523115, 0.6666666666666607455, 0.6159196883408523115, 0.6666666666666607455, 0.6159196883408523115, 0.6666666666666607455, 0.6159196883408523115, 0.6666666666666607455, 0.6159196883408523115, 0.6666666666666607455, 0.6159196883408523115, 0.6666666666666607455, 0.6159196883408523115, 0.6666666666666607455, 0.6159196883408523115, 0.6666666666666607455, 0.6159196883408523115, 0.6666666666666607455, 0.6159196883408523115, 0.6666666666666607455, 0.6159196883408523115, 0.6666666666666607455, 0.6159196883408523115, 0.6666666666666607455, 0.6159196883408523115, 0.6666666666666607455, 0.6159196883408523115, 0.6666666666666607455, 0.6159196883408523115, 0.6666666666666607455, 0.6159196883408523115, 0.6666666666666607455, 0.6159196883408523115, 0.6666666666666607455, 0.6159196883408523115, 0.6666666666666607455, 0.6159196883408523115, 0.6666666666666607455, 0.6159196883408523115, 0.6666666666666607455, 0.6159196883408523115, 0.6666666666666607455, 0.6159196883408523115, 0.6666666666666607455, 0.6159196883408523115, 0.6666666666666607455, 0.6159196883408523115, 0.6666666666666607455, 0.6159196883408523115, 0.6666666666666607455, 0.6159196883408523115, 0.6666666666666607455, 0.6159196883408523115, 0.6666666666666607455, 0.6159196883408523115, 0.6666666666666607455, 0.6159196883408523115, 0.6666666666666607455, 0.6159196883408523115, 0.6666666666666607455, 0.6159196883408523115, 0.6666666666666607455, 0.6159196883408523115, 0.6666666666666607455, 0.6159196883408523115, 0.6666666666666607455, 0.6159196883408523115, 0.6666666666666607455, 0.6159196883408523115, 0.6666666666666607455, 0.6159196883408523115, 0.6666666666666607455, 0.6159196883408523115, 0.6666666666666607455, 0.6159196883408523115, 0.6666666666666607455, 0.6159196883408523115, 0.6666666666666607455, 0.6159196883408523115, 0.6666666666666607455, 0.6159196883408523115, 0.6666666666666607455, 0.6159196883408523115, 0.6666666666666607455, 0.6159196883408523115, 0.6666666666666607455, 0.6159196883408523115, 0.6666666666666607455, 0.6159196883408523115, 0.6666666666666607455, 0.6159196883408523115, 0.6666666666666607455, 0.6159196883408523115, 0.6666666666666607455, 0.6159196883408523115, 0.6666666666666607455, 0.6159196883408523115, 0.6666666666666607455, 0.6159196883408523115, 0.6666666666666607455, 0.6159196883408523115, 0.6666666666666607455, 0.6159196883408523115, 0.6666666666666607455, 0.6159196883408523115, 0.6666666666666607455, 0.6159196883408523115, 0.6666666666666607455, 0.6159196883408523115, 0.6666666666666607455, 0.6159196883408523115, 0.6666666666666607455, 0.6159196883408523115, 0.6666666666666607455, 0.6159196883408523115, 0.6666666666666607455, 0.6159196883408523115, 0.6666666666666607455, 0.6159196883408523115, 0.6666666666666607455, 0.6159196883408523115, 0.6666666666666607455, 0.6159196883408523115, 0.6666666666666607455, 0.6159196883408523115, 0.6666666666666607455, 0.6159196883408523115, 0.6666666666666607455, 0.6159196883408523115, 0.6666666666666607455, 0.6159196883408523115, 0.6666666666666607455, 0.6159196883408523115, 0.6666666666666607455, 0.6159196883408523115, 0.6666666666666607455, 0.6159196883408523115, 0.6666666666666607455, 0.6159196883408523115, 0.6666666666666607455, 0.6159196883408523115, 0.6666666666666607455, 0.6159196883408523115, 0.6666666666666607455, 0.6159196883408523115, 0.6666666666666607455, 0.6159196883408523115, 0.6666666666666607455, 0.6159196883408523115, 0.6666666666666607455, 0.6159196883408523115, 0.6666666666666607455, 0.6159196883408523115, 0.6666666666666607455, 0.6159196883408523115, 0.6666666666666607455, 0.6159196883408523115, 0.6666666666666607455, 0.6159196883408523115, 0.6666666666666607455, 0.6159196883408523115, 0.6666666666666607455, 0.6159196883408523115, 0.6666666666666607455, 0.6159196883408523115, 0.6666666666666607455, 0.6159196883408523115, 0.6666666666666607455, 0.6159196883408523115, 0.6666666666666607455, 0.6159196883408523115, 0.6666666666666607455, 0.6159196883408523115, 0.6666666666666607455, 0.6159196883408523115, 0.6666666666666607455, 0.6159196883408523115, 0.6666666666666607455, 0.6159196883408523115, 0.6666666666666607455, 0.6159196883408523115, 0.6666666666666607455, 0.6159196883408523115, 0.6666666666666607455, 0.6159196883408523115, 0.6666666666666607455, 0.6159196883408523115, 0.6666666666666607455, 0.6159196883408523115, 0.6666666666666607455, 0.6159196883408523115, 0.6666666666666607455, 0.6159196883408523115, 0.6666666666666607455, 0.6159196883408523115, 0.6666666666666607455, 0.6159196883408523115, 0.6666666666666607455, 0.6159196883408523115, 0.6666666666666607455, 0.6159196883408523115, 0.6666666666666607455, 0.6159196883408523115, 0.6666666666666607455, 0.6159196883408523115, 0.6666666666666607455, 0.6159196883408523115, 0.6666666666666607455, 0.6159196883408523115, 0.6666666666666607455, 0.6159196883408523115, 0.6666666666666607455, 0.6159196883408523115, 0.6666666666666607455, 0.6159196883408523115, 0.6666666666666607455, 0.6159196883408523115, 0.6666666666666607455, 0.6159196883408523115, 0.6666666666666607455, 0.6159196883408523115, 0.6666666666666607455, 0.6159196883408523115, 0.6666666666666607455, 0.6159196883408523115, 0.6666666666666607455, 0.6159196883408523115, 0.6666666666666607455, 0.6159196883408523115, 0.6666666666666607455, 0.6159196883408523115, 0.6666666666666607455, 0.6159196883408523115, 0.6666666666666607455, 0.6159196883408523115, 0.6666666666666607455, 0.6159196883408523115, 0.6666666666666607455, 0.6159196883408523115, 0.6666666666666607455, 0.6159196883408523115, 0.6666666666666607455, 0.6159196883408523115, 0.6666666666666607455, 0.6159196883408523115, 0.6666666666666607455, 0.6159196883408523115, 0.6666666666666607455, 0.6159196883408523115, 0.6666666666666607455, 0.6159196883408523115, 0.6666666666666607455, 0.6159196883408523115, 0.6666666666666607455, 0.6159196883408523115, 0.6666666666666607455, 0.6159196883408523115, 0.6666666666666607455),
 ( 1.000000000000000000, 0.9238795325112867385, 1.000000000000000000, 0.9238795325112867385, 1.000000000000000000, 0.9238795325112867385, 1.000000000000000000, 0.9238795325112867385, 1.000000000000000000, 0.9238795325112867385, 1.000000000000000000, 0.9238795325112867385, 1.000000000000000000, 0.9238795325112867385, 1.000000000000000000, 0.9238795325112867385, 1.000000000000000000, 0.9238795325112867385, 1.000000000000000000, 0.9238795325112867385, 1.000000000000000000, 0.9238795325112867385, 1.000000000000000000, 0.9238795325112867385, 1.000000000000000000, 0.9238795325112867385, 1.000000000000000000, 0.9238795325112867385, 1.000000000000000000, 0.9238795325112867385, 1.000000000000000000, 0.9238795325112867385, 1.000000000000000000, 0.9238795325112867385, 1.000000000000000000, 0.9238795325112867385, 1.000000000000000000, 0.9238795325112867385, 1.000000000000000000, 0.9238795325112867385, 1.000000000000000000, 0.9238795325112867385, 1.000000000000000000, 0.9238795325112867385, 1.000000000000000000, 0.9238795325112867385, 1.000000000000000000, 0.9238795325112867385, 1.000000000000000000, 0.9238795325112867385, 1.000000000000000000, 0.9238795325112867385, 1.000000000000000000, 0.9238795325112867385, 1.000000000000000000, 0.9238795325112867385, 1.000000000000000000, 0.9238795325112867385, 1.000000000000000000, 0.9238795325112867385, 1.000000000000000000, 0.9238795325112867385, 1.000000000000000000, 0.9238795325112867385, 1.000000000000000000, 0.9238795325112867385, 1.000000000000000000, 0.9238795325112867385, 1.000000000000000000, 0.9238795325112867385, 1.000000000000000000, 0.9238795325112867385, 1.000000000000000000, 0.9238795325112867385, 1.000000000000000000, 0.9238795325112867385, 1.000000000000000000, 0.9238795325112867385, 1.000000000000000000, 0.9238795325112867385, 1.000000000000000000, 0.9238795325112867385, 1.000000000000000000, 0.9238795325112867385, 1.000000000000000000, 0.9238795325112867385, 1.000000000000000000, 0.9238795325112867385, 1.000000000000000000, 0.9238795325112867385, 1.000000000000000000, 0.9238795325112867385, 1.000000000000000000, 0.9238795325112867385, 1.000000000000000000, 0.9238795325112867385, 1.000000000000000000, 0.9238795325112867385, 1.000000000000000000, 0.9238795325112867385, 1.000000000000000000, 0.9238795325112867385, 1.000000000000000000, 0.9238795325112867385, 1.000000000000000000, 0.9238795325112867385, 1.000000000000000000, 0.9238795325112867385, 1.000000000000000000, 0.9238795325112867385, 1.000000000000000000, 0.9238795325112867385, 1.000000000000000000, 0.9238795325112867385, 1.000000000000000000, 0.9238795325112867385, 1.000000000000000000, 0.9238795325112867385, 1.000000000000000000, 0.9238795325112867385, 1.000000000000000000, 0.9238795325112867385, 1.000000000000000000, 0.9238795325112867385, 1.000000000000000000, 0.9238795325112867385, 1.000000000000000000, 0.9238795325112867385, 1.000000000000000000, 0.9238795325112867385, 1.000000000000000000, 0.9238795325112867385, 1.000000000000000000, 0.9238795325112867385, 1.000000000000000000, 0.9238795325112867385, 1.000000000000000000, 0.9238795325112867385, 1.000000000000000000, 0.9238795325112867385, 1.000000000000000000, 0.9238795325112867385, 1.000000000000000000, 0.9238795325112867385, 1.000000000000000000, 0.9238795325112867385, 1.000000000000000000, 0.9238795325112867385, 1.000000000000000000, 0.9238795325112867385, 1.000000000000000000, 0.9238795325112867385, 1.000000000000000000, 0.9238795325112867385, 1.000000000000000000, 0.9238795325112867385, 1.000000000000000000, 0.9238795325112867385, 1.000000000000000000, 0.9238795325112867385, 1.000000000000000000, 0.9238795325112867385, 1.000000000000000000, 0.9238795325112867385, 1.000000000000000000, 0.9238795325112867385, 1.000000000000000000, 0.9238795325112867385, 1.000000000000000000, 0.9238795325112867385, 1.000000000000000000, 0.9238795325112867385, 1.000000000000000000, 0.9238795325112867385, 1.000000000000000000, 0.9238795325112867385, 1.000000000000000000, 0.9238795325112867385, 1.000000000000000000, 0.9238795325112867385, 1.000000000000000000, 0.9238795325112867385, 1.000000000000000000, 0.9238795325112867385, 1.000000000000000000, 0.9238795325112867385, 1.000000000000000000, 0.9238795325112867385, 1.000000000000000000, 0.9238795325112867385, 1.000000000000000000, 0.9238795325112867385, 1.000000000000000000, 0.9238795325112867385, 1.000000000000000000, 0.9238795325112867385, 1.000000000000000000, 0.9238795325112867385, 1.000000000000000000, 0.9238795325112867385, 1.000000000000000000, 0.9238795325112867385, 1.000000000000000000, 0.9238795325112867385, 1.000000000000000000, 0.9238795325112867385, 1.000000000000000000, 0.9238795325112867385, 1.000000000000000000, 0.9238795325112867385, 1.000000000000000000, 0.9238795325112867385, 1.000000000000000000, 0.9238795325112867385, 1.000000000000000000, 0.9238795325112867385, 1.000000000000000000, 0.9238795325112867385, 1.000000000000000000, 0.9238795325112867385, 1.000000000000000000, 0.9238795325112867385, 1.000000000000000000, 0.9238795325112867385, 1.000000000000000000, 0.9238795325112867385, 1.000000000000000000, 0.9238795325112867385, 1.000000000000000000, 0.9238795325112867385, 1.000000000000000000, 0.9238795325112867385, 1.000000000000000000, 0.9238795325112867385, 1.000000000000000000, 0.9238795325112867385, 1.000000000000000000, 0.9238795325112867385, 1.000000000000000000, 0.9238795325112867385, 1.000000000000000000, 0.9238795325112867385, 1.000000000000000000, 0.9238795325112867385, 1.000000000000000000, 0.9238795325112867385, 1.000000000000000000, 0.9238795325112867385, 1.000000000000000000, 0.9238795325112867385, 1.000000000000000000, 0.9238795325112867385, 1.000000000000000000, 0.9238795325112867385, 1.000000000000000000, 0.9238795325112867385, 1.000000000000000000, 0.9238795325112867385, 1.000000000000000000, 0.9238795325112867385, 1.000000000000000000, 0.9238795325112867385, 1.000000000000000000, 0.9238795325112867385, 1.000000000000000000, 0.9238795325112867385, 1.000000000000000000, 0.9238795325112867385, 1.000000000000000000, 0.9238795325112867385, 1.000000000000000000, 0.9238795325112867385, 1.000000000000000000, 0.9238795325112867385, 1.000000000000000000, 0.9238795325112867385, 1.000000000000000000, 0.9238795325112867385, 1.000000000000000000, 0.9238795325112867385, 1.000000000000000000, 0.9238795325112867385, 1.000000000000000000, 0.9238795325112867385, 1.000000000000000000, 0.9238795325112867385, 1.000000000000000000, 0.9238795325112867385, 1.000000000000000000, 0.9238795325112867385, 1.000000000000000000, 0.9238795325112867385, 1.000000000000000000, 0.9238795325112867385, 1.000000000000000000, 0.9238795325112867385, 1.000000000000000000, 0.9238795325112867385, 1.000000000000000000, 0.9238795325112867385, 1.000000000000000000) ) ) 
 REPRESENTATION_ITEM ( '' )  SURFACE ( )  );
#4656 = CARTESIAN_POINT ( 'NONE',  ( 6.174988999838653569, -1.937099999999994715, -2.372263314628331252E-16 ) ) ;
#4657 = CARTESIAN_POINT ( 'NONE',  ( 17.79997946636549599, -1.767766952966366434, -1.767766952966366878 ) ) ;
#4658 = CARTESIAN_POINT ( 'NONE',  ( 6.999988266494567846, -1.980399999999995497, -2.425290521031412773E-16 ) ) ;
#4659 = CARTESIAN_POINT ( 'NONE',  ( 11.09999119987092442, 1.384534640177423781E-16, -1.980399999999998828 ) ) ;
#4660 = CARTESIAN_POINT ( 'NONE',  ( 4.949991199870922287, 1.980399999999997718, 0.8203085389236781655 ) ) ;
#4661 = CARTESIAN_POINT ( 'NONE',  ( 7.599999999999998757, 1.648498617953763805E-16, -2.499999999999996891 ) ) ;
#4662 = CARTESIAN_POINT ( 'NONE',  ( 13.99999119987092300, -1.400354269461838053, 1.400354269461837609 ) ) ;
#4663 = CARTESIAN_POINT ( 'NONE',  ( 5.049979466365496883, -1.035533905932736420, -2.499999999999996891 ) ) ;
#4664 = CARTESIAN_POINT ( 'NONE',  ( 15.29999119987092371, 1.980399999999998384, 0.000000000000000000 ) ) ;
#4665 = CARTESIAN_POINT ( 'NONE',  ( 13.37498899983865286, -1.937099999999994715, -2.372263314628331252E-16 ) ) ;
#4666 = CARTESIAN_POINT ( 'NONE',  ( 11.64998826649457264, -0.8203085389236768332, 1.980399999999995497 ) ) ;
#4667 = CARTESIAN_POINT ( 'NONE',  ( 17.23880000000000834, -0.5984071800756302073, 1.887827589276603657 ) ) ;
#4668 = CARTESIAN_POINT ( 'NONE',  ( 1.399999999999999689, -3.462557424021381003, 2.660987301053998610 ) ) ;
#4669 = CARTESIAN_POINT ( 'NONE',  ( 6.399999999999997691, -4.493318028154506033E-16, 2.499999999999996891 ) ) ;
#4670 = CARTESIAN_POINT ( 'NONE',  ( 15.69997946636549813, 2.499999999999996891, 0.000000000000000000 ) ) ;
#4671 = CARTESIAN_POINT ( 'NONE',  ( 7.374990466526835320, 1.937099999999996269, 0.8023730916729223672 ) ) ;
#4672 = CARTESIAN_POINT ( 'NONE',  ( 2.866645418915479748, 2.773091268097291007, -0.7419525802929458624 ) ) ;
#4673 = CARTESIAN_POINT ( 'NONE',  ( 2.316665952549894492, 1.610023893049256083, 2.100237266587218876 ) ) ;
#4674 = CARTESIAN_POINT ( 'NONE',  ( 2.983334728104331646, 1.635168873244282839, -0.2107968921895885528 ) ) ;
#4675 = CARTESIAN_POINT ( 'NONE',  ( 6.749979466365496172, 1.035533905932736642, -2.499999999999996891 ) ) ;
#4676 = CARTESIAN_POINT ( 'NONE',  ( 15.92499046652683248, 1.432738765655104669E-16, -1.937099999999996269 ) ) ;
#4677 = CARTESIAN_POINT ( 'NONE',  ( 3.008323085743523695, -1.210850805505366612, -0.9345678749362259508 ) ) ;
#4678 = CARTESIAN_POINT ( 'NONE',  ( -1.734432095158790236E-16, -4.246537929988907223, -0.8446889128216146236 ) ) ;
#4679 = CARTESIAN_POINT ( 'NONE',  ( 9.449988266494569800, -1.980399999999995497, -0.8203085389236758340 ) ) ;
#4680 = ADVANCED_FACE ( 'NONE', ( #388 ), #15, .F. ) ;
#4681 = CARTESIAN_POINT ( 'NONE',  ( 3.116657152420960752, 0.1815932983698022862, -1.362669174344917078 ) ) ;
#4682 = CARTESIAN_POINT ( 'NONE',  ( 6.324988999838653925, -0.8023730916729203688, -1.937099999999994937 ) ) ;
#4683 = CARTESIAN_POINT ( 'NONE',  ( 16.39997946636549742, 1.767766952966366878, -1.767766952966366878 ) ) ;
#4684 = CARTESIAN_POINT ( 'NONE',  ( 6.149988266494569977, -1.980399999999995941, 0.8203085389236751679 ) ) ;
#4685 = CARTESIAN_POINT ( 'NONE',  ( 10.04999119987092193, -1.980399999999999494, 0.8203085389236765002 ) ) ;
#4686 = CARTESIAN_POINT ( 'NONE',  ( 3.199991199870922731, 1.400354269461837831, -1.400354269461837831 ) ) ;
#4687 = CARTESIAN_POINT ( 'NONE',  ( 5.799999999999998046, -2.499999999999996891, -3.061616997868379197E-16 ) ) ;
#4688 = CARTESIAN_POINT ( 'NONE',  ( 13.44999119987092584, -0.8203085389236767222, -1.980399999999998606 ) ) ;
#4689 = CARTESIAN_POINT ( 'NONE',  ( 6.399979466365496528, -1.767766952966367100, 1.767766952966366434 ) ) ;
#4690 = CARTESIAN_POINT ( 'NONE',  ( 15.69999119987092229, -1.980399999999998384, -2.425290521031416718E-16 ) ) ;
#4691 = CARTESIAN_POINT ( 'NONE',  ( 12.52498899983865854, -1.937099999999995603, 0.8023730916729199247 ) ) ;
#4692 = CARTESIAN_POINT ( 'NONE',  ( 12.34998826649456838, 0.8203085389236763891, 1.980399999999995497 ) ) ;
#4693 = CARTESIAN_POINT ( 'NONE',  ( 16.79998826649456944, 1.472802184017179686E-16, -1.980399999999995497 ) ) ;
#4694 = CARTESIAN_POINT ( 'NONE',  ( 1.399999999999999911, 4.150485346797749386, 2.392190151655267716 ) ) ;
#4695 = CARTESIAN_POINT ( 'NONE',  ( 7.649999999999998579, 1.035533905932736642, -2.499999999999996891 ) ) ;
#4696 = CARTESIAN_POINT ( 'NONE',  ( 13.89997946636549564, 1.746057214429741351E-16, -2.499999999999996891 ) ) ;
#4697 = CARTESIAN_POINT ( 'NONE',  ( 7.874990466526834432, -0.8023730916729210350, -1.937099999999996713 ) ) ;
#4698 = CARTESIAN_POINT ( 'NONE',  ( 0.5599999999999997202, 2.919096919880847185, -3.798417501391355700 ) ) ;
#4699 = CARTESIAN_POINT ( 'NONE',  ( 2.416665952549998941, -0.3272278132808617568, 2.475294560372107266 ) ) ;
#4700 = CARTESIAN_POINT ( 'NONE',  ( 2.866645418915551691, 2.773091268151703037, -0.7419525799445862990 ) ) ;
#4701 = CARTESIAN_POINT ( 'NONE',  ( 6.799979466365495995, 1.767766952966366878, -1.767766952966366878 ) ) ;
#4702 = CARTESIAN_POINT ( 'NONE',  ( 12.49999999999999822, 1.767766952966366878, -1.767766952966366878 ) ) ;
#4703 = CARTESIAN_POINT ( 'NONE',  ( 16.27499046652683745, 0.8023730916729214790, 1.937099999999996269 ) ) ;
#4704 = CARTESIAN_POINT ( 'NONE',  ( 2.391654952388744260, 0.3311669294545044884, -2.505419496590794548 ) ) ;
#4705 = CARTESIAN_POINT ( 'NONE',  ( 3.112971236377946926, -1.503266186944119509, 1.837386764687518603 ) ) ;
#4706 = CARTESIAN_POINT ( 'NONE',  ( 6.749988266494567846, 0.8203085389236761671, 1.980399999999995053 ) ) ;
#4707 = CARTESIAN_POINT ( 'NONE',  ( 3.216657152420998145, 0.9734039093830348932, -0.7440352565105234905 ) ) ;
#4708 = CARTESIAN_POINT ( 'NONE',  ( 5.674988999838653569, 1.369736545836457653, -1.369736545836457653 ) ) ;
#4709 = CARTESIAN_POINT ( 'NONE',  ( 17.29997946636549955, 2.499999999999996891, 0.000000000000000000 ) ) ;
#4710 = CARTESIAN_POINT ( 'NONE',  ( 4.749988266494567846, -0.8203085389236755010, -1.980399999999995497 ) ) ;
#4711 = CARTESIAN_POINT ( 'NONE',  ( 10.19999119987092406, -1.400354269461837831, -1.400354269461838053 ) ) ;
#4712 = CARTESIAN_POINT ( 'NONE',  ( 3.299991199870922376, 1.980399999999998384, 0.000000000000000000 ) ) ;
#4713 = CARTESIAN_POINT ( 'NONE',  ( 6.749999999999999112, -1.035533905932736420, -2.499999999999996891 ) ) ;
#4714 = CARTESIAN_POINT ( 'NONE',  ( 7.949991199870923175, 0.8203085389236769442, -1.980399999999998606 ) ) ;
#4715 = EDGE_CURVE ( 'NONE', #4300, #2627, #2917, .T. ) ;
#4716 = CARTESIAN_POINT ( 'NONE',  ( 5.199979466365497238, 1.767766952966366878, -1.767766952966366878 ) ) ;
#4717 = CARTESIAN_POINT ( 'NONE',  ( 12.47498899983865428, -1.369736545836457653, 1.369736545836457431 ) ) ;
#4718 = CARTESIAN_POINT ( 'NONE',  ( 10.14998826649456909, -1.980399999999996385, 0.8203085389236752789 ) ) ;
#4719 = CARTESIAN_POINT ( 'NONE',  ( 11.84998826649456838, -1.980399999999995497, -0.8203085389236758340 ) ) ;
#4720 = CARTESIAN_POINT ( 'NONE',  ( 1.399999999999999689, -4.217301688045702157, 1.133368343930676980 ) ) ;
#4721 = CARTESIAN_POINT ( 'NONE',  ( 12.09999119987092264, 1.980399999999998384, 0.000000000000000000 ) ) ;
#4722 = CARTESIAN_POINT ( 'NONE',  ( 3.849999999999998312, 2.499999999999996447, 1.035533905932737975 ) ) ;
#4723 = CARTESIAN_POINT ( 'NONE',  ( 15.99997946636549528, -1.767766952966367100, 1.767766952966366434 ) ) ;
#4724 = CARTESIAN_POINT ( 'NONE',  ( 7.224990466526834076, 1.369736545836458763, -1.369736545836458763 ) ) ;
#4725 = CARTESIAN_POINT ( 'NONE',  ( 2.466645418915470955, -3.350679466573965648, 0.8971804865464082512 ) ) ;
#4726 = CARTESIAN_POINT ( 'NONE',  ( 2.216665952550037844, 2.771807091583813332, 0.3660385879821338451 ) ) ;
#4727 = CARTESIAN_POINT ( 'NONE',  ( -1.084202172485504434E-16, 1.243302455813091179, 4.626370212058965592 ) ) ;
#4728 = CARTESIAN_POINT ( 'NONE',  ( 3.133312085582092621, -0.6444022236129145487, 2.385568097008448074 ) ) ;
#4729 = ORIENTED_EDGE ( 'NONE', *, *, #2570, .T. ) ;
#4730 = CARTESIAN_POINT ( 'NONE',  ( 4.599979466365496705, 1.767766952966366212, 1.767766952966367100 ) ) ;
#4731 = CARTESIAN_POINT ( 'NONE',  ( 12.79999999999999893, -4.394210559506443518E-16, 2.499999999999996891 ) ) ;
#4732 = CARTESIAN_POINT ( 'NONE',  ( 2.041654952388719302, -1.526062309974928644, 2.641380913782741313 ) ) ;
#4733 = CARTESIAN_POINT ( 'NONE',  ( 3.115152949875593436, -1.759709869220439149, 1.547178066676765829 ) ) ;
#4734 = CARTESIAN_POINT ( 'NONE',  ( 8.499988266494566957, -1.400354269461835832, 1.400354269461835388 ) ) ;
#4735 = CARTESIAN_POINT ( 'NONE',  ( 16.73907168120256372, -0.9610204865600403545, 2.291289340914401951 ) ) ;
#4736 = CARTESIAN_POINT ( 'NONE',  ( 17.54998826649456944, -0.8203085389236753899, -1.980399999999995497 ) ) ;
#4737 = CARTESIAN_POINT ( 'NONE',  ( 17.44997946636549457, 1.035533905932736864, 2.499999999999996447 ) ) ;
#4738 = CARTESIAN_POINT ( 'NONE',  ( 4.999988266494567846, 1.980399999999995497, 0.000000000000000000 ) ) ;
#4739 = CARTESIAN_POINT ( 'NONE',  ( 10.44999119987092406, 1.980399999999999050, -0.8203085389236769442 ) ) ;
#4740 = CARTESIAN_POINT ( 'NONE',  ( 3.216657152420940413, 0.9734039060718224778, -0.7440352653851755038 ) ) ;
#4741 = CARTESIAN_POINT ( 'NONE',  ( 8.599991199870922642, -1.400354269461837609, -1.400354269461837831 ) ) ;
#4742 = CARTESIAN_POINT ( 'NONE',  ( 4.699979466365496350, -4.519643767488607987E-16, 2.499999999999996891 ) ) ;
#4743 = CARTESIAN_POINT ( 'NONE',  ( 15.37498899983865641, 1.937099999999994715, 0.000000000000000000 ) ) ;
#4744 = CARTESIAN_POINT ( 'NONE',  ( 9.849988266494568379, 1.980399999999995497, 0.8203085389236771663 ) ) ;
#4745 = CARTESIAN_POINT ( 'NONE',  ( 12.59998826649456838, -1.980399999999995497, -2.425290521031412773E-16 ) ) ;
#4746 = CARTESIAN_POINT ( 'NONE',  ( 1.399999999999999689, 3.783495063501954636, -2.180670180350985810 ) ) ;
#4747 = CARTESIAN_POINT ( 'NONE',  ( 4.949999999999997513, -2.499999999999997335, 1.035533905932735976 ) ) ;
#4748 = CARTESIAN_POINT ( 'NONE',  ( 14.24997946636549528, 1.035533905932736864, 2.499999999999996447 ) ) ;
#4749 = CARTESIAN_POINT ( 'NONE',  ( 8.674990466526832478, -0.8023730916729210350, -1.937099999999996713 ) ) ;
#4750 = EDGE_CURVE ( 'NONE', #5588, #2737, #3005, .T. ) ;
#4751 = CARTESIAN_POINT ( 'NONE',  ( 2.966645418915513144, 2.355966532164268656, 1.361568482925533008 ) ) ;
#4752 = CARTESIAN_POINT ( 'NONE',  ( 1.933332619216698856, -1.604518758898628716, -2.790230107347940525 ) ) ;
#4753 = CARTESIAN_POINT ( 'NONE',  ( -2.168404344971008868E-16, -4.330000000000000071, -0.5667956695466787043 ) ) ;
#4754 = CARTESIAN_POINT ( 'NONE',  ( 11.75000000000000000, 2.499999999999996891, -1.035533905932736642 ) ) ;
#4755 = CARTESIAN_POINT ( 'NONE',  ( 2.383312085582274698, -2.191586905299407473, 2.846547571542621391 ) ) ;
#4756 = B_SPLINE_CURVE_WITH_KNOTS ( 'NONE', 3,
 ( #666, #179, #2354, #1027, #1470, #2300 ),
 .UNSPECIFIED., .F., .F.,
 ( 4, 2, 4 ),
 ( 2.380757420217808808E-07, 0.0008748794216455116476, 0.001749520767549001205 ),
 .UNSPECIFIED. ) ;
#4757 = ORIENTED_EDGE ( 'NONE', *, *, #2922, .F. ) ;
#4758 = CARTESIAN_POINT ( 'NONE',  ( 11.04999999999999716, 2.499999999999996447, 1.035533905932737975 ) ) ;
#4759 = CARTESIAN_POINT ( 'NONE',  ( 14.92499046652683248, -1.937099999999996269, -2.372263314628333717E-16 ) ) ;
#4760 = CARTESIAN_POINT ( 'NONE',  ( 2.958321619055355622, -1.665295997529081529, 0.2147697221460466988 ) ) ;
#4761 = CARTESIAN_POINT ( 'NONE',  ( -1.746579578282259521E-16, -3.462097634512513178, -2.661548123276406663 ) ) ;
#4762 = CARTESIAN_POINT ( 'NONE',  ( 6.599988266494568379, 1.980399999999995497, 0.000000000000000000 ) ) ;
#4763 = CARTESIAN_POINT ( 'NONE',  ( 3.116654219044621144, -0.9262582654269060356, -1.210513023535629840 ) ) ;
#4764 = CARTESIAN_POINT ( 'NONE',  ( 16.09998826649457015, 1.400354269461835610, -1.400354269461835610 ) ) ;
#4765 = CARTESIAN_POINT ( 'NONE',  ( 13.89997946636549564, 1.746057214429741351E-16, -2.499999999999996891 ) ) ;
#4766 = CARTESIAN_POINT ( 'NONE',  ( 4.799988266494567668, 1.286975680302062284E-16, -1.980399999999995497 ) ) ;
#4767 = CARTESIAN_POINT ( 'NONE',  ( 8.449991199870922287, -1.980399999999999494, 0.8203085389236765002 ) ) ;
#4768 = CARTESIAN_POINT ( 'NONE',  ( 4.549999999999999822, 2.499999999999996891, -1.035533905932736642 ) ) ;
#4769 = CARTESIAN_POINT ( 'NONE',  ( 14.27499046652683390, -0.8023730916729210350, -1.937099999999996713 ) ) ;
#4770 = CARTESIAN_POINT ( 'NONE',  ( 9.099991199870924419, -3.497017485837928481E-16, 1.980399999999998384 ) ) ;
#4771 = CARTESIAN_POINT ( 'NONE',  ( 2.360393694838864409, 0.6404720787300247631, -2.416620166074927134 ) ) ;
#4772 = CARTESIAN_POINT ( 'NONE',  ( 12.12498899983865641, 1.937099999999994937, -0.8023730916729204798 ) ) ;
#4773 = CARTESIAN_POINT ( 'NONE',  ( 7.699988266494567135, -1.400354269461836054, 1.400354269461835610 ) ) ;
#4774 = CARTESIAN_POINT ( 'NONE',  ( 11.79998826649456944, -1.980399999999995497, -2.425290521031412773E-16 ) ) ;
#4775 = CARTESIAN_POINT ( 'NONE',  ( 16.44999119987092229, -1.980399999999999494, 0.8203085389236765002 ) ) ;
#4776 = CARTESIAN_POINT ( 'NONE',  ( 13.74999119987092300, 1.980399999999997718, 0.8203085389236781655 ) ) ;
#4777 = CARTESIAN_POINT ( 'NONE',  ( 17.44999119987092584, -0.8203085389236767222, -1.980399999999998606 ) ) ;
#4778 = CARTESIAN_POINT ( 'NONE',  ( 12.29997946636549777, 1.721280347267725846E-16, -2.499999999999996891 ) ) ;
#4779 = CARTESIAN_POINT ( 'NONE',  ( 5.874990466526832655, 0.8023730916729214790, 1.937099999999996269 ) ) ;
#4780 = CARTESIAN_POINT ( 'NONE',  ( 2.666645418915524868, -0.8195665333417834209, -3.061885367298105010 ) ) ;
#4781 = CARTESIAN_POINT ( 'NONE',  ( 1.716665952549997431, -2.811565416943242468, 2.156691872542737087 ) ) ;
#4782 = CARTESIAN_POINT ( 'NONE',  ( -6.145211017404767345E-14, 3.798417497483289829, -2.919096923789035625 ) ) ;
#4783 = CARTESIAN_POINT ( 'NONE',  ( 13.59999999999999964, -4.381822125925436874E-16, 2.499999999999996891 ) ) ;
#4784 = ADVANCED_FACE ( 'NONE', ( #3494 ), #4655, .T. ) ;
#4785 = CARTESIAN_POINT ( 'NONE',  ( 2.833332619216672565, 0.4891843751135505070, -1.807977193719238151 ) ) ;
#4786 = ORIENTED_EDGE ( 'NONE', *, *, #138, .T. ) ;
#4787 = CARTESIAN_POINT ( 'NONE',  ( 6.049979466365496883, 2.499999999999996891, -1.035533905932736642 ) ) ;
#4788 = CARTESIAN_POINT ( 'NONE',  ( 12.84999999999999964, -1.035533905932737753, 2.499999999999996447 ) ) ;
#4789 = CARTESIAN_POINT ( 'NONE',  ( 2.441654952388723210, 1.227409247612907484, -2.123201236360022115 ) ) ;
#4790 = CARTESIAN_POINT ( 'NONE',  ( -1.733139639770208084E-16, -4.330000000000000071, 5.302720640308039725E-16 ) ) ;
#4791 = CARTESIAN_POINT ( 'NONE',  ( 6.999988266494567846, -1.980399999999995497, -2.425290521031412773E-16 ) ) ;
#4792 = CARTESIAN_POINT ( 'NONE',  ( 16.74406101891205978, -1.094854108335895804, 2.224868850540364651 ) ) ;
#4793 = CARTESIAN_POINT ( 'NONE',  ( 16.89998826649456731, 1.400354269461835610, -1.400354269461835610 ) ) ;
#4794 = CARTESIAN_POINT ( 'NONE',  ( 3.666645418915414734, 1.617914871738861171, -0.4314967706978818929 ) ) ;
#4795 = CARTESIAN_POINT ( 'NONE',  ( 7.899991199870924241, 1.334980905853392523E-16, -1.980399999999998828 ) ) ;
#4796 = CARTESIAN_POINT ( 'NONE',  ( 4.249999999999999112, -2.499999999999996891, -1.035533905932736864 ) ) ;
#4797 = CARTESIAN_POINT ( 'NONE',  ( 9.049991199870925485, 0.8203085389236773883, 1.980399999999998162 ) ) ;
#4798 = CARTESIAN_POINT ( 'NONE',  ( 2.449513487453490956, 0.9480786916857281144, -2.313254589181974907 ) ) ;
#4799 = CARTESIAN_POINT ( 'NONE',  ( 11.62498899983865819, -0.8023730916729214790, 1.937099999999994049 ) ) ;
#4800 = CARTESIAN_POINT ( 'NONE',  ( 8.799988266494567668, 1.348917848207101665E-16, -1.980399999999995941 ) ) ;
#4801 = CARTESIAN_POINT ( 'NONE',  ( 13.94998826649456980, 0.8203085389236761671, 1.980399999999995053 ) ) ;
#4802 = CARTESIAN_POINT ( 'NONE',  ( 8.549991199870923708, -1.980399999999998384, -0.8203085389236771663 ) ) ;
#4803 = CARTESIAN_POINT ( 'NONE',  ( 5.049999999999998934, -2.499999999999996891, -1.035533905932736642 ) ) ;
#4804 = CARTESIAN_POINT ( 'NONE',  ( 11.59997946636549671, 1.767766952966366878, -1.767766952966366878 ) ) ;
#4805 = CARTESIAN_POINT ( 'NONE',  ( 5.774990466526834787, 1.937099999999996269, 0.8023730916729223672 ) ) ;
#4806 = FACE_OUTER_BOUND ( 'NONE', #1688, .T. ) ;
#4807 = CARTESIAN_POINT ( 'NONE',  ( 3.183323819087526818, 0.7789593693100348437, -1.008363708334896192 ) ) ;
#4808 = CARTESIAN_POINT ( 'NONE',  ( -2.177181483103736391E-16, 0.5667956695466792594, 4.330000000000000071 ) ) ;
#4809 = CARTESIAN_POINT ( 'NONE',  ( 12.74999999999999822, 1.035533905932736864, 2.499999999999996447 ) ) ;
#4810 = VECTOR ( 'NONE', #5111, 1000.000000000000000 ) ;
#4811 = CARTESIAN_POINT ( 'NONE',  ( 1.399999999999999689, 1.657019262140845051, -4.000398375773870363 ) ) ;
#4812 = EDGE_LOOP ( 'NONE', ( #4980, #645, #417, #2655, #4124, #1290 ) ) ;
#4813 = CARTESIAN_POINT ( 'NONE',  ( 10.19999999999999751, 2.499999999999996891, 0.000000000000000000 ) ) ;
#4814 = CARTESIAN_POINT ( 'NONE',  ( 15.07499046652683283, -0.8023730916729210350, -1.937099999999996713 ) ) ;
#4815 = CARTESIAN_POINT ( 'NONE',  ( 2.708321619055281460, 1.022367299713166533, 1.780202571648213716 ) ) ;
#4816 = APPLICATION_PROTOCOL_DEFINITION ( 'draft international standard', 'automotive_design', 1998, #5612 ) ;
#4817 = CARTESIAN_POINT ( 'NONE',  ( 8.249988266494566957, 1.980399999999995053, 0.8203085389236768332 ) ) ;
#4818 = CARTESIAN_POINT ( 'NONE',  ( 15.99998826649456873, 1.460413750436171563E-16, -1.980399999999995497 ) ) ;
#4819 = CARTESIAN_POINT ( 'NONE',  ( 14.79997946636549599, 1.767766952966366878, -1.767766952966366878 ) ) ;
#4820 = CARTESIAN_POINT ( 'NONE',  ( 3.949988266494567579, -0.8203085389236755010, -1.980399999999995497 ) ) ;
#4821 = CARTESIAN_POINT ( 'NONE',  ( 8.099991199870922642, 1.980399999999998828, 0.000000000000000000 ) ) ;
#4822 = DIRECTION ( 'NONE',  ( 0.000000000000000000, -0.4999999999999998890, -0.8660254037844387076 ) ) ;
#4823 = CARTESIAN_POINT ( 'NONE',  ( 9.249991199870922998, -1.980399999999999050, 0.8203085389236763891 ) ) ;
#4824 = CARTESIAN_POINT ( 'NONE',  ( 4.049979466365496883, -2.499999999999997335, 1.035533905932735976 ) ) ;
#4825 = CARTESIAN_POINT ( 'NONE',  ( 10.92498899983865535, -1.937099999999995603, 0.8023730916729199247 ) ) ;
#4826 = CARTESIAN_POINT ( 'NONE',  ( 6.799988266494567668, -3.532634277808243942E-16, 1.980399999999995941 ) ) ;
#4827 = CARTESIAN_POINT ( 'NONE',  ( 12.54998826649456767, -1.980399999999995941, 0.8203085389236751679 ) ) ;
#4828 = CARTESIAN_POINT ( 'NONE',  ( 11.34999119987092442, 1.980399999999997718, 0.8203085389236781655 ) ) ;
#4829 = CARTESIAN_POINT ( 'NONE',  ( 4.199999999999999289, -2.499999999999996891, -3.061616997868379197E-16 ) ) ;
#4830 = CARTESIAN_POINT ( 'NONE',  ( 11.24997946636549706, -2.499999999999997335, 1.035533905932735976 ) ) ;
#4831 = CARTESIAN_POINT ( 'NONE',  ( 3.774990466526833455, -1.937099999999996713, -0.8023730916729213680 ) ) ;
#4832 = CARTESIAN_POINT ( 'NONE',  ( 17.14998826649456731, 0.8203085389236763891, 1.980399999999995497 ) ) ;
#4833 = CARTESIAN_POINT ( 'NONE',  ( 2.233323819087623896, -1.342837832114454955, -2.336210996397836137 ) ) ;
#4834 = CARTESIAN_POINT ( 'NONE',  ( 3.126666026565152912, -0.4613888044852417769, -1.896594422344309638 ) ) ;
#4835 = CARTESIAN_POINT ( 'NONE',  ( 13.54999999999999893, 1.035533905932736864, 2.499999999999996447 ) ) ;
#4836 = UNCERTAINTY_MEASURE_WITH_UNIT (LENGTH_MEASURE( 1.000000000000000082E-05 ), #4038, 'distance_accuracy_value', 'NONE');
#4837 = CARTESIAN_POINT ( 'NONE',  ( 2.233332619216751969, 2.674363548327536311, 0.7220111479999888893 ) ) ;
#4838 = ORIENTED_EDGE ( 'NONE', *, *, #2667, .F. ) ;
#4839 = CARTESIAN_POINT ( 'NONE',  ( 2.266654219044602847, -2.420126147987044618, -1.398542268397534150 ) ) ;
#4840 =( NAMED_UNIT ( * ) PLANE_ANGLE_UNIT ( ) SI_UNIT ( $, .RADIAN. ) );
#4841 = CARTESIAN_POINT ( 'NONE',  ( 15.19998826649456802, 1.448025316855163934E-16, -1.980399999999995497 ) ) ;
#4842 = CARTESIAN_POINT ( 'NONE',  ( 12.79997946636549777, -1.767766952966367100, 1.767766952966366434 ) ) ;
#4843 = CARTESIAN_POINT ( 'NONE',  ( -1.873748360914646627E-16, 4.750000000000000888, 0.000000000000000000 ) ) ;
#4844 = CARTESIAN_POINT ( 'NONE',  ( 6.449991199870922287, 1.980399999999999050, -0.8203085389236769442 ) ) ;
#4845 = CARTESIAN_POINT ( 'NONE',  ( 2.375723170215820801, 2.425051606767172796, 0.6244137215019891496 ) ) ;
#4846 = CARTESIAN_POINT ( 'NONE',  ( 3.399999999999998579, -2.499999999999996891, -3.061616997868379197E-16 ) ) ;
#4847 = CARTESIAN_POINT ( 'NONE',  ( 5.349991199870924419, -1.980399999999998606, -0.8203085389236771663 ) ) ;
#4848 = ADVANCED_FACE ( 'NONE', ( #3170 ), #2343, .T. ) ;
#4849 = CARTESIAN_POINT ( 'NONE',  ( 2.468074991390143413, -1.587713240271470871, 0.2500000000000000555 ) ) ;
#4850 = CARTESIAN_POINT ( 'NONE',  ( 10.42498899983865535, 0.8023730916729207019, -1.937099999999994937 ) ) ;
#4851 = CARTESIAN_POINT ( 'NONE',  ( 8.899988266494569089, 1.400354269461835832, -1.400354269461835832 ) ) ;
#4852 = CARTESIAN_POINT ( 'NONE',  ( 11.19998826649456802, 1.386083148950124800E-16, -1.980399999999995497 ) ) ;
#4853 = CARTESIAN_POINT ( 'NONE',  ( 16.79999119987092371, 1.400354269461838053, -1.400354269461838053 ) ) ;
#4854 = CARTESIAN_POINT ( 'NONE',  ( 10.09999119987092442, -1.980399999999998384, -2.425290521031416718E-16 ) ) ;
#4855 = CARTESIAN_POINT ( 'NONE',  ( 16.14999119987092158, 1.980399999999998162, 0.8203085389236781655 ) ) ;
#4856 = CARTESIAN_POINT ( 'NONE',  ( 12.99997946636549706, -1.767766952966366434, -1.767766952966366878 ) ) ;
#4857 = CARTESIAN_POINT ( 'NONE',  ( 0.000000000000000000, 0.000000000000000000, 0.000000000000000000 ) ) ;
#4858 = CARTESIAN_POINT ( 'NONE',  ( 6.274990466526834787, -0.8023730916729210350, -1.937099999999996713 ) ) ;
#4859 = CARTESIAN_POINT ( 'NONE',  ( 16.88203740016857068, 0.2281635435099457487, 2.331575628283224066 ) ) ;
#4860 = CARTESIAN_POINT ( 'NONE',  ( 1.633332619216685044, -0.9548379217933047336, 3.540749901532417532 ) ) ;
#4861 = CARTESIAN_POINT ( 'NONE',  ( 3.147224420972735803, -0.5650165821292606472, -1.879308062429461579 ) ) ;
#4862 = CARTESIAN_POINT ( 'NONE',  ( 12.39999999999999858, 1.722829219439810568E-16, -2.499999999999996891 ) ) ;
#4863 = CARTESIAN_POINT ( 'NONE',  ( 1.883332619216637971, -2.609435014907359296, -2.009368373908729577 ) ) ;
#4864 = ORIENTED_EDGE ( 'NONE', *, *, #772, .F. ) ;
#4865 = CARTESIAN_POINT ( 'NONE',  ( 17.26455157137578666, -1.697627364164693287, 0.9694719697788439783 ) ) ;
#4866 = CARTESIAN_POINT ( 'NONE',  ( 2.483332619216545467, -1.462712779769723692, 1.898097344203843795 ) ) ;
#4867 =( NAMED_UNIT ( * ) PLANE_ANGLE_UNIT ( ) SI_UNIT ( $, .RADIAN. ) );
#4868 = CARTESIAN_POINT ( 'NONE',  ( 14.49998826649456873, 1.400354269461835610, -1.400354269461835610 ) ) ;
#4869 = CARTESIAN_POINT ( 'NONE',  ( 15.39997946636549564, -1.767766952966366434, -1.767766952966366878 ) ) ;
#4870 = DIRECTION ( 'NONE',  ( -1.548554197625976421E-18, 1.000000000000000000, 0.000000000000000000 ) ) ;
#4871 = CARTESIAN_POINT ( 'NONE',  ( 6.849991199870924419, -1.980399999999999494, 0.8203085389236765002 ) ) ;
#4872 = CARTESIAN_POINT ( 'NONE',  ( 4.599988266494568379, -1.980399999999995497, -2.425290521031412773E-16 ) ) ;
#4873 = CARTESIAN_POINT ( 'NONE',  ( 2.716657152420928867, -0.2592139682087677977, 1.955694351878793480 ) ) ;
#4874 = CARTESIAN_POINT ( 'NONE',  ( 4.799991199870923708, 1.400354269461837831, -1.400354269461837831 ) ) ;
#4875 = CARTESIAN_POINT ( 'NONE',  ( 2.365813014264714020, 0.6094172002371913699, -2.424597457580931259 ) ) ;
#4876 = CARTESIAN_POINT ( 'NONE',  ( 6.974988999838654280, -1.937099999999994715, -2.372263314628331252E-16 ) ) ;
#4877 = CARTESIAN_POINT ( 'NONE',  ( 8.049988266494567668, 0.8203085389236759450, -1.980399999999995941 ) ) ;
#4878 = CARTESIAN_POINT ( 'NONE',  ( 10.34998826649457015, -0.8203085389236755010, -1.980399999999995497 ) ) ;
#4879 = CARTESIAN_POINT ( 'NONE',  ( 11.49999119987092300, -3.459852185094905100E-16, 1.980399999999998384 ) ) ;
#4880 = CARTESIAN_POINT ( 'NONE',  ( 15.89999119987092335, 1.458865241663470298E-16, -1.980399999999998384 ) ) ;
#4881 = CARTESIAN_POINT ( 'NONE',  ( 13.49997946636549706, -4.383370998097521104E-16, 2.499999999999996891 ) ) ;
#4882 = CARTESIAN_POINT ( 'NONE',  ( 3.050477725477574786, -0.7510479330517539909, -1.832460412194136135 ) ) ;
#4883 = CARTESIAN_POINT ( 'NONE',  ( 6.374990466526833544, 0.8023730916729211460, -1.937099999999996713 ) ) ;
#4884 = CARTESIAN_POINT ( 'NONE',  ( 16.69998826649456802, -1.400354269461835610, -1.400354269461835832 ) ) ;
#4885 = CARTESIAN_POINT ( 'NONE',  ( 2.558122476246952104, 1.878792292513492113, -1.655450050976934762 ) ) ;
#4886 = CARTESIAN_POINT ( 'NONE',  ( 3.116075357493697684, -0.4589453522206067282, -1.896941955248688805 ) ) ;
#4887 = CARTESIAN_POINT ( 'NONE',  ( 8.249999999999998224, -2.499999999999996891, -1.035533905932736642 ) ) ;
#4888 = CARTESIAN_POINT ( 'NONE',  ( 1.633332619216582682, -0.9548379216361825295, 3.540749901722240356 ) ) ;
#4889 = CARTESIAN_POINT ( 'NONE',  ( 17.10239944362956521, 2.083739488301509457, 0.4016298929510013216 ) ) ;
#4890 = EDGE_LOOP ( 'NONE', ( #675, #985, #54, #3643 ) ) ;
#4891 = CARTESIAN_POINT ( 'NONE',  ( 3.999979466365495728, -1.767766952966367100, 1.767766952966366434 ) ) ;
#4892 = CARTESIAN_POINT ( 'NONE',  ( 1.959989268980362409, 0.9968022739581378078, 3.067790206357085658 ) ) ;
#4893 = CARTESIAN_POINT ( 'NONE',  ( 1.399999999999999689, -4.330000000000000071, 0.000000000000000000 ) ) ;
#4894 =( GEOMETRIC_REPRESENTATION_CONTEXT ( 3 ) GLOBAL_UNCERTAINTY_ASSIGNED_CONTEXT ( ( #5586 ) ) GLOBAL_UNIT_ASSIGNED_CONTEXT ( ( #250, #1510, #2859 ) ) REPRESENTATION_CONTEXT ( 'NONE', 'WORKASPACE' ) );
#4895 = PRODUCT ( 'TORNILLO ALLEN CABEZA PLANA M5x0.8x16', 'TORNILLO ALLEN CABEZA PLANA M5x0.8x16', '', ( #5385 ) ) ;
#4896 = AXIS2_PLACEMENT_3D ( 'NONE', #1694, #5487, #5021 ) ;
#4897 = CARTESIAN_POINT ( 'NONE',  ( 14.39998826649456909, 1.435636883274156304E-16, -1.980399999999995497 ) ) ;
#4898 = CARTESIAN_POINT ( 'NONE',  ( 10.99997946636549706, 1.767766952966366212, 1.767766952966367100 ) ) ;
#4899 = CARTESIAN_POINT ( 'NONE',  ( 16.44999999999999929, 1.035533905932736642, -2.499999999999996891 ) ) ;
#4900 = CARTESIAN_POINT ( 'NONE',  ( 5.449991199870923175, -0.8203085389236768332, -1.980399999999999050 ) ) ;
#4901 = CARTESIAN_POINT ( 'NONE',  ( 17.40099999999999980, 0.8660254037844391517, -1.500000000000000000 ) ) ;
#4902 = CARTESIAN_POINT ( 'NONE',  ( 2.466657152420843158, 2.267015355320099790, -0.6059473204806961055 ) ) ;
#4903 = CARTESIAN_POINT ( 'NONE',  ( 4.699991199870922287, 1.285427171529361019E-16, -1.980399999999998384 ) ) ;
#4904 = CARTESIAN_POINT ( 'NONE',  ( 0.8399999999999996358, 1.243302450706583961, -4.626370214174496454 ) ) ;
#4905 = CARTESIAN_POINT ( 'NONE',  ( 8.424988999838653569, -0.8023730916729214790, 1.937099999999994049 ) ) ;
#4906 = CARTESIAN_POINT ( 'NONE',  ( 6.299988266494568556, -1.400354269461835610, -1.400354269461835832 ) ) ;
#4907 = CARTESIAN_POINT ( 'NONE',  ( 8.949988266494568023, 1.980399999999995497, -0.8203085389236757230 ) ) ;
#4908 = CARTESIAN_POINT ( 'NONE',  ( 13.74999119987092300, 1.980399999999998606, 0.8203085389236783875 ) ) ;
#4909 = CARTESIAN_POINT ( 'NONE',  ( 10.69999119987092406, -3.472240618675913222E-16, 1.980399999999998384 ) ) ;
#4910 = CARTESIAN_POINT ( 'NONE',  ( 14.84999119987092264, -1.980399999999999050, 0.8203085389236763891 ) ) ;
#4911 = CARTESIAN_POINT ( 'NONE',  ( 10.19997946636549635, 1.767766952966366212, 1.767766952966367100 ) ) ;
#4912 = CARTESIAN_POINT ( 'NONE',  ( 0.1339860588267090535, -0.1460322977806960132, 1.499999999999999778 ) ) ;
#4913 = CARTESIAN_POINT ( 'NONE',  ( 3.574990466526833721, -0.8023730916729222562, 1.937099999999996269 ) ) ;
#4914 = CARTESIAN_POINT ( 'NONE',  ( 16.49998826649456873, -1.400354269461836054, 1.400354269461835610 ) ) ;
#4915 = CARTESIAN_POINT ( 'NONE',  ( -2.176513363245852481E-16, -1.133368343931110189, -4.217301688045506758 ) ) ;
#4916 = CARTESIAN_POINT ( 'NONE',  ( 11.00000000000000000, 2.499999999999996891, 0.000000000000000000 ) ) ;
#4917 = EDGE_CURVE ( 'NONE', #1887, #5297, #610, .T. ) ;
#4918 = CARTESIAN_POINT ( 'NONE',  ( 1.399999999999999689, 0.5660739880712338801, 4.329928559083336737 ) ) ;
#4919 = CARTESIAN_POINT ( 'NONE',  ( 12.87499046652683354, 1.937099999999996713, -0.8023730916729211460 ) ) ;
#4920 = CARTESIAN_POINT ( 'NONE',  ( 16.97463143080318559, 0.3990866523193991600, -2.213865421381588483 ) ) ;
#4921 = ORIENTED_EDGE ( 'NONE', *, *, #3429, .F. ) ;
#4922 = CARTESIAN_POINT ( 'NONE',  ( 17.26725476503963108, -1.643001032662400274, 1.056074883558664190 ) ) ;
#4923 = CARTESIAN_POINT ( 'NONE',  ( 2.766665952550031005, -0.5091107214583040497, -1.906708970751122667 ) ) ;
#4924 = CARTESIAN_POINT ( 'NONE',  ( 3.141610710342977342, -1.623805801974163909, -1.299785120942077210 ) ) ;
#4925 = CARTESIAN_POINT ( 'NONE',  ( 12.09998826649456838, 1.400354269461835610, -1.400354269461835610 ) ) ;
#4926 = CARTESIAN_POINT ( 'NONE',  ( 10.04997946636549955, 2.499999999999996891, -1.035533905932736642 ) ) ;
#4927 = CARTESIAN_POINT ( 'NONE',  ( 6.299991199870922820, 1.310204038691377018E-16, -1.980399999999998828 ) ) ;
#4928 = CARTESIAN_POINT ( 'NONE',  ( 2.899988266494568645, -1.400354269461835832, 1.400354269461835388 ) ) ;
#4929 = CARTESIAN_POINT ( 'NONE',  ( 2.066657152420885435, -2.844603324611489015, 0.7611760783342829129 ) ) ;
#4930 = CARTESIAN_POINT ( 'NONE',  ( 6.799991199870923708, -1.400354269461838053, 1.400354269461837609 ) ) ;
#4931 = CARTESIAN_POINT ( 'NONE',  ( 0.8399999999999998579, 4.150485344682726563, 2.392190156761774045 ) ) ;
#4932 = CARTESIAN_POINT ( 'NONE',  ( 7.274988999838654102, 1.369736545836457653, -1.369736545836457653 ) ) ;
#4933 = CARTESIAN_POINT ( 'NONE',  ( 3.949988266494567135, -0.8203085389236757230, -1.980399999999995941 ) ) ;
#4934 = CARTESIAN_POINT ( 'NONE',  ( 10.84998826649456660, -0.8203085389236767222, 1.980399999999995053 ) ) ;
#4935 = CARTESIAN_POINT ( 'NONE',  ( 14.24999119987092477, -0.8203085389236768332, -1.980399999999999050 ) ) ;
#4936 = CARTESIAN_POINT ( 'NONE',  ( 6.649991199870924241, 0.8203085389236773883, 1.980399999999997718 ) ) ;
#4937 = CARTESIAN_POINT ( 'NONE',  ( 8.199999999999999289, -2.499999999999996891, -3.061616997868379197E-16 ) ) ;
#4938 = CARTESIAN_POINT ( 'NONE',  ( 16.34999119987092442, -0.8203085389236779434, 1.980399999999998162 ) ) ;
#4939 = CARTESIAN_POINT ( 'NONE',  ( 10.44997946636549457, -2.499999999999997335, 1.035533905932735976 ) ) ;
#4940 = CARTESIAN_POINT ( 'NONE',  ( 2.524823912148602911, -1.213627865620149127, 2.086982073652586589 ) ) ;
#4941 = CARTESIAN_POINT ( 'NONE',  ( 16.62498899983865996, -1.937099999999994937, -0.8023730916729207019 ) ) ;
#4942 = CARTESIAN_POINT ( 'NONE',  ( 13.79998826649456944, 1.980399999999995941, 0.000000000000000000 ) ) ;
#4943 = FACE_OUTER_BOUND ( 'NONE', #4890, .T. ) ;
#4944 = CARTESIAN_POINT ( 'NONE',  ( 0.8399999999999998579, -3.798417497483102867, 2.919096923789100018 ) ) ;
#4945 = CARTESIAN_POINT ( 'NONE',  ( 10.44999999999999751, -1.035533905932737753, 2.499999999999996447 ) ) ;
#4946 = PRODUCT_DEFINITION_SHAPE ( 'NONE', 'NONE',  #355 ) ;
#4947 = CARTESIAN_POINT ( 'NONE',  ( 1.399999999999999689, -4.302179309996291501, 0.5651417258886991535 ) ) ;
#4948 = CARTESIAN_POINT ( 'NONE',  ( 11.67499046652683603, -1.937099999999996935, 0.8023730916729207019 ) ) ;
#4949 = CARTESIAN_POINT ( 'NONE',  ( 2.666654219044584995, 1.901946468877544039, 1.099889208572089050 ) ) ;
#4950 = EDGE_LOOP ( 'NONE', ( #5010, #107, #5488, #159 ) ) ;
#4951 = CARTESIAN_POINT ( 'NONE',  ( 3.399979466365495639, -1.767766952966366434, -1.767766952966366878 ) ) ;
#4952 = CARTESIAN_POINT ( 'NONE',  ( 2.833332619216672565, 0.4891843751135505070, -1.807977193719238151 ) ) ;
#4953 = VECTOR ( 'NONE', #639, 1000.000000000000000 ) ;
#4954 = CARTESIAN_POINT ( 'NONE',  ( 2.666654219044557905, 1.901946470993246541, 1.099889205705565365 ) ) ;
#4955 = CARTESIAN_POINT ( 'NONE',  ( 14.89998826649456909, -1.400354269461835832, 1.400354269461835388 ) ) ;
#4956 = CARTESIAN_POINT ( 'NONE',  ( 10.09997946636549671, 2.499999999999996891, 0.000000000000000000 ) ) ;
#4957 = CARTESIAN_POINT ( 'NONE',  ( 3.099979456420634438, 7.940085207495946077E-06, 2.500000014752633781 ) ) ;
#4958 = CARTESIAN_POINT ( 'NONE',  ( 5.249991199870922998, -1.980399999999999494, 0.8203085389236765002 ) ) ;
#4959 = CARTESIAN_POINT ( 'NONE',  ( 2.395714740651790908, 0.5731076153573024801, 2.450342709580871414 ) ) ;
#4960 = CARTESIAN_POINT ( 'NONE',  ( 2.033323819087638817, -2.595297795219628778, 1.492169637283770722 ) ) ;
#4961 = CARTESIAN_POINT ( 'NONE',  ( 4.899991199870923353, 1.980399999999998384, 0.000000000000000000 ) ) ;
#4962 = CARTESIAN_POINT ( 'NONE',  ( 0.1339860588264332741, -0.1460322977832231583, -1.500000000000000222 ) ) ;
#4963 = CARTESIAN_POINT ( 'NONE',  ( 6.774988999838654102, -3.453480595396796791E-16, 1.937099999999994715 ) ) ;
#4964 = CARTESIAN_POINT ( 'NONE',  ( 6.499988266494567846, 1.400354269461835832, -1.400354269461835832 ) ) ;
#4965 = CARTESIAN_POINT ( 'NONE',  ( 11.04998826649456944, -1.980399999999995497, -0.8203085389236758340 ) ) ;
#4966 = CARTESIAN_POINT ( 'NONE',  ( 15.99999119987092300, 1.400354269461838053, -1.400354269461838053 ) ) ;
#4967 = CARTESIAN_POINT ( 'NONE',  ( 6.749991199870923886, -0.8203085389236779434, 1.980399999999997718 ) ) ;
#4968 = CARTESIAN_POINT ( 'NONE',  ( 8.049999999999998934, -1.035533905932737753, 2.499999999999996447 ) ) ;
#4969 = CARTESIAN_POINT ( 'NONE',  ( 14.19999119987092406, -1.400354269461837609, -1.400354269461837831 ) ) ;
#4970 = CARTESIAN_POINT ( 'NONE',  ( 10.24997946636549528, 1.035533905932736864, 2.499999999999996447 ) ) ;
#4971 = CARTESIAN_POINT ( 'NONE',  ( 2.468074991390143413, -1.010362971081845362, -1.250000000000000444 ) ) ;
#4972 = CARTESIAN_POINT ( 'NONE',  ( 3.524990466526833011, -3.503808584107183982E-16, 1.937099999999996269 ) ) ;
#4973 = CARTESIAN_POINT ( 'NONE',  ( 15.44998826649456980, 1.980399999999995497, 0.8203085389236771663 ) ) ;
#4974 = CARTESIAN_POINT ( 'NONE',  ( 0.1337868247210999284, -1.447121641891568222, -0.4935117915113099163 ) ) ;
#4975 = CARTESIAN_POINT ( 'NONE',  ( 0.8399999999999998579, -4.626370212059321751, -1.243302455813076524 ) ) ;
#4976 = CARTESIAN_POINT ( 'NONE',  ( 8.499999999999998224, 1.767766952966366878, -1.767766952966366878 ) ) ;
#4977 = CARTESIAN_POINT ( 'NONE',  ( 1.399999999999999689, 1.134062429933381022, 4.217091515300932514 ) ) ;
#4978 = CARTESIAN_POINT ( 'NONE',  ( 11.07499046652683639, -0.8023730916729210350, -1.937099999999996713 ) ) ;
#4979 = CARTESIAN_POINT ( 'NONE',  ( 3.483312085582207285, -0.2496394698173533822, -1.931683844087893398 ) ) ;
#4980 = ORIENTED_EDGE ( 'NONE', *, *, #3152, .T. ) ;
#4981 = CARTESIAN_POINT ( 'NONE',  ( 3.949979466365495906, -1.035533905932737753, 2.499999999999996447 ) ) ;
#4982 = PRESENTATION_STYLE_ASSIGNMENT (( #4126 ) ) ;
#4983 = CARTESIAN_POINT ( 'NONE',  ( 3.333312085582203377, -2.096772645517529288, -0.5667932993227535743 ) ) ;
#4984 = CARTESIAN_POINT ( 'NONE',  ( 14.99998826649456873, -1.980399999999995497, -2.425290521031412773E-16 ) ) ;
#4985 = CARTESIAN_POINT ( 'NONE',  ( 9.399979466365495639, 1.767766952966366212, 1.767766952966367100 ) ) ;
#4986 = CARTESIAN_POINT ( 'NONE',  ( 15.09999999999999964, 1.767766952966366212, 1.767766952966367100 ) ) ;
#4987 = CARTESIAN_POINT ( 'NONE',  ( 3.449991199870923175, 0.8203085389236777214, 1.980399999999998606 ) ) ;
#4988 = CARTESIAN_POINT ( 'NONE',  ( 2.399999999999997691, -4.555260196059545660E-16, 2.499999999999996891 ) ) ;
#4989 = CONICAL_SURFACE ( 'NONE', #5179, 1732.050807568901064, 1.047197551196603627 ) ;
#4990 = CARTESIAN_POINT ( 'NONE',  ( 3.358326159154722212, 1.072265694623612653, -0.1370996692036378917 ) ) ;
#4991 = CARTESIAN_POINT ( 'NONE',  ( 3.449991199870923175, 0.8203085389236773883, 1.980399999999998162 ) ) ;
#4992 = CARTESIAN_POINT ( 'NONE',  ( 10.19998826649456980, -1.980399999999995497, -2.425290521031412773E-16 ) ) ;
#4993 = AXIS2_PLACEMENT_3D ( 'NONE', #3519, #2156, #543 ) ;
#4994 = CARTESIAN_POINT ( 'NONE',  ( 0.8399999999999996358, 0.6217735460229795175, 4.750000000000000888 ) ) ;
#4995 = CARTESIAN_POINT ( 'NONE',  ( 5.549988266494568556, -0.8203085389236757230, -1.980399999999995941 ) ) ;
#4996 = CARTESIAN_POINT ( 'NONE',  ( 5.699988266494567135, 1.400354269461835610, -1.400354269461835610 ) ) ;
#4997 = CARTESIAN_POINT ( 'NONE',  ( 15.09999119987092442, 1.446476808082462669E-16, -1.980399999999998828 ) ) ;
#4998 = CARTESIAN_POINT ( 'NONE',  ( 6.699991199870922287, -3.534182786580951863E-16, 1.980399999999998384 ) ) ;
#4999 = CARTESIAN_POINT ( 'NONE',  ( 11.54999119987092548, -0.8203085389236779434, 1.980399999999998162 ) ) ;
#5000 = CARTESIAN_POINT ( 'NONE',  ( 9.149979466365497416, 1.035533905932736642, -2.499999999999996891 ) ) ;
#5001 = CARTESIAN_POINT ( 'NONE',  ( 15.74999119987092300, -1.980399999999998384, -0.8203085389236771663 ) ) ;
#5002 = CARTESIAN_POINT ( 'NONE',  ( 17.67498899983865357, 1.369736545836457653, -1.369736545836457653 ) ) ;
#5003 = CARTESIAN_POINT ( 'NONE',  ( 15.99998826649456873, 1.460413750436171810E-16, -1.980399999999995941 ) ) ;
#5004 = CARTESIAN_POINT ( 'NONE',  ( 2.083323819087647522, -2.894643162907138301, 0.3757034269493410572 ) ) ;
#5005 = CARTESIAN_POINT ( 'NONE',  ( 3.063005094157013275, -0.6572683538473702569, -1.858927291029699003 ) ) ;
#5006 = CARTESIAN_POINT ( 'NONE',  ( 8.949999999999995737, -2.499999999999997335, 1.035533905932735976 ) ) ;
#5007 = DIRECTION ( 'NONE',  ( 0.000000000000000000, 0.000000000000000000, -1.000000000000000000 ) ) ;
#5008 = CARTESIAN_POINT ( 'NONE',  ( 12.17499046652683425, 1.937099999999996269, 0.8023730916729223672 ) ) ;
#5009 = CARTESIAN_POINT ( 'NONE',  ( 2.016654219044523355, -0.4144553190973912504, 3.141744705213966871 ) ) ;
#5010 = ORIENTED_EDGE ( 'NONE', *, *, #2110, .T. ) ;
#5011 = CARTESIAN_POINT ( 'NONE',  ( 2.583320885711273274, 2.301619564663939688, -0.2980706737892470093 ) ) ;
#5012 = CARTESIAN_POINT ( 'NONE',  ( -2.168404344971008868E-16, -4.750000000000000000, -0.6217735404957791534 ) ) ;
#5013 = CARTESIAN_POINT ( 'NONE',  ( 10.59997946636549671, -1.767766952966366434, -1.767766952966366878 ) ) ;
#5014 = CARTESIAN_POINT ( 'NONE',  ( 14.69999999999999751, -1.767766952966366434, -1.767766952966366878 ) ) ;
#5015 = CARTESIAN_POINT ( 'NONE',  ( 3.949991199870923619, 0.8203085389236772773, -1.980399999999999050 ) ) ;
#5016 = CARTESIAN_POINT ( 'NONE',  ( 16.04999999999999716, -1.035533905932737753, 2.499999999999996447 ) ) ;
#5017 = CARTESIAN_POINT ( 'NONE',  ( 2.491656419076751394, 2.224842402052960022, -0.5946134003968941428 ) ) ;
#5018 = CARTESIAN_POINT ( 'NONE',  ( 13.47499046652683496, -0.8023730916729210350, -1.937099999999996713 ) ) ;
#5019 = FACE_OUTER_BOUND ( 'NONE', #3056, .T. ) ;
#5020 = CARTESIAN_POINT ( 'NONE',  ( 9.999988266494566957, -3.483080543484211945E-16, 1.980399999999995497 ) ) ;
#5021 = DIRECTION ( 'NONE',  ( 0.000000000000000000, 0.000000000000000000, -1.000000000000000000 ) ) ;
#5022 = CARTESIAN_POINT ( 'NONE',  ( 6.274988999838655879, -1.369736545836457431, -1.369736545836457653 ) ) ;
#5023 = CARTESIAN_POINT ( 'NONE',  ( 4.899988266494569089, 1.400354269461835832, -1.400354269461835832 ) ) ;
#5024 = CARTESIAN_POINT ( 'NONE',  ( 6.599988266494568379, 1.980399999999995497, 0.000000000000000000 ) ) ;
#5025 = CARTESIAN_POINT ( 'NONE',  ( 12.84999119987092620, 1.980399999999999050, -0.8203085389236769442 ) ) ;
#5026 = CARTESIAN_POINT ( 'NONE',  ( 5.299991199870921932, -1.980399999999998384, -2.425290521031416718E-16 ) ) ;
#5027 = CARTESIAN_POINT ( 'NONE',  ( 7.149999999999997691, 1.035533905932736864, 2.499999999999996447 ) ) ;
#5028 = CARTESIAN_POINT ( 'NONE',  ( 12.39999119987092513, -1.400354269461838053, 1.400354269461837609 ) ) ;
#5029 = ADVANCED_FACE ( 'NONE', ( #2007 ), #4503, .T. ) ;
#5030 = CARTESIAN_POINT ( 'NONE',  ( 9.399979466365495639, 1.767766952966366212, 1.767766952966367100 ) ) ;
#5031 = CARTESIAN_POINT ( 'NONE',  ( 17.19999119987092229, -1.400354269461838053, 1.400354269461837609 ) ) ;
#5032 = CARTESIAN_POINT ( 'NONE',  ( 16.82498899983865925, 0.8023730916729207019, -1.937099999999994937 ) ) ;
#5033 = CARTESIAN_POINT ( 'NONE',  ( 14.49998826649456873, 1.400354269461835832, -1.400354269461835832 ) ) ;
#5034 = CARTESIAN_POINT ( 'NONE',  ( 15.54998826649456944, 0.8203085389236761671, 1.980399999999995053 ) ) ;
#5035 = CARTESIAN_POINT ( 'NONE',  ( 0.8399999999999998579, -2.392190151655135821, 4.150485346797963437 ) ) ;
#5036 = CARTESIAN_POINT ( 'NONE',  ( 6.999999999999997335, 2.499999999999996891, 0.000000000000000000 ) ) ;
#5037 = CARTESIAN_POINT ( 'NONE',  ( 2.499910863688525442, 0.2901280465917202012, 1.500000000000000222 ) ) ;
#5038 = CARTESIAN_POINT ( 'NONE',  ( 12.37499046652683532, -0.8023730916729222562, 1.937099999999996269 ) ) ;
#5039 = CARTESIAN_POINT ( 'NONE',  ( 2.033320885711301429, -0.8188336484850333719, 3.034673723271069878 ) ) ;
#5040 = ORIENTED_EDGE ( 'NONE', *, *, #664, .F. ) ;
#5041 = CARTESIAN_POINT ( 'NONE',  ( 12.49999119987092300, -1.980399999999998384, -2.425290521031416718E-16 ) ) ;
#5042 = FILL_AREA_STYLE ('',( #735 ) ) ;
#5043 = CARTESIAN_POINT ( 'NONE',  ( 2.449513487453490956, 0.9480786916857281144, -2.313254589181974907 ) ) ;
#5044 = CARTESIAN_POINT ( 'NONE',  ( -3.083447530427977722E-14, 4.626370212059399023, 1.243302455813046548 ) ) ;
#5045 = CARTESIAN_POINT ( 'NONE',  ( 7.349979466365495817, -2.499999999999996891, -1.035533905932736642 ) ) ;
#5046 = CARTESIAN_POINT ( 'NONE',  ( 14.59999999999999787, -2.499999999999996891, -3.061616997868379197E-16 ) ) ;
#5047 = CARTESIAN_POINT ( 'NONE',  ( 16.67499046652683958, -0.8023730916729210350, -1.937099999999996713 ) ) ;
#5048 = CARTESIAN_POINT ( 'NONE',  ( 16.34999999999999787, -1.035533905932736420, -2.499999999999996891 ) ) ;
#5049 = CARTESIAN_POINT ( 'NONE',  ( 2.058323085743547054, -2.557462966869250121, 1.470362723331115173 ) ) ;
#5050 = CARTESIAN_POINT ( 'NONE',  ( -1.825851877866765678E-16, 1.657019262140837279, 4.000398375773873028 ) ) ;
#5051 = CARTESIAN_POINT ( 'NONE',  ( 9.549988266494571221, -0.8203085389236753899, -1.980399999999995497 ) ) ;
#5052 = CARTESIAN_POINT ( 'NONE',  ( 2.716657152420923982, -0.2592139722567693427, 1.955694350711977281 ) ) ;
#5053 = ORIENTED_EDGE ( 'NONE', *, *, #1512, .F. ) ;
#5054 = CARTESIAN_POINT ( 'NONE',  ( 4.624988999838654635, -1.937099999999994937, -0.8023730916729207019 ) ) ;
#5055 = CARTESIAN_POINT ( 'NONE',  ( 15.74997946636549706, 2.499999999999996447, 1.035533905932737975 ) ) ;
#5056 = CARTESIAN_POINT ( 'NONE',  ( 7.949988266494568023, -0.8203085389236755010, -1.980399999999995497 ) ) ;
#5057 = CARTESIAN_POINT ( 'NONE',  ( 10.89999119987092335, -1.980399999999998828, -2.425290521031417211E-16 ) ) ;
#5058 = CARTESIAN_POINT ( 'NONE',  ( 7.699991199870923175, -1.980399999999998384, -2.425290521031416718E-16 ) ) ;
#5059 = CARTESIAN_POINT ( 'NONE',  ( 5.199999999999998401, 1.611333317210740177E-16, -2.499999999999996891 ) ) ;
#5060 = CARTESIAN_POINT ( 'NONE',  ( 13.79999119987092371, 1.400354269461837387, 1.400354269461838053 ) ) ;
#5061 = CARTESIAN_POINT ( 'NONE',  ( 4.549979466365495995, 2.499999999999996447, 1.035533905932737975 ) ) ;
#5062 = CARTESIAN_POINT ( 'NONE',  ( 16.09999119987092442, 1.980399999999998384, 0.000000000000000000 ) ) ;
#5063 = CARTESIAN_POINT ( 'NONE',  ( 14.07498899983865392, -1.369736545836457653, 1.369736545836457431 ) ) ;
#5064 = CARTESIAN_POINT ( 'NONE',  ( 14.14998826649456909, -1.980399999999996385, 0.8203085389236752789 ) ) ;
#5065 = CARTESIAN_POINT ( 'NONE',  ( 15.69998826649456802, -1.400354269461835832, 1.400354269461835388 ) ) ;
#5066 = CARTESIAN_POINT ( 'NONE',  ( 16.71920000000000073, 2.589058734094822407E-17, 0.000000000000000000 ) ) ;
#5067 = CARTESIAN_POINT ( 'NONE',  ( 6.249999999999998224, 2.499999999999996447, 1.035533905932737975 ) ) ;
#5068 = CARTESIAN_POINT ( 'NONE',  ( 15.09997946636549848, -4.358594130935505845E-16, 2.499999999999996891 ) ) ;
#5069 = CARTESIAN_POINT ( 'NONE',  ( 9.524990466526833899, 1.333631297007042153E-16, -1.937099999999996269 ) ) ;
#5070 = CARTESIAN_POINT ( 'NONE',  ( 2.116654219044451501, -2.396058595229705546, 1.837373314147333403 ) ) ;
#5071 = ORIENTED_EDGE ( 'NONE', *, *, #2110, .F. ) ;
#5072 = CARTESIAN_POINT ( 'NONE',  ( 12.19999119987092229, 1.400354269461837387, 1.400354269461838053 ) ) ;
#5073 = CARTESIAN_POINT ( 'NONE',  ( 3.383325164621390435, 1.115566050047443358, -0.1427685641494297608 ) ) ;
#5074 = CARTESIAN_POINT ( 'NONE',  ( 7.099979466365495817, -4.482478466745583619E-16, 2.499999999999996891 ) ) ;
#5075 = CARTESIAN_POINT ( 'NONE',  ( 16.17499046652683603, 1.937099999999996269, 0.8023730916729223672 ) ) ;
#5076 = CARTESIAN_POINT ( 'NONE',  ( 16.99999999999999645, -2.499999999999996891, -3.061616997868379197E-16 ) ) ;
#5077 = CARTESIAN_POINT ( 'NONE',  ( 3.374988285721995940, 1.047564477583365905, -1.086453358870297826E-05 ) ) ;
#5078 = CARTESIAN_POINT ( 'NONE',  ( 12.97499046652683496, 1.937099999999996269, 0.8023730916729223672 ) ) ;
#5079 = CARTESIAN_POINT ( 'NONE',  ( -1.833950994570084286E-16, 2.180030772860628741, 3.783837241847958222 ) ) ;
#5080 = CARTESIAN_POINT ( 'NONE',  ( 9.499988266494568734, -1.400354269461835388, -1.400354269461835610 ) ) ;
#5081 = CARTESIAN_POINT ( 'NONE',  ( 2.349832464114077535, 0.9536400755812574070, -2.310462901531182389 ) ) ;
#5082 = AXIS2_PLACEMENT_3D ( 'NONE', #3735, #3662, #4055 ) ;
#5083 = CARTESIAN_POINT ( 'NONE',  ( 4.274988999838654991, 1.369736545836457431, 1.369736545836457653 ) ) ;
#5084 = CARTESIAN_POINT ( 'NONE',  ( 15.54997946636549777, 1.035533905932736642, -2.499999999999996891 ) ) ;
#5085 = CARTESIAN_POINT ( 'NONE',  ( 7.799988266494568556, -1.980399999999995497, -2.425290521031412773E-16 ) ) ;
#5086 = CARTESIAN_POINT ( 'NONE',  ( 9.899991199870921577, -3.484629052256921838E-16, 1.980399999999998828 ) ) ;
#5087 = CARTESIAN_POINT ( 'NONE',  ( 4.649991199870922465, -0.8203085389236768332, -1.980399999999998384 ) ) ;
#5088 = CARTESIAN_POINT ( 'NONE',  ( 5.449999999999998401, 2.499999999999996447, 1.035533905932737975 ) ) ;
#5089 = CARTESIAN_POINT ( 'NONE',  ( 12.89999119987092335, 1.980399999999998384, 0.000000000000000000 ) ) ;
#5090 = AXIS2_PLACEMENT_3D ( 'NONE', #3259, #286, #3712 ) ;
#5091 = CARTESIAN_POINT ( 'NONE',  ( 6.349979466365498482, -1.035533905932737753, 2.499999999999996447 ) ) ;
#5092 = CARTESIAN_POINT ( 'NONE',  ( 16.24999119987092300, 0.8203085389236773883, 1.980399999999997718 ) ) ;
#5093 = CARTESIAN_POINT ( 'NONE',  ( 14.27498899983865499, -1.369736545836457431, -1.369736545836457653 ) ) ;
#5094 = CARTESIAN_POINT ( 'NONE',  ( 11.04998826649456944, -1.980399999999995941, -0.8203085389236761671 ) ) ;
#5095 = CARTESIAN_POINT ( 'NONE',  ( 14.64998826649456909, 1.980399999999995053, 0.8203085389236769442 ) ) ;
#5096 = CARTESIAN_POINT ( 'NONE',  ( 1.399999999999999911, -4.150485346797995412, -2.392190151655328556 ) ) ;
#5097 = PRODUCT_DEFINITION_FORMATION_WITH_SPECIFIED_SOURCE ( 'ANY', '', #4895, .NOT_KNOWN. ) ;
#5098 = CARTESIAN_POINT ( 'NONE',  ( 5.199999999999998401, 1.611333317210740177E-16, -2.499999999999996891 ) ) ;
#5099 = CARTESIAN_POINT ( 'NONE',  ( 15.49997946636549706, 1.770834081591756857E-16, -2.499999999999996891 ) ) ;
#5100 = CARTESIAN_POINT ( 'NONE',  ( 6.874990466526835320, -1.937099999999996935, 0.8023730916729207019 ) ) ;
#5101 = CARTESIAN_POINT ( 'NONE',  ( 2.316645418915451948, -0.4824709112418443802, 3.661344685798345377 ) ) ;
#5102 = CARTESIAN_POINT ( 'NONE',  ( 2.483332619216680026, -1.462712780194911799, 1.898097343567294315 ) ) ;
#5103 = ADVANCED_FACE ( 'NONE', ( #5019 ), #3625, .F. ) ;
#5104 = CARTESIAN_POINT ( 'NONE',  ( 2.683332619216646897, -1.660984786952807823, -1.280494248447674011 ) ) ;
#5105 = CARTESIAN_POINT ( 'NONE',  ( 6.899979466365497416, 2.499999999999996891, 0.000000000000000000 ) ) ;
#5106 = CARTESIAN_POINT ( 'NONE',  ( 15.49999999999999822, -1.767766952966366434, -1.767766952966366878 ) ) ;
#5107 = CARTESIAN_POINT ( 'NONE',  ( 15.47499046652683674, 0.8023730916729214790, 1.937099999999996269 ) ) ;
#5108 = CARTESIAN_POINT ( 'NONE',  ( 2.591656419076822093, 1.864111397997710418, 1.078082716238096372 ) ) ;
#5109 = CARTESIAN_POINT ( 'NONE',  ( 3.049991199870921932, -0.8203085389236767222, -1.980399999999998606 ) ) ;
#5110 = CARTESIAN_POINT ( 'NONE',  ( 8.799988266494567668, 1.348917848207101418E-16, -1.980399999999995497 ) ) ;
#5111 = DIRECTION ( 'NONE',  ( -1.000000000000000000, -7.070799616643645495E-18, 0.000000000000000000 ) ) ;
#5112 = CARTESIAN_POINT ( 'NONE',  ( 6.074988999838654813, -1.369736545836457653, 1.369736545836457431 ) ) ;
#5113 = CARTESIAN_POINT ( 'NONE',  ( 16.19997946636549813, -1.767766952966366434, -1.767766952966366878 ) ) ;
#5114 = CARTESIAN_POINT ( 'NONE',  ( 7.349988266494567490, 1.980399999999995497, -0.8203085389236757230 ) ) ;
#5115 = CARTESIAN_POINT ( 'NONE',  ( 10.09999119987092442, -1.980399999999998828, -2.425290521031417211E-16 ) ) ;
#5116 = CARTESIAN_POINT ( 'NONE',  ( 4.749988266494567846, -0.8203085389236753899, -1.980399999999995497 ) ) ;
#5117 = CARTESIAN_POINT ( 'NONE',  ( 3.499991199870922998, -3.583736520904983367E-16, 1.980399999999998384 ) ) ;
#5118 = CARTESIAN_POINT ( 'NONE',  ( 5.899999999999998579, -1.767766952966366434, -1.767766952966366878 ) ) ;
#5119 = CARTESIAN_POINT ( 'NONE',  ( 10.89999119987092335, -1.980399999999998384, -2.425290521031416718E-16 ) ) ;
#5120 = CARTESIAN_POINT ( 'NONE',  ( 6.099979466365496705, 2.499999999999996891, 0.000000000000000000 ) ) ;
#5121 = CARTESIAN_POINT ( 'NONE',  ( 15.59999119987092264, -1.400354269461838053, 1.400354269461837609 ) ) ;
#5122 = CARTESIAN_POINT ( 'NONE',  ( 14.37498899983865286, 1.408736152879439672E-16, -1.937099999999994715 ) ) ;
#5123 = CARTESIAN_POINT ( 'NONE',  ( 12.89998826649456909, 1.400354269461835832, -1.400354269461835832 ) ) ;
#5124 = CARTESIAN_POINT ( 'NONE',  ( 15.39998826649456909, 1.980399999999995497, 0.000000000000000000 ) ) ;
#5125 = DIRECTION ( 'NONE',  ( -1.000000000000000000, -1.548554197625976421E-18, -0.000000000000000000 ) ) ;
#5126 = CARTESIAN_POINT ( 'NONE',  ( 7.749999999999998224, 2.499999999999996891, -1.035533905932736642 ) ) ;
#5127 = CARTESIAN_POINT ( 'NONE',  ( 14.04997946636549777, 2.499999999999996891, -1.035533905932736642 ) ) ;
#5128 = CARTESIAN_POINT ( 'NONE',  ( 8.024990466526833899, 1.369736545836458763, -1.369736545836458763 ) ) ;
#5129 = CARTESIAN_POINT ( 'NONE',  ( 3.016645418915510302, 1.610023892964908665, 2.100237266650592627 ) ) ;
#5130 = CARTESIAN_POINT ( 'NONE',  ( 2.933332619216728165, 1.494795013389388583, -0.8578616300301311615 ) ) ;
#5131 = UNCERTAINTY_MEASURE_WITH_UNIT (LENGTH_MEASURE( 1.000000000000000082E-05 ), #5245, 'distance_accuracy_value', 'NONE');
#5132 = CARTESIAN_POINT ( 'NONE',  ( 2.816645418915456389, 2.337346650292858818, -1.792246552380960312 ) ) ;
#5133 = CARTESIAN_POINT ( 'NONE',  ( 9.149979466365497416, 1.035533905932736642, -2.499999999999996891 ) ) ;
#5134 = EDGE_CURVE ( 'NONE', #1009, #3422, #4464, .T. ) ;
#5135 = CARTESIAN_POINT ( 'NONE',  ( 12.94999999999999929, -2.499999999999997335, 1.035533905932735976 ) ) ;
#5136 = CARTESIAN_POINT ( 'NONE',  ( 15.52499046652683390, -3.317982080392066087E-16, 1.937099999999996269 ) ) ;
#5137 = CARTESIAN_POINT ( 'NONE',  ( 2.791654952388661126, -0.2535462545572071957, 1.912394320089857436 ) ) ;
#5138 = CARTESIAN_POINT ( 'NONE',  ( -1.782631311891397409E-16, -1.134007751419823240, -4.216959509700576092 ) ) ;
#5139 = CARTESIAN_POINT ( 'NONE',  ( 6.149988266494569089, -1.980399999999995941, 0.8203085389236750569 ) ) ;
#5140 = CARTESIAN_POINT ( 'NONE',  ( 3.233323819087652762, 1.040777003121989175, -0.5961787943258993749 ) ) ;
#5141 = CARTESIAN_POINT ( 'NONE',  ( 5.324988999838654813, -1.937099999999995603, 0.8023730916729199247 ) ) ;
#5142 = CARTESIAN_POINT ( 'NONE',  ( 3.199988266494568467, 1.262198813140047025E-16, -1.980399999999995941 ) ) ;
#5143 = CARTESIAN_POINT ( 'NONE',  ( 3.176210971892246882, -0.3900943558957618573, -1.980399999999995497 ) ) ;
#5144 = CARTESIAN_POINT ( 'NONE',  ( 11.54999119987092548, -0.8203085389236781655, 1.980399999999998606 ) ) ;
#5145 = CARTESIAN_POINT ( 'NONE',  ( 3.849991199870922642, -0.8203085389236768332, -1.980399999999998384 ) ) ;
#5146 = CARTESIAN_POINT ( 'NONE',  ( 8.299991199870923708, -3.509405919418936604E-16, 1.980399999999998384 ) ) ;
#5147 = CARTESIAN_POINT ( 'NONE',  ( 5.699979466365495462, -2.499999999999996891, -3.061616997868379197E-16 ) ) ;
#5148 = CARTESIAN_POINT ( 'NONE',  ( 15.12498899983865464, -0.8023730916729203688, -1.937099999999994937 ) ) ;
#5149 = CARTESIAN_POINT ( 'NONE',  ( 12.54998826649456767, -1.980399999999996385, 0.8203085389236752789 ) ) ;
#5150 = CARTESIAN_POINT ( 'NONE',  ( 16.74998826649456873, -0.8203085389236755010, -1.980399999999995497 ) ) ;
#5151 = CARTESIAN_POINT ( 'NONE',  ( 1.399999999999999689, -2.660987301054182463, -3.462557424021442731 ) ) ;
#5152 = CARTESIAN_POINT ( 'NONE',  ( 17.59999119987092442, 1.400354269461837831, -1.400354269461837831 ) ) ;
#5153 = CARTESIAN_POINT ( 'NONE',  ( 16.70934652079446536, -0.1939980491982277733, 2.499999999999996891 ) ) ;
#5154 = CARTESIAN_POINT ( 'NONE',  ( 7.424990466526834254, 1.369736545836458319, 1.369736545836458985 ) ) ;
#5155 = CARTESIAN_POINT ( 'NONE',  ( 2.683312085582299833, -0.4049032219592946791, -3.117731269147015372 ) ) ;
#5156 = FACE_OUTER_BOUND ( 'NONE', #2490, .T. ) ;
#5157 = CARTESIAN_POINT ( 'NONE',  ( 2.516645418915558263, -3.364832154257901387, -0.4436601371687355910 ) ) ;
#5158 = EDGE_LOOP ( 'NONE', ( #2426, #5053 ) ) ;
#5159 = CARTESIAN_POINT ( 'NONE',  ( 8.199979466365496350, -1.767766952966366434, -1.767766952966366878 ) ) ;
#5160 = CARTESIAN_POINT ( 'NONE',  ( 13.19999999999999751, 1.735217653020818198E-16, -2.499999999999996891 ) ) ;
#5161 = CARTESIAN_POINT ( 'NONE',  ( 2.191654952388690791, -2.801932085109117843, -0.3699772665416908857 ) ) ;
#5162 = CARTESIAN_POINT ( 'NONE',  ( 2.399999999999997691, -4.555260196059545660E-16, 2.499999999999996891 ) ) ;
#5163 = CARTESIAN_POINT ( 'NONE',  ( 7.599988266494568379, -3.520245844227235819E-16, 1.980399999999995497 ) ) ;
#5164 = CARTESIAN_POINT ( 'NONE',  ( 17.12597688692375897, 1.865556848365226728, 0.9613500525114360151 ) ) ;
#5165 = CARTESIAN_POINT ( 'NONE',  ( 16.79998826649456944, 1.472802184017179686E-16, -1.980399999999995497 ) ) ;
#5166 = CARTESIAN_POINT ( 'NONE',  ( 16.64997946636549742, 1.035533905932736864, 2.499999999999996447 ) ) ;
#5167 = CARTESIAN_POINT ( 'NONE',  ( 3.333312085582218032, -2.096772645005292368, -0.5667932999705493913 ) ) ;
#5168 = CARTESIAN_POINT ( 'NONE',  ( 12.49999119987092300, -1.980399999999998828, -2.425290521031417211E-16 ) ) ;
#5169 = CARTESIAN_POINT ( 'NONE',  ( 3.116657152420899912, 0.1815932911422414586, -1.362669177289096645 ) ) ;
#5170 = CARTESIAN_POINT ( 'NONE',  ( 9.149991199870923353, -0.8203085389236779434, 1.980399999999998162 ) ) ;
#5171 = EDGE_CURVE ( 'NONE', #2311, #2311, #72, .T. ) ;
#5172 = CARTESIAN_POINT ( 'NONE',  ( 6.449979466365496350, -2.499999999999997335, 1.035533905932735976 ) ) ;
#5173 = CARTESIAN_POINT ( 'NONE',  ( 14.57498899983865392, 1.937099999999994715, 0.000000000000000000 ) ) ;
#5174 = CARTESIAN_POINT ( 'NONE',  ( 12.74998826649457051, -0.8203085389236757230, -1.980399999999995941 ) ) ;
#5175 = CARTESIAN_POINT ( 'NONE',  ( 13.34998826649457015, -1.980399999999995941, 0.8203085389236751679 ) ) ;
#5176 = CARTESIAN_POINT ( 'NONE',  ( 1.399999999999999689, -4.330000000000000071, -0.5667956695471805251 ) ) ;
#5177 = CARTESIAN_POINT ( 'NONE',  ( 12.69999119987092229, 1.409311507339439040E-16, -1.980399999999998384 ) ) ;
#5178 = CARTESIAN_POINT ( 'NONE',  ( 3.049999999999998934, 2.499999999999996447, 1.035533905932737975 ) ) ;
#5179 = AXIS2_PLACEMENT_3D ( 'NONE', #4561, #1095, #1577 ) ;
#5180 = CARTESIAN_POINT ( 'NONE',  ( 15.94997946636549635, -1.035533905932737753, 2.499999999999996447 ) ) ;
#5181 = AXIS2_PLACEMENT_3D ( 'NONE', #1572, #1505, #3245 ) ;
#5182 = CARTESIAN_POINT ( 'NONE',  ( 8.124990466526833544, 1.937099999999996269, 0.000000000000000000 ) ) ;
#5183 = CARTESIAN_POINT ( 'NONE',  ( 2.286646019799489782, 0.3860171005340321537, 3.705813060810662307 ) ) ;
#5184 = CARTESIAN_POINT ( 'NONE',  ( 2.616657152420819088, 1.290704284573677807, 1.684731252044670891 ) ) ;
#5185 = CARTESIAN_POINT ( 'NONE',  ( -2.168404344971008868E-16, -4.750000000000000000, 0.6217735404957802636 ) ) ;
#5186 = CARTESIAN_POINT ( 'NONE',  ( 14.25000000000000000, 2.499999999999996447, 1.035533905932737975 ) ) ;
#5187 = CARTESIAN_POINT ( 'NONE',  ( 2.966645418915421661, 2.355966531940286490, 1.361568483265188423 ) ) ;
#5188 = CARTESIAN_POINT ( 'NONE',  ( 11.44999999999999751, -2.499999999999996891, -1.035533905932736864 ) ) ;
#5189 = CARTESIAN_POINT ( 'NONE',  ( 1.934990002324450176, 0.9834224013446108970, 3.026610423121806726 ) ) ;
#5190 = CARTESIAN_POINT ( 'NONE',  ( 3.128276987552456756, -2.213365007738992585, 0.09715305463166630517 ) ) ;
#5191 = CARTESIAN_POINT ( 'NONE',  ( 7.049988266494567668, -1.980399999999995497, -0.8203085389236758340 ) ) ;
#5192 = CARTESIAN_POINT ( 'NONE',  ( 16.71920000000000073, -0.3856737105801105181, 2.470072021008163698 ) ) ;
#5193 = CARTESIAN_POINT ( 'NONE',  ( 16.69998826649456802, -1.400354269461835388, -1.400354269461835610 ) ) ;
#5194 = CARTESIAN_POINT ( 'NONE',  ( 13.99997946636549706, 1.767766952966366878, -1.767766952966366878 ) ) ;
#5195 = CARTESIAN_POINT ( 'NONE',  ( 5.149988266494569089, 0.8203085389236761671, 1.980399999999995053 ) ) ;
#5196 = CARTESIAN_POINT ( 'NONE',  ( 7.649991199870925129, -1.980399999999999494, 0.8203085389236765002 ) ) ;
#5197 = CARTESIAN_POINT ( 'NONE',  ( 3.549999999999997602, -1.035533905932736420, -2.499999999999996891 ) ) ;
#5198 = CARTESIAN_POINT ( 'NONE',  ( 7.849991199870922642, -0.8203085389236767222, -1.980399999999998606 ) ) ;
#5199 = CARTESIAN_POINT ( 'NONE',  ( 2.390965939177551292, 0.5945690053346786019, -2.428271135171128137 ) ) ;
#5200 = CARTESIAN_POINT ( 'NONE',  ( 9.624988999838656412, 0.8023730916729207019, -1.937099999999994937 ) ) ;
#5201 = CARTESIAN_POINT ( 'NONE',  ( 9.099988266494568379, 1.400354269461835388, 1.400354269461836054 ) ) ;
#5202 = CARTESIAN_POINT ( 'NONE',  ( 14.39998826649456909, 1.435636883274156304E-16, -1.980399999999995497 ) ) ;
#5203 = CARTESIAN_POINT ( 'NONE',  ( 13.84999119987092442, 0.8203085389236773883, 1.980399999999997718 ) ) ;
#5204 = CARTESIAN_POINT ( 'NONE',  ( 2.449999999999997069, -1.035533905932737753, 2.499999999999996447 ) ) ;
#5205 = CARTESIAN_POINT ( 'NONE',  ( 12.49997946636549528, 2.499999999999996891, 0.000000000000000000 ) ) ;
#5206 = CARTESIAN_POINT ( 'NONE',  ( 4.774990466526833899, 0.8023730916729211460, -1.937099999999996713 ) ) ;
#5207 = CARTESIAN_POINT ( 'NONE',  ( 0.5599999999999997202, 3.798417501391358364, 2.919096919880844077 ) ) ;
#5208 = CARTESIAN_POINT ( 'NONE',  ( 2.216657152420974164, -1.655150304268761419, -2.158949480866959370 ) ) ;
#5209 = CARTESIAN_POINT ( 'NONE',  ( -1.084202172485504434E-16, 2.392190151655259278, 4.150485346798260977 ) ) ;
#5210 = CARTESIAN_POINT ( 'NONE',  ( 13.79999999999999716, -2.499999999999996891, -3.061616997868379197E-16 ) ) ;
#5211 = CARTESIAN_POINT ( 'NONE',  ( 2.933332619216641568, 1.494795013224899716, -0.8578616320042437016 ) ) ;
#5212 = ORIENTED_EDGE ( 'NONE', *, *, #3785, .F. ) ;
#5213 = CARTESIAN_POINT ( 'NONE',  ( 4.899979466365497416, -2.499999999999996891, -3.061616997868379197E-16 ) ) ;
#5214 = CARTESIAN_POINT ( 'NONE',  ( 10.79999999999999893, 1.698052352277794816E-16, -2.499999999999996891 ) ) ;
#5215 = CARTESIAN_POINT ( 'NONE',  ( 2.908321619055294960, -1.521115772952871259, 0.8730354910130188051 ) ) ;
#5216 = FACE_OUTER_BOUND ( 'NONE', #2171, .T. ) ;
#5217 = CARTESIAN_POINT ( 'NONE',  ( 7.299988266494567668, 1.400354269461835610, -1.400354269461835610 ) ) ;
#5218 = CARTESIAN_POINT ( 'NONE',  ( 17.08551267811601804, 2.154193136759741112, -0.04245514551206118481 ) ) ;
#5219 = CARTESIAN_POINT ( 'NONE',  ( 16.74998826649457229, -0.8203085389236753899, -1.980399999999995497 ) ) ;
#5220 = CARTESIAN_POINT ( 'NONE',  ( 15.44997946636549813, -1.035533905932736420, -2.499999999999996891 ) ) ;
#5221 = CARTESIAN_POINT ( 'NONE',  ( 4.849988266494568379, 0.8203085389236757230, -1.980399999999995497 ) ) ;
#5222 = CARTESIAN_POINT ( 'NONE',  ( 9.199991199870922287, -1.400354269461838275, 1.400354269461837831 ) ) ;
#5223 = CARTESIAN_POINT ( 'NONE',  ( 4.849988266494568379, 0.8203085389236757230, -1.980399999999995497 ) ) ;
#5224 = CARTESIAN_POINT ( 'NONE',  ( 4.049999999999998046, -1.035533905932737753, 2.499999999999996447 ) ) ;
#5225 = CARTESIAN_POINT ( 'NONE',  ( 9.399991199870923353, -1.400354269461837609, -1.400354269461837831 ) ) ;
#5226 = FACE_OUTER_BOUND ( 'NONE', #1829, .T. ) ;
#5227 = CARTESIAN_POINT ( 'NONE',  ( 10.02498899983865677, -0.8023730916729214790, 1.937099999999994049 ) ) ;
#5228 = CARTESIAN_POINT ( 'NONE',  ( 7.949988266494568023, -0.8203085389236757230, -1.980399999999995941 ) ) ;
#5229 = CARTESIAN_POINT ( 'NONE',  ( 12.24998826649456873, 1.980399999999995053, 0.8203085389236769442 ) ) ;
#5230 = CARTESIAN_POINT ( 'NONE',  ( 17.09999119987092442, -3.373133150027851200E-16, 1.980399999999998828 ) ) ;
#5231 = CARTESIAN_POINT ( 'NONE',  ( 10.44999119987092406, 1.980399999999998384, -0.8203085389236769442 ) ) ;
#5232 = CARTESIAN_POINT ( 'NONE',  ( 3.749999999999997780, 2.499999999999996891, -1.035533905932736642 ) ) ;
#5233 = CLOSED_SHELL ( 'NONE', ( #1409, #4784, #4268, #5029, #3746, #736, #1556, #4680, #521, #1243, #5103, #3022, #2845, #1310, #3112, #2422, #4848, #4469, #3499, #5448, #5558, #105, #3255, #4586, #4438, #76, #1070, #2248, #4084, #3464 ) ) ;
#5234 = CARTESIAN_POINT ( 'NONE',  ( 12.64997946636550097, 1.035533905932736864, 2.499999999999996447 ) ) ;
#5235 = CARTESIAN_POINT ( 'NONE',  ( 5.274990466526833899, -1.937099999999996935, 0.8023730916729207019 ) ) ;
#5236 = CARTESIAN_POINT ( 'NONE',  ( 0.5599999999999997202, -3.798417501391357476, 2.919096919880845853 ) ) ;
#5237 = CARTESIAN_POINT ( 'NONE',  ( 2.716657152420923982, -0.2592139722567693427, 1.955694350711977281 ) ) ;
#5238 = CARTESIAN_POINT ( 'NONE',  ( -2.168404344971008868E-16, -4.330000000000000071, 5.302720640308039725E-16 ) ) ;
#5239 = CARTESIAN_POINT ( 'NONE',  ( 13.04999999999999893, -2.499999999999996891, -1.035533905932736642 ) ) ;
#5240 = CARTESIAN_POINT ( 'NONE',  ( 1.399999999999999689, -3.783837241846237820, -2.180030772864175681 ) ) ;
#5241 = EDGE_LOOP ( 'NONE', ( #308, #1508, #1971, #1107 ) ) ;
#5242 = CARTESIAN_POINT ( 'NONE',  ( 6.449979466365496350, -2.499999999999997335, 1.035533905932735976 ) ) ;
#5243 = CARTESIAN_POINT ( 'NONE',  ( 12.29999999999999893, -1.767766952966366434, -1.767766952966366878 ) ) ;
#5244 = CARTESIAN_POINT ( 'NONE',  ( 2.541654952388575861, 2.224842402052891632, -0.5946134003968935877 ) ) ;
#5245 =( LENGTH_UNIT ( ) NAMED_UNIT ( * ) SI_UNIT ( .MILLI., .METRE. ) );
#5246 = CARTESIAN_POINT ( 'NONE',  ( 7.249988266494567846, 0.8203085389236757230, -1.980399999999995497 ) ) ;
#5247 = CARTESIAN_POINT ( 'NONE',  ( 2.415540413207492687, 0.8660254037844390407, -1.500000000000000000 ) ) ;
#5248 = CARTESIAN_POINT ( 'NONE',  ( 15.39998826649456909, 1.980399999999995497, 0.000000000000000000 ) ) ;
#5249 = CARTESIAN_POINT ( 'NONE',  ( 14.84997946636549671, 2.499999999999996891, -1.035533905932736642 ) ) ;
#5250 = CARTESIAN_POINT ( 'NONE',  ( 4.349988266494568379, 0.8203085389236761671, 1.980399999999995053 ) ) ;
#5251 = CARTESIAN_POINT ( 'NONE',  ( 6.699991199870922287, -3.534182786580952849E-16, 1.980399999999998828 ) ) ;
#5252 = CARTESIAN_POINT ( 'NONE',  ( 3.699988266494567135, -1.400354269461835832, 1.400354269461835388 ) ) ;
#5253 = CARTESIAN_POINT ( 'NONE',  ( 3.149999999999998135, 1.035533905932736864, 2.499999999999996447 ) ) ;
#5254 = CARTESIAN_POINT ( 'NONE',  ( 10.29999119987092371, 1.372146206596415659E-16, -1.980399999999998384 ) ) ;
#5255 = CARTESIAN_POINT ( 'NONE',  ( 2.352787696077146329, 0.7340677896877922937, -2.390020442143321766 ) ) ;
#5256 = CARTESIAN_POINT ( 'NONE',  ( 9.224988999838656056, -0.8023730916729214790, 1.937099999999994049 ) ) ;
#5257 = CARTESIAN_POINT ( 'NONE',  ( 9.149988266494569089, 0.8203085389236763891, 1.980399999999995497 ) ) ;
#5258 = CARTESIAN_POINT ( 'NONE',  ( 14.34998826649456838, -0.8203085389236755010, -1.980399999999995497 ) ) ;
#5259 = DIRECTION ( 'NONE',  ( 0.000000000000000000, -1.000000000000000000, 0.000000000000000000 ) ) ;
#5260 = CARTESIAN_POINT ( 'NONE',  ( 9.199991199870922287, -1.400354269461838053, 1.400354269461837609 ) ) ;
#5261 = CARTESIAN_POINT ( 'NONE',  ( 2.499999999999998668, -1.767766952966367100, 1.767766952966366434 ) ) ;
#5262 = CARTESIAN_POINT ( 'NONE',  ( 11.39997946636549564, -1.767766952966366434, -1.767766952966366878 ) ) ;
#5263 = CARTESIAN_POINT ( 'NONE',  ( 4.074990466526834609, 1.937099999999996713, -0.8023730916729211460 ) ) ;
#5264 = CARTESIAN_POINT ( 'NONE',  ( 17.29998826649456944, -1.400354269461836054, 1.400354269461835610 ) ) ;
#5265 = CARTESIAN_POINT ( 'NONE',  ( 2.316657152420863675, 0.3368346457889075940, -2.548719527763751991 ) ) ;
#5266 = CARTESIAN_POINT ( 'NONE',  ( 3.149824564681096728, -0.6399759461082094036, -1.862533549158672530 ) ) ;
#5267 = AXIS2_PLACEMENT_3D ( 'NONE', #1477, #4496, #5007 ) ;
#5268 = CARTESIAN_POINT ( 'NONE',  ( 12.44999999999999751, 1.035533905932736642, -2.499999999999996891 ) ) ;
#5269 = STYLED_ITEM ( 'NONE', ( #3111 ), #536 ) ;
#5270 = CARTESIAN_POINT ( 'NONE',  ( 1.399999999999999689, -3.461996601798050133, -2.661447090563809681 ) ) ;
#5271 = ORIENTED_EDGE ( 'NONE', *, *, #559, .F. ) ;
#5272 = CARTESIAN_POINT ( 'NONE',  ( 6.299979466365496883, -4.494866900326591742E-16, 2.499999999999996891 ) ) ;
#5273 = CARTESIAN_POINT ( 'NONE',  ( 9.799999999999998934, -2.499999999999996891, -3.061616997868379197E-16 ) ) ;
#5274 = CARTESIAN_POINT ( 'NONE',  ( 14.97499046652683319, -1.937099999999996713, -0.8023730916729213680 ) ) ;
#5275 = CARTESIAN_POINT ( 'NONE',  ( 2.533320885711326742, 2.077124198465037708, -1.193506021765496028 ) ) ;
#5276 = EDGE_CURVE ( 'NONE', #5301, #5301, #2549, .T. ) ;
#5277 = CARTESIAN_POINT ( 'NONE',  ( 2.974988999838654280, -1.937099999999994715, -2.372263314628331252E-16 ) ) ;
#5278 = CARTESIAN_POINT ( 'NONE',  ( 13.04997946636549777, -1.035533905932736420, -2.499999999999996891 ) ) ;
#5279 = CARTESIAN_POINT ( 'NONE',  ( 3.266645418915479659, -2.195503069679924923, 0.5867246747399508244 ) ) ;
#5280 = CARTESIAN_POINT ( 'NONE',  ( 7.249991199870922109, 1.980399999999999050, -0.8203085389236769442 ) ) ;
#5281 = CARTESIAN_POINT ( 'NONE',  ( 4.449988266494567135, -0.8203085389236766112, 1.980399999999995053 ) ) ;
#5282 = CARTESIAN_POINT ( 'NONE',  ( 3.499999999999997780, -1.767766952966366434, -1.767766952966366878 ) ) ;
#5283 = CARTESIAN_POINT ( 'NONE',  ( 7.049991199870924596, -0.8203085389236767222, -1.980399999999998606 ) ) ;
#5284 = CARTESIAN_POINT ( 'NONE',  ( 10.52498899983865677, 1.937099999999994937, -0.8023730916729204798 ) ) ;
#5285 = CARTESIAN_POINT ( 'NONE',  ( 9.549988266494571221, -0.8203085389236757230, -1.980399999999995941 ) ) ;
#5286 = CARTESIAN_POINT ( 'NONE',  ( 13.84998826649456838, 1.980399999999995053, 0.8203085389236769442 ) ) ;
#5287 = CARTESIAN_POINT ( 'NONE',  ( 9.999991199870922998, -1.400354269461838053, 1.400354269461837609 ) ) ;
#5288 = CARTESIAN_POINT ( 'NONE',  ( 16.94999119987092229, 1.980399999999998162, 0.8203085389236781655 ) ) ;
#5289 = CARTESIAN_POINT ( 'NONE',  ( 10.89997946636549564, 2.499999999999996891, 0.000000000000000000 ) ) ;
#5290 = CARTESIAN_POINT ( 'NONE',  ( 0.1214335126854664410, -0.2914858883613989371, 1.500000000000000222 ) ) ;
#5291 = CARTESIAN_POINT ( 'NONE',  ( 6.424990466526832478, 1.369736545836458763, -1.369736545836458763 ) ) ;
#5292 = CARTESIAN_POINT ( 'NONE',  ( 17.74998826649456873, 1.980399999999995941, -0.8203085389236758340 ) ) ;
#5293 = CARTESIAN_POINT ( 'NONE',  ( 1.683332619216677317, -2.191586905433442478, 2.846547571346498717 ) ) ;
#5294 = CARTESIAN_POINT ( 'NONE',  ( -2.160295326696157366E-16, -2.180670180351066634, 3.783495063502235300 ) ) ;
#5295 = CARTESIAN_POINT ( 'NONE',  ( 13.64999999999999858, -1.035533905932737753, 2.499999999999996447 ) ) ;
#5296 = CARTESIAN_POINT ( 'NONE',  ( 1.399999999999999689, 4.330071440916665182, 0.5660739880726064488 ) ) ;
#5297 = VERTEX_POINT ( 'NONE', #5162 ) ;
#5298 = CARTESIAN_POINT ( 'NONE',  ( 2.415540413207492687, 1.732050807568877637, 1.252069901054944348E-17 ) ) ;
#5299 = CARTESIAN_POINT ( 'NONE',  ( 9.750000000000000000, -2.499999999999997335, 1.035533905932735976 ) ) ;
#5300 = CARTESIAN_POINT ( 'NONE',  ( 2.633332619216705250, -2.096772645517529288, -0.5667932993227535743 ) ) ;
#5301 = VERTEX_POINT ( 'NONE', #590 ) ;
#5302 = B_SPLINE_CURVE_WITH_KNOTS ( 'NONE', 3,
 ( #4882, #1417, #3634, #4027, #1498, #3239, #5374, #2385, #1879, #3154, #4436, #1000, #4462, #3606, #2786, #125, #4115, #3210, #579, #4940, #2728, #238, #1056, #978 ),
 .UNSPECIFIED., .F., .F.,
 ( 4, 2, 2, 2, 2, 2, 2, 2, 2, 2, 2, 4 ),
 ( 0.000000000000000000, 0.0003876770380041103382, 0.0007753540760082206764, 0.001163031114012330960, 0.001550708152016441353, 0.001938385190020551745, 0.002326062228024661921, 0.003101416304032882706, 0.003876770380041103491, 0.004652124456049323842, 0.005427478532057545060, 0.006202832608065765412 ),
 .UNSPECIFIED. ) ;
#5303 = CARTESIAN_POINT ( 'NONE',  ( 13.04998826649456767, 1.980399999999995053, 0.8203085389236768332 ) ) ;
#5304 = CARTESIAN_POINT ( 'NONE',  ( 14.54997946636549599, -2.499999999999996891, -1.035533905932736642 ) ) ;
#5305 = CARTESIAN_POINT ( 'NONE',  ( 8.149991199870923353, 1.980399999999998606, 0.8203085389236783875 ) ) ;
#5306 = DIRECTION ( 'NONE',  ( 6.123492093082666200E-18, -0.8660254037844387076, 0.4999999999999998890 ) ) ;
#5307 = CARTESIAN_POINT ( 'NONE',  ( 3.258323085743504155, 1.002942173905643886, -0.5743718703892239930 ) ) ;
#5308 = CARTESIAN_POINT ( 'NONE',  ( 5.849991199870923531, 0.8203085389236773883, 1.980399999999998162 ) ) ;
#5309 = CARTESIAN_POINT ( 'NONE',  ( 2.396882584195514809, 0.6094707116524389345, -2.424583432416291817 ) ) ;
#5310 = CARTESIAN_POINT ( 'NONE',  ( 10.37498899983865464, 1.346793984974400292E-16, -1.937099999999994715 ) ) ;
#5311 = CARTESIAN_POINT ( 'NONE',  ( 9.749988266494568734, 1.980399999999995941, -0.8203085389236758340 ) ) ;
#5312 = CARTESIAN_POINT ( 'NONE',  ( 9.249988266494568734, -0.8203085389236767222, 1.980399999999995053 ) ) ;
#5313 = CARTESIAN_POINT ( 'NONE',  ( 16.94999119987092229, 1.980399999999998606, 0.8203085389236783875 ) ) ;
#5314 = CARTESIAN_POINT ( 'NONE',  ( 11.19999119987092229, 1.400354269461837831, -1.400354269461837831 ) ) ;
#5315 = CARTESIAN_POINT ( 'NONE',  ( 15.49999119987092300, -3.397910017189866459E-16, 1.980399999999998384 ) ) ;
#5316 = CARTESIAN_POINT ( 'NONE',  ( 12.44997946636549635, 2.499999999999996891, -1.035533905932736642 ) ) ;
#5317 = CARTESIAN_POINT ( 'NONE',  ( -1.224698418616533548E-17, 0.8660254037844393737, 1.499999999999999556 ) ) ;
#5318 = CARTESIAN_POINT ( 'NONE',  ( 4.474990466526832300, -1.937099999999996935, 0.8023730916729207019 ) ) ;
#5319 = CARTESIAN_POINT ( 'NONE',  ( 16.99998826649456873, 1.980399999999995941, 0.000000000000000000 ) ) ;
#5320 = LINE ( 'NONE', #3609, #4953 ) ;
#5321 = CARTESIAN_POINT ( 'NONE',  ( -2.162197971077944339E-16, 2.660987301054000387, -3.462557424021378338 ) ) ;
#5322 = CARTESIAN_POINT ( 'NONE',  ( 9.399999999999998579, 2.499999999999996891, 0.000000000000000000 ) ) ;
#5323 = CARTESIAN_POINT ( 'NONE',  ( 1.399999999999999689, -4.330000000000000071, 0.000000000000000000 ) ) ;
#5324 = ORIENTED_EDGE ( 'NONE', *, *, #2499, .F. ) ;
#5325 = CARTESIAN_POINT ( 'NONE',  ( 2.468074991390143413, 1.010362971081845362, 1.249999999999999778 ) ) ;
#5326 = CARTESIAN_POINT ( 'NONE',  ( 2.983334728104331646, 1.635168873244282839, -0.2107968921895885528 ) ) ;
#5327 = CARTESIAN_POINT ( 'NONE',  ( -1.733139639770208084E-16, -4.330000000000000071, 5.302720640308039725E-16 ) ) ;
#5328 = CARTESIAN_POINT ( 'NONE',  ( 13.84998826649456660, 1.980399999999995053, 0.8203085389236768332 ) ) ;
#5329 = CARTESIAN_POINT ( 'NONE',  ( 12.39997946636549742, 1.767766952966366878, -1.767766952966366878 ) ) ;
#5330 = CARTESIAN_POINT ( 'NONE',  ( 3.233312085582191298, -2.012969051236742857, 1.156524482867634651 ) ) ;
#5331 = CARTESIAN_POINT ( 'NONE',  ( 4.199991199870924063, 1.400354269461837609, 1.400354269461838275 ) ) ;
#5332 = CARTESIAN_POINT ( 'NONE',  ( 4.199988266494568023, 1.980399999999995497, 0.000000000000000000 ) ) ;
#5333 = CARTESIAN_POINT ( 'NONE',  ( 2.933323819087591211, -1.590695890588931460, -0.4307911605903706476 ) ) ;
#5334 = CARTESIAN_POINT ( 'NONE',  ( 6.899991199870923353, -1.980399999999998384, -2.425290521031416718E-16 ) ) ;
#5335 = CARTESIAN_POINT ( 'NONE',  ( 2.415540413207492243, -0.8660254037844389297, -1.500000000000000444 ) ) ;
#5336 = CARTESIAN_POINT ( 'NONE',  ( 7.724988999838656945, -1.937099999999995603, 0.8023730916729199247 ) ) ;
#5337 = CARTESIAN_POINT ( 'NONE',  ( 6.549988266494567668, 1.980399999999995941, -0.8203085389236758340 ) ) ;
#5338 = CARTESIAN_POINT ( 'NONE',  ( 10.49998826649456696, 1.400354269461835610, -1.400354269461835610 ) ) ;
#5339 = CARTESIAN_POINT ( 'NONE',  ( 15.89999119987092335, 1.458865241663470545E-16, -1.980399999999998828 ) ) ;
#5340 = CARTESIAN_POINT ( 'NONE',  ( 9.949991199870924063, -0.8203085389236779434, 1.980399999999997718 ) ) ;
#5341 = CARTESIAN_POINT ( 'NONE',  ( 15.69999119987092229, -1.980399999999998384, -2.425290521031416718E-16 ) ) ;
#5342 = EDGE_CURVE ( 'NONE', #3422, #4300, #558, .T. ) ;
#5343 = CARTESIAN_POINT ( 'NONE',  ( 8.099979466365496705, -2.499999999999996891, -3.061616997868379197E-16 ) ) ;
#5344 = CARTESIAN_POINT ( 'NONE',  ( 3.150474792101233046, -0.7510479330515783536, -1.832460412194197641 ) ) ;
#5345 = CARTESIAN_POINT ( 'NONE',  ( 17.32498899983865570, -1.937099999999995603, 0.8023730916729199247 ) ) ;
#5346 = CARTESIAN_POINT ( 'NONE',  ( 16.86162526514490523, 0.3897856621552489020, 2.330708297521173478 ) ) ;
#5347 = CARTESIAN_POINT ( 'NONE',  ( -1.224698418616533548E-17, -1.732050807568877415, -4.336808689942017736E-16 ) ) ;
#5348 = CARTESIAN_POINT ( 'NONE',  ( -2.160295326696158352E-16, 1.133368343930672317, 4.217301688045509422 ) ) ;
#5349 = CARTESIAN_POINT ( 'NONE',  ( 11.25000000000000000, -1.035533905932737753, 2.499999999999996447 ) ) ;
#5350 = B_SPLINE_CURVE_WITH_KNOTS ( 'NONE', 3,
 ( #471, #928, #1390, #1798, #4386, #5346, #4859, #1419, #101, #127, #3103, #1852, #2194, #499, #3556, #1339 ),
 .UNSPECIFIED., .F., .F.,
 ( 4, 2, 2, 2, 2, 2, 2, 4 ),
 ( 5.727913034162679043E-17, 0.0004887470249606140757, 0.0009774940499211709054, 0.001466241074881727627, 0.001954988099842284565, 0.002932482149763398875, 0.003421229174723956247, 0.003909976199684513619 ),
 .UNSPECIFIED. ) ;
#5351 = CARTESIAN_POINT ( 'NONE',  ( 1.616665952550002894, -0.4824709114096152884, 3.661344685782462083 ) ) ;
#5352 = CARTESIAN_POINT ( 'NONE',  ( 16.92141965739141440, -1.073761161161773448, -2.053324218798976197 ) ) ;
#5353 = ORIENTED_EDGE ( 'NONE', *, *, #5342, .T. ) ;
#5354 = CARTESIAN_POINT ( 'NONE',  ( 0.5599999999999997202, -4.626370212059338627, -1.243302455813028340 ) ) ;
#5355 = CARTESIAN_POINT ( 'NONE',  ( 2.616665952550025764, -2.178782029092318329, -0.2884170392361931068 ) ) ;
#5356 = CARTESIAN_POINT ( 'NONE',  ( 3.139319529073163917, -1.790090046398633783, -1.103748470084328526 ) ) ;
#5357 = AXIS2_PLACEMENT_3D ( 'NONE', #5594, #779, #4626 ) ;
#5358 = CARTESIAN_POINT ( 'NONE',  ( 12.19998826649456802, 1.980399999999995497, 0.000000000000000000 ) ) ;
#5359 = CARTESIAN_POINT ( 'NONE',  ( 10.34997946636549848, -1.035533905932737753, 2.499999999999996447 ) ) ;
#5360 = CARTESIAN_POINT ( 'NONE',  ( 16.39999999999999858, 1.784771387344849702E-16, -2.499999999999996891 ) ) ;
#5361 = CARTESIAN_POINT ( 'NONE',  ( 6.049991199870922820, -1.980399999999999494, 0.8203085389236765002 ) ) ;
#5362 = CARTESIAN_POINT ( 'NONE',  ( 3.449988266494568467, 1.980399999999995053, 0.8203085389236768332 ) ) ;
#5363 = CARTESIAN_POINT ( 'NONE',  ( 2.833323819087561812, -1.558950601377636858, 0.8948424047860675801 ) ) ;
#5364 = CARTESIAN_POINT ( 'NONE',  ( 5.499991199870922998, 1.297815605110368649E-16, -1.980399999999998384 ) ) ;
#5365 = CARTESIAN_POINT ( 'NONE',  ( 0.8399999999999998579, -4.750000000000002665, -3.794707603699265519E-16 ) ) ;
#5366 = CARTESIAN_POINT ( 'NONE',  ( 8.774988999838653214, 1.322017117812384786E-16, -1.937099999999994715 ) ) ;
#5367 = CARTESIAN_POINT ( 'NONE',  ( 6.349988266494569267, -0.8203085389236757230, -1.980399999999995941 ) ) ;
#5368 = CARTESIAN_POINT ( 'NONE',  ( 10.09998826649456838, -1.400354269461835832, 1.400354269461835388 ) ) ;
#5369 = CARTESIAN_POINT ( 'NONE',  ( 15.79999119987092548, -1.400354269461837831, -1.400354269461838053 ) ) ;
#5370 = CARTESIAN_POINT ( 'NONE',  ( 8.349991199870922642, -0.8203085389236779434, 1.980399999999997718 ) ) ;
#5371 = CARTESIAN_POINT ( 'NONE',  ( 8.249999999999998224, -2.499999999999996891, -1.035533905932736864 ) ) ;
#5372 = CARTESIAN_POINT ( 'NONE',  ( 14.64999119987092158, 0.8203085389236773883, 1.980399999999998162 ) ) ;
#5373 = CARTESIAN_POINT ( 'NONE',  ( 8.149979466365495639, -2.499999999999996891, -1.035533905932736864 ) ) ;
#5374 = CARTESIAN_POINT ( 'NONE',  ( 2.931437845838396949, -1.622454242951709480, -1.301209664350101658 ) ) ;
#5375 = CARTESIAN_POINT ( 'NONE',  ( 17.57498899983865570, 1.458289887203470684E-16, -1.937099999999994715 ) ) ;
#5376 = CARTESIAN_POINT ( 'NONE',  ( 13.09998826649457015, 1.400354269461835388, 1.400354269461836054 ) ) ;
#5377 = CARTESIAN_POINT ( 'NONE',  ( 3.099979456420634438, 7.940085207495946077E-06, 2.500000014752633781 ) ) ;
#5378 = CARTESIAN_POINT ( 'NONE',  ( 1.399999999999999911, -4.626370212059399023, 1.243302455813108054 ) ) ;
#5379 = CARTESIAN_POINT ( 'NONE',  ( 8.699999999999997513, 1.767766952966366212, 1.767766952966367100 ) ) ;
#5380 = CARTESIAN_POINT ( 'NONE',  ( 1.399999999999999689, 3.461996601799807394, 2.661447090562733653 ) ) ;
#5381 = CARTESIAN_POINT ( 'NONE',  ( 2.933320885711263148, -1.558950600961478861, 0.8948424100910985501 ) ) ;
#5382 = EDGE_LOOP ( 'NONE', ( #4729 ) ) ;
#5383 = CARTESIAN_POINT ( 'NONE',  ( 3.499979466365497061, 1.585007577876639702E-16, -2.499999999999996891 ) ) ;
#5384 = CARTESIAN_POINT ( 'NONE',  ( 2.733320885711193693, 1.044174213560738362, 1.818037400042177953 ) ) ;
#5385 = PRODUCT_CONTEXT ( 'NONE', #5612, 'mechanical' ) ;
#5386 = CARTESIAN_POINT ( 'NONE',  ( 3.566645418915500798, 0.9135877426064000772, -1.578697677566065272 ) ) ;
#5387 = CARTESIAN_POINT ( 'NONE',  ( 15.04998826649456767, -1.980399999999995497, -0.8203085389236758340 ) ) ;
#5388 = CARTESIAN_POINT ( 'NONE',  ( 10.64997946636549564, -1.035533905932736420, -2.499999999999996891 ) ) ;
#5389 = CARTESIAN_POINT ( 'NONE',  ( 3.699991199870923175, -1.980399999999998828, -2.425290521031417211E-16 ) ) ;
#5390 = CARTESIAN_POINT ( 'NONE',  ( 16.74999999999999645, 1.035533905932736864, 2.499999999999996447 ) ) ;
#5391 = CARTESIAN_POINT ( 'NONE',  ( 2.083323819087566697, -2.894643162513573564, 0.3757034248144081601 ) ) ;
#5392 = CARTESIAN_POINT ( 'NONE',  ( 5.799991199870922820, 1.400354269461837387, 1.400354269461838053 ) ) ;
#5393 = CARTESIAN_POINT ( 'NONE',  ( 0.8399999999999996358, 3.798417501391356588, 2.919096919880846297 ) ) ;
#5394 = CARTESIAN_POINT ( 'NONE',  ( 7.924988999838652681, -0.8023730916729203688, -1.937099999999994937 ) ) ;
#5395 = CARTESIAN_POINT ( 'NONE',  ( 6.449988266494568023, 0.8203085389236759450, -1.980399999999995941 ) ) ;
#5396 = CARTESIAN_POINT ( 'NONE',  ( 9.549988266494569444, -0.8203085389236755010, -1.980399999999995497 ) ) ;
#5397 = CARTESIAN_POINT ( 'NONE',  ( 13.34999119987092442, -1.980399999999999050, -0.8203085389236773883 ) ) ;
#5398 = CARTESIAN_POINT ( 'NONE',  ( 7.749991199870922998, -1.980399999999998384, -0.8203085389236771663 ) ) ;
#5399 = CARTESIAN_POINT ( 'NONE',  ( 16.44999119987092229, -1.980399999999999050, 0.8203085389236763891 ) ) ;
#5400 = CARTESIAN_POINT ( 'NONE',  ( 7.749979466365497061, 2.499999999999996447, 1.035533905932737975 ) ) ;
#5401 = CARTESIAN_POINT ( 'NONE',  ( 0.08164020241298010350, 1.590645829053607851, 0.2449206072316332805 ) ) ;
#5402 = CARTESIAN_POINT ( 'NONE',  ( 2.924990466526833366, -1.937099999999996269, -2.372263314628333717E-16 ) ) ;
#5403 = CARTESIAN_POINT ( 'NONE',  ( 15.34998826649456838, 1.980399999999995941, -0.8203085389236758340 ) ) ;
#5404 = DIRECTION ( 'NONE',  ( 1.770427581471475182E-33, -2.503857664561931390E-16, 1.000000000000000000 ) ) ;
#5405 = CARTESIAN_POINT ( 'NONE',  ( 0.8399999999999998579, 1.243302455813041218, -4.626370212059336851 ) ) ;
#5406 = CARTESIAN_POINT ( 'NONE',  ( 8.999999999999998224, -2.499999999999996891, -3.061616997868379197E-16 ) ) ;
#5407 = CARTESIAN_POINT ( 'NONE',  ( 2.415540413207492687, -0.8660254037844390407, 1.500000000000000000 ) ) ;
#5408 = CARTESIAN_POINT ( 'NONE',  ( 11.82499046652683461, -1.369736545836458541, -1.369736545836458763 ) ) ;
#5409 = CARTESIAN_POINT ( 'NONE',  ( 3.666645418915414734, 1.617914871738861171, -0.4314967706978818929 ) ) ;
#5410 = ORIENTED_EDGE ( 'NONE', *, *, #3429, .T. ) ;
#5411 = CARTESIAN_POINT ( 'NONE',  ( 17.25864930374169148, -1.090325084042138570, 1.652055652553537701 ) ) ;
#5412 = FACE_OUTER_BOUND ( 'NONE', #5382, .T. ) ;
#5413 = CARTESIAN_POINT ( 'NONE',  ( 3.433312085582141293, -1.007193057918041701, -1.753882032260505097 ) ) ;
#5414 = CARTESIAN_POINT ( 'NONE',  ( 13.09998826649457015, 1.400354269461835166, 1.400354269461835832 ) ) ;
#5415 = CARTESIAN_POINT ( 'NONE',  ( 9.649979466365495639, -2.499999999999997335, 1.035533905932735976 ) ) ;
#5416 = CARTESIAN_POINT ( 'NONE',  ( 3.799991199870922820, -1.400354269461837831, -1.400354269461838053 ) ) ;
#5417 = CARTESIAN_POINT ( 'NONE',  ( 15.89999999999999680, 1.767766952966366212, 1.767766952966367100 ) ) ;
#5418 = CARTESIAN_POINT ( 'NONE',  ( 2.983323819087614126, -1.245476528746219946, -0.9611775539878242292 ) ) ;
#5419 = CARTESIAN_POINT ( 'NONE',  ( 14.12499046652683354, -1.937099999999996269, -2.372263314628333717E-16 ) ) ;
#5420 = CARTESIAN_POINT ( 'NONE',  ( 4.399991199870922465, -1.400354269461838053, 1.400354269461837609 ) ) ;
#5421 = CARTESIAN_POINT ( 'NONE',  ( 11.79998826649456944, -1.980399999999995497, -2.425290521031412773E-16 ) ) ;
#5422 = CARTESIAN_POINT ( 'NONE',  ( 0.8399999999999998579, -4.750000000000002665, -3.794707603699265519E-16 ) ) ;
#5423 = CARTESIAN_POINT ( 'NONE',  ( 8.724988999838656056, -0.8023730916729203688, -1.937099999999994937 ) ) ;
#5424 = CARTESIAN_POINT ( 'NONE',  ( 5.649988266494567313, 0.8203085389236759450, -1.980399999999995941 ) ) ;
#5425 = CARTESIAN_POINT ( 'NONE',  ( 8.299988266494569444, 1.400354269461835166, 1.400354269461835832 ) ) ;
#5426 = CARTESIAN_POINT ( 'NONE',  ( 13.69999119987092406, 1.980399999999998828, 0.000000000000000000 ) ) ;
#5427 = CARTESIAN_POINT ( 'NONE',  ( 7.149991199870925129, 0.8203085389236771663, -1.980399999999998384 ) ) ;
#5428 = CARTESIAN_POINT ( 'NONE',  ( 13.69999119987092406, 1.980399999999998384, 0.000000000000000000 ) ) ;
#5429 = CARTESIAN_POINT ( 'NONE',  ( 10.29997946636549599, -4.432924732421552608E-16, 2.499999999999996891 ) ) ;
#5430 = DIRECTION ( 'NONE',  ( -1.000000000000000000, -7.070799616643645495E-18, 0.000000000000000000 ) ) ;
#5431 = CARTESIAN_POINT ( 'NONE',  ( 16.37498899983865641, -3.304819392424703757E-16, 1.937099999999994715 ) ) ;
#5432 = CARTESIAN_POINT ( 'NONE',  ( 14.74998826649457051, 0.8203085389236763891, 1.980399999999995497 ) ) ;
#5433 = CARTESIAN_POINT ( 'NONE',  ( 2.415540413207492687, 1.732050807568877637, 1.252069901054944348E-17 ) ) ;
#5434 = CARTESIAN_POINT ( 'NONE',  ( 0.8399999999999998579, 3.798417497482889704, -2.919096923789313180 ) ) ;
#5435 = CARTESIAN_POINT ( 'NONE',  ( 9.999999999999998224, 1.685663918696787187E-16, -2.499999999999996891 ) ) ;
#5436 = CARTESIAN_POINT ( 'NONE',  ( 11.04999999999999716, 2.499999999999996447, 1.035533905932737975 ) ) ;
#5437 = CARTESIAN_POINT ( 'NONE',  ( 17.40099999999999980, 0.8660254037844391517, -1.500000000000000000 ) ) ;
#5438 = CARTESIAN_POINT ( 'NONE',  ( 10.77499046652683568, -0.8023730916729222562, 1.937099999999996269 ) ) ;
#5439 = CARTESIAN_POINT ( 'NONE',  ( 2.366654219044596275, -0.6835616967663332710, -2.555809340421397735 ) ) ;
#5440 = ORIENTED_EDGE ( 'NONE', *, *, #1662, .T. ) ;
#5441 = CARTESIAN_POINT ( 'NONE',  ( 12.59999119987092264, -1.400354269461837609, -1.400354269461837831 ) ) ;
#5442 = CARTESIAN_POINT ( 'NONE',  ( 2.399999999999997691, -4.555260196059545660E-16, 2.499999999999996891 ) ) ;
#5443 = B_SPLINE_CURVE_WITH_KNOTS ( 'NONE', 3,
 ( #5347, #3242, #4974, #2276, #1030, #1086 ),
 .UNSPECIFIED., .F., .F.,
 ( 4, 2, 4 ),
 ( 2.380757420221945770E-07, 0.0008748794216455111055, 0.001749520767548999904 ),
 .UNSPECIFIED. ) ;
#5444 = CARTESIAN_POINT ( 'NONE',  ( 0.000000000000000000, 0.000000000000000000, 0.000000000000000000 ) ) ;
#5445 = CARTESIAN_POINT ( 'NONE',  ( 2.816654219044573804, -0.2592139682087672981, 1.955694351878847215 ) ) ;
#5446 = CARTESIAN_POINT ( 'NONE',  ( 3.061763486976051249E-14, -4.150485346797749386, 2.392190151655268160 ) ) ;
#5447 = CARTESIAN_POINT ( 'NONE',  ( 11.84997946636549671, 1.035533905932736864, 2.499999999999996447 ) ) ;
#5448 = ADVANCED_FACE ( 'NONE', ( #5216 ), #1692, .T. ) ;
#5449 = CARTESIAN_POINT ( 'NONE',  ( 14.19999999999999929, 2.499999999999996891, 0.000000000000000000 ) ) ;
#5450 = CARTESIAN_POINT ( 'NONE',  ( 6.399991199870922465, 1.400354269461838053, -1.400354269461838053 ) ) ;
#5451 = CARTESIAN_POINT ( 'NONE',  ( 15.00000000000000000, 2.499999999999996891, 0.000000000000000000 ) ) ;
#5452 = CARTESIAN_POINT ( 'NONE',  ( 3.341654952388662281, 1.069666466146217410, -0.2841558911333127990 ) ) ;
#5453 = CARTESIAN_POINT ( 'NONE',  ( 13.67499046652683781, 1.937099999999996713, -0.8023730916729211460 ) ) ;
#5454 = CARTESIAN_POINT ( 'NONE',  ( -1.224698418616533548E-17, 0.8660254037844388186, -1.500000000000000000 ) ) ;
#5455 = CARTESIAN_POINT ( 'NONE',  ( 11.29998826649456767, 1.400354269461835610, -1.400354269461835610 ) ) ;
#5456 = CIRCLE ( 'NONE', #4896, 1.732050807568877415 ) ;
#5457 = FACE_OUTER_BOUND ( 'NONE', #3777, .T. ) ;
#5458 = CARTESIAN_POINT ( 'NONE',  ( 7.324988999838654813, 1.937099999999994937, -0.8023730916729204798 ) ) ;
#5459 = CARTESIAN_POINT ( 'NONE',  ( 6.199988266494568023, -1.980399999999995941, -2.425290521031413266E-16 ) ) ;
#5460 = CARTESIAN_POINT ( 'NONE',  ( 6.299988266494568556, -1.400354269461835388, -1.400354269461835610 ) ) ;
#5461 = CARTESIAN_POINT ( 'NONE',  ( 12.94999119987092584, 1.980399999999998606, 0.8203085389236783875 ) ) ;
#5462 = CARTESIAN_POINT ( 'NONE',  ( 5.449991199870923175, -0.8203085389236768332, -1.980399999999998384 ) ) ;
#5463 = CARTESIAN_POINT ( 'NONE',  ( 6.149999999999997691, 2.499999999999996891, -1.035533905932736642 ) ) ;
#5464 = CARTESIAN_POINT ( 'NONE',  ( 13.59999119987092442, 1.400354269461837831, -1.400354269461837831 ) ) ;
#5465 = CARTESIAN_POINT ( 'NONE',  ( 7.849979466365496705, 1.035533905932736864, 2.499999999999996447 ) ) ;
#5466 = CARTESIAN_POINT ( 'NONE',  ( 16.74999119987092300, 0.8203085389236771663, -1.980399999999998384 ) ) ;
#5467 = CARTESIAN_POINT ( 'NONE',  ( 17.77498899983865144, 1.937099999999994715, 0.000000000000000000 ) ) ;
#5468 = CARTESIAN_POINT ( 'NONE',  ( 15.64998826649457087, -0.8203085389236768332, 1.980399999999995497 ) ) ;
#5469 = CARTESIAN_POINT ( 'NONE',  ( 15.14998826649456909, -0.8203085389236755010, -1.980399999999995497 ) ) ;
#5470 = CARTESIAN_POINT ( 'NONE',  ( 0.8399999999999998579, 4.750000000000000888, -0.6217735404957791534 ) ) ;
#5471 = CARTESIAN_POINT ( 'NONE',  ( 7.949999999999998401, 1.035533905932736864, 2.499999999999996447 ) ) ;
#5472 = CARTESIAN_POINT ( 'NONE',  ( 2.415540413207492687, 1.732050807568877637, 1.252069901054944348E-17 ) ) ;
#5473 = CARTESIAN_POINT ( 'NONE',  ( 9.974990466526834965, -0.8023730916729222562, 1.937099999999996269 ) ) ;
#5474 = CARTESIAN_POINT ( 'NONE',  ( 2.183320885711224957, -2.894643162927192037, 0.3757034269916823543 ) ) ;
#5475 = ORIENTED_EDGE ( 'NONE', *, *, #4336, .F. ) ;
#5476 = CARTESIAN_POINT ( 'NONE',  ( 12.94999119987092584, 1.980399999999997718, 0.8203085389236781655 ) ) ;
#5477 = DIRECTION ( 'NONE',  ( -1.000000000000000000, -7.070799616643645495E-18, 0.000000000000000000 ) ) ;
#5478 = CARTESIAN_POINT ( 'NONE',  ( 2.783320885711241477, 0.2592542978454046021, 2.005107765409673171 ) ) ;
#5479 = CARTESIAN_POINT ( 'NONE',  ( -2.168404344971008868E-16, -2.392190151654836949, -4.150485346798011399 ) ) ;
#5480 = CARTESIAN_POINT ( 'NONE',  ( 8.749979466365495284, -1.035533905932737753, 2.499999999999996447 ) ) ;
#5481 = CARTESIAN_POINT ( 'NONE',  ( 2.749991199870921665, -0.8203085389236781655, 1.980399999999998606 ) ) ;
#5482 = CARTESIAN_POINT ( 'NONE',  ( 17.09999999999999787, -1.767766952966366434, -1.767766952966366878 ) ) ;
#5483 = CARTESIAN_POINT ( 'NONE',  ( 2.658323085743457437, 1.022367299713167199, 1.780202571648244358 ) ) ;
#5484 = CARTESIAN_POINT ( 'NONE',  ( -1.800192036527412748E-16, 0.000000000000000000, 4.330000000000000071 ) ) ;
#5485 = CARTESIAN_POINT ( 'NONE',  ( 11.19998826649456802, 1.386083148950124800E-16, -1.980399999999995497 ) ) ;
#5486 = EDGE_CURVE ( 'NONE', #4391, #1803, #193, .T. ) ;
#5487 = DIRECTION ( 'NONE',  ( 1.000000000000000000, -0.000000000000000000, -0.000000000000000000 ) ) ;
#5488 = ORIENTED_EDGE ( 'NONE', *, *, #3668, .F. ) ;
#5489 = CARTESIAN_POINT ( 'NONE',  ( 3.924988999838654458, -0.8023730916729203688, -1.937099999999994937 ) ) ;
#5490 = CARTESIAN_POINT ( 'NONE',  ( 17.49997946636549884, -4.321428830192481970E-16, 2.499999999999996891 ) ) ;
#5491 = CARTESIAN_POINT ( 'NONE',  ( 7.499988266494568734, 1.400354269461835166, 1.400354269461835832 ) ) ;
#5492 = CARTESIAN_POINT ( 'NONE',  ( 10.79999119987092371, -1.400354269461838275, 1.400354269461837831 ) ) ;
#5493 = CARTESIAN_POINT ( 'NONE',  ( 5.949991199870923175, -0.8203085389236779434, 1.980399999999997718 ) ) ;
#5494 = CARTESIAN_POINT ( 'NONE',  ( 5.749999999999997335, -2.499999999999997335, 1.035533905932735976 ) ) ;
#5495 = CARTESIAN_POINT ( 'NONE',  ( 11.39999119987092335, 1.400354269461837387, 1.400354269461838053 ) ) ;
#5496 = CARTESIAN_POINT ( 'NONE',  ( 4.599979466365496705, 1.767766952966366212, 1.767766952966367100 ) ) ;
#5497 = CARTESIAN_POINT ( 'NONE',  ( 16.99999119987092300, 1.400354269461837387, 1.400354269461838053 ) ) ;
#5498 = CARTESIAN_POINT ( 'NONE',  ( 13.27498899983865321, -1.369736545836457653, 1.369736545836457431 ) ) ;
#5499 = CARTESIAN_POINT ( 'NONE',  ( 13.94998826649456980, 0.8203085389236763891, 1.980399999999995497 ) ) ;
#5500 = CARTESIAN_POINT ( 'NONE',  ( 0.8399999999999998579, -0.6217735404957802636, 4.750000000000000888 ) ) ;
#5501 = CARTESIAN_POINT ( 'NONE',  ( 6.699999999999997513, -1.767766952966366434, -1.767766952966366878 ) ) ;
#5502 = DIRECTION ( 'NONE',  ( 0.000000000000000000, -1.000000000000000000, 0.000000000000000000 ) ) ;
#5503 = CARTESIAN_POINT ( 'NONE',  ( 10.62499046652683177, 1.369736545836458319, 1.369736545836458985 ) ) ;
#5504 = CARTESIAN_POINT ( 'NONE',  ( 3.616645418915527710, 1.388909115996571852, -1.063355915744491398 ) ) ;
#5505 = CARTESIAN_POINT ( 'NONE',  ( 2.383332619216676385, 0.3272713462303369902, 2.524707556924865148 ) ) ;
#5506 = CARTESIAN_POINT ( 'NONE',  ( 12.54999119987092371, -1.980399999999998384, -0.8203085389236771663 ) ) ;
#5507 = CARTESIAN_POINT ( 'NONE',  ( 2.566654219044488094, 2.267015355320164183, -0.6059473204806782309 ) ) ;
#5508 = CARTESIAN_POINT ( 'NONE',  ( 9.249979466365497061, 2.499999999999996891, -1.035533905932736642 ) ) ;
#5509 = CARTESIAN_POINT ( 'NONE',  ( 14.84999999999999787, 1.035533905932736642, -2.499999999999996891 ) ) ;
#5510 = CARTESIAN_POINT ( 'NONE',  ( 17.12499046652683532, -3.293205213230050828E-16, 1.937099999999996269 ) ) ;
#5511 = CARTESIAN_POINT ( 'NONE',  ( 16.49999999999999645, 1.767766952966366878, -1.767766952966366878 ) ) ;
#5512 = CARTESIAN_POINT ( 'NONE',  ( 2.241656419076855311, -1.628540238985108690, -2.124324054595517097 ) ) ;
#5513 = CARTESIAN_POINT ( 'NONE',  ( 13.17499046652683425, -0.8023730916729222562, 1.937099999999996269 ) ) ;
#5514 = CARTESIAN_POINT ( 'NONE',  ( -1.746581142828594503E-16, -3.461996601798434714, 2.661447090563652029 ) ) ;
#5515 = CARTESIAN_POINT ( 'NONE',  ( 10.84998826649456660, -0.8203085389236766112, 1.980399999999995053 ) ) ;
#5516 = CARTESIAN_POINT ( 'NONE',  ( 2.866657152420840848, -1.689427386731657155, 0.4507185588997833503 ) ) ;
#5517 = CARTESIAN_POINT ( 'NONE',  ( 4.774988999838653214, 1.260074949907345653E-16, -1.937099999999994715 ) ) ;
#5518 = CARTESIAN_POINT ( 'NONE',  ( 15.64997946636549742, 2.499999999999996891, -1.035533905932736642 ) ) ;
#5519 = CARTESIAN_POINT ( 'NONE',  ( 8.149988266494567313, 1.980399999999995497, -0.8203085389236757230 ) ) ;
#5520 = CARTESIAN_POINT ( 'NONE',  ( 12.24999119987092300, 0.8203085389236777214, 1.980399999999998606 ) ) ;
#5521 = CARTESIAN_POINT ( 'NONE',  ( 4.999991199870922109, 1.400354269461837387, 1.400354269461838053 ) ) ;
#5522 = CARTESIAN_POINT ( 'NONE',  ( 7.499999999999998224, -1.767766952966366434, -1.767766952966366878 ) ) ;
#5523 = CARTESIAN_POINT ( 'NONE',  ( 11.49999119987092300, -3.459852185094905100E-16, 1.980399999999998384 ) ) ;
#5524 = CARTESIAN_POINT ( 'NONE',  ( 5.149979466365495639, 1.035533905932736642, -2.499999999999996891 ) ) ;
#5525 = CARTESIAN_POINT ( 'NONE',  ( 15.99999119987092300, 1.400354269461837831, -1.400354269461837831 ) ) ;
#5526 = CARTESIAN_POINT ( 'NONE',  ( 13.52498899983865677, -0.8023730916729203688, -1.937099999999994937 ) ) ;
#5527 = CARTESIAN_POINT ( 'NONE',  ( 11.94998826649456802, -0.8203085389236757230, -1.980399999999995941 ) ) ;
#5528 = CARTESIAN_POINT ( 'NONE',  ( 14.94998826649456802, -1.980399999999995941, 0.8203085389236751679 ) ) ;
#5529 = CARTESIAN_POINT ( 'NONE',  ( 1.399999999999999689, 2.180670180351066634, 3.783495063502235300 ) ) ;
#5530 = EDGE_CURVE ( 'NONE', #3984, #4418, #2836, .T. ) ;
#5531 = CARTESIAN_POINT ( 'NONE',  ( 5.449999999999998401, 2.499999999999996447, 1.035533905932737975 ) ) ;
#5532 = CARTESIAN_POINT ( 'NONE',  ( 15.14997946636549919, -1.035533905932737753, 2.499999999999996447 ) ) ;
#5533 = CARTESIAN_POINT ( 'NONE',  ( 7.324990466526831945, 1.937099999999996269, 0.000000000000000000 ) ) ;
#5534 = CARTESIAN_POINT ( 'NONE',  ( 2.259980554900700156, 1.157355301999381636, 3.561949238469274803 ) ) ;
#5535 = EDGE_LOOP ( 'NONE', ( #3322 ) ) ;
#5536 = CARTESIAN_POINT ( 'NONE',  ( 2.516665952550128704, -1.863127883483809200, 1.427801232990819624 ) ) ;
#5537 = CARTESIAN_POINT ( 'NONE',  ( 8.899979466365497416, -2.499999999999996891, -3.061616997868379197E-16 ) ) ;
#5538 = CARTESIAN_POINT ( 'NONE',  ( 3.049991199870921932, -0.8203085389236768332, -1.980399999999999050 ) ) ;
#5539 = CARTESIAN_POINT ( 'NONE',  ( 2.641656419076861440, 1.264094220466654095, 1.650105825310972607 ) ) ;
#5540 = CARTESIAN_POINT ( 'NONE',  ( 3.599991199870922198, -1.400354269461838053, 1.400354269461837609 ) ) ;
#5541 = CARTESIAN_POINT ( 'NONE',  ( 9.249988266494568734, -0.8203085389236766112, 1.980399999999995053 ) ) ;
#5542 = CARTESIAN_POINT ( 'NONE',  ( 2.466657152420935084, 2.267015355735170434, -0.6059473173797899070 ) ) ;
#5543 = PRESENTATION_LAYER_ASSIGNMENT (  '', '', ( #3622 ) ) ;
#5544 = CARTESIAN_POINT ( 'NONE',  ( 3.724988999838654724, -1.937099999999995603, 0.8023730916729199247 ) ) ;
#5545 = CARTESIAN_POINT ( 'NONE',  ( 16.59997946636549671, 1.767766952966366212, 1.767766952966367100 ) ) ;
#5546 = CARTESIAN_POINT ( 'NONE',  ( 7.649988266494567313, -0.8203085389236767222, 1.980399999999995053 ) ) ;
#5547 = CARTESIAN_POINT ( 'NONE',  ( 9.999991199870922998, -1.400354269461838275, 1.400354269461837831 ) ) ;
#5548 = CARTESIAN_POINT ( 'NONE',  ( 4.749991199870922109, 0.8203085389236771663, -1.980399999999998384 ) ) ;
#5549 = CARTESIAN_POINT ( 'NONE',  ( 10.99999119987092300, -1.400354269461837609, -1.400354269461837831 ) ) ;
#5550 = AXIS2_PLACEMENT_3D ( 'NONE', #5066, #5125, #5259 ) ;
#5551 = CARTESIAN_POINT ( 'NONE',  ( 7.049979466365495995, 1.035533905932736864, 2.499999999999996447 ) ) ;
#5552 = CARTESIAN_POINT ( 'NONE',  ( 14.34999119987092442, 0.8203085389236771663, -1.980399999999998384 ) ) ;
#5553 = CARTESIAN_POINT ( 'NONE',  ( 14.92498899983865179, -1.937099999999995603, 0.8023730916729199247 ) ) ;
#5554 = CARTESIAN_POINT ( 'NONE',  ( 11.19998826649456802, 1.386083148950125046E-16, -1.980399999999995941 ) ) ;
#5555 = CARTESIAN_POINT ( 'NONE',  ( 15.84998826649456838, -1.980399999999995497, -0.8203085389236758340 ) ) ;
#5556 = CARTESIAN_POINT ( 'NONE',  ( -1.224698418616533548E-17, 0.000000000000000000, 0.000000000000000000 ) ) ;
#5557 = CARTESIAN_POINT ( 'NONE',  ( 5.849999999999997868, -2.499999999999996891, -1.035533905932736642 ) ) ;
#5558 = ADVANCED_FACE ( 'NONE', ( #2711 ), #3138, .T. ) ;
#5559 = CARTESIAN_POINT ( 'NONE',  ( 14.39997946636549742, -1.767766952966367100, 1.767766952966366434 ) ) ;
#5560 = CARTESIAN_POINT ( 'NONE',  ( 8.324990466526834609, -3.429477982621136725E-16, 1.937099999999996269 ) ) ;
#5561 = CARTESIAN_POINT ( 'NONE',  ( 0.5599999999999997202, -2.392190156761774045, -4.150485344682726563 ) ) ;
#5562 = CARTESIAN_POINT ( 'NONE',  ( 2.433332619216594495, -0.6444022236129145487, 2.385568097008448074 ) ) ;
#5563 = CARTESIAN_POINT ( 'NONE',  ( 7.949979466365495462, -1.035533905932737753, 2.499999999999996447 ) ) ;
#5564 = CARTESIAN_POINT ( 'NONE',  ( 13.24999999999999822, 1.035533905932736642, -2.499999999999996891 ) ) ;
#5565 = CARTESIAN_POINT ( 'NONE',  ( 16.57499046652683816, -1.937099999999996713, -0.8023730916729213680 ) ) ;
#5566 = CARTESIAN_POINT ( 'NONE',  ( 1.941656419076853712, -0.4087876034748936793, 3.098444673750887723 ) ) ;
#5567 = CARTESIAN_POINT ( 'NONE',  ( -1.858784762789093888E-16, 3.783705236245987535, 2.179976094349981075 ) ) ;
#5568 = CARTESIAN_POINT ( 'NONE',  ( 7.649988266494568201, -0.8203085389236766112, 1.980399999999995053 ) ) ;
#5569 = CARTESIAN_POINT ( 'NONE',  ( 2.833323819087683937, -1.558950601007641712, 0.8948424099745149185 ) ) ;
#5570 = CARTESIAN_POINT ( 'NONE',  ( 3.224988999838654724, 0.8023730916729207019, -1.937099999999994937 ) ) ;
#5571 = CARTESIAN_POINT ( 'NONE',  ( 17.99997946636549884, 1.767766952966366878, -1.767766952966366878 ) ) ;
#5572 = CARTESIAN_POINT ( 'NONE',  ( 3.249988266494569178, 0.8203085389236757230, -1.980399999999995497 ) ) ;
#5573 = CARTESIAN_POINT ( 'NONE',  ( 11.94999119987092229, 0.8203085389236772773, -1.980399999999999050 ) ) ;
#5574 = CARTESIAN_POINT ( 'NONE',  ( 4.499991199870923886, -1.980399999999998384, -2.425290521031416718E-16 ) ) ;
#5575 = CARTESIAN_POINT ( 'NONE',  ( 4.799999999999998934, -4.518094895316522278E-16, 2.499999999999996891 ) ) ;
#5576 = CARTESIAN_POINT ( 'NONE',  ( 9.649991199870923353, 1.980399999999998606, -0.8203085389236768332 ) ) ;
#5577 = CARTESIAN_POINT ( 'NONE',  ( 5.899979466365496528, 1.622172878619663084E-16, -2.499999999999996891 ) ) ;
#5578 = CARTESIAN_POINT ( 'NONE',  ( 14.02498899983865499, -0.8023730916729214790, 1.937099999999994049 ) ) ;
#5579 = CARTESIAN_POINT ( 'NONE',  ( 11.14998826649456909, -0.8203085389236757230, -1.980399999999995941 ) ) ;
#5580 = CARTESIAN_POINT ( 'NONE',  ( 1.399999999999999911, 1.243302455813036111, -4.626370212059471854 ) ) ;
#5581 = CARTESIAN_POINT ( 'NONE',  ( 5.749999999999999112, -2.499999999999997335, 1.035533905932735976 ) ) ;
#5582 = CARTESIAN_POINT ( 'NONE',  ( 14.69997946636549635, 1.758445648010749228E-16, -2.499999999999996891 ) ) ;
#5583 = CARTESIAN_POINT ( 'NONE',  ( 8.824990466526834609, 1.369736545836458763, -1.369736545836458763 ) ) ;
#5584 = CARTESIAN_POINT ( 'NONE',  ( 17.23880000000000479, -1.758012919139418040, 0.9117975302329442977 ) ) ;
#5585 = CARTESIAN_POINT ( 'NONE',  ( 0.5599999999999997202, -4.750000000000000888, 5.817072295949928412E-16 ) ) ;
#5586 = UNCERTAINTY_MEASURE_WITH_UNIT (LENGTH_MEASURE( 1.000000000000000082E-05 ), #250, 'distance_accuracy_value', 'NONE');
#5587 = CARTESIAN_POINT ( 'NONE',  ( 2.259980168634256437, 1.157366285252241278, 3.561946277581052644 ) ) ;
#5588 = VERTEX_POINT ( 'NONE', #4475 ) ;
#5589 = CARTESIAN_POINT ( 'NONE',  ( 12.34999999999999964, -1.035533905932736420, -2.499999999999996891 ) ) ;
#5590 = CARTESIAN_POINT ( 'NONE',  ( 17.22499046652683319, -1.369736545836458985, 1.369736545836458541 ) ) ;
#5591 = CARTESIAN_POINT ( 'NONE',  ( 3.216654219044544849, 0.1815932911422410978, -1.362669177289093536 ) ) ;
#5592 = CARTESIAN_POINT ( 'NONE',  ( -1.853802930226252933E-16, 3.461996601799840256, -2.661447090562473416 ) ) ;
#5593 = CARTESIAN_POINT ( 'NONE',  ( 6.299988266494568556, -1.400354269461835388, -1.400354269461835610 ) ) ;
#5594 = CARTESIAN_POINT ( 'NONE',  ( 17.39999999999999858, 2.694484303869198565E-17, 0.000000000000000000 ) ) ;
#5595 = CARTESIAN_POINT ( 'NONE',  ( 3.874988999838653303, -1.369736545836457431, -1.369736545836457653 ) ) ;
#5596 = CARTESIAN_POINT ( 'NONE',  ( 16.09997946636549671, -2.499999999999996891, -3.061616997868379197E-16 ) ) ;
#5597 = CARTESIAN_POINT ( 'NONE',  ( 3.150474792101233046, -0.7510479330515783536, -1.832460412194197641 ) ) ;
#5598 = CARTESIAN_POINT ( 'NONE',  ( 12.19999119987092229, 1.400354269461837609, 1.400354269461838275 ) ) ;
#5599 = CARTESIAN_POINT ( 'NONE',  ( 5.199991199870923175, -1.400354269461838053, 1.400354269461837609 ) ) ;
#5600 = CARTESIAN_POINT ( 'NONE',  ( 3.599999999999997424, 1.586556450048724671E-16, -2.499999999999996891 ) ) ;
#5601 = CARTESIAN_POINT ( 'NONE',  ( 10.74999119987092300, -0.8203085389236779434, 1.980399999999998162 ) ) ;
#5602 = CARTESIAN_POINT ( 'NONE',  ( 5.349979466365495817, 2.499999999999996447, 1.035533905932737975 ) ) ;
#5603 = CARTESIAN_POINT ( 'NONE',  ( 12.97498899983865428, 1.937099999999994715, 0.000000000000000000 ) ) ;
#5604 = CARTESIAN_POINT ( 'NONE',  ( 12.14998826649457087, 1.980399999999995941, -0.8203085389236758340 ) ) ;
#5605 = CARTESIAN_POINT ( 'NONE',  ( 12.09998826649456838, 1.400354269461835610, -1.400354269461835610 ) ) ;
#5606 = CARTESIAN_POINT ( 'NONE',  ( 1.399999999999999689, 0.5667956695466728201, -4.330000000000000071 ) ) ;
#5607 = CARTESIAN_POINT ( 'NONE',  ( 14.19999119987092406, -1.400354269461837609, -1.400354269461837831 ) ) ;
#5608 = CARTESIAN_POINT ( 'NONE',  ( 4.599999999999997868, 2.499999999999996891, 0.000000000000000000 ) ) ;
#5609 = CARTESIAN_POINT ( 'NONE',  ( 9.874990466526835320, 0.8023730916729214790, 1.937099999999996269 ) ) ;
#5610 = CARTESIAN_POINT ( 'NONE',  ( 0.5599999999999999423, 4.750000000000004441, -0.6217735460229790734 ) ) ;
#5611 = CARTESIAN_POINT ( 'NONE',  ( 2.566657152420912080, 1.901946468921832611, 1.099889208506289018 ) ) ;
#5612 = APPLICATION_CONTEXT ( 'automotive_design' ) ;
#5613 = CARTESIAN_POINT ( 'NONE',  ( 6.123526973958010751E-14, -2.392190151655446684, 4.150485346798013175 ) ) ;
#5614 = CARTESIAN_POINT ( 'NONE',  ( 12.19999999999999929, -2.499999999999996891, -3.061616997868379197E-16 ) ) ;
#5615 = CARTESIAN_POINT ( 'NONE',  ( 2.966665952550033403, 1.617914871881687366, -0.4314967691408615469 ) ) ;
#5616 = CARTESIAN_POINT ( 'NONE',  ( 4.049979466365496883, -2.499999999999997335, 1.035533905932735976 ) ) ;
#5617 = CARTESIAN_POINT ( 'NONE',  ( 11.74999999999999645, 2.499999999999996891, -1.035533905932736642 ) ) ;
ENDSEC;
END-ISO-10303-21;
